fecha;Nemotecnico;Precio cierre;Precio maximo;Precio promedio ponderado;Precio minimo;Variacion absoluta;Variacion porcentual;Cantidad;Volumen;;;;;
2025-01-02;BOGOTA;26,860.00;;26,864.06;;;;1,726.00;46,367,360.00;;;;;
2025-01-03;BOGOTA;26,500.00;26,600.00;26,399.64;26,000.00;-360.00;-1,34;7,686.00;202,907,660.00;;;;;
2025-01-07;BOGOTA;27,000.00;27,000.00;26,831.96;26,520.00;500.00;1,89;12,131.00;325,498,460.00;;;;;
2025-01-08;BOGOTA;26,860.00;26,860.00;26,751.38;26,620.00;-140.00;-0,52;4,586.00;122,681,820.00;;;;;
2025-01-09;BOGOTA;26,900.00;26,980.00;26,629.93;26,460.00;40.00;0,15;14,171.00;377,372,680.00;;;;;
2025-01-10;BOGOTA;26,860.00;26,960.00;26,792.67;26,480.00;-40.00;-0,15;9,583.00;256,754,120.00;;;;;
2025-01-13;BOGOTA;26,600.00;26,860.00;26,688.89;26,600.00;-260.00;-0,97;19,364.00;516,803,600.00;;;;;
2025-01-14;BOGOTA;26,560.00;26,560.00;26,565.14;26,560.00;-40.00;-0,15;2,157.00;57,301,000.00;;;;;
2025-01-15;BOGOTA;26,600.00;26,860.00;26,698.10;26,560.00;40.00;0,15;3,168.00;84,579,580.00;;;;;
2025-01-16;BOGOTA;27,500.00;27,500.00;27,389.63;27,060.00;900.00;3,38;23,400.00;640,917,400.00;;;;;
2025-01-17;BOGOTA;27,200.00;27,460.00;27,358.44;27,160.00;-300.00;-1,09;9,546.00;261,163,640.00;;;;;
2025-01-20;BOGOTA;27,380.00;27,460.00;27,241.84;26,900.00;180.00;0,66;16,776.00;457,009,140.00;;;;;
2025-01-21;BOGOTA;27,400.00;27,460.00;27,288.12;27,200.00;20.00;0,07;6,883.00;187,824,140.00;;;;;
2025-01-22;BOGOTA;27,400.00;27,400.00;27,345.71;27,040.00;0.00;0;16,694.00;456,509,220.00;;;;;
2025-01-23;BOGOTA;27,900.00;27,900.00;27,526.73;27,400.00;500.00;1,82;28,929.00;796,320,900.00;;;;;
2025-01-24;BOGOTA;28,000.00;28,380.00;28,109.56;27,700.00;100.00;0,36;17,585.00;494,306,580.00;;;;;
2025-01-27;BOGOTA;28,220.00;28,380.00;28,060.04;27,500.00;220.00;0,79;18,197.00;510,608,620.00;;;;;
2025-01-28;BOGOTA;28,880.00;29,000.00;28,579.33;28,000.00;660.00;2,34;57,594.00;1,645,997,840.00;;;;;
2025-01-29;BOGOTA;29,400.00;29,600.00;29,439.97;29,200.00;520.00;1,8;26,042.00;766,675,600.00;;;;;
2025-01-30;BOGOTA;29,020.00;29,620.00;29,373.07;29,020.00;-380.00;-1,29;35,424.00;1,040,511,720.00;;;;;
2025-01-31;BOGOTA;29,500.00;29,580.00;29,380.40;29,020.00;480.00;1,65;85,483.00;2,511,524,360.00;;;;;
2025-02-03;BOGOTA;29,040.00;29,300.00;29,050.94;29,000.00;-460.00;-1,56;26,903.00;781,557,540.00;;;;;
2025-02-04;BOGOTA;29,080.00;29,180.00;29,025.58;28,900.00;40.00;0,14;12,282.00;356,492,180.00;;;;;
2025-02-05;BOGOTA;29,300.00;29,300.00;29,176.90;29,080.00;220.00;0,76;20,127.00;587,243,500.00;;;;;
2025-02-06;BOGOTA;29,120.00;29,140.00;29,067.92;29,000.00;-180.00;-0,61;8,355.00;242,862,480.00;;;;;
2025-02-07;BOGOTA;28,880.00;29,080.00;28,887.91;28,600.00;-240.00;-0,82;36,374.00;1,050,768,920.00;;;;;
2025-02-10;BOGOTA;29,020.00;29,020.00;28,878.43;28,860.00;140.00;0,48;15,926.00;459,917,900.00;;;;;
2025-02-11;BOGOTA;28,740.00;28,900.00;28,731.02;28,640.00;-280.00;-0,96;10,421.00;299,405,940.00;;;;;
2025-02-12;BOGOTA;28,500.00;28,800.00;28,600.42;28,500.00;-240.00;-0,84;16,317.00;466,673,080.00;;;;;
2025-02-13;BOGOTA;28,520.00;28,540.00;28,517.58;28,400.00;20.00;0,07;72,174.00;2,058,227,840.00;;;;;
2025-02-14;BOGOTA;;28,740.00;28,541.62;28,320.00;220.00;0,77;15,960.00;455,524,260.00;;;;;
2025-02-17;BOGOTA;29,860.00;29,900.00;29,578.10;29,300.00;680.00;2,33;13,141.00;388,685,840.00;;;;;
2025-02-18;BOGOTA;30,520.00;30,760.00;30,389.37;29,880.00;660.00;2,21;40,377.00;1,227,031,600.00;;;;;
2025-02-19;BOGOTA;31,180.00;31,180.00;30,941.04;30,420.00;660.00;2,16;47,607.00;1,473,010,200.00;;;;;
2025-02-20;BOGOTA;30,900.00;31,700.00;31,283.88;30,640.00;-280.00;-0,9;32,331.00;1,011,439,040.00;;;;;
2025-02-21;BOGOTA;30,520.00;31,400.00;30,833.41;30,520.00;-380.00;-1,23;17,783.00;548,310,580.00;;;;;
2025-02-24;BOGOTA;31,100.00;31,100.00;30,837.80;30,660.00;580.00;1,9;19,417.00;598,777,640.00;;;;;
2025-02-25;BOGOTA;30,820.00;31,100.00;30,972.76;30,800.00;-280.00;-0,9;16,037.00;496,710,180.00;;;;;
2025-02-26;BOGOTA;30,300.00;30,980.00;30,528.84;30,020.00;-520.00;-1,69;21,778.00;664,857,100.00;;;;;
2025-02-27;BOGOTA;30,000.00;30,080.00;29,988.73;29,880.00;-300.00;-0,99;15,616.00;468,304,040.00;;;;;
2025-02-28;BOGOTA;29,400.00;30,000.00;29,653.66;29,400.00;-600.00;-2;34,135.00;1,012,227,580.00;;;;;
2025-03-03;BOGOTA;30,000.00;30,000.00;29,850.06;29,600.00;600.00;2,04;9,748.00;290,978,380.00;;;;;
2025-03-04;BOGOTA;29,900.00;29,900.00;29,819.82;29,600.00;-100.00;-0,33;11,494.00;342,749,060.00;;;;;
2025-03-05;BOGOTA;29,960.00;30,000.00;29,846.93;29,500.00;60.00;0,2;6,848.00;204,391,800.00;;;;;
2025-03-06;BOGOTA;29,960.00;29,960.00;29,843.80;29,460.00;0.00;0;9,226.00;275,338,920.00;;;;;
2025-03-07;BOGOTA;30,860.00;31,880.00;30,698.46;30,000.00;900.00;3;49,555.00;1,521,262,400.00;;;;;
2025-03-10;BOGOTA;30,800.00;31,500.00;30,991.65;30,500.00;-60.00;-0,19;41,477.00;1,285,440,620.00;;;;;
2025-03-11;BOGOTA;30,320.00;30,860.00;30,752.15;30,320.00;-480.00;-1,56;24,667.00;758,563,280.00;;;;;
2025-03-12;BOGOTA;30,700.00;30,700.00;30,442.33;30,300.00;380.00;1,25;16,623.00;506,042,800.00;;;;;
2025-03-13;BOGOTA;30,500.00;30,800.00;30,480.15;30,300.00;-200.00;-0,65;8,230.00;250,851,660.00;;;;;
2025-03-14;BOGOTA;30,780.00;30,800.00;30,513.83;30,300.00;280.00;0,92;10,516.00;320,883,420.00;;;;;
2025-03-17;BOGOTA;30,300.00;30,780.00;30,382.67;30,300.00;-480.00;-1,56;10,678.00;324,426,140.00;;;;;
2025-03-18;BOGOTA;30,400.00;30,780.00;30,273.80;30,000.00;100.00;0,33;21,124.00;639,503,760.00;;;;;
2025-03-19;BOGOTA;30,400.00;30,400.00;30,055.67;30,000.00;0.00;0;11,477.00;344,948,940.00;;;;;
2025-03-20;BOGOTA;30,420.00;30,800.00;30,485.70;30,400.00;20.00;0,07;43,310.00;1,320,335,560.00;;;;;
2025-03-21;BOGOTA;30,800.00;30,800.00;30,796.99;30,800.00;380.00;1,25;82,727.00;2,547,742,780.00;;;;;
2025-03-25;BOGOTA;31,300.00;31,360.00;30,803.01;30,700.00;500.00;1,62;28,115.00;866,026,540.00;;;;;
2025-03-26;BOGOTA;31,020.00;31,600.00;31,373.97;31,000.00;-280.00;-0,89;41,794.00;1,311,243,560.00;;;;;
2025-03-27;BOGOTA;30,460.00;31,000.00;30,591.68;30,460.00;-560.00;-1,81;3,250.00;99,422,960.00;;;;;
2025-03-28;BOGOTA;30,760.00;30,760.00;30,370.61;30,060.00;300.00;0,98;4,447.00;135,058,100.00;;;;;
2025-03-31;BOGOTA;30,500.00;30,720.00;30,295.78;30,100.00;-260.00;-0,85;12,790.00;387,482,980.00;;;;;
2025-04-01;BOGOTA;30,520.00;30,960.00;30,604.55;30,440.00;20.00;0,07;14,962.00;457,905,320.00;;;;;
2025-04-02;BOGOTA;31,700.00;31,820.00;31,243.62;30,500.00;1,180.00;3,87;36,052.00;1,126,394,880.00;;;;;
2025-04-03;BOGOTA;31,500.00;31,600.00;31,333.42;31,000.00;-200.00;-0,63;18,437.00;577,694,200.00;;;;;
2025-04-04;BOGOTA;30,580.00;31,240.00;30,698.94;30,580.00;-920.00;-2,92;11,225.00;344,595,600.00;;;;;
2025-04-07;BOGOTA;30,200.00;30,400.00;30,240.29;30,000.00;-380.00;-1,24;21,270.00;643,211,060.00;;;;;
2025-04-08;BOGOTA;29,600.00;30,600.00;29,984.96;29,500.00;-600.00;-1,99;24,340.00;729,833,820.00;;;;;
2025-04-09;BOGOTA;30,140.00;30,140.00;29,201.97;28,600.00;540.00;1,82;22,194.00;648,108,520.00;;;;;
2025-04-10;BOGOTA;28,600.00;29,900.00;28,972.60;28,600.00;-1,540.00;-5,11;20,859.00;604,339,560.00;;;;;
2025-04-11;BOGOTA;29,600.00;29,600.00;29,410.57;29,340.00;1,000.00;3,5;9,252.00;272,106,620.00;;;;;
2025-04-14;BOGOTA;29,640.00;29,980.00;29,761.91;29,640.00;40.00;0,14;4,188.00;124,642,860.00;;;;;
2025-04-15;BOGOTA;29,640.00;30,000.00;29,792.79;29,640.00;0.00;0;13,874.00;413,345,140.00;;;;;
2025-04-16;BOGOTA;29,980.00;29,980.00;29,925.20;29,700.00;340.00;1,15;2,373.00;71,012,500.00;;;;;
2025-04-21;BOGOTA;29,600.00;29,600.00;29,645.69;29,600.00;-380.00;-1,27;3,991.00;118,315,960.00;;;;;
2025-04-22;BOGOTA;29,900.00;29,980.00;29,824.42;29,600.00;300.00;1,01;22,336.00;666,158,240.00;;;;;
2025-04-23;BOGOTA;30,500.00;30,500.00;30,027.75;29,600.00;600.00;2,01;16,606.00;498,640,820.00;;;;;
2025-04-24;BOGOTA;30,100.00;30,400.00;30,160.19;30,000.00;-400.00;-1,31;10,169.00;306,699,020.00;;;;;
2025-04-25;BOGOTA;30,100.00;30,100.00;30,096.22;30,020.00;0.00;0;4,899.00;147,441,400.00;;;;;
2025-04-28;BOGOTA;30,000.00;30,400.00;30,131.92;30,000.00;-100.00;-0,33;14,086.00;424,438,220.00;;;;;
2025-04-29;BOGOTA;30,560.00;30,560.00;30,239.00;29,800.00;560.00;1,87;20,237.00;611,946,740.00;;;;;
2025-04-30;BOGOTA;30,900.00;30,900.00;30,547.62;30,200.00;340.00;1,11;31,970.00;976,607,360.00;;;;;
2025-05-02;BOGOTA;30,800.00;30,900.00;30,812.94;30,700.00;-100.00;-0,32;9,783.00;301,443,040.00;;;;;
2025-05-05;BOGOTA;30,800.00;31,000.00;30,914.72;30,800.00;0.00;0;8,839.00;273,255,200.00;;;;;
2025-05-06;BOGOTA;30,600.00;30,900.00;30,698.95;30,600.00;-200.00;-0,65;7,837.00;240,587,680.00;;;;;
2025-05-07;BOGOTA;31,000.00;31,000.00;30,978.44;30,760.00;400.00;1,31;19,292.00;597,636,000.00;;;;;
2025-05-08;BOGOTA;31,800.00;31,800.00;31,641.23;31,200.00;800.00;2,58;33,492.00;1,059,728,120.00;;;;;
2025-05-09;BOGOTA;32,000.00;32,400.00;32,147.04;31,800.00;200.00;0,63;13,861.00;445,590,060.00;;;;;
2025-05-12;BOGOTA;32,000.00;32,500.00;32,002.95;31,500.00;0.00;0;33,800.00;1,081,699,620.00;;;;;
2025-05-13;BOGOTA;32,500.00;32,500.00;32,303.23;32,000.00;500.00;1,56;20,543.00;663,605,280.00;;;;;
2025-05-14;BOGOTA;32,560.00;33,000.00;32,831.01;32,500.00;60.00;0,18;13,062.00;428,838,660.00;;;;;
2025-05-15;BOGOTA;32,380.00;32,500.00;32,291.06;32,000.00;-180.00;-0,55;7,754.00;250,384,900.00;;;;;
2025-05-16;BOGOTA;32,160.00;32,700.00;32,395.09;32,140.00;-220.00;-0,68;5,398.00;174,868,700.00;;;;;
2025-05-19;BOGOTA;32,600.00;32,600.00;32,391.48;32,200.00;440.00;1,37;7,368.00;238,660,400.00;;;;;
2025-05-20;BOGOTA;32,260.00;32,900.00;32,534.09;32,260.00;-340.00;-1,04;8,188.00;266,389,120.00;;;;;
2025-05-21;BOGOTA;32,800.00;32,900.00;32,735.70;32,260.00;540.00;1,67;9,666.00;316,423,260.00;;;;;
2025-05-22;BOGOTA;32,700.00;32,760.00;32,221.51;31,800.00;-100.00;-0,3;14,531.00;468,210,820.00;;;;;
2025-05-23;BOGOTA;33,000.00;33,000.00;32,778.53;32,680.00;300.00;0,92;13,399.00;439,199,500.00;;;;;
2025-05-26;BOGOTA;32,700.00;32,700.00;32,650.40;32,500.00;-300.00;-0,91;7,249.00;236,682,760.00;;;;;
2025-05-27;BOGOTA;32,880.00;32,880.00;32,630.46;32,600.00;180.00;0,55;8,793.00;286,919,620.00;;;;;
2025-05-28;BOGOTA;32,480.00;32,500.00;32,492.45;32,480.00;-400.00;-1,22;8,672.00;281,774,520.00;;;;;
2025-05-29;BOGOTA;31,900.00;32,520.00;32,278.22;31,900.00;-580.00;-1,79;6,495.00;209,647,040.00;;;;;
2025-05-30;BOGOTA;32,600.00;32,600.00;31,997.74;31,800.00;700.00;2,19;10,564.00;338,024,080.00;;;;;
2025-06-03;BOGOTA;32,740.00;32,740.00;32,529.90;32,400.00;140.00;0,43;3,424.00;111,382,380.00;;;;;
2025-06-04;BOGOTA;32,500.00;32,700.00;32,537.44;32,500.00;-240.00;-0,73;3,657.00;118,989,420.00;;;;;
2025-06-05;BOGOTA;32,500.00;32,500.00;32,384.59;32,200.00;0.00;0;4,073.00;131,902,440.00;;;;;
2025-06-06;BOGOTA;32,780.00;32,780.00;32,509.01;32,080.00;280.00;0,86;14,656.00;476,452,020.00;;;;;
2025-06-09;BOGOTA;32,500.00;32,980.00;32,772.89;32,500.00;-280.00;-0,85;3,862.00;126,568,920.00;;;;;
2025-06-10;BOGOTA;32,000.00;32,680.00;32,177.26;32,000.00;-500.00;-1,54;11,292.00;363,345,660.00;;;;;
2025-06-11;BOGOTA;32,580.00;32,600.00;32,440.44;32,180.00;580.00;1,81;6,631.00;215,112,560.00;;;;;
2025-06-12;BOGOTA;32,500.00;32,700.00;32,616.79;32,500.00;-80.00;-0,25;5,609.00;182,947,600.00;;;;;
2025-06-13;BOGOTA;32,200.00;32,500.00;32,083.96;31,960.00;-300.00;-0,92;7,767.00;249,196,080.00;;;;;
2025-06-16;BOGOTA;32,320.00;32,360.00;32,181.45;31,820.00;120.00;0,37;9,813.00;315,796,600.00;;;;;
2025-06-17;BOGOTA;32,000.00;32,040.00;31,986.31;31,820.00;-320.00;-0,99;24,397.00;780,369,920.00;;;;;
2025-06-18;BOGOTA;32,000.00;32,000.00;31,937.45;31,840.00;0.00;0;6,093.00;194,594,900.00;;;;;
2025-06-19;BOGOTA;31,960.00;32,400.00;32,114.97;31,900.00;-40.00;-0,12;9,513.00;305,509,740.00;;;;;
2025-06-20;BOGOTA;32,380.00;32,400.00;32,374.29;32,380.00;420.00;1,31;3,639.00;117,810,040.00;;;;;
2025-06-24;BOGOTA;32,400.00;32,400.00;32,360.85;32,040.00;20.00;0,06;12,618.00;408,329,180.00;;;;;
2025-06-25;BOGOTA;32,000.00;32,400.00;32,126.18;32,000.00;-400.00;-1,23;11,092.00;356,343,620.00;;;;;
2025-06-26;BOGOTA;31,980.00;32,100.00;32,019.18;31,980.00;-20.00;-0,06;7,503.00;240,239,880.00;;;;;
2025-06-27;BOGOTA;32,000.00;32,000.00;32,046.68;31,980.00;20.00;0,06;2,613.00;83,737,980.00;;;;;
2024-07-02;BOGOTA;26,600.00;;26,555.97;;;;352.00;9,347,700.00;;;;;
2024-07-03;BOGOTA;26,300.00;26,580.00;26,292.81;26,020.00;-300.00;-1,13;3,273.00;86,056,360.00;;;;;
2024-07-04;BOGOTA;26,300.00;;26,256.47;;;;249.00;6,537,860.00;;;;;
2024-07-05;BOGOTA;26,100.00;26,120.00;26,136.64;26,100.00;-200.00;-0,76;3,164.00;82,696,320.00;;;;;
2024-07-08;BOGOTA;25,980.00;26,180.00;26,010.59;25,920.00;-120.00;-0,46;30,164.00;784,583,520.00;;;;;
2024-07-09;BOGOTA;25,520.00;26,000.00;25,754.90;25,520.00;-460.00;-1,77;15,100.00;388,899,000.00;;;;;
2024-07-10;BOGOTA;25,280.00;25,540.00;25,438.72;25,280.00;-240.00;-0,94;9,097.00;231,416,060.00;;;;;
2024-07-11;BOGOTA;25,080.00;25,280.00;25,139.30;25,080.00;-200.00;-0,79;10,042.00;252,448,860.00;;;;;
2024-07-12;BOGOTA;25,200.00;25,460.00;25,201.31;25,000.00;120.00;0,48;48,357.00;1,218,659,900.00;;;;;
2024-07-15;BOGOTA;25,420.00;25,700.00;25,540.99;25,420.00;220.00;0,87;3,162.00;80,760,620.00;;;;;
2024-07-16;BOGOTA;25,300.00;25,440.00;25,397.41;25,300.00;-120.00;-0,47;8,101.00;205,744,420.00;;;;;
2024-07-17;BOGOTA;25,560.00;25,560.00;25,482.25;25,400.00;260.00;1,03;2,848.00;72,573,460.00;;;;;
2024-07-18;BOGOTA;25,420.00;25,420.00;25,431.48;25,420.00;-140.00;-0,55;4,356.00;110,779,520.00;;;;;
2024-07-19;BOGOTA;25,600.00;25,600.00;25,495.77;25,440.00;180.00;0,71;3,675.00;93,696,940.00;;;;;
2024-07-22;BOGOTA;25,500.00;25,600.00;25,564.82;25,500.00;-100.00;-0,39;9,168.00;234,378,260.00;;;;;
2024-07-23;BOGOTA;25,700.00;25,700.00;25,517.30;25,440.00;200.00;0,78;2,636.00;67,263,600.00;;;;;
2024-07-24;BOGOTA;25,440.00;25,480.00;25,470.01;25,440.00;-260.00;-1,01;3,482.00;88,686,560.00;;;;;
2024-07-25;BOGOTA;25,420.00;25,440.00;25,448.52;25,420.00;-20.00;-0,08;3,798.00;96,653,460.00;;;;;
2024-07-26;BOGOTA;25,400.00;25,460.00;25,430.56;25,340.00;-20.00;-0,08;4,939.00;125,601,560.00;;;;;
2024-07-29;BOGOTA;25,460.00;25,460.00;25,443.41;25,440.00;60.00;0,24;3,230.00;82,182,200.00;;;;;
2024-07-30;BOGOTA;25,020.00;25,420.00;25,180.29;25,020.00;-440.00;-1,73;14,593.00;367,456,040.00;;;;;
2024-07-31;BOGOTA;25,020.00;25,100.00;25,023.79;25,000.00;0.00;0;16,646.00;416,546,000.00;;;;;
2024-08-01;BOGOTA;25,000.00;25,100.00;25,029.66;25,000.00;-20.00;-0,08;10,981.00;274,850,700.00;;;;;
2024-08-02;BOGOTA;25,000.00;25,020.00;25,004.64;25,000.00;0.00;0;8,858.00;221,491,140.00;;;;;
2024-08-05;BOGOTA;24,780.00;24,920.00;24,411.93;24,000.00;-220.00;-0,88;11,777.00;287,499,260.00;;;;;
2024-08-06;BOGOTA;24,600.00;24,800.00;24,735.98;24,600.00;-180.00;-0,73;4,163.00;102,975,880.00;;;;;
2024-08-08;BOGOTA;24,960.00;24,960.00;24,821.08;24,800.00;360.00;1,46;2,620.00;65,031,220.00;;;;;
2024-08-09;BOGOTA;25,000.00;25,000.00;24,995.99;24,980.00;40.00;0,16;5,707.00;142,652,100.00;;;;;
2024-08-12;BOGOTA;24,940.00;24,940.00;24,919.43;24,940.00;-60.00;-0,24;2,400.00;59,806,620.00;;;;;
2024-08-13;BOGOTA;24,980.00;25,000.00;24,997.62;24,900.00;40.00;0,16;12,584.00;314,570,060.00;;;;;
2024-08-14;BOGOTA;25,000.00;25,500.00;25,127.49;25,000.00;20.00;0,08;7,862.00;197,552,320.00;;;;;
2024-08-15;BOGOTA;25,500.00;25,500.00;25,270.87;25,100.00;500.00;2;7,137.00;180,358,200.00;;;;;
2024-08-16;BOGOTA;25,480.00;25,480.00;25,443.80;25,480.00;-20.00;-0,08;1,799.00;45,773,400.00;;;;;
2024-08-20;BOGOTA;25,480.00;;25,307.37;;;;1,707.00;43,199,680.00;;;;;
2024-08-21;BOGOTA;26,740.00;26,740.00;25,813.32;25,760.00;1,260.00;4,95;71,679.00;1,850,272,880.00;;;;;
2024-08-22;BOGOTA;27,080.00;27,080.00;26,820.24;26,000.00;340.00;1,27;28,161.00;755,284,900.00;;;;;
2024-08-23;BOGOTA;27,500.00;27,500.00;27,073.42;27,000.00;420.00;1,55;65,540.00;1,774,392,160.00;;;;;
2024-08-26;BOGOTA;28,300.00;28,300.00;27,973.65;27,500.00;800.00;2,91;22,000.00;615,420,340.00;;;;;
2024-08-27;BOGOTA;28,000.00;28,000.00;27,743.88;27,900.00;-300.00;-1,06;5,411.00;150,122,140.00;;;;;
2024-08-28;BOGOTA;28,220.00;28,240.00;28,022.79;27,900.00;220.00;0,79;13,443.00;376,710,420.00;;;;;
2024-08-29;BOGOTA;28,220.00;;28,059.94;;;;1,598.00;44,839,780.00;;;;;
2024-08-30;BOGOTA;29,000.00;29,000.00;28,852.26;28,000.00;780.00;2,76;320,088.00;9,235,262,740.00;;;;;
2024-09-02;BOGOTA;29,000.00;;27,893.84;;;;929.00;25,913,380.00;;;;;
2024-09-03;BOGOTA;28,440.00;28,440.00;28,353.48;28,440.00;-560.00;-1,93;3,319.00;94,105,200.00;;;;;
2024-09-04;BOGOTA;28,200.00;28,200.00;28,190.56;28,200.00;-240.00;-0,84;6,462.00;182,167,420.00;;;;;
2024-09-05;BOGOTA;28,300.00;28,300.00;28,019.97;27,500.00;100.00;0,35;13,827.00;387,432,160.00;;;;;
2024-09-06;BOGOTA;28,260.00;28,260.00;27,935.47;27,720.00;-40.00;-0,14;1,378.00;38,495,080.00;;;;;
2024-09-09;BOGOTA;27,820.00;28,240.00;28,000.63;27,820.00;-440.00;-1,56;7,466.00;209,052,700.00;;;;;
2024-09-10;BOGOTA;28,460.00;28,460.00;28,074.25;27,600.00;640.00;2,3;2,718.00;76,305,820.00;;;;;
2024-09-11;BOGOTA;27,920.00;28,460.00;27,989.14;27,660.00;-540.00;-1,9;5,660.00;158,418,540.00;;;;;
2024-09-12;BOGOTA;28,200.00;28,200.00;27,920.47;27,660.00;280.00;1;8,787.00;245,337,140.00;;;;;
2024-09-13;BOGOTA;28,180.00;28,180.00;28,124.75;28,000.00;-20.00;-0,07;2,300.00;64,686,920.00;;;;;
2024-09-16;BOGOTA;27,880.00;28,400.00;27,938.90;27,880.00;-300.00;-1,06;7,063.00;197,332,440.00;;;;;
2024-09-17;BOGOTA;28,100.00;28,300.00;27,835.65;27,740.00;220.00;0,79;5,018.00;139,679,300.00;;;;;
2024-09-18;BOGOTA;28,000.00;28,000.00;27,777.27;27,620.00;-100.00;-0,36;5,173.00;143,691,800.00;;;;;
2024-09-19;BOGOTA;28,160.00;28,200.00;28,013.71;28,000.00;160.00;0,57;11,040.00;309,271,400.00;;;;;
2024-09-20;BOGOTA;27,900.00;28,700.00;28,053.77;27,900.00;-260.00;-0,92;41,550.00;1,165,634,320.00;;;;;
2024-09-23;BOGOTA;27,700.00;27,900.00;27,836.04;27,700.00;-200.00;-0,72;3,596.00;100,098,400.00;;;;;
2024-09-24;BOGOTA;27,640.00;28,000.00;27,503.60;27,200.00;-60.00;-0,22;4,015.00;110,426,940.00;;;;;
2024-09-25;BOGOTA;27,240.00;27,520.00;27,431.05;27,240.00;-400.00;-1,45;3,415.00;93,677,020.00;;;;;
2024-09-26;BOGOTA;27,240.00;;;;;;;;;;;;
2024-09-27;BOGOTA;27,820.00;27,960.00;27,734.76;27,400.00;580.00;2,13;4,445.00;123,281,000.00;;;;;
2024-09-30;BOGOTA;27,720.00;28,380.00;27,950.36;27,500.00;-100.00;-0,36;4,303.00;120,270,380.00;;;;;
2024-10-01;BOGOTA;27,700.00;28,000.00;27,953.81;27,700.00;-20.00;-0,07;16,730.00;467,667,240.00;;;;;
2024-10-02;BOGOTA;27,220.00;28,000.00;27,497.53;27,220.00;-480.00;-1,73;3,082.00;84,747,400.00;;;;;
2024-10-03;BOGOTA;27,660.00;27,660.00;27,313.91;27,120.00;440.00;1,62;9,958.00;271,991,920.00;;;;;
2024-10-04;BOGOTA;27,780.00;27,780.00;27,230.58;27,080.00;120.00;0,43;6,508.00;177,216,600.00;;;;;
2024-10-07;BOGOTA;27,160.00;27,760.00;27,267.16;27,160.00;-620.00;-2,23;4,512.00;123,029,420.00;;;;;
2024-10-08;BOGOTA;27,440.00;27,440.00;27,157.06;27,000.00;280.00;1,03;7,860.00;213,454,500.00;;;;;
2024-10-09;BOGOTA;27,200.00;27,200.00;26,589.45;25,040.00;-240.00;-0,87;7,214.00;191,816,280.00;;;;;
2024-10-10;BOGOTA;26,940.00;26,980.00;27,006.60;26,940.00;-260.00;-0,96;2,882.00;77,833,020.00;;;;;
2024-10-11;BOGOTA;27,400.00;27,400.00;27,263.72;27,040.00;460.00;1,71;4,212.00;114,834,800.00;;;;;
2024-10-15;BOGOTA;27,040.00;27,040.00;27,064.53;27,040.00;-360.00;-1,31;2,287.00;61,896,580.00;;;;;
2024-10-16;BOGOTA;27,580.00;27,700.00;27,294.21;26,980.00;540.00;2;20,506.00;559,695,140.00;;;;;
2024-10-17;BOGOTA;27,480.00;27,560.00;27,265.19;27,020.00;-100.00;-0,36;18,892.00;515,094,000.00;;;;;
2024-10-18;BOGOTA;27,620.00;28,160.00;27,583.32;27,300.00;140.00;0,51;60,215.00;1,660,929,720.00;;;;;
2024-10-21;BOGOTA;27,780.00;28,220.00;27,834.20;27,600.00;160.00;0,58;15,966.00;444,400,840.00;;;;;
2024-10-22;BOGOTA;27,620.00;28,000.00;27,714.71;27,600.00;-160.00;-0,58;5,145.00;142,592,160.00;;;;;
2024-10-23;BOGOTA;27,500.00;27,600.00;27,539.64;27,500.00;-120.00;-0,43;7,092.00;195,311,160.00;;;;;
2024-10-24;BOGOTA;27,740.00;27,740.00;27,547.93;27,740.00;240.00;0,87;527.00;14,517,760.00;;;;;
2024-10-25;BOGOTA;27,520.00;27,520.00;27,590.22;27,520.00;-220.00;-0,79;1,739.00;47,979,400.00;;;;;
2024-10-28;BOGOTA;27,500.00;27,700.00;27,511.52;27,460.00;-20.00;-0,07;25,961.00;714,226,520.00;;;;;
2024-10-29;BOGOTA;27,480.00;27,480.00;27,231.00;27,040.00;-20.00;-0,07;3,552.00;96,724,520.00;;;;;
2024-10-30;BOGOTA;27,480.00;27,500.00;27,395.21;27,160.00;0.00;0;6,031.00;165,220,520.00;;;;;
2024-10-31;BOGOTA;28,100.00;28,220.00;27,855.70;27,500.00;620.00;2,26;23,630.00;658,230,280.00;;;;;
2024-11-01;BOGOTA;28,260.00;28,300.00;28,267.27;28,240.00;160.00;0,57;16,273.00;459,993,240.00;;;;;
2024-11-05;BOGOTA;28,240.00;28,400.00;28,147.03;28,100.00;-20.00;-0,07;9,108.00;256,363,180.00;;;;;
2024-11-06;BOGOTA;27,840.00;28,100.00;27,881.17;27,800.00;-400.00;-1,42;6,677.00;186,162,580.00;;;;;
2024-11-07;BOGOTA;27,600.00;27,800.00;27,654.01;27,380.00;-240.00;-0,86;4,312.00;119,244,100.00;;;;;
2024-11-08;BOGOTA;27,260.00;27,600.00;27,194.68;27,000.00;-340.00;-1,23;9,313.00;253,264,060.00;;;;;
2024-11-12;BOGOTA;27,200.00;27,500.00;27,234.94;27,040.00;-60.00;-0,22;6,412.00;174,630,420.00;;;;;
2024-11-13;BOGOTA;27,280.00;27,280.00;27,107.42;27,000.00;80.00;0,29;9,556.00;259,038,480.00;;;;;
2024-11-14;BOGOTA;27,200.00;27,200.00;27,173.95;27,140.00;-80.00;-0,29;2,989.00;81,222,940.00;;;;;
2024-11-15;BOGOTA;27,280.00;27,280.00;27,257.60;27,140.00;80.00;0,29;4,523.00;123,286,120.00;;;;;
2024-11-18;BOGOTA;27,480.00;27,480.00;27,246.03;27,200.00;200.00;0,73;11,475.00;312,648,240.00;;;;;
2024-11-19;BOGOTA;27,400.00;27,400.00;27,252.10;27,200.00;-80.00;-0,29;5,487.00;149,532,300.00;;;;;
2024-11-20;BOGOTA;27,300.00;27,300.00;27,130.63;27,000.00;-100.00;-0,36;15,729.00;426,737,720.00;;;;;
2024-11-21;BOGOTA;27,300.00;27,480.00;27,322.17;27,300.00;0.00;0;68,065.00;1,859,683,600.00;;;;;
2024-11-22;BOGOTA;27,780.00;27,780.00;27,482.69;27,300.00;480.00;1,76;19,163.00;526,650,880.00;;;;;
2024-11-25;BOGOTA;26,700.00;27,340.00;26,731.52;26,700.00;-1,080.00;-3,89;249,030.00;6,656,950,300.00;;;;;
2024-11-26;BOGOTA;27,400.00;27,400.00;27,397.05;27,340.00;700.00;2,62;43,278.00;1,185,689,360.00;;;;;
2024-11-27;BOGOTA;27,480.00;27,500.00;27,474.96;27,480.00;80.00;0,29;2,219.00;60,966,940.00;;;;;
2024-11-28;BOGOTA;27,380.00;27,500.00;27,055.30;27,000.00;-100.00;-0,36;39,238.00;1,061,595,920.00;;;;;
2024-11-29;BOGOTA;27,480.00;27,480.00;27,303.83;27,040.00;100.00;0,37;4,457.00;121,693,160.00;;;;;
2024-12-02;BOGOTA;27,480.00;;27,239.40;;;;998.00;27,184,920.00;;;;;
2024-12-03;BOGOTA;27,220.00;27,280.00;27,271.91;27,220.00;-260.00;-0,95;3,741.00;102,024,220.00;;;;;
2024-12-04;BOGOTA;27,020.00;27,060.00;27,020.25;27,000.00;-200.00;-0,73;9,416.00;254,422,700.00;;;;;
2024-12-05;BOGOTA;26,960.00;27,300.00;27,041.59;26,960.00;-60.00;-0,22;21,791.00;589,263,300.00;;;;;
2024-12-06;BOGOTA;27,300.00;27,300.00;27,280.63;27,300.00;340.00;1,26;504.00;13,749,440.00;;;;;
2024-12-09;BOGOTA;27,180.00;27,180.00;26,993.13;26,900.00;-120.00;-0,44;14,767.00;398,607,620.00;;;;;
2024-12-10;BOGOTA;26,900.00;26,960.00;26,936.02;26,900.00;-280.00;-1,03;7,011.00;188,848,420.00;;;;;
2024-12-11;BOGOTA;26,900.00;26,900.00;26,894.07;26,820.00;0.00;0;10,009.00;269,182,760.00;;;;;
2024-12-12;BOGOTA;26,920.00;26,920.00;26,927.47;26,920.00;20.00;0,07;2,598.00;69,957,580.00;;;;;
2024-12-13;BOGOTA;26,860.00;26,860.00;26,733.26;26,700.00;-60.00;-0,22;11,950.00;319,462,500.00;;;;;
2024-12-16;BOGOTA;26,860.00;26,860.00;26,750.55;26,740.00;0.00;0;9,634.00;257,714,780.00;;;;;
2024-12-17;BOGOTA;26,820.00;26,820.00;26,837.06;26,820.00;-40.00;-0,15;947.00;25,414,700.00;;;;;
2024-12-18;BOGOTA;26,080.00;26,860.00;26,450.17;26,080.00;-740.00;-2,76;25,221.00;667,099,720.00;;;;;
2024-12-19;BOGOTA;26,060.00;26,140.00;26,075.09;26,040.00;-20.00;-0,08;11,169.00;291,232,680.00;;;;;
2024-12-20;BOGOTA;26,700.00;26,700.00;26,341.64;26,080.00;640.00;2,46;5,192.00;136,765,800.00;;;;;
2024-12-23;BOGOTA;26,680.00;26,680.00;26,441.86;26,240.00;-20.00;-0,07;3,512.00;92,863,820.00;;;;;
2024-12-24;BOGOTA;26,240.00;26,240.00;26,247.53;26,240.00;-440.00;-1,65;600.00;15,748,520.00;;;;;
2024-12-26;BOGOTA;26,240.00;;26,496.36;;;;961.00;25,463,000.00;;;;;
2024-12-27;BOGOTA;26,540.00;27,000.00;26,828.83;26,540.00;300.00;1,14;3,962.00;106,295,840.00;;;;;
2024-12-30;BOGOTA;26,860.00;26,860.00;26,670.57;26,580.00;320.00;1,21;3,223.00;85,959,240.00;;;;;
2024-01-02;BOGOTA;28,300.00;28,440.00;28,257.76;28,300.00;840.00;3,06;1,943.00;54,904,820.00;;;;;
2024-01-03;BOGOTA;28,300.00;28,340.00;28,299.24;28,300.00;0.00;0;4,112.00;116,366,480.00;;;;;
2024-01-04;BOGOTA;28,900.00;29,200.00;28,792.36;28,440.00;600.00;2,12;11,647.00;335,344,660.00;;;;;
2024-01-05;BOGOTA;29,440.00;29,460.00;29,351.97;28,920.00;540.00;1,87;11,216.00;329,211,660.00;;;;;
2024-01-09;BOGOTA;28,720.00;29,300.00;29,275.55;28,720.00;-720.00;-2,45;5,559.00;162,742,800.00;;;;;
2024-01-10;BOGOTA;29,000.00;29,460.00;29,170.67;29,000.00;280.00;0,97;5,529.00;161,284,640.00;;;;;
2024-01-11;BOGOTA;29,400.00;29,400.00;29,367.39;29,400.00;400.00;1,38;2,363.00;69,395,140.00;;;;;
2024-01-12;BOGOTA;29,400.00;29,400.00;29,243.27;29,080.00;0.00;0;8,786.00;256,931,400.00;;;;;
2024-01-15;BOGOTA;29,400.00;;29,187.89;;;;284.00;8,289,360.00;;;;;
2024-01-16;BOGOTA;29,620.00;29,620.00;29,461.73;29,400.00;220.00;0,75;13,214.00;389,307,360.00;;;;;
2024-01-17;BOGOTA;29,700.00;29,700.00;29,664.64;29,620.00;80.00;0,27;5,941.00;176,237,600.00;;;;;
2024-01-18;BOGOTA;29,920.00;29,980.00;29,922.80;29,920.00;220.00;0,74;6,304.00;188,633,320.00;;;;;
2024-01-19;BOGOTA;29,860.00;29,920.00;29,833.48;29,860.00;-60.00;-0,2;2,566.00;76,552,720.00;;;;;
2024-01-22;BOGOTA;30,000.00;30,000.00;29,913.00;29,800.00;140.00;0,47;5,461.00;163,354,880.00;;;;;
2024-01-23;BOGOTA;30,280.00;30,280.00;30,057.09;30,000.00;280.00;0,93;7,490.00;225,127,580.00;;;;;
2024-01-24;BOGOTA;30,560.00;30,560.00;30,390.48;30,280.00;280.00;0,92;3,760.00;114,268,220.00;;;;;
2024-01-25;BOGOTA;31,400.00;31,800.00;31,399.17;31,400.00;840.00;2,75;10,691.00;335,688,560.00;;;;;
2024-01-26;BOGOTA;30,780.00;31,400.00;31,246.87;30,780.00;-620.00;-1,97;2,328.00;72,742,720.00;;;;;
2024-01-29;BOGOTA;30,780.00;;30,680.93;;;;813.00;24,943,600.00;;;;;
2024-01-30;BOGOTA;31,860.00;31,860.00;31,042.72;30,000.00;1,080.00;3,51;9,419.00;292,391,360.00;;;;;
2024-01-31;BOGOTA;31,800.00;31,800.00;31,739.13;31,800.00;-60.00;-0,19;1,941.00;61,605,660.00;;;;;
2024-02-01;BOGOTA;31,680.00;31,760.00;31,628.57;31,680.00;-120.00;-0,38;2,172.00;68,697,260.00;;;;;
2024-02-02;BOGOTA;31,680.00;;31,075.64;;;;849.00;26,383,220.00;;;;;
2024-02-05;BOGOTA;31,660.00;31,660.00;31,672.74;31,660.00;-20.00;-0,06;1,377.00;43,613,360.00;;;;;
2024-02-06;BOGOTA;31,000.00;31,660.00;31,296.21;31,000.00;-660.00;-2,08;3,848.00;120,427,800.00;;;;;
2024-02-07;BOGOTA;31,760.00;31,760.00;31,648.90;31,760.00;760.00;2,45;2,349.00;74,343,260.00;;;;;
2024-02-08;BOGOTA;32,760.00;32,760.00;32,026.62;31,980.00;1,000.00;3,15;6,343.00;203,144,840.00;;;;;
2024-02-09;BOGOTA;31,100.00;31,100.00;31,436.55;31,100.00;-1,660.00;-5,07;614.00;19,302,040.00;;;;;
2024-02-12;BOGOTA;31,520.00;31,520.00;31,462.04;31,120.00;420.00;1,35;1,784.00;56,128,280.00;;;;;
2024-02-13;BOGOTA;31,500.00;31,500.00;31,502.51;31,500.00;-20.00;-0,06;1,178.00;37,109,960.00;;;;;
2024-02-14;BOGOTA;31,500.00;31,500.00;31,279.84;30,500.00;0.00;0;8,648.00;270,508,060.00;;;;;
2024-02-15;BOGOTA;31,500.00;31,500.00;31,467.90;31,500.00;0.00;;4,685.00;147,427,100.00;;;;;
2024-02-16;BOGOTA;31,500.00;31,500.00;31,499.51;31,500.00;0.00;;1,013.00;31,909,000.00;;;;;
2024-02-19;BOGOTA;30,000.00;30,600.00;30,344.21;30,000.00;-1,500.00;-4,76;6,351.00;192,716,100.00;;;;;
2024-02-20;BOGOTA;31,520.00;32,000.00;31,410.74;30,800.00;1,520.00;5,07;10,107.00;317,468,320.00;;;;;
2024-02-21;BOGOTA;33,480.00;33,480.00;32,713.15;31,500.00;1,960.00;6,22;24,673.00;807,131,440.00;;;;;
2024-02-22;BOGOTA;33,000.00;33,460.00;32,568.79;31,900.00;-480.00;-1,43;9,978.00;324,971,420.00;;;;;
2024-02-23;BOGOTA;32,780.00;33,000.00;32,523.53;32,020.00;-220.00;-0,67;4,484.00;145,835,500.00;;;;;
2024-02-26;BOGOTA;32,000.00;32,500.00;32,027.92;31,980.00;-780.00;-2,38;30,427.00;974,513,560.00;;;;;
2024-02-27;BOGOTA;31,900.00;32,100.00;31,949.57;31,900.00;-100.00;-0,31;8,930.00;285,309,680.00;;;;;
2024-02-28;BOGOTA;31,900.00;;31,712.01;;;;403.00;12,779,940.00;;;;;
2024-02-29;BOGOTA;32,480.00;32,480.00;32,446.90;31,600.00;580.00;1,82;219,036.00;7,107,038,120.00;;;;;
2024-03-01;BOGOTA;32,480.00;32,480.00;32,289.42;32,000.00;0.00;0;30,353.00;980,080,700.00;;;;;
2024-03-04;BOGOTA;32,360.00;32,360.00;31,948.28;31,520.00;-120.00;-0,37;2,025.00;64,695,260.00;;;;;
2024-03-05;BOGOTA;32,640.00;32,640.00;32,610.01;32,360.00;280.00;0,87;10,181.00;332,002,540.00;;;;;
2024-03-06;BOGOTA;32,560.00;32,560.00;32,558.27;32,560.00;-80.00;-0,25;4,751.00;154,684,320.00;;;;;
2024-03-07;BOGOTA;32,380.00;32,380.00;32,077.20;31,980.00;-180.00;-0,55;6,594.00;211,517,060.00;;;;;
2024-03-08;BOGOTA;32,000.00;32,000.00;31,837.39;31,640.00;-380.00;-1,17;1,548.00;49,284,280.00;;;;;
2024-03-11;BOGOTA;32,000.00;;31,648.00;;;;50.00;1,582,400.00;;;;;
2024-03-12;BOGOTA;31,300.00;31,800.00;31,543.52;31,300.00;-700.00;-2,19;1,397.00;44,066,300.00;;;;;
2024-03-13;BOGOTA;30,860.00;30,960.00;29,493.62;28,600.00;-440.00;-1,41;7,297.00;215,214,940.00;;;;;
2024-03-14;BOGOTA;29,900.00;30,200.00;29,897.43;29,440.00;-960.00;-3,11;1,804.00;53,934,960.00;;;;;
2024-03-15;BOGOTA;27,500.00;29,800.00;27,765.28;27,500.00;-2,400.00;-8,03;37,916.00;1,052,748,440.00;;;;;
2024-03-18;BOGOTA;27,500.00;28,040.00;27,577.85;27,500.00;0.00;0;46,581.00;1,284,603,820.00;;;;;
2024-03-19;BOGOTA;27,500.00;27,600.00;27,529.10;27,400.00;0.00;0;10,302.00;283,604,820.00;;;;;
2024-03-20;BOGOTA;26,820.00;27,500.00;27,139.28;26,820.00;-680.00;-2,47;19,863.00;539,067,420.00;;;;;
2024-03-21;BOGOTA;27,000.00;27,000.00;26,952.42;26,880.00;180.00;0,67;21,710.00;585,136,940.00;;;;;
2024-03-22;BOGOTA;27,000.00;27,680.00;26,913.51;26,820.00;0.00;0;32,076.00;863,277,700.00;;;;;
2024-03-26;BOGOTA;26,900.00;27,000.00;26,811.12;26,540.00;-100.00;-0,37;4,711.00;126,307,180.00;;;;;
2024-03-27;BOGOTA;27,000.00;27,020.00;26,979.31;26,980.00;100.00;0,37;13,340.00;359,903,980.00;;;;;
2024-04-01;BOGOTA;26,600.00;27,000.00;26,928.20;26,600.00;-400.00;-1,48;16,470.00;443,507,480.00;;;;;
2024-04-02;BOGOTA;27,000.00;27,000.00;26,961.43;26,900.00;400.00;1,5;28,216.00;760,743,800.00;;;;;
2024-04-03;BOGOTA;27,460.00;27,500.00;27,400.33;27,100.00;460.00;1,7;6,518.00;178,595,320.00;;;;;
2024-04-04;BOGOTA;28,300.00;28,580.00;28,401.08;27,760.00;840.00;3,06;31,171.00;885,290,000.00;;;;;
2024-04-05;BOGOTA;28,100.00;28,300.00;28,210.48;28,100.00;-200.00;-0,71;15,739.00;444,004,700.00;;;;;
2024-04-08;BOGOTA;27,800.00;28,200.00;27,837.40;27,800.00;-300.00;-1,07;247,503.00;6,889,841,080.00;;;;;
2024-04-09;BOGOTA;28,500.00;28,600.00;28,495.58;28,420.00;700.00;2,52;100,391.00;2,860,699,900.00;;;;;
2024-04-10;BOGOTA;29,860.00;30,000.00;29,453.17;28,500.00;1,360.00;4,77;25,417.00;748,611,160.00;;;;;
2024-04-11;BOGOTA;29,600.00;29,600.00;29,524.52;29,000.00;-260.00;-0,87;100,396.00;2,964,143,760.00;;;;;
2024-04-12;BOGOTA;29,000.00;29,800.00;29,354.06;29,000.00;-600.00;-2,03;22,899.00;672,178,620.00;;;;;
2024-04-15;BOGOTA;28,500.00;28,800.00;28,593.00;27,840.00;-500.00;-1,72;7,271.00;207,899,700.00;;;;;
2024-04-16;BOGOTA;28,880.00;28,880.00;28,544.33;28,500.00;380.00;1,33;4,277.00;122,084,080.00;;;;;
2024-04-17;BOGOTA;28,500.00;28,740.00;28,419.68;28,100.00;-380.00;-1,32;17,613.00;500,555,900.00;;;;;
2024-04-18;BOGOTA;27,900.00;28,480.00;28,055.94;27,900.00;-600.00;-2,11;7,782.00;218,331,320.00;;;;;
2024-04-19;BOGOTA;28,780.00;29,480.00;28,543.65;27,900.00;880.00;3,15;13,556.00;386,937,700.00;;;;;
2024-04-22;BOGOTA;28,200.00;28,780.00;28,352.39;28,120.00;-580.00;-2,02;8,866.00;251,372,300.00;;;;;
2024-04-23;BOGOTA;28,040.00;28,040.00;28,234.62;28,040.00;-160.00;-0,57;2,952.00;83,348,600.00;;;;;
2024-04-24;BOGOTA;27,860.00;28,100.00;28,107.14;27,860.00;-180.00;-0,64;8,099.00;227,639,760.00;;;;;
2024-04-25;BOGOTA;27,600.00;27,900.00;27,652.05;27,500.00;-260.00;-0,93;15,583.00;430,901,900.00;;;;;
2024-04-26;BOGOTA;28,260.00;28,360.00;28,306.93;28,100.00;660.00;2,39;9,755.00;276,134,140.00;;;;;
2024-04-29;BOGOTA;28,500.00;28,500.00;28,545.64;28,500.00;240.00;0,85;4,485.00;128,027,200.00;;;;;
2024-04-30;BOGOTA;28,300.00;28,500.00;28,482.24;28,300.00;-200.00;-0,7;11,358.00;323,501,240.00;;;;;
2024-05-02;BOGOTA;28,460.00;28,480.00;28,444.87;28,300.00;160.00;0,57;3,213.00;91,393,360.00;;;;;
2024-05-03;BOGOTA;28,500.00;28,500.00;28,414.92;28,120.00;40.00;0,14;6,643.00;188,760,320.00;;;;;
2024-05-06;BOGOTA;28,380.00;28,380.00;28,230.03;28,100.00;-120.00;-0,42;2,882.00;81,358,940.00;;;;;
2024-05-07;BOGOTA;28,300.00;28,340.00;28,303.58;28,300.00;-80.00;-0,28;15,146.00;428,686,000.00;;;;;
2024-05-08;BOGOTA;28,300.00;28,300.00;28,262.17;28,100.00;0.00;0;4,286.00;121,131,680.00;;;;;
2024-05-09;BOGOTA;28,060.00;28,280.00;28,122.71;28,020.00;-240.00;-0,85;4,639.00;130,461,260.00;;;;;
2024-05-10;BOGOTA;28,300.00;28,300.00;28,287.84;28,300.00;240.00;0,86;6,240.00;176,516,140.00;;;;;
2024-05-14;BOGOTA;28,300.00;28,380.00;28,312.78;28,240.00;0.00;0;6,843.00;193,744,380.00;;;;;
2024-05-15;BOGOTA;28,280.00;28,300.00;28,297.00;28,260.00;-20.00;-0,07;23,053.00;652,330,680.00;;;;;
2024-05-16;BOGOTA;28,300.00;28,380.00;28,267.36;28,100.00;20.00;0,07;21,634.00;611,536,160.00;;;;;
2024-05-17;BOGOTA;28,300.00;28,300.00;28,298.80;28,300.00;0.00;;16,504.00;467,043,320.00;;;;;
2024-05-20;BOGOTA;28,100.00;28,360.00;28,273.28;28,100.00;-200.00;-0,71;19,743.00;558,199,340.00;;;;;
2024-05-21;BOGOTA;28,280.00;28,280.00;28,152.72;28,060.00;180.00;0,64;3,365.00;94,733,900.00;;;;;
2024-05-22;BOGOTA;28,160.00;28,160.00;28,030.41;28,000.00;-120.00;-0,42;23,176.00;649,632,800.00;;;;;
2024-05-23;BOGOTA;27,900.00;28,200.00;28,003.75;27,900.00;-260.00;-0,92;24,809.00;694,745,060.00;;;;;
2024-05-24;BOGOTA;28,100.00;28,260.00;28,001.70;27,800.00;200.00;0,72;4,079.00;114,218,920.00;;;;;
2024-05-27;BOGOTA;27,700.00;27,700.00;27,723.17;27,700.00;-400.00;-1,42;5,569.00;154,390,340.00;;;;;
2024-05-28;BOGOTA;27,700.00;;27,951.26;;;;682.00;19,062,760.00;;;;;
2024-05-29;BOGOTA;27,580.00;27,720.00;27,775.29;27,580.00;-120.00;-0,43;2,124.00;58,994,720.00;;;;;
2024-05-30;BOGOTA;27,980.00;28,000.00;27,971.66;27,980.00;400.00;1,45;6,666.00;186,459,080.00;;;;;
2024-05-31;BOGOTA;27,540.00;28,180.00;27,621.58;27,000.00;-440.00;-1,57;60,008.00;1,657,515,960.00;;;;;
2024-06-04;BOGOTA;27,640.00;27,640.00;27,618.50;27,640.00;100.00;0,36;1,424.00;39,328,740.00;;;;;
2024-06-05;BOGOTA;27,240.00;27,880.00;27,382.31;27,020.00;-400.00;-1,45;20,433.00;559,502,700.00;;;;;
2024-06-06;BOGOTA;27,640.00;28,000.00;27,793.87;27,640.00;400.00;1,47;3,180.00;88,384,500.00;;;;;
2024-06-07;BOGOTA;27,520.00;27,800.00;27,724.92;27,520.00;-120.00;-0,43;16,341.00;453,052,960.00;;;;;
2024-06-11;BOGOTA;27,800.00;27,800.00;27,615.06;27,060.00;280.00;1,02;22,439.00;619,654,300.00;;;;;
2024-06-12;BOGOTA;27,800.00;27,800.00;27,320.48;27,000.00;0.00;0;13,922.00;380,355,680.00;;;;;
2024-06-13;BOGOTA;27,500.00;27,680.00;27,501.51;27,480.00;-300.00;-1,08;18,621.00;512,105,660.00;;;;;
2024-06-14;BOGOTA;27,000.00;27,800.00;27,226.03;27,000.00;-500.00;-1,82;25,800.00;702,431,660.00;;;;;
2024-06-17;BOGOTA;27,460.00;27,460.00;27,326.08;27,040.00;460.00;1,7;3,647.00;99,658,220.00;;;;;
2024-06-18;BOGOTA;27,400.00;27,440.00;27,347.18;27,340.00;-60.00;-0,22;5,040.00;137,829,780.00;;;;;
2024-06-19;BOGOTA;27,000.00;27,120.00;27,018.63;27,000.00;-400.00;-1,46;4,884.00;131,958,980.00;;;;;
2024-06-20;BOGOTA;27,000.00;27,220.00;27,060.53;27,000.00;0.00;0;3,562.00;96,389,600.00;;;;;
2024-06-21;BOGOTA;26,000.00;27,020.00;26,267.66;26,000.00;-1,000.00;-3,7;51,371.00;1,349,396,200.00;;;;;
2024-06-24;BOGOTA;26,500.00;27,100.00;26,730.82;26,500.00;500.00;1,92;12,735.00;340,416,960.00;;;;;
2024-06-25;BOGOTA;26,600.00;27,000.00;26,761.54;26,400.00;100.00;0,38;12,306.00;329,327,560.00;;;;;
2024-06-26;BOGOTA;26,600.00;;26,578.58;;;;803.00;21,342,600.00;;;;;
2024-06-27;BOGOTA;26,600.00;;26,651.39;;;;525.00;13,991,980.00;;;;;
2024-06-28;BOGOTA;26,600.00;26,600.00;26,597.84;26,580.00;0.00;0;7,657.00;203,659,640.00;;;;;
2023-07-04;BOGOTA;31,690.00;31,690.00;30,570.88;30,000.00;-860.00;-2,64;3,467.00;105,989,240.00;;;;;
2023-07-05;BOGOTA;30,000.00;31,660.00;30,291.58;30,000.00;-1,690.00;-5,33;10,242.00;310,246,390.00;;;;;
2023-07-06;BOGOTA;30,000.00;30,000.00;30,050.22;30,000.00;0.00;;2,581.00;77,559,620.00;;;;;
2023-07-07;BOGOTA;29,990.00;30,000.00;30,011.46;29,990.00;-10.00;-0,03;2,801.00;84,062,110.00;;;;;
2023-07-10;BOGOTA;29,500.00;29,990.00;29,660.93;29,500.00;-490.00;-1,63;6,979.00;207,003,640.00;;;;;
2023-07-11;BOGOTA;29,600.00;29,600.00;29,472.14;29,220.00;100.00;0,34;8,945.00;263,628,330.00;;;;;
2023-07-12;BOGOTA;29,600.00;29,840.00;29,602.72;29,600.00;0.00;0;34,644.00;1,025,556,680.00;;;;;
2023-07-13;BOGOTA;30,580.00;30,640.00;29,935.94;29,760.00;980.00;3,31;13,147.00;393,567,840.00;;;;;
2023-07-14;BOGOTA;30,680.00;30,680.00;30,602.27;30,580.00;100.00;0,33;2,029.00;62,092,000.00;;;;;
2023-07-17;BOGOTA;30,490.00;30,500.00;30,134.06;29,810.00;-190.00;-0,62;5,203.00;156,787,540.00;;;;;
2023-07-18;BOGOTA;30,520.00;30,590.00;30,514.99;30,470.00;30.00;0,1;1,990.00;60,724,830.00;;;;;
2023-07-19;BOGOTA;31,100.00;31,100.00;30,553.27;30,330.00;580.00;1,9;7,404.00;226,216,380.00;;;;;
2023-07-21;BOGOTA;30,800.00;30,900.00;30,630.24;30,350.00;-300.00;-0,96;5,292.00;162,095,220.00;;;;;
2023-07-24;BOGOTA;30,400.00;30,700.00;30,614.48;30,400.00;-400.00;-1,3;3,851.00;117,896,360.00;;;;;
2023-07-25;BOGOTA;30,770.00;30,770.00;30,526.11;30,110.00;370.00;1,22;1,773.00;54,122,790.00;;;;;
2023-07-26;BOGOTA;30,350.00;30,700.00;30,041.09;29,650.00;-420.00;-1,36;9,346.00;280,764,030.00;;;;;
2023-07-27;BOGOTA;30,200.00;30,790.00;30,409.52;30,200.00;-150.00;-0,49;2,991.00;90,954,880.00;;;;;
2023-07-28;BOGOTA;30,180.00;30,180.00;29,927.86;29,870.00;-20.00;-0,07;1,671.00;50,009,450.00;;;;;
2023-07-31;BOGOTA;;30,750.00;30,505.94;30,350.00;570.00;1,89;7,530.00;229,709,710.00;;;;;
2023-08-01;BOGOTA;30,560.00;30,560.00;30,474.76;30,560.00;60.00;0,2;861.00;26,238,770.00;;;;;
2023-08-02;BOGOTA;30,560.00;;30,539.37;;;;254.00;7,757,000.00;;;;;
2023-08-03;BOGOTA;30,300.00;30,300.00;30,017.16;29,760.00;-260.00;-0,85;3,135.00;94,103,800.00;;;;;
2023-08-04;BOGOTA;;;30,490.00;;;;101.00;3,079,490.00;;;;;
2023-08-08;BOGOTA;30,500.00;30,500.00;30,356.41;30,370.00;120.00;0,39;2,015.00;61,168,170.00;;;;;
2023-08-09;BOGOTA;29,500.00;30,000.00;29,585.09;29,500.00;-1,000.00;-3,28;8,167.00;241,621,460.00;;;;;
2023-08-10;BOGOTA;29,780.00;29,780.00;29,112.70;29,000.00;280.00;0,95;10,362.00;301,665,750.00;;;;;
2023-08-11;BOGOTA;29,510.00;29,800.00;29,715.68;29,500.00;-270.00;-0,91;3,917.00;116,396,330.00;;;;;
2023-08-14;BOGOTA;29,000.00;29,150.00;28,840.28;28,220.00;-510.00;-1,73;4,377.00;126,233,920.00;;;;;
2023-08-15;BOGOTA;29,620.00;29,620.00;29,364.05;29,620.00;620.00;2,14;837.00;24,577,710.00;;;;;
2023-08-16;BOGOTA;29,600.00;29,600.00;29,529.43;29,600.00;-20.00;-0,07;1,005.00;29,677,080.00;;;;;
2023-08-17;BOGOTA;28,540.00;28,540.00;28,539.00;28,540.00;-1,060.00;-3,58;1,011.00;28,852,930.00;;;;;
2023-08-18;BOGOTA;29,450.00;29,450.00;28,827.75;29,450.00;910.00;3,19;750.00;21,620,810.00;;;;;
2023-08-22;BOGOTA;29,450.00;;28,767.73;;;;397.00;11,420,790.00;;;;;
2023-08-23;BOGOTA;29,030.00;29,030.00;28,860.09;29,030.00;-420.00;-1,43;551.00;15,901,910.00;;;;;
2023-08-24;BOGOTA;28,200.00;28,260.00;28,229.14;28,200.00;-830.00;-2,86;4,812.00;135,838,640.00;;;;;
2023-08-25;BOGOTA;28,010.00;28,010.00;27,871.94;28,000.00;-190.00;-0,67;3,591.00;100,088,150.00;;;;;
2023-08-28;BOGOTA;28,010.00;;28,003.33;;;;201.00;5,628,670.00;;;;;
2023-08-29;BOGOTA;27,120.00;27,130.00;27,229.68;27,020.00;-890.00;-3,18;3,373.00;91,845,710.00;;;;;
2023-08-30;BOGOTA;26,520.00;27,030.00;26,904.20;26,520.00;-600.00;-2,21;7,601.00;204,498,810.00;;;;;
2023-08-31;BOGOTA;25,650.00;26,720.00;26,136.50;25,650.00;-870.00;-3,28;6,234.00;162,934,940.00;;;;;
2023-09-01;BOGOTA;26,500.00;26,970.00;25,977.55;25,710.00;850.00;3,31;12,223.00;317,523,590.00;;;;;
2023-09-04;BOGOTA;26,810.00;26,810.00;26,240.20;26,100.00;310.00;1,17;3,998.00;104,908,300.00;;;;;
2023-09-05;BOGOTA;25,710.00;26,780.00;25,893.25;25,710.00;-1,100.00;-4,1;5,896.00;152,666,610.00;;;;;
2023-09-06;BOGOTA;25,250.00;25,710.00;25,354.48;25,250.00;-460.00;-1,79;13,736.00;348,269,200.00;;;;;
2023-09-07;BOGOTA;24,990.00;25,900.00;25,005.83;24,670.00;-260.00;-1,03;8,090.00;202,297,140.00;;;;;
2023-09-08;BOGOTA;25,600.00;25,870.00;25,336.02;24,990.00;610.00;2,44;3,061.00;77,553,550.00;;;;;
2023-09-11;BOGOTA;25,900.00;27,500.00;26,091.64;25,610.00;300.00;1,17;11,133.00;290,478,260.00;;;;;
2023-09-12;BOGOTA;26,000.00;26,000.00;25,654.72;25,500.00;100.00;0,39;8,490.00;217,808,610.00;;;;;
2023-09-13;BOGOTA;24,560.00;25,350.00;24,992.14;24,560.00;-1,440.00;-5,54;63,960.00;1,598,497,410.00;;;;;
2023-09-14;BOGOTA;24,600.00;25,500.00;24,601.60;24,600.00;40.00;0,16;254,169.00;6,252,962,800.00;;;;;
2023-09-15;BOGOTA;24,980.00;25,160.00;24,992.15;24,800.00;380.00;1,54;158,150.00;3,952,509,240.00;;;;;
2023-09-18;BOGOTA;25,520.00;27,450.00;25,928.82;25,420.00;540.00;2,16;5,732.00;148,623,980.00;;;;;
2023-09-19;BOGOTA;24,750.00;25,200.00;24,955.16;24,750.00;-770.00;-3,02;31,923.00;796,643,730.00;;;;;
2023-09-20;BOGOTA;25,000.00;25,490.00;25,220.71;25,000.00;250.00;1,01;4,263.00;107,515,890.00;;;;;
2023-09-21;BOGOTA;25,000.00;25,200.00;25,075.24;25,000.00;0.00;0;8,460.00;212,136,570.00;;;;;
2023-09-22;BOGOTA;25,000.00;25,000.00;25,011.64;25,000.00;0.00;;8,093.00;202,419,210.00;;;;;
2023-09-25;BOGOTA;25,380.00;25,690.00;25,449.47;25,300.00;380.00;1,52;2,495.00;63,496,420.00;;;;;
2023-09-26;BOGOTA;25,000.00;25,380.00;25,231.30;25,000.00;-380.00;-1,5;2,681.00;67,645,120.00;;;;;
2023-09-27;BOGOTA;25,000.00;25,000.00;25,018.15;25,000.00;0.00;;1,657.00;41,455,070.00;;;;;
2023-09-28;BOGOTA;25,650.00;25,650.00;25,241.84;24,990.00;650.00;2,6;4,724.00;119,242,470.00;;;;;
2023-09-29;BOGOTA;25,200.00;25,650.00;25,571.82;25,200.00;-450.00;-1,75;7,231.00;184,909,820.00;;;;;
2023-10-02;BOGOTA;25,200.00;;25,476.32;;;;585.00;14,903,650.00;;;;;
2023-10-03;BOGOTA;25,000.00;25,220.00;25,195.69;25,000.00;-200.00;-0,79;7,727.00;194,687,080.00;;;;;
2023-10-04;BOGOTA;25,080.00;25,080.00;25,057.55;25,030.00;80.00;0,32;2,097.00;52,545,690.00;;;;;
2023-10-05;BOGOTA;25,090.00;25,090.00;25,107.17;25,090.00;10.00;0,04;2,038.00;51,168,410.00;;;;;
2023-10-06;BOGOTA;25,090.00;;25,000.24;;;;1,105.00;27,625,270.00;;;;;
2023-10-09;BOGOTA;25,090.00;25,090.00;25,035.44;25,090.00;0.00;;1,732.00;43,361,380.00;;;;;
2023-10-10;BOGOTA;25,090.00;;25,262.70;;;;274.00;6,921,980.00;;;;;
2023-10-11;BOGOTA;25,110.00;25,110.00;25,141.72;25,110.00;20.00;0,08;1,642.00;41,282,710.00;;;;;
2023-10-12;BOGOTA;25,490.00;25,490.00;25,451.15;25,490.00;380.00;1,51;1,323.00;33,671,870.00;;;;;
2023-10-13;BOGOTA;25,490.00;;25,504.43;;;;1,183.00;30,171,740.00;;;;;
2023-10-17;BOGOTA;25,510.00;25,510.00;25,496.65;25,500.00;20.00;0,08;2,069.00;52,752,560.00;;;;;
2023-10-18;BOGOTA;25,900.00;25,900.00;25,662.23;25,900.00;390.00;1,53;2,033.00;52,171,320.00;;;;;
2023-10-19;BOGOTA;25,900.00;25,980.00;25,936.48;25,900.00;0.00;0;3,526.00;91,452,040.00;;;;;
2023-10-20;BOGOTA;25,500.00;25,500.00;25,775.50;25,500.00;-400.00;-1,54;2,528.00;65,160,460.00;;;;;
2023-10-23;BOGOTA;25,260.00;25,510.00;25,369.50;25,260.00;-240.00;-0,94;4,726.00;119,896,270.00;;;;;
2023-10-24;BOGOTA;25,480.00;25,500.00;25,417.69;25,480.00;220.00;0,87;1,668.00;42,396,700.00;;;;;
2023-10-25;BOGOTA;24,950.00;24,950.00;25,205.49;24,950.00;-530.00;-2,08;2,478.00;62,459,210.00;;;;;
2023-10-26;BOGOTA;24,950.00;;24,919.83;;;;1,662.00;41,416,750.00;;;;;
2023-10-27;BOGOTA;25,000.00;25,000.00;25,015.27;25,000.00;50.00;0,2;1,123.00;28,092,150.00;;;;;
2023-10-30;BOGOTA;25,000.00;25,100.00;25,075.51;25,000.00;0.00;0;7,298.00;183,001,040.00;;;;;
2023-10-31;BOGOTA;24,900.00;24,900.00;24,878.83;24,870.00;-100.00;-0,4;4,348.00;108,173,140.00;;;;;
2023-11-01;BOGOTA;25,000.00;25,000.00;24,927.47;24,900.00;100.00;0,4;3,738.00;93,178,890.00;;;;;
2023-11-02;BOGOTA;24,900.00;24,900.00;24,885.59;24,900.00;-100.00;-0,4;1,278.00;31,803,780.00;;;;;
2023-11-03;BOGOTA;24,760.00;24,900.00;24,823.10;24,760.00;-140.00;-0,56;4,812.00;119,448,760.00;;;;;
2023-11-07;BOGOTA;24,580.00;24,700.00;24,630.16;24,580.00;-180.00;-0,73;3,001.00;73,915,100.00;;;;;
2023-11-08;BOGOTA;24,580.00;24,580.00;24,555.03;24,580.00;0.00;;1,320.00;32,412,640.00;;;;;
2023-11-09;BOGOTA;24,600.00;24,600.00;24,595.68;24,580.00;20.00;0,08;2,978.00;73,245,940.00;;;;;
2023-11-10;BOGOTA;24,780.00;24,780.00;24,732.44;24,640.00;180.00;0,73;2,169.00;53,644,660.00;;;;;
2023-11-14;BOGOTA;24,780.00;;24,632.97;;;;1,126.00;27,736,720.00;;;;;
2023-11-15;BOGOTA;24,400.00;24,400.00;24,453.74;24,400.00;-380.00;-1,53;1,183.00;28,928,780.00;;;;;
2023-11-16;BOGOTA;24,300.00;24,300.00;24,355.73;24,300.00;-100.00;-0,41;1,908.00;46,470,740.00;;;;;
2023-11-17;BOGOTA;23,960.00;24,400.00;24,058.50;23,900.00;-340.00;-1,4;11,042.00;265,653,920.00;;;;;
2023-11-20;BOGOTA;24,000.00;24,000.00;23,925.90;23,900.00;40.00;0,17;8,983.00;214,926,360.00;;;;;
2023-11-21;BOGOTA;24,000.00;24,000.00;23,995.96;23,940.00;0.00;0;13,518.00;324,377,360.00;;;;;
2023-11-22;BOGOTA;24,000.00;24,000.00;23,993.53;23,980.00;0.00;0;8,773.00;210,495,240.00;;;;;
2023-11-23;BOGOTA;24,000.00;24,000.00;24,028.43;24,000.00;0.00;;2,498.00;60,023,020.00;;;;;
2023-11-24;BOGOTA;24,320.00;24,320.00;24,314.66;24,320.00;320.00;1,33;1,810.00;44,009,540.00;;;;;
2023-11-27;BOGOTA;24,000.00;24,000.00;24,289.97;24,000.00;-320.00;-1,32;2,049.00;49,770,140.00;;;;;
2023-11-28;BOGOTA;24,000.00;24,000.00;23,992.19;24,000.00;0.00;;2,798.00;67,130,140.00;;;;;
2023-11-29;BOGOTA;24,500.00;24,500.00;24,498.10;24,500.00;500.00;2,08;7,069.00;173,177,060.00;;;;;
2023-11-30;BOGOTA;24,480.00;24,500.00;24,437.37;24,480.00;-20.00;-0,08;2,266.00;55,375,080.00;;;;;
2023-12-01;BOGOTA;24,460.00;24,460.00;24,368.99;24,460.00;-20.00;-0,08;1,529.00;37,260,180.00;;;;;
2023-12-04;BOGOTA;24,100.00;24,100.00;24,144.58;24,100.00;-360.00;-1,47;3,721.00;89,842,000.00;;;;;
2023-12-05;BOGOTA;24,100.00;;24,106.51;;;;1,691.00;40,764,100.00;;;;;
2023-12-06;BOGOTA;24,000.00;24,000.00;24,066.74;23,980.00;-100.00;-0,41;3,745.00;90,129,940.00;;;;;
2023-12-07;BOGOTA;24,000.00;;24,023.94;;;;330.00;7,927,900.00;;;;;
2023-12-11;BOGOTA;24,000.00;24,120.00;24,050.90;24,000.00;0.00;0;6,289.00;151,256,100.00;;;;;
2023-12-12;BOGOTA;24,500.00;24,500.00;24,349.18;24,000.00;500.00;2,08;5,153.00;125,471,320.00;;;;;
2023-12-13;BOGOTA;24,500.00;24,500.00;24,479.41;24,480.00;0.00;0;7,266.00;177,867,420.00;;;;;
2023-12-14;BOGOTA;24,020.00;24,020.00;24,337.36;24,020.00;-480.00;-1,96;4,217.00;102,630,660.00;;;;;
2023-12-15;BOGOTA;24,520.00;24,520.00;24,503.41;24,500.00;500.00;2,08;2,602.00;63,757,860.00;;;;;
2023-12-18;BOGOTA;24,520.00;;24,848.73;;;;584.00;14,511,660.00;;;;;
2023-12-19;BOGOTA;25,660.00;25,660.00;25,040.91;24,920.00;1,140.00;4,65;13,657.00;341,983,680.00;;;;;
2023-12-20;BOGOTA;27,500.00;27,500.00;26,590.01;25,900.00;1,840.00;7,17;27,950.00;743,190,800.00;;;;;
2023-12-21;BOGOTA;26,500.00;28,040.00;27,325.59;26,500.00;-1,000.00;-3,64;9,475.00;258,909,960.00;;;;;
2023-12-22;BOGOTA;26,500.00;26,500.00;26,565.41;26,500.00;0.00;;2,318.00;61,578,620.00;;;;;
2023-12-26;BOGOTA;27,500.00;27,500.00;27,021.80;26,500.00;1,000.00;3,77;3,759.00;101,574,960.00;;;;;
2023-12-27;BOGOTA;27,580.00;27,600.00;27,514.58;27,580.00;80.00;0,29;2,002.00;55,084,180.00;;;;;
2023-12-28;BOGOTA;27,460.00;27,480.00;27,419.47;27,460.00;-120.00;-0,44;3,639.00;99,779,440.00;;;;;
2023-01-02;BOGOTA;37,000.00;;38,504.01;;;;424.00;16,325,700.00;;;;;
2023-01-03;BOGOTA;39,900.00;39,900.00;39,738.34;39,900.00;2,900.00;7,84;1,068.00;42,440,550.00;;;;;
2023-01-04;BOGOTA;39,900.00;;39,276.63;;;;682.00;26,786,660.00;;;;;
2023-01-05;BOGOTA;39,990.00;39,990.00;39,788.17;39,990.00;90.00;0,23;987.00;39,270,920.00;;;;;
2023-01-06;BOGOTA;39,900.00;39,900.00;39,900.93;39,900.00;-90.00;-0,23;2,279.00;90,934,210.00;;;;;
2023-01-10;BOGOTA;39,600.00;39,600.00;39,990.47;39,600.00;-300.00;-0,75;1,086.00;43,429,650.00;;;;;
2023-01-11;BOGOTA;40,000.00;40,000.00;40,022.51;40,000.00;400.00;1,01;6,571.00;262,987,900.00;;;;;
2023-01-12;BOGOTA;39,100.00;40,000.00;39,773.31;39,100.00;-900.00;-2,25;9,650.00;383,812,440.00;;;;;
2023-01-13;BOGOTA;39,100.00;39,100.00;39,086.26;39,100.00;0.00;;738.00;28,845,660.00;;;;;
2023-01-16;BOGOTA;39,100.00;;38,530.90;;;;145.00;5,586,980.00;;;;;
2023-01-17;BOGOTA;39,900.00;40,000.00;39,626.23;39,890.00;800.00;2,05;4,488.00;177,842,510.00;;;;;
2023-01-18;BOGOTA;40,000.00;41,400.00;39,309.34;37,990.00;100.00;0,25;5,951.00;233,929,870.00;;;;;
2023-01-19;BOGOTA;40,000.00;;38,692.73;;;;275.00;10,640,500.00;;;;;
2023-01-20;BOGOTA;40,000.00;;39,493.33;;;;27.00;1,066,320.00;;;;;
2023-01-23;BOGOTA;40,000.00;40,000.00;39,980.26;39,870.00;0.00;0;3,640.00;145,528,160.00;;;;;
2023-01-24;BOGOTA;37,530.00;39,900.00;38,636.54;37,530.00;-2,470.00;-6,17;3,472.00;134,146,080.00;;;;;
2023-01-25;BOGOTA;36,300.00;38,000.00;37,540.35;36,300.00;-1,230.00;-3,28;8,134.00;305,353,170.00;;;;;
2023-01-26;BOGOTA;35,860.00;38,490.00;37,673.93;35,860.00;-440.00;-1,21;1,141.00;42,985,950.00;;;;;
2023-01-27;BOGOTA;37,000.00;37,900.00;36,954.26;36,800.00;1,140.00;3,18;5,749.00;212,450,060.00;;;;;
2023-01-30;BOGOTA;35,330.00;37,000.00;36,872.10;35,330.00;-1,670.00;-4,51;4,447.00;163,970,220.00;;;;;
2023-01-31;BOGOTA;35,420.00;35,510.00;35,476.47;35,420.00;90.00;0,25;2,624.00;93,090,260.00;;;;;
2023-02-01;BOGOTA;35,420.00;35,420.00;34,885.07;34,050.00;0.00;0;12,210.00;425,946,670.00;;;;;
2023-02-02;BOGOTA;36,000.00;36,940.00;36,380.69;36,000.00;580.00;1,64;1,046.00;38,054,200.00;;;;;
2023-02-03;BOGOTA;36,500.00;36,500.00;36,203.93;36,500.00;500.00;1,39;736.00;26,646,090.00;;;;;
2023-02-06;BOGOTA;36,480.00;36,480.00;35,567.65;35,220.00;-20.00;-0,05;1,389.00;49,403,460.00;;;;;
2023-02-07;BOGOTA;36,000.00;36,100.00;35,513.29;35,000.00;-480.00;-1,32;5,290.00;187,865,310.00;;;;;
2023-02-08;BOGOTA;34,660.00;35,030.00;34,830.36;34,280.00;-1,340.00;-3,72;8,642.00;301,003,980.00;;;;;
2023-02-09;BOGOTA;33,700.00;34,000.00;33,920.75;33,700.00;-960.00;-2,77;2,702.00;91,653,870.00;;;;;
2023-02-10;BOGOTA;33,000.00;33,000.00;33,153.59;33,000.00;-700.00;-2,08;749.00;24,832,040.00;;;;;
2023-02-13;BOGOTA;33,000.00;33,000.00;33,035.59;32,970.00;0.00;0;1,665.00;55,004,250.00;;;;;
2023-02-14;BOGOTA;33,000.00;33,000.00;32,920.15;32,500.00;0.00;0;7,639.00;251,477,050.00;;;;;
2023-02-15;BOGOTA;32,500.00;32,900.00;32,368.18;32,500.00;-500.00;-1,52;2,053.00;66,451,880.00;;;;;
2023-02-16;BOGOTA;32,500.00;;31,762.99;;;;355.00;11,275,860.00;;;;;
2023-02-17;BOGOTA;32,500.00;;31,534.90;;;;343.00;10,816,470.00;;;;;
2023-02-20;BOGOTA;32,000.00;32,500.00;32,412.78;32,000.00;-500.00;-1,54;3,583.00;116,135,000.00;;;;;
2023-02-21;BOGOTA;31,200.00;31,200.00;31,198.37;31,200.00;-800.00;-2,5;2,109.00;65,797,370.00;;;;;
2023-02-22;BOGOTA;31,200.00;;30,810.47;;;;275.00;8,472,880.00;;;;;
2023-02-23;BOGOTA;29,500.00;30,060.00;29,692.06;29,130.00;-1,700.00;-5,45;6,899.00;204,845,550.00;;;;;
2023-02-24;BOGOTA;28,420.00;30,990.00;29,104.10;28,420.00;-1,080.00;-3,66;5,947.00;173,082,110.00;;;;;
2023-02-27;BOGOTA;27,860.00;28,430.00;28,072.00;27,860.00;-560.00;-1,97;5,912.00;165,961,680.00;;;;;
2023-02-28;BOGOTA;25,080.00;27,860.00;25,906.20;25,080.00;-2,780.00;-9,98;23,462.00;607,811,160.00;;;;;
2023-03-01;BOGOTA;24,950.00;25,500.00;25,068.93;24,950.00;-130.00;-0,52;130,420.00;3,269,489,470.00;;;;;
2023-03-02;BOGOTA;25,500.00;25,710.00;25,080.27;24,980.00;550.00;2,2;15,873.00;398,099,070.00;;;;;
2023-03-03;BOGOTA;25,700.00;25,700.00;25,666.51;25,500.00;200.00;0,78;11,551.00;296,473,870.00;;;;;
2023-03-06;BOGOTA;25,700.00;25,700.00;25,664.97;25,600.00;0.00;0;7,296.00;187,251,600.00;;;;;
2023-03-07;BOGOTA;25,700.00;25,700.00;25,697.04;25,690.00;0.00;0;10,295.00;264,551,060.00;;;;;
2023-03-08;BOGOTA;26,890.00;26,990.00;26,125.96;25,700.00;1,190.00;4,63;39,246.00;1,025,339,540.00;;;;;
2023-03-09;BOGOTA;27,450.00;27,500.00;27,310.49;27,180.00;560.00;2,08;7,545.00;206,057,660.00;;;;;
2023-03-10;BOGOTA;27,100.00;27,100.00;27,067.14;27,100.00;-350.00;-1,28;1,474.00;39,896,960.00;;;;;
2023-03-13;BOGOTA;26,960.00;27,100.00;26,896.67;26,800.00;-140.00;-0,52;45,259.00;1,217,316,270.00;;;;;
2023-03-14;BOGOTA;27,800.00;28,500.00;27,827.20;27,430.00;840.00;3,12;86,483.00;2,406,580,010.00;;;;;
2023-03-15;BOGOTA;28,000.00;28,000.00;27,624.18;27,010.00;200.00;0,72;138,046.00;3,813,407,700.00;;;;;
2023-03-16;BOGOTA;29,760.00;29,760.00;28,560.23;28,000.00;1,760.00;6,29;20,426.00;583,371,210.00;;;;;
2023-03-17;BOGOTA;29,760.00;31,500.00;31,156.93;29,500.00;0.00;0;124,351.00;3,874,395,580.00;;;;;
2023-03-21;BOGOTA;29,000.00;29,000.00;28,957.88;29,000.00;-760.00;-2,55;480.00;13,899,780.00;;;;;
2023-03-22;BOGOTA;29,500.00;29,500.00;29,524.14;29,500.00;500.00;1,72;831.00;24,534,560.00;;;;;
2023-03-23;BOGOTA;29,500.00;;29,363.03;;;;628.00;18,439,980.00;;;;;
2023-03-24;BOGOTA;28,790.00;28,790.00;28,204.93;28,200.00;-710.00;-2,41;77,561.00;2,187,602,380.00;;;;;
2023-03-27;BOGOTA;29,510.00;30,000.00;29,521.72;29,480.00;720.00;2,5;10,470.00;309,092,450.00;;;;;
2023-03-28;BOGOTA;30,000.00;30,000.00;29,717.44;29,650.00;490.00;1,66;5,723.00;170,072,930.00;;;;;
2023-03-29;BOGOTA;31,720.00;31,720.00;31,666.94;29,020.00;1,720.00;5,73;199,270.00;6,310,271,700.00;;;;;
2023-03-30;BOGOTA;32,420.00;32,420.00;31,236.99;30,530.00;700.00;2,21;3,672.00;114,702,230.00;;;;;
2023-03-31;BOGOTA;32,420.00;;31,642.91;;;;282.00;8,923,300.00;;;;;
2023-04-03;BOGOTA;32,420.00;;31,013.26;;;;430.00;13,335,700.00;;;;;
2023-04-04;BOGOTA;32,420.00;;31,109.08;;;;530.00;16,487,810.00;;;;;
2023-04-05;BOGOTA;32,570.00;34,400.00;33,086.10;32,000.00;150.00;0,46;3,249.00;107,496,750.00;;;;;
2023-04-10;BOGOTA;32,040.00;32,570.00;32,488.62;32,040.00;-530.00;-1,63;3,084.00;100,194,910.00;;;;;
2023-04-11;BOGOTA;33,990.00;33,990.00;32,840.95;32,280.00;1,950.00;6,09;7,501.00;246,339,930.00;;;;;
2023-04-12;BOGOTA;32,500.00;32,500.00;32,717.55;32,500.00;-1,490.00;-4,38;330.00;10,796,790.00;;;;;
2023-04-13;BOGOTA;33,730.00;33,730.00;32,643.73;32,500.00;1,230.00;3,78;4,981.00;162,598,400.00;;;;;
2023-04-14;BOGOTA;34,200.00;34,200.00;34,072.26;34,200.00;470.00;1,39;589.00;20,068,560.00;;;;;
2023-04-17;BOGOTA;37,000.00;37,000.00;35,003.25;33,500.00;2,800.00;8,19;13,417.00;469,638,600.00;;;;;
2023-04-18;BOGOTA;36,700.00;36,780.00;35,783.55;34,640.00;-300.00;-0,81;5,257.00;188,114,100.00;;;;;
2023-04-19;BOGOTA;35,300.00;35,300.00;35,339.75;35,300.00;-1,400.00;-3,81;1,824.00;64,459,710.00;;;;;
2023-04-20;BOGOTA;35,590.00;36,190.00;34,991.07;34,130.00;290.00;0,82;2,114.00;73,971,130.00;;;;;
2023-04-21;BOGOTA;34,010.00;35,000.00;34,775.59;34,010.00;-1,580.00;-4,44;3,085.00;107,282,690.00;;;;;
2023-04-24;BOGOTA;33,600.00;34,020.00;33,863.24;33,600.00;-410.00;-1,21;3,201.00;108,396,220.00;;;;;
2023-04-25;BOGOTA;33,990.00;33,990.00;33,666.35;33,600.00;390.00;1,16;4,734.00;159,376,520.00;;;;;
2023-04-26;BOGOTA;33,100.00;33,100.00;33,420.19;33,100.00;-890.00;-2,62;892.00;29,810,810.00;;;;;
2023-04-27;BOGOTA;34,100.00;34,100.00;33,840.34;31,110.00;1,000.00;3,02;34,461.00;1,166,171,990.00;;;;;
2023-04-28;BOGOTA;34,200.00;34,400.00;34,152.93;34,100.00;100.00;0,29;20,330.00;694,329,000.00;;;;;
2023-05-02;BOGOTA;36,500.00;36,500.00;34,991.27;33,970.00;2,300.00;6,73;19,760.00;691,427,540.00;;;;;
2023-05-03;BOGOTA;36,990.00;36,990.00;36,486.16;35,410.00;490.00;1,34;32,792.00;1,196,454,120.00;;;;;
2023-05-04;BOGOTA;36,990.00;37,000.00;36,912.88;36,010.00;0.00;0;9,092.00;335,611,920.00;;;;;
2023-05-05;BOGOTA;36,990.00;37,000.00;36,959.06;36,990.00;0.00;0;6,527.00;241,231,810.00;;;;;
2023-05-08;BOGOTA;37,000.00;37,000.00;36,996.84;37,000.00;10.00;0,03;11,506.00;425,685,630.00;;;;;
2023-05-09;BOGOTA;35,760.00;35,760.00;35,892.64;35,760.00;-1,240.00;-3,35;802.00;28,785,900.00;;;;;
2023-05-10;BOGOTA;36,120.00;36,120.00;35,916.50;35,760.00;360.00;1,01;10,453.00;375,435,200.00;;;;;
2023-05-11;BOGOTA;36,590.00;36,590.00;35,903.54;36,000.00;470.00;1,3;1,645.00;59,061,320.00;;;;;
2023-05-12;BOGOTA;36,490.00;36,490.00;36,397.37;34,500.00;-100.00;-0,27;13,005.00;473,347,820.00;;;;;
2023-05-15;BOGOTA;36,290.00;36,290.00;35,824.10;36,290.00;-200.00;-0,55;993.00;35,573,330.00;;;;;
2023-05-16;BOGOTA;36,290.00;;36,289.11;;;;56.00;2,032,190.00;;;;;
2023-05-17;BOGOTA;36,290.00;;34,992.07;;;;188.00;6,578,510.00;;;;;
2023-05-18;BOGOTA;35,990.00;35,990.00;35,990.00;35,990.00;-300.00;-0,83;1,373.00;49,414,270.00;;;;;
2023-05-19;BOGOTA;35,990.00;;35,000.00;;;;211.00;7,385,000.00;;;;;
2023-05-23;BOGOTA;35,960.00;35,960.00;35,927.48;35,950.00;-30.00;-0,08;1,205.00;43,292,610.00;;;;;
2023-05-24;BOGOTA;33,810.00;33,810.00;34,143.88;33,810.00;-2,150.00;-5,98;482.00;16,457,350.00;;;;;
2023-05-25;BOGOTA;33,810.00;;34,013.42;;;;117.00;3,979,570.00;;;;;
2023-05-26;BOGOTA;33,810.00;;33,881.68;;;;137.00;4,641,790.00;;;;;
2023-05-29;BOGOTA;34,800.00;34,800.00;34,516.08;34,800.00;990.00;2,93;835.00;28,820,930.00;;;;;
2023-05-30;BOGOTA;34,550.00;34,550.00;32,808.48;32,090.00;-250.00;-0,72;983.00;32,250,740.00;;;;;
2023-05-31;BOGOTA;33,800.00;34,450.00;33,814.18;33,800.00;-750.00;-2,17;22,390.00;757,099,410.00;;;;;
2023-06-01;BOGOTA;32,500.00;32,500.00;32,333.23;32,000.00;-1,300.00;-3,85;16,534.00;534,597,630.00;;;;;
2023-06-02;BOGOTA;32,950.00;32,950.00;32,624.48;32,000.00;450.00;1,38;4,355.00;142,079,590.00;;;;;
2023-06-05;BOGOTA;33,550.00;33,550.00;32,508.13;32,400.00;600.00;1,82;230,849.00;7,504,468,610.00;;;;;
2023-06-06;BOGOTA;34,390.00;34,390.00;33,750.48;33,100.00;840.00;2,5;16,537.00;558,131,710.00;;;;;
2023-06-07;BOGOTA;34,170.00;34,170.00;33,993.54;33,970.00;-220.00;-0,64;16,768.00;570,003,660.00;;;;;
2023-06-08;BOGOTA;34,170.00;;33,536.08;;;;1,153.00;38,667,100.00;;;;;
2023-06-09;BOGOTA;33,180.00;33,180.00;32,801.00;32,320.00;-990.00;-2,9;2,938.00;96,369,340.00;;;;;
2023-06-13;BOGOTA;33,180.00;;33,607.89;;;;289.00;9,712,680.00;;;;;
2023-06-14;BOGOTA;33,000.00;33,390.00;33,119.18;33,000.00;-180.00;-0,54;1,374.00;45,505,760.00;;;;;
2023-06-15;BOGOTA;32,700.00;32,700.00;33,188.40;32,700.00;-300.00;-0,91;1,335.00;44,306,510.00;;;;;
2023-06-16;BOGOTA;32,400.00;32,450.00;32,428.03;32,400.00;-300.00;-0,92;2,887.00;93,619,710.00;;;;;
2023-06-20;BOGOTA;32,400.00;;32,400.04;;;;269.00;8,715,610.00;;;;;
2023-06-21;BOGOTA;32,000.00;32,340.00;32,239.11;32,000.00;-400.00;-1,23;4,053.00;130,665,120.00;;;;;
2023-06-22;BOGOTA;32,000.00;;33,194.00;;;;5.00;165,970.00;;;;;
2023-06-23;BOGOTA;31,200.00;31,200.00;30,962.21;30,800.00;-800.00;-2,5;2,178.00;67,435,700.00;;;;;
2023-06-26;BOGOTA;32,760.00;32,760.00;31,970.25;30,300.00;1,560.00;5;3,869.00;123,692,900.00;;;;;
2023-06-27;BOGOTA;32,750.00;32,750.00;32,424.52;31,000.00;-10.00;-0,03;2,427.00;78,694,310.00;;;;;
2023-06-28;BOGOTA;31,000.00;31,000.00;31,000.00;31,000.00;-1,750.00;-5,34;351.00;10,881,000.00;;;;;
2023-06-29;BOGOTA;32,550.00;32,550.00;31,985.22;32,550.00;1,550.00;5;517.00;16,536,360.00;;;;;
2023-06-30;BOGOTA;32,550.00;;32,186.48;;;;307.00;9,881,250.00;;;;;
2022-07-01;BOGOTA;46,600.00;47,000.00;46,099.31;45,990.00;600.00;1,3;15,618.00;719,979,040.00;;;;;
2022-07-05;BOGOTA;46,000.00;46,800.00;46,128.15;46,000.00;-600.00;-1,29;4,837.00;223,121,860.00;;;;;
2022-07-06;BOGOTA;46,000.00;47,000.00;46,531.66;46,000.00;0.00;0;39,803.00;1,852,099,700.00;;;;;
2022-07-07;BOGOTA;46,920.00;46,920.00;45,709.85;45,210.00;920.00;2;21,421.00;979,150,730.00;;;;;
2022-07-08;BOGOTA;46,450.00;46,450.00;46,157.36;46,100.00;-470.00;-1;8,550.00;394,645,440.00;;;;;
2022-07-11;BOGOTA;46,200.00;46,510.00;46,266.47;46,000.00;-250.00;-0,54;11,165.00;516,565,190.00;;;;;
2022-07-12;BOGOTA;45,950.00;46,000.00;45,876.03;45,600.00;-250.00;-0,54;14,049.00;644,512,290.00;;;;;
2022-07-13;BOGOTA;45,450.00;45,950.00;45,731.79;45,400.00;-500.00;-1,09;6,697.00;306,265,810.00;;;;;
2022-07-14;BOGOTA;43,480.00;45,020.00;44,182.73;42,000.00;-1,970.00;-4,33;24,986.00;1,103,949,660.00;;;;;
2022-07-15;BOGOTA;40,600.00;42,540.00;41,933.30;40,010.00;-2,880.00;-6,62;20,277.00;850,281,540.00;;;;;
2022-07-18;BOGOTA;41,400.00;41,990.00;40,500.30;40,000.00;800.00;1,97;27,607.00;1,118,091,750.00;;;;;
2022-07-19;BOGOTA;41,500.00;42,000.00;41,741.89;41,400.00;100.00;0,24;11,749.00;490,425,510.00;;;;;
2022-07-21;BOGOTA;42,000.00;42,560.00;41,778.84;40,810.00;500.00;1,2;8,499.00;355,078,390.00;;;;;
2022-07-22;BOGOTA;42,000.00;42,000.00;41,625.01;42,000.00;0.00;;1,482.00;61,688,270.00;;;;;
2022-07-25;BOGOTA;41,400.00;41,400.00;41,308.27;41,400.00;-600.00;-1,43;706.00;29,163,640.00;;;;;
2022-07-26;BOGOTA;41,400.00;41,400.00;41,339.67;41,400.00;0.00;;600.00;24,803,800.00;;;;;
2022-07-27;BOGOTA;41,400.00;41,400.00;41,297.48;41,400.00;0.00;;1,630.00;67,314,900.00;;;;;
2022-07-28;BOGOTA;42,000.00;42,000.00;41,994.01;41,990.00;600.00;1,45;4,014.00;168,563,960.00;;;;;
2022-07-29;BOGOTA;41,500.00;42,000.00;41,665.61;41,490.00;-500.00;-1,19;4,418.00;184,078,680.00;;;;;
2022-08-01;BOGOTA;41,790.00;41,790.00;40,535.81;40,500.00;290.00;0,7;48,034.00;1,947,097,010.00;;;;;
2022-08-02;BOGOTA;41,790.00;;41,696.00;;;;447.00;18,638,110.00;;;;;
2022-08-03;BOGOTA;40,860.00;41,000.00;40,915.41;40,850.00;-930.00;-2,23;3,403.00;139,235,140.00;;;;;
2022-08-04;BOGOTA;40,550.00;40,550.00;40,585.34;40,550.00;-310.00;-0,76;2,414.00;97,973,010.00;;;;;
2022-08-05;BOGOTA;41,700.00;41,700.00;41,625.58;41,600.00;1,150.00;2,84;774.00;32,218,200.00;;;;;
2022-08-08;BOGOTA;43,470.00;43,470.00;42,171.40;41,700.00;1,770.00;4,24;17,844.00;752,506,410.00;;;;;
2022-08-09;BOGOTA;43,440.00;43,470.00;43,157.21;42,100.00;-30.00;-0,07;4,598.00;198,436,840.00;;;;;
2022-08-10;BOGOTA;42,600.00;42,600.00;42,018.70;41,510.00;-840.00;-1,93;3,968.00;166,730,200.00;;;;;
2022-08-11;BOGOTA;42,000.00;42,980.00;41,957.88;41,030.00;-600.00;-1,41;5,535.00;232,236,880.00;;;;;
2022-08-12;BOGOTA;41,760.00;41,960.00;41,895.43;41,760.00;-240.00;-0,57;2,107.00;88,273,680.00;;;;;
2022-08-16;BOGOTA;42,890.00;42,890.00;42,128.16;41,900.00;1,130.00;2,71;8,183.00;344,734,750.00;;;;;
2022-08-17;BOGOTA;42,600.00;43,470.00;42,833.97;42,060.00;-290.00;-0,68;7,172.00;307,205,230.00;;;;;
2022-08-18;BOGOTA;42,520.00;42,520.00;42,025.52;41,980.00;-80.00;-0,19;10,514.00;441,856,360.00;;;;;
2022-08-19;BOGOTA;42,000.00;42,000.00;41,341.14;41,000.00;-520.00;-1,22;6,636.00;274,339,790.00;;;;;
2022-08-22;BOGOTA;41,000.00;41,050.00;41,012.66;41,000.00;-1,000.00;-2,38;4,373.00;179,348,350.00;;;;;
2022-08-23;BOGOTA;39,530.00;41,000.00;40,411.18;37,000.00;-1,470.00;-3,59;5,559.00;224,645,770.00;;;;;
2022-08-24;BOGOTA;39,400.00;40,000.00;39,958.87;39,400.00;-130.00;-0,33;4,389.00;175,379,470.00;;;;;
2022-08-25;BOGOTA;39,400.00;41,400.00;39,608.52;39,400.00;0.00;0;6,841.00;270,961,870.00;;;;;
2022-08-26;BOGOTA;40,000.00;40,000.00;39,281.52;39,000.00;600.00;1,52;2,789.00;109,556,160.00;;;;;
2022-08-29;BOGOTA;39,900.00;39,900.00;39,838.59;39,900.00;-100.00;-0,25;1,345.00;53,582,910.00;;;;;
2022-08-30;BOGOTA;39,700.00;39,700.00;39,589.61;39,700.00;-200.00;-0,5;766.00;30,325,640.00;;;;;
2022-08-31;BOGOTA;40,000.00;40,000.00;39,737.13;37,250.00;300.00;0,76;17,558.00;697,704,490.00;;;;;
2022-09-01;BOGOTA;36,900.00;37,610.00;37,079.80;36,900.00;-3,100.00;-7,75;3,494.00;129,556,820.00;;;;;
2022-09-02;BOGOTA;39,500.00;39,500.00;38,712.42;39,500.00;2,600.00;7,05;996.00;38,557,570.00;;;;;
2022-09-05;BOGOTA;39,480.00;39,480.00;39,450.23;39,470.00;-20.00;-0,05;1,903.00;75,073,790.00;;;;;
2022-09-06;BOGOTA;38,000.00;38,010.00;38,024.85;38,000.00;-1,480.00;-3,75;1,061.00;40,344,370.00;;;;;
2022-09-07;BOGOTA;37,000.00;38,000.00;37,125.24;37,000.00;-1,000.00;-2,63;9,751.00;362,008,260.00;;;;;
2022-09-08;BOGOTA;36,600.00;36,600.00;36,610.93;36,600.00;-400.00;-1,08;1,117.00;40,894,410.00;;;;;
2022-09-09;BOGOTA;36,600.00;;36,322.28;;;;601.00;21,829,690.00;;;;;
2022-09-12;BOGOTA;37,000.00;37,000.00;37,062.37;36,640.00;400.00;1,09;2,403.00;89,060,880.00;;;;;
2022-09-13;BOGOTA;35,800.00;36,350.00;35,532.24;35,000.00;-1,200.00;-3,24;2,128.00;75,612,600.00;;;;;
2022-09-14;BOGOTA;35,800.00;;35,298.34;;;;622.00;21,955,570.00;;;;;
2022-09-15;BOGOTA;35,300.00;35,300.00;35,291.64;35,300.00;-500.00;-1,4;3,764.00;132,837,730.00;;;;;
2022-09-16;BOGOTA;33,720.00;35,250.00;33,864.10;33,720.00;-1,580.00;-4,48;50,300.00;1,703,364,030.00;;;;;
2022-09-19;BOGOTA;33,720.00;34,880.00;33,747.15;33,000.00;0.00;0;5,743.00;193,809,880.00;;;;;
2022-09-20;BOGOTA;33,700.00;33,900.00;33,413.40;30,400.00;-20.00;-0,06;10,707.00;357,757,250.00;;;;;
2022-09-21;BOGOTA;32,530.00;33,870.00;32,193.78;32,000.00;-1,170.00;-3,47;6,879.00;221,461,000.00;;;;;
2022-09-22;BOGOTA;32,530.00;;32,748.54;;;;1,366.00;44,734,510.00;;;;;
2022-09-23;BOGOTA;31,250.00;33,400.00;31,959.48;31,250.00;-1,280.00;-3,93;7,506.00;239,887,850.00;;;;;
2022-09-26;BOGOTA;28,600.00;30,420.00;29,768.94;28,600.00;-2,650.00;-8,48;4,294.00;127,827,820.00;;;;;
2022-09-27;BOGOTA;28,030.00;30,050.00;29,416.01;28,030.00;-570.00;-1,99;8,150.00;239,740,470.00;;;;;
2022-09-28;BOGOTA;28,800.00;29,800.00;28,529.26;28,500.00;770.00;2,75;70,145.00;2,001,185,110.00;;;;;
2022-09-29;BOGOTA;28,250.00;28,250.00;28,209.33;28,100.00;-550.00;-1,91;1,157.00;32,638,200.00;;;;;
2022-09-30;BOGOTA;28,540.00;28,540.00;28,403.42;28,250.00;290.00;1,03;1,698.00;48,229,000.00;;;;;
2022-10-03;BOGOTA;29,670.00;29,670.00;29,453.44;29,670.00;1,130.00;3,96;755.00;22,237,350.00;;;;;
2022-10-04;BOGOTA;30,510.00;30,510.00;30,950.11;30,510.00;840.00;2,83;963.00;29,804,960.00;;;;;
2022-10-05;BOGOTA;30,700.00;30,700.00;31,047.95;30,520.00;190.00;0,62;2,090.00;64,890,220.00;;;;;
2022-10-06;BOGOTA;30,700.00;;31,302.06;;;;533.00;16,684,000.00;;;;;
2022-10-07;BOGOTA;30,600.00;30,600.00;30,600.05;30,600.00;-100.00;-0,33;584.00;17,870,430.00;;;;;
2022-10-10;BOGOTA;30,600.00;;30,837.90;;;;124.00;3,823,900.00;;;;;
2022-10-11;BOGOTA;30,600.00;;31,641.94;;;;444.00;14,049,020.00;;;;;
2022-10-12;BOGOTA;30,600.00;;29,829.88;;;;520.00;15,511,540.00;;;;;
2022-10-13;BOGOTA;29,250.00;30,390.00;29,957.67;29,250.00;-1,350.00;-4,41;1,630.00;48,831,000.00;;;;;
2022-10-14;BOGOTA;30,000.00;30,000.00;29,973.69;29,980.00;750.00;2,56;916.00;27,455,900.00;;;;;
2022-10-18;BOGOTA;29,220.00;29,230.00;29,267.86;29,200.00;-780.00;-2,6;2,033.00;59,501,560.00;;;;;
2022-10-19;BOGOTA;29,000.00;30,400.00;29,280.72;29,000.00;-220.00;-0,75;6,074.00;177,851,110.00;;;;;
2022-10-20;BOGOTA;28,800.00;29,000.00;28,802.48;28,800.00;-200.00;-0,69;4,874.00;140,383,300.00;;;;;
2022-10-21;BOGOTA;28,500.00;28,500.00;28,404.03;28,500.00;-300.00;-1,04;4,739.00;134,606,680.00;;;;;
2022-10-24;BOGOTA;27,000.00;28,250.00;27,390.12;26,350.00;-1,500.00;-5,26;3,147.00;86,196,700.00;;;;;
2022-10-25;BOGOTA;26,500.00;27,030.00;26,927.54;26,500.00;-500.00;-1,85;5,129.00;138,111,360.00;;;;;
2022-10-26;BOGOTA;26,540.00;27,300.00;27,017.90;26,540.00;40.00;0,15;2,354.00;63,600,130.00;;;;;
2022-10-27;BOGOTA;26,000.00;26,520.00;26,136.47;26,000.00;-540.00;-2,03;10,997.00;287,422,800.00;;;;;
2022-10-28;BOGOTA;26,000.00;26,100.00;26,021.16;25,990.00;0.00;0;7,851.00;204,292,090.00;;;;;
2022-10-31;BOGOTA;26,000.00;26,200.00;26,114.90;25,500.00;0.00;0;3,260.00;85,134,560.00;;;;;
2022-11-01;BOGOTA;27,000.00;27,940.00;26,539.73;25,500.00;1,000.00;3,85;7,876.00;209,026,950.00;;;;;
2022-11-02;BOGOTA;28,000.00;28,080.00;27,666.56;26,700.00;1,000.00;3,7;9,338.00;258,350,350.00;;;;;
2022-11-03;BOGOTA;27,570.00;28,000.00;27,763.57;27,570.00;-430.00;-1,54;3,054.00;84,789,940.00;;;;;
2022-11-04;BOGOTA;27,310.00;27,980.00;27,632.23;27,000.00;-260.00;-0,94;4,532.00;125,229,250.00;;;;;
2022-11-08;BOGOTA;28,400.00;28,400.00;27,689.01;27,350.00;1,090.00;3,99;4,588.00;127,037,200.00;;;;;
2022-11-09;BOGOTA;28,180.00;28,480.00;28,113.05;28,000.00;-220.00;-0,77;6,884.00;193,530,210.00;;;;;
2022-11-10;BOGOTA;29,990.00;29,990.00;28,572.41;28,400.00;1,810.00;6,42;18,329.00;523,703,680.00;;;;;
2022-11-11;BOGOTA;30,000.00;32,450.00;30,657.49;30,000.00;10.00;0,03;10,984.00;336,741,840.00;;;;;
2022-11-15;BOGOTA;30,000.00;30,000.00;29,815.95;28,800.00;0.00;0;6,380.00;190,225,740.00;;;;;
2022-11-16;BOGOTA;30,400.00;30,400.00;30,066.23;29,010.00;400.00;1,33;8,473.00;254,751,190.00;;;;;
2022-11-17;BOGOTA;29,300.00;30,400.00;30,053.62;29,300.00;-1,100.00;-3,62;3,922.00;117,870,290.00;;;;;
2022-11-18;BOGOTA;30,000.00;30,490.00;29,961.95;29,600.00;700.00;2,39;5,303.00;158,888,220.00;;;;;
2022-11-21;BOGOTA;31,000.00;31,000.00;30,415.50;29,990.00;1,000.00;3,33;10,071.00;306,314,460.00;;;;;
2022-11-22;BOGOTA;31,100.00;31,500.00;31,432.65;31,100.00;100.00;0,32;8,125.00;255,390,270.00;;;;;
2022-11-23;BOGOTA;33,500.00;33,500.00;32,030.78;31,500.00;2,400.00;7,72;36,657.00;1,174,152,400.00;;;;;
2022-11-24;BOGOTA;33,900.00;33,900.00;32,599.28;32,000.00;400.00;1,19;13,634.00;444,458,610.00;;;;;
2022-11-25;BOGOTA;33,980.00;33,980.00;33,312.67;32,500.00;80.00;0,24;7,693.00;256,274,370.00;;;;;
2022-11-28;BOGOTA;33,850.00;34,000.00;33,813.75;33,400.00;-130.00;-0,38;6,519.00;220,431,840.00;;;;;
2022-11-29;BOGOTA;33,000.00;33,000.00;32,939.96;32,720.00;-850.00;-2,51;2,605.00;85,808,600.00;;;;;
2022-11-30;BOGOTA;32,000.00;33,000.00;32,036.31;32,000.00;-1,000.00;-3,03;92,272.00;2,956,054,600.00;;;;;
2022-12-01;BOGOTA;34,000.00;34,000.00;32,223.26;32,000.00;2,000.00;6,25;82,904.00;2,671,436,810.00;;;;;
2022-12-02;BOGOTA;33,900.00;35,010.00;34,883.75;33,900.00;-100.00;-0,29;13,882.00;484,256,200.00;;;;;
2022-12-05;BOGOTA;33,900.00;;33,839.15;;;;164.00;5,549,620.00;;;;;
2022-12-06;BOGOTA;33,900.00;;32,535.63;;;;32.00;1,041,140.00;;;;;
2022-12-07;BOGOTA;34,000.00;34,000.00;33,734.81;34,000.00;100.00;0,29;1,188.00;40,076,950.00;;;;;
2022-12-09;BOGOTA;34,000.00;34,000.00;33,803.73;34,000.00;0.00;;563.00;19,031,500.00;;;;;
2022-12-12;BOGOTA;33,500.00;33,500.00;33,230.71;33,500.00;-500.00;-1,47;920.00;30,572,250.00;;;;;
2022-12-13;BOGOTA;33,800.00;33,800.00;33,731.25;33,500.00;300.00;0,9;2,538.00;85,609,920.00;;;;;
2022-12-14;BOGOTA;31,910.00;33,200.00;30,985.30;30,430.00;-1,890.00;-5,59;27,034.00;837,656,700.00;;;;;
2022-12-15;BOGOTA;31,950.00;31,950.00;31,301.75;30,600.00;40.00;0,13;2,274.00;71,180,170.00;;;;;
2022-12-16;BOGOTA;33,990.00;33,990.00;33,228.94;31,870.00;2,040.00;6,38;24,867.00;826,304,130.00;;;;;
2022-12-19;BOGOTA;33,990.00;33,990.00;33,983.78;33,790.00;0.00;0;9,455.00;321,316,600.00;;;;;
2022-12-20;BOGOTA;34,900.00;34,900.00;34,055.31;33,990.00;910.00;2,68;15,944.00;542,977,840.00;;;;;
2022-12-21;BOGOTA;37,000.00;37,000.00;35,289.85;34,980.00;2,100.00;6,02;6,450.00;227,619,530.00;;;;;
2022-12-22;BOGOTA;36,900.00;37,000.00;36,929.08;36,900.00;-100.00;-0,27;4,990.00;184,276,110.00;;;;;
2022-12-23;BOGOTA;36,900.00;36,900.00;36,900.01;36,900.00;0.00;;16,457.00;607,263,400.00;;;;;
2022-12-26;BOGOTA;36,900.00;;36,632.61;;;;552.00;20,221,200.00;;;;;
2022-12-27;BOGOTA;38,000.00;39,000.00;38,268.29;37,100.00;1,100.00;2,98;2,214.00;84,725,990.00;;;;;
2022-12-28;BOGOTA;40,000.00;40,000.00;39,437.50;38,000.00;2,000.00;5,26;7,065.00;278,625,970.00;;;;;
2022-12-29;BOGOTA;37,000.00;40,000.00;38,178.87;37,000.00;-3,000.00;-7,5;9,941.00;379,536,110.00;;;;;
2022-01-03;BOGOTA;70,200.00;0.00;72,627.91;0.00;0.00;0;110.00;7,989,070.00;;;;;
2022-01-04;BOGOTA;70,500.00;71,000.00;70,896.22;70,500.00;300.00;0,43;1,695.00;120,169,100.00;;;;;
2022-01-05;BOGOTA;70,500.00;0.00;71,649.02;0.00;0.00;0;173.00;12,395,280.00;;;;;
2022-01-06;BOGOTA;70,310.00;71,000.00;70,533.65;70,310.00;-190.00;-0,27;2,595.00;183,034,810.00;;;;;
2022-01-07;BOGOTA;72,400.00;72,400.00;72,085.29;72,400.00;2,090.00;2,97;609.00;43,899,940.00;;;;;
2022-01-11;BOGOTA;74,000.00;74,000.00;73,193.63;72,450.00;1,600.00;2,21;8,829.00;646,226,530.00;;;;;
2022-01-12;BOGOTA;71,400.00;74,000.00;72,126.60;71,400.00;-2,600.00;-3,51;4,612.00;332,647,900.00;;;;;
2022-01-13;BOGOTA;71,410.00;72,500.00;71,530.76;71,410.00;10.00;0,01;5,092.00;364,234,620.00;;;;;
2022-01-14;BOGOTA;70,780.00;72,980.00;71,532.80;70,780.00;-630.00;-0,88;26,718.00;1,911,213,220.00;;;;;
2022-01-17;BOGOTA;71,610.00;72,860.00;71,639.91;71,450.00;830.00;1,17;22,529.00;1,613,975,450.00;;;;;
2022-01-18;BOGOTA;76,800.00;76,800.00;74,921.79;72,810.00;5,190.00;7,25;60,730.00;4,550,000,130.00;;;;;
2022-01-19;BOGOTA;75,500.00;76,000.00;75,122.71;74,500.00;-1,300.00;-1,69;46,128.00;3,465,260,520.00;;;;;
2022-01-20;BOGOTA;75,500.00;76,810.00;75,824.25;75,500.00;0.00;0;21,660.00;1,642,353,330.00;;;;;
2022-01-21;BOGOTA;76,000.00;76,800.00;75,995.67;75,000.00;500.00;0,66;28,097.00;2,135,250,300.00;;;;;
2022-01-24;BOGOTA;76,100.00;76,150.00;76,075.58;76,000.00;100.00;0,13;3,319.00;252,494,850.00;;;;;
2022-01-25;BOGOTA;76,780.00;76,780.00;76,198.42;76,000.00;680.00;0,89;1,516.00;115,516,810.00;;;;;
2022-01-26;BOGOTA;75,030.00;76,800.00;76,326.62;75,030.00;-1,750.00;-2,28;47,537.00;3,628,338,510.00;;;;;
2022-01-27;BOGOTA;75,500.00;75,500.00;75,425.38;75,100.00;470.00;0,63;1,968.00;148,437,140.00;;;;;
2022-01-28;BOGOTA;75,500.00;76,000.00;75,660.11;75,100.00;0.00;0;9,494.00;718,317,070.00;;;;;
2022-01-31;BOGOTA;76,800.00;77,000.00;76,891.28;76,490.00;1,300.00;1,72;14,298.00;1,099,391,580.00;;;;;
2022-02-01;BOGOTA;77,600.00;77,600.00;77,334.18;76,800.00;800.00;1,04;9,348.00;722,919,910.00;;;;;
2022-02-02;BOGOTA;75,030.00;76,800.00;75,878.46;75,030.00;-2,570.00;-3,31;6,075.00;460,961,650.00;;;;;
2022-02-03;BOGOTA;75,700.00;77,000.00;76,201.20;75,080.00;670.00;0,89;2,169.00;165,280,410.00;;;;;
2022-02-04;BOGOTA;76,980.00;76,980.00;76,538.22;75,700.00;1,280.00;1,69;5,526.00;422,950,190.00;;;;;
2022-02-07;BOGOTA;76,030.00;77,380.00;76,752.59;76,000.00;-950.00;-1,23;44,357.00;3,404,514,570.00;;;;;
2022-02-08;BOGOTA;76,480.00;76,500.00;76,494.82;76,100.00;450.00;0,59;16,136.00;1,234,320,380.00;;;;;
2022-02-09;BOGOTA;76,260.00;76,260.00;75,638.79;75,250.00;-220.00;-0,29;3,662.00;276,989,260.00;;;;;
2022-02-10;BOGOTA;76,000.00;76,320.00;75,769.50;75,470.00;-260.00;-0,34;5,021.00;380,438,640.00;;;;;
2022-02-11;BOGOTA;76,000.00;76,000.00;75,676.37;75,040.00;0.00;0;5,276.00;399,268,530.00;;;;;
2022-02-14;BOGOTA;75,030.00;75,110.00;75,350.17;75,030.00;-970.00;-1,28;3,532.00;266,136,790.00;;;;;
2022-02-15;BOGOTA;74,970.00;75,000.00;74,540.09;74,130.00;-60.00;-0,08;1,623.00;120,978,560.00;;;;;
2022-02-16;BOGOTA;74,500.00;76,000.00;75,235.68;74,500.00;-470.00;-0,63;15,854.00;1,192,786,420.00;;;;;
2022-02-17;BOGOTA;75,800.00;75,800.00;75,232.63;74,800.00;1,300.00;1,74;2,693.00;202,601,470.00;;;;;
2022-02-18;BOGOTA;75,560.00;75,560.00;75,463.79;75,010.00;-240.00;-0,32;1,519.00;114,629,500.00;;;;;
2022-02-21;BOGOTA;74,970.00;74,970.00;73,507.59;72,500.00;-590.00;-0,78;3,682.00;270,654,940.00;;;;;
2022-02-22;BOGOTA;73,070.00;74,100.00;73,206.93;73,020.00;-1,900.00;-2,53;3,070.00;224,745,280.00;;;;;
2022-02-23;BOGOTA;74,450.00;74,450.00;73,791.89;74,320.00;1,380.00;1,89;1,246.00;91,944,690.00;;;;;
2022-02-24;BOGOTA;73,500.00;75,000.00;72,431.65;71,700.00;-950.00;-1,28;9,905.00;717,435,530.00;;;;;
2022-02-25;BOGOTA;73,700.00;73,700.00;73,635.20;73,700.00;200.00;0,27;392.00;28,865,000.00;;;;;
2022-02-28;BOGOTA;72,190.00;73,000.00;72,507.49;72,080.00;-1,510.00;-2,05;13,052.00;946,367,730.00;;;;;
2022-03-01;BOGOTA;71,900.00;72,190.00;71,974.04;71,700.00;-290.00;-0,4;3,991.00;287,248,410.00;;;;;
2022-03-02;BOGOTA;71,890.00;71,890.00;71,026.14;70,900.00;-10.00;-0,01;12,554.00;891,662,200.00;;;;;
2022-03-03;BOGOTA;72,950.00;72,990.00;72,266.09;72,000.00;1,060.00;1,47;1,855.00;134,053,600.00;;;;;
2022-03-04;BOGOTA;72,440.00;72,440.00;72,384.49;72,440.00;-510.00;-0,7;757.00;54,795,060.00;;;;;
2022-03-07;BOGOTA;72,950.00;72,980.00;72,330.73;72,000.00;510.00;0,7;2,108.00;152,473,170.00;;;;;
2022-03-08;BOGOTA;72,000.00;72,950.00;72,323.24;71,110.00;-950.00;-1,3;11,992.00;867,300,340.00;;;;;
2022-03-09;BOGOTA;72,890.00;73,000.00;72,085.04;71,200.00;890.00;1,24;8,191.00;590,448,550.00;;;;;
2022-03-10;BOGOTA;71,140.00;72,700.00;71,997.52;71,010.00;-1,750.00;-2,4;205,953.00;14,828,104,310.00;;;;;
2022-03-11;BOGOTA;71,300.00;71,300.00;71,044.18;70,120.00;160.00;0,22;7,189.00;510,736,590.00;;;;;
2022-03-14;BOGOTA;71,900.00;72,000.00;71,933.35;71,900.00;600.00;0,84;21,046.00;1,513,909,330.00;;;;;
2022-03-15;BOGOTA;71,490.00;71,500.00;71,499.70;71,490.00;-410.00;-0,57;2,130.00;152,294,370.00;;;;;
2022-03-16;BOGOTA;70,140.00;71,100.00;70,601.86;70,140.00;-1,350.00;-1,89;13,691.00;966,610,060.00;;;;;
2022-03-17;BOGOTA;68,560.00;70,140.00;69,214.63;68,250.00;-1,580.00;-2,25;12,106.00;837,912,280.00;;;;;
2022-03-18;BOGOTA;68,200.00;69,090.00;68,302.58;68,000.00;-360.00;-0,53;25,428.00;1,736,797,930.00;;;;;
2022-03-22;BOGOTA;68,200.00;;;;;;;;;;;;
2022-03-23;BOGOTA;68,200.00;;;;;;;;;;;;
2022-03-24;BOGOTA;68,200.00;;;;;;;;;;;;
2022-03-25;BOGOTA;68,200.00;;;;;;;;;;;;
2022-03-28;BOGOTA;68,200.00;;;;;;;;;;;;
2022-03-29;BOGOTA;68,200.00;;;;;;;;;;;;
2022-03-30;BOGOTA;51,000.00;56,990.00;52,972.31;50,600.00;-12,490.00;-19,67;84,871.00;4,495,813,290.00;;;;;
2022-03-31;BOGOTA;49,650.00;51,000.00;50,198.74;49,550.00;-1,350.00;-2,65;22,929.00;1,151,006,840.00;;;;;
2022-04-01;BOGOTA;50,200.00;50,200.00;50,023.92;49,800.00;550.00;1,11;71,740.00;3,588,716,020.00;;;;;
2022-04-04;BOGOTA;50,790.00;50,790.00;50,503.13;50,000.00;590.00;1,18;30,280.00;1,529,234,730.00;;;;;
2022-04-05;BOGOTA;51,100.00;53,750.00;51,420.73;50,700.00;310.00;0,61;65,719.00;3,379,319,230.00;;;;;
2022-04-06;BOGOTA;53,000.00;53,000.00;51,798.50;50,900.00;1,900.00;3,72;19,184.00;993,702,430.00;;;;;
2022-04-07;BOGOTA;53,000.00;53,000.00;52,782.18;52,120.00;0.00;0;94,708.00;4,998,894,680.00;;;;;
2022-04-08;BOGOTA;53,000.00;53,000.00;52,994.30;52,110.00;0.00;0;143,064.00;7,581,575,890.00;;;;;
2022-04-11;BOGOTA;53,600.00;53,600.00;53,351.41;53,090.00;600.00;1,13;5,139.00;274,172,880.00;;;;;
2022-04-12;BOGOTA;54,800.00;55,000.00;54,855.29;53,990.00;1,200.00;2,24;26,815.00;1,470,944,570.00;;;;;
2022-04-13;BOGOTA;52,100.00;53,010.00;53,004.49;52,100.00;-2,700.00;-4,93;2,584.00;136,963,600.00;;;;;
2022-04-18;BOGOTA;52,390.00;53,150.00;53,071.13;52,390.00;290.00;0,56;10,249.00;543,926,010.00;;;;;
2022-04-19;BOGOTA;52,300.00;52,310.00;52,424.11;52,300.00;-90.00;-0,17;2,394.00;125,503,310.00;;;;;
2022-04-20;BOGOTA;52,500.00;53,990.00;52,818.16;52,300.00;200.00;0,38;8,902.00;470,187,250.00;;;;;
2022-04-21;BOGOTA;52,100.00;52,310.00;52,240.05;52,100.00;-400.00;-0,76;4,250.00;222,020,220.00;;;;;
2022-04-22;BOGOTA;51,880.00;52,000.00;51,910.23;51,420.00;-220.00;-0,42;31,941.00;1,658,064,530.00;;;;;
2022-04-25;BOGOTA;50,500.00;51,400.00;50,670.72;50,500.00;-1,380.00;-2,66;20,220.00;1,024,561,900.00;;;;;
2022-04-26;BOGOTA;51,500.00;51,790.00;51,265.41;50,610.00;1,000.00;1,98;24,875.00;1,275,227,180.00;;;;;
2022-04-27;BOGOTA;50,110.00;51,400.00;50,720.99;50,000.00;-1,390.00;-2,7;16,630.00;843,489,990.00;;;;;
2022-04-28;BOGOTA;50,470.00;50,490.00;50,133.54;50,000.00;360.00;0,72;15,216.00;762,831,870.00;;;;;
2022-04-29;BOGOTA;50,470.00;50,470.00;50,281.63;49,500.00;0.00;0;30,683.00;1,542,791,170.00;;;;;
2022-05-02;BOGOTA;50,400.00;50,400.00;50,076.21;50,000.00;-70.00;-0,14;6,939.00;347,478,790.00;;;;;
2022-05-03;BOGOTA;49,210.00;50,000.00;49,488.23;49,000.00;-1,190.00;-2,36;50,827.00;2,515,338,260.00;;;;;
2022-05-04;BOGOTA;48,990.00;49,500.00;48,989.13;48,560.00;-220.00;-0,45;14,901.00;729,987,100.00;;;;;
2022-05-05;BOGOTA;48,720.00;49,000.00;48,914.23;48,620.00;-270.00;-0,55;6,492.00;317,551,200.00;;;;;
2022-05-06;BOGOTA;48,720.00;49,440.00;48,993.65;48,700.00;0.00;0;80,249.00;3,931,691,180.00;;;;;
2022-05-09;BOGOTA;48,000.00;48,700.00;47,998.28;47,000.00;-720.00;-1,48;30,800.00;1,478,346,970.00;;;;;
2022-05-10;BOGOTA;48,990.00;48,990.00;48,316.11;46,000.00;990.00;2,06;8,441.00;407,836,280.00;;;;;
2022-05-11;BOGOTA;48,950.00;48,950.00;48,762.12;46,310.00;-40.00;-0,08;4,904.00;239,129,420.00;;;;;
2022-05-12;BOGOTA;48,000.00;49,500.00;48,432.31;47,140.00;-950.00;-1,94;8,748.00;423,685,840.00;;;;;
2022-05-13;BOGOTA;48,500.00;49,900.00;48,800.28;48,010.00;500.00;1,04;18,798.00;917,347,660.00;;;;;
2022-05-16;BOGOTA;51,890.00;52,000.00;51,704.29;49,600.00;3,390.00;6,99;33,996.00;1,757,739,180.00;;;;;
2022-05-17;BOGOTA;52,300.00;52,300.00;51,943.86;51,600.00;410.00;0,79;24,917.00;1,294,285,200.00;;;;;
2022-05-18;BOGOTA;53,000.00;53,100.00;52,791.32;52,000.00;700.00;1,34;13,304.00;702,335,710.00;;;;;
2022-05-19;BOGOTA;51,000.00;53,040.00;52,615.33;50,810.00;-2,000.00;-3,77;23,344.00;1,228,252,150.00;;;;;
2022-05-20;BOGOTA;53,000.00;53,000.00;52,068.42;51,500.00;2,000.00;3,92;825.00;42,956,450.00;;;;;
2022-05-23;BOGOTA;52,010.00;52,990.00;52,514.08;52,010.00;-990.00;-1,87;1,925.00;101,089,600.00;;;;;
2022-05-24;BOGOTA;51,570.00;52,500.00;52,132.89;51,300.00;-440.00;-0,85;16,504.00;860,401,220.00;;;;;
2022-05-25;BOGOTA;51,550.00;51,740.00;51,709.40;51,550.00;-20.00;-0,04;19,908.00;1,029,430,670.00;;;;;
2022-05-26;BOGOTA;53,390.00;53,390.00;52,511.50;52,000.00;1,840.00;3,57;25,429.00;1,335,314,940.00;;;;;
2022-05-27;BOGOTA;53,500.00;53,500.00;53,356.66;53,200.00;110.00;0,21;6,002.00;320,246,660.00;;;;;
2022-05-31;BOGOTA;56,920.00;56,920.00;56,722.57;53,800.00;3,420.00;6,39;170,713.00;9,683,280,290.00;;;;;
2022-06-01;BOGOTA;59,000.00;59,500.00;58,048.73;56,930.00;2,080.00;3,65;16,785.00;974,347,930.00;;;;;
2022-06-02;BOGOTA;59,480.00;59,480.00;58,874.59;58,010.00;480.00;0,81;49,013.00;2,885,620,510.00;;;;;
2022-06-03;BOGOTA;61,000.00;61,500.00;60,047.41;59,480.00;1,520.00;2,56;8,482.00;509,322,170.00;;;;;
2022-06-06;BOGOTA;63,000.00;63,600.00;62,495.15;60,000.00;2,000.00;3,28;83,393.00;5,211,658,350.00;;;;;
2022-06-07;BOGOTA;63,020.00;64,190.00;62,668.92;62,000.00;20.00;0,03;23,692.00;1,484,751,940.00;;;;;
2022-06-08;BOGOTA;62,790.00;62,900.00;62,558.51;62,490.00;-230.00;-0,36;11,130.00;696,276,260.00;;;;;
2022-06-09;BOGOTA;62,200.00;62,210.00;62,179.21;61,930.00;-590.00;-0,94;8,534.00;530,637,420.00;;;;;
2022-06-10;BOGOTA;61,790.00;62,100.00;61,906.42;61,200.00;-410.00;-0,66;11,428.00;707,466,620.00;;;;;
2022-06-13;BOGOTA;61,500.00;61,500.00;61,498.77;61,500.00;-290.00;-0,47;16,304.00;1,002,675,890.00;;;;;
2022-06-14;BOGOTA;59,050.00;61,500.00;61,261.59;58,130.00;-2,450.00;-3,98;23,288.00;1,426,659,930.00;;;;;
2022-06-15;BOGOTA;53,510.00;61,500.00;56,276.61;53,510.00;-5,540.00;-9,38;12,253.00;689,557,340.00;;;;;
2022-06-16;BOGOTA;53,510.00;;55,405.25;;;;118.00;6,537,820.00;;;;;
2022-06-17;BOGOTA;55,140.00;61,450.00;58,220.13;55,140.00;1,630.00;3,05;7,938.00;462,151,430.00;;;;;
2022-06-21;BOGOTA;52,660.00;53,500.00;52,687.60;51,120.00;-2,480.00;-4,5;26,739.00;1,408,813,640.00;;;;;
2022-06-22;BOGOTA;52,660.00;53,200.00;52,707.34;52,000.00;0.00;0;12,813.00;675,339,090.00;;;;;
2022-06-23;BOGOTA;50,000.00;52,660.00;51,241.22;50,000.00;-2,660.00;-5,05;31,241.00;1,600,826,860.00;;;;;
2022-06-24;BOGOTA;50,000.00;52,000.00;50,349.55;50,000.00;0.00;0;12,423.00;625,492,520.00;;;;;
2022-06-28;BOGOTA;49,020.00;51,400.00;50,033.38;49,020.00;-980.00;-1,96;6,917.00;346,080,880.00;;;;;
2022-06-29;BOGOTA;47,500.00;49,020.00;48,708.78;47,500.00;-1,520.00;-3,1;64,979.00;3,165,047,510.00;;;;;
2022-06-30;BOGOTA;46,000.00;47,860.00;46,951.98;46,000.00;-1,500.00;-3,16;26,454.00;1,242,067,660.00;;;;;
2021-07-01;BOGOTA;70,500.00;70,500.00;70,024.28;69,490.00;700.00;1;3,954.00;276,875,990.00;;;;;
2021-07-02;BOGOTA;70,370.00;70,370.00;70,310.18;70,360.00;-130.00;-0,18;2,176.00;152,994,950.00;;;;;
2021-07-06;BOGOTA;69,000.00;70,000.00;69,981.49;69,000.00;-370.00;-0,53;9,617.00;673,011,960.00;;;;;
2021-07-07;BOGOTA;71,000.00;71,000.00;70,220.94;69,990.00;2,000.00;2,9;11,432.00;802,765,820.00;;;;;
2021-07-08;BOGOTA;70,980.00;71,000.00;70,761.05;70,500.00;-20.00;-0,03;4,361.00;308,588,960.00;;;;;
2021-07-09;BOGOTA;70,960.00;70,960.00;70,789.51;70,500.00;-20.00;-0,03;1,639.00;116,024,000.00;;;;;
2021-07-12;BOGOTA;71,000.00;71,000.00;71,019.84;71,000.00;40.00;0,06;5,388.00;382,654,900.00;;;;;
2021-07-13;BOGOTA;71,490.00;71,490.00;71,384.82;70,900.00;490.00;0,69;5,909.00;421,812,890.00;;;;;
2021-07-14;BOGOTA;71,290.00;71,500.00;71,053.21;71,000.00;-200.00;-0,28;5,971.00;424,258,740.00;;;;;
2021-07-15;BOGOTA;71,290.00;0.00;71,290.00;0.00;0.00;0;131.00;9,338,990.00;;;;;
2021-07-16;BOGOTA;71,260.00;71,270.00;71,266.69;71,260.00;-30.00;-0,04;1,440.00;102,624,040.00;;;;;
2021-07-19;BOGOTA;69,990.00;70,500.00;70,202.34;69,990.00;-1,270.00;-1,78;2,322.00;163,009,830.00;;;;;
2021-07-21;BOGOTA;69,790.00;70,800.00;70,021.97;69,790.00;-200.00;-0,29;5,597.00;391,912,970.00;;;;;
2021-07-22;BOGOTA;70,480.00;70,480.00;69,949.07;69,900.00;690.00;0,99;1,886.00;131,923,940.00;;;;;
2021-07-23;BOGOTA;70,470.00;70,470.00;69,683.94;69,400.00;-10.00;-0,01;741.00;51,635,800.00;;;;;
2021-07-26;BOGOTA;69,990.00;70,000.00;69,629.68;69,550.00;-480.00;-0,68;3,068.00;213,623,870.00;;;;;
2021-07-27;BOGOTA;68,000.00;69,990.00;68,674.74;67,700.00;-1,990.00;-2,84;9,816.00;674,111,240.00;;;;;
2021-07-28;BOGOTA;68,650.00;68,980.00;68,217.30;68,000.00;650.00;0,96;4,281.00;292,038,280.00;;;;;
2021-07-29;BOGOTA;69,870.00;69,870.00;69,209.78;68,650.00;1,220.00;1,78;230.00;15,918,250.00;;;;;
2021-07-30;BOGOTA;68,290.00;68,360.00;67,618.73;67,500.00;-1,580.00;-2,26;3,412.00;230,715,110.00;;;;;
2021-08-02;BOGOTA;68,000.00;68,290.00;68,172.91;68,000.00;-290.00;-0,42;10,590.00;721,951,140.00;;;;;
2021-08-03;BOGOTA;69,780.00;69,780.00;67,603.65;67,500.00;1,780.00;2,62;7,472.00;505,134,440.00;;;;;
2021-08-04;BOGOTA;68,600.00;69,000.00;69,264.09;68,600.00;-1,180.00;-1,69;5,224.00;361,835,600.00;;;;;
2021-08-05;BOGOTA;69,200.00;69,200.00;68,635.97;68,400.00;600.00;0,87;1,165.00;79,960,910.00;;;;;
2021-08-06;BOGOTA;69,360.00;69,360.00;68,739.87;68,600.00;160.00;0,23;1,622.00;111,496,070.00;;;;;
2021-08-09;BOGOTA;68,120.00;69,000.00;68,413.33;68,120.00;-1,240.00;-1,79;435.00;29,759,800.00;;;;;
2021-08-10;BOGOTA;68,190.00;68,400.00;67,066.54;66,750.00;70.00;0,1;4,424.00;296,702,370.00;;;;;
2021-08-11;BOGOTA;67,570.00;69,690.00;68,304.67;67,570.00;-620.00;-0,91;778.00;53,141,030.00;;;;;
2021-08-12;BOGOTA;68,200.00;68,780.00;68,644.93;68,200.00;630.00;0,93;1,539.00;105,644,540.00;;;;;
2021-08-13;BOGOTA;69,990.00;69,990.00;69,092.59;68,700.00;1,790.00;2,62;4,490.00;310,225,730.00;;;;;
2021-08-17;BOGOTA;70,980.00;70,980.00;70,411.73;70,000.00;990.00;1,41;4,290.00;302,066,330.00;;;;;
2021-08-18;BOGOTA;73,290.00;73,790.00;72,278.81;71,490.00;2,310.00;3,25;4,440.00;320,917,920.00;;;;;
2021-08-19;BOGOTA;72,000.00;73,200.00;72,192.78;71,600.00;-1,290.00;-1,76;7,824.00;564,836,300.00;;;;;
2021-08-20;BOGOTA;72,480.00;72,500.00;72,328.49;71,990.00;480.00;0,67;8,049.00;582,172,050.00;;;;;
2021-08-23;BOGOTA;72,810.00;72,900.00;72,731.53;72,240.00;330.00;0,46;3,800.00;276,379,820.00;;;;;
2021-08-24;BOGOTA;72,800.00;72,800.00;72,739.21;72,670.00;-10.00;-0,01;4,030.00;293,139,030.00;;;;;
2021-08-25;BOGOTA;73,250.00;73,250.00;73,154.90;72,870.00;450.00;0,62;5,027.00;367,749,670.00;;;;;
2021-08-26;BOGOTA;73,270.00;73,270.00;72,989.74;73,270.00;20.00;0,03;1,272.00;92,842,950.00;;;;;
2021-08-27;BOGOTA;72,990.00;72,990.00;72,253.52;71,580.00;-280.00;-0,38;1,331.00;96,169,430.00;;;;;
2021-08-30;BOGOTA;72,000.00;72,000.00;72,060.03;72,000.00;-990.00;-1,36;2,193.00;158,027,640.00;;;;;
2021-08-31;BOGOTA;70,500.00;72,000.00;71,087.74;70,500.00;-1,500.00;-2,08;12,873.00;915,112,540.00;;;;;
2021-09-01;BOGOTA;71,500.00;71,990.00;71,563.66;71,500.00;1,000.00;1,42;1,475.00;105,556,400.00;;;;;
2021-09-02;BOGOTA;71,050.00;71,680.00;71,233.55;71,000.00;-450.00;-0,63;3,266.00;232,648,770.00;;;;;
2021-09-03;BOGOTA;70,110.00;71,500.00;70,547.05;70,110.00;-940.00;-1,32;2,824.00;199,224,860.00;;;;;
2021-09-06;BOGOTA;70,110.00;70,110.00;70,105.83;70,110.00;0.00;0;2,050.00;143,716,960.00;;;;;
2021-09-07;BOGOTA;70,400.00;70,470.00;70,439.18;70,210.00;290.00;0,41;1,092.00;76,919,580.00;;;;;
2021-09-08;BOGOTA;70,510.00;71,690.00;70,801.06;70,410.00;110.00;0,16;1,529.00;108,254,820.00;;;;;
2021-09-09;BOGOTA;71,180.00;71,680.00;71,469.12;71,000.00;670.00;0,95;7,115.00;508,502,760.00;;;;;
2021-09-10;BOGOTA;71,460.00;71,460.00;71,433.29;71,400.00;280.00;0,39;2,232.00;159,439,100.00;;;;;
2021-09-13;BOGOTA;71,480.00;72,500.00;71,439.50;70,510.00;20.00;0,03;8,196.00;585,518,140.00;;;;;
2021-09-14;BOGOTA;72,240.00;72,370.00;71,557.82;71,480.00;760.00;1,06;3,032.00;216,963,310.00;;;;;
2021-09-15;BOGOTA;72,000.00;72,200.00;71,925.21;70,720.00;-240.00;-0,33;12,277.00;883,025,830.00;;;;;
2021-09-16;BOGOTA;74,320.00;74,450.00;72,949.75;72,200.00;2,320.00;3,22;26,827.00;1,957,022,830.00;;;;;
2021-09-17;BOGOTA;73,300.00;73,500.00;73,317.78;73,300.00;-1,020.00;-1,37;36,880.00;2,703,959,700.00;;;;;
2021-09-20;BOGOTA;72,880.00;73,390.00;73,030.18;72,000.00;-420.00;-0,57;39,353.00;2,873,956,840.00;;;;;
2021-09-21;BOGOTA;72,880.00;0.00;73,474.00;0.00;0.00;0;10.00;734,740.00;;;;;
2021-09-22;BOGOTA;73,300.00;73,300.00;73,047.11;72,880.00;420.00;0,58;2,857.00;208,695,600.00;;;;;
2021-09-23;BOGOTA;73,300.00;0.00;72,890.48;0.00;0.00;0;42.00;3,061,400.00;;;;;
2021-09-24;BOGOTA;73,300.00;0.00;71,152.93;0.00;0.00;0;133.00;9,463,340.00;;;;;
2021-09-27;BOGOTA;73,300.00;73,300.00;72,681.36;72,360.00;0.00;0;10,253.00;745,202,010.00;;;;;
2021-09-28;BOGOTA;73,380.00;73,380.00;73,347.64;73,300.00;80.00;0,11;1,482.00;108,701,200.00;;;;;
2021-09-29;BOGOTA;73,000.00;73,380.00;72,985.24;72,010.00;-380.00;-0,52;6,765.00;493,745,130.00;;;;;
2021-09-30;BOGOTA;72,220.00;73,500.00;72,903.76;72,220.00;-780.00;-1,07;3,751.00;273,462,010.00;;;;;
2021-10-01;BOGOTA;72,970.00;72,990.00;72,843.85;72,800.00;750.00;1,04;2,417.00;176,063,590.00;;;;;
2021-10-04;BOGOTA;72,700.00;73,000.00;72,665.90;72,500.00;-270.00;-0,37;23,644.00;1,718,112,540.00;;;;;
2021-10-05;BOGOTA;72,100.00;74,200.00;72,564.86;72,100.00;-600.00;-0,83;68,617.00;4,979,183,290.00;;;;;
2021-10-06;BOGOTA;73,490.00;73,490.00;72,706.50;72,000.00;1,390.00;1,93;10,947.00;795,918,010.00;;;;;
2021-10-07;BOGOTA;74,300.00;74,300.00;73,536.96;73,490.00;810.00;1,1;2,528.00;185,901,430.00;;;;;
2021-10-08;BOGOTA;73,800.00;73,800.00;73,776.61;73,800.00;-500.00;-0,67;1,784.00;131,617,480.00;;;;;
2021-10-11;BOGOTA;73,700.00;74,500.00;73,696.24;73,070.00;-100.00;-0,14;20,709.00;1,526,175,480.00;;;;;
2021-10-12;BOGOTA;73,330.00;73,400.00;72,797.39;72,350.00;-370.00;-0,5;2,726.00;198,445,690.00;;;;;
2021-10-13;BOGOTA;73,330.00;0.00;72,320.00;0.00;0.00;0;1.00;72,320.00;;;;;
2021-10-14;BOGOTA;73,000.00;73,990.00;73,077.74;72,970.00;-330.00;-0,45;10,124.00;739,839,080.00;;;;;
2021-10-15;BOGOTA;73,990.00;73,990.00;73,467.20;72,960.00;990.00;1,36;5,162.00;379,237,670.00;;;;;
2021-10-19;BOGOTA;74,270.00;74,270.00;73,592.57;73,990.00;280.00;0,38;573.00;42,168,540.00;;;;;
2021-10-20;BOGOTA;73,790.00;73,940.00;73,596.07;72,960.00;-480.00;-0,65;9,791.00;720,579,120.00;;;;;
2021-10-21;BOGOTA;73,790.00;0.00;73,088.60;0.00;0.00;0;672.00;49,115,540.00;;;;;
2021-10-22;BOGOTA;73,490.00;73,500.00;73,399.04;73,010.00;-300.00;-0,41;3,033.00;222,619,290.00;;;;;
2021-10-25;BOGOTA;73,700.00;73,980.00;73,582.77;73,110.00;210.00;0,29;20,112.00;1,479,896,570.00;;;;;
2021-10-26;BOGOTA;74,010.00;74,100.00;73,973.25;73,500.00;310.00;0,42;12,413.00;918,229,990.00;;;;;
2021-10-27;BOGOTA;74,010.00;74,010.00;73,952.91;73,990.00;0.00;0;3,720.00;275,104,810.00;;;;;
2021-10-28;BOGOTA;75,990.00;76,000.00;75,048.21;74,010.00;1,980.00;2,68;13,763.00;1,032,888,520.00;;;;;
2021-10-29;BOGOTA;75,900.00;75,900.00;75,885.66;75,850.00;-90.00;-0,12;1,939.00;147,142,300.00;;;;;
2021-11-02;BOGOTA;75,000.00;76,980.00;75,479.16;75,000.00;-900.00;-1,19;16,540.00;1,248,425,230.00;;;;;
2021-11-03;BOGOTA;74,300.00;75,690.00;74,590.26;74,300.00;-700.00;-0,93;1,967.00;146,719,040.00;;;;;
2021-11-04;BOGOTA;73,510.00;73,510.00;73,517.06;73,510.00;-790.00;-1,06;1,370.00;100,718,370.00;;;;;
2021-11-05;BOGOTA;73,000.00;73,680.00;73,488.32;73,000.00;-510.00;-0,69;9,182.00;674,769,710.00;;;;;
2021-11-08;BOGOTA;73,080.00;74,300.00;73,339.13;73,080.00;80.00;0,11;2,578.00;189,068,270.00;;;;;
2021-11-09;BOGOTA;74,460.00;74,460.00;72,919.59;72,500.00;1,380.00;1,89;3,944.00;287,594,870.00;;;;;
2021-11-10;BOGOTA;74,400.00;74,400.00;73,364.73;72,120.00;-60.00;-0,08;3,335.00;244,671,380.00;;;;;
2021-11-11;BOGOTA;73,000.00;74,400.00;73,156.67;73,000.00;-1,400.00;-1,88;546.00;39,943,540.00;;;;;
2021-11-12;BOGOTA;73,080.00;73,980.00;73,643.90;73,080.00;80.00;0,11;516.00;38,000,250.00;;;;;
2021-11-16;BOGOTA;73,500.00;73,580.00;73,155.05;73,000.00;420.00;0,57;1,704.00;124,656,200.00;;;;;
2021-11-17;BOGOTA;72,500.00;73,610.00;73,399.32;72,500.00;-1,000.00;-1,36;8,845.00;649,217,020.00;;;;;
2021-11-18;BOGOTA;72,800.00;74,300.00;73,168.24;72,800.00;300.00;0,41;3,543.00;259,235,090.00;;;;;
2021-11-19;BOGOTA;72,010.00;72,100.00;72,024.46;72,010.00;-790.00;-1,09;1,481.00;106,668,230.00;;;;;
2021-11-22;BOGOTA;72,000.00;72,900.00;72,047.21;72,000.00;-10.00;-0,01;9,739.00;701,667,750.00;;;;;
2021-11-23;BOGOTA;71,100.00;71,500.00;71,024.14;71,000.00;-900.00;-1,25;4,166.00;295,886,570.00;;;;;
2021-11-24;BOGOTA;71,000.00;72,000.00;71,223.59;71,000.00;-100.00;-0,14;3,590.00;255,692,700.00;;;;;
2021-11-25;BOGOTA;71,990.00;72,000.00;71,924.54;71,000.00;990.00;1,39;2,665.00;191,678,900.00;;;;;
2021-11-26;BOGOTA;71,010.00;71,500.00;71,098.69;71,010.00;-980.00;-1,36;1,623.00;115,393,180.00;;;;;
2021-11-29;BOGOTA;71,010.00;71,020.00;71,013.45;71,010.00;0.00;0;6,985.00;496,028,980.00;;;;;
2021-11-30;BOGOTA;70,500.00;71,100.00;70,550.32;70,500.00;-510.00;-0,72;21,455.00;1,513,657,020.00;;;;;
2021-12-01;BOGOTA;70,000.00;72,000.00;70,440.65;68,030.00;-500.00;-0,71;20,823.00;1,466,785,600.00;;;;;
2021-12-02;BOGOTA;70,980.00;71,000.00;70,598.06;69,810.00;980.00;1,4;10,187.00;719,182,400.00;;;;;
2021-12-03;BOGOTA;71,020.00;71,840.00;71,515.72;70,060.00;40.00;0,06;3,932.00;281,199,830.00;;;;;
2021-12-06;BOGOTA;70,500.00;71,820.00;70,885.46;70,500.00;-520.00;-0,73;2,829.00;200,534,970.00;;;;;
2021-12-07;BOGOTA;70,020.00;70,650.00;70,425.94;70,010.00;-480.00;-0,68;3,983.00;280,506,530.00;;;;;
2021-12-09;BOGOTA;69,330.00;70,160.00;69,582.94;69,330.00;-690.00;-0,99;10,470.00;728,533,370.00;;;;;
2021-12-10;BOGOTA;69,320.00;69,360.00;69,338.39;69,320.00;-10.00;-0,01;3,206.00;222,298,870.00;;;;;
2021-12-13;BOGOTA;70,130.00;70,480.00;70,192.02;69,410.00;810.00;1,17;7,662.00;537,811,290.00;;;;;
2021-12-14;BOGOTA;69,500.00;69,500.00;69,476.09;69,500.00;-630.00;-0,9;197.00;13,686,790.00;;;;;
2021-12-15;BOGOTA;70,000.00;70,480.00;70,068.94;69,990.00;500.00;0,72;6,345.00;444,587,410.00;;;;;
2021-12-16;BOGOTA;71,990.00;71,990.00;70,735.74;70,000.00;1,990.00;2,84;8,618.00;609,600,580.00;;;;;
2021-12-17;BOGOTA;71,970.00;71,990.00;71,171.20;70,000.00;-20.00;-0,03;25,424.00;1,809,456,680.00;;;;;
2021-12-20;BOGOTA;71,490.00;71,490.00;71,146.68;70,020.00;-480.00;-0,67;4,308.00;306,499,880.00;;;;;
2021-12-21;BOGOTA;70,010.00;71,490.00;70,355.92;70,010.00;-1,480.00;-2,07;9,429.00;663,385,980.00;;;;;
2021-12-22;BOGOTA;71,500.00;71,500.00;70,544.58;70,000.00;1,490.00;2,13;11,480.00;809,851,820.00;;;;;
2021-12-23;BOGOTA;71,900.00;71,900.00;71,737.40;70,200.00;400.00;0,56;5,917.00;424,470,220.00;;;;;
2021-12-24;BOGOTA;71,900.00;0.00;71,882.50;0.00;0.00;0;4.00;287,530.00;;;;;
2021-12-27;BOGOTA;71,000.00;71,000.00;70,840.98;70,500.00;-900.00;-1,25;4,719.00;334,298,590.00;;;;;
2021-12-28;BOGOTA;70,970.00;71,000.00;70,888.07;70,560.00;-30.00;-0,04;1,031.00;73,085,600.00;;;;;
2021-12-29;BOGOTA;70,330.00;71,910.00;70,657.54;70,330.00;-640.00;-0,9;2,940.00;207,733,180.00;;;;;
2021-12-30;BOGOTA;70,200.00;70,200.00;70,266.54;70,200.00;-130.00;-0,18;921.00;64,715,480.00;;;;;
2021-01-04;BOGOTA;76,780.00;76,780.00;75,056.74;75,000.00;1,180.00;1,56;7,738.00;580,789,040.00;;;;;
2021-01-05;BOGOTA;77,400.00;77,400.00;76,836.12;76,600.00;620.00;0,81;3,313.00;254,558,050.00;;;;;
2021-01-06;BOGOTA;77,400.00;77,500.00;77,392.12;77,000.00;0.00;0;4,472.00;346,097,580.00;;;;;
2021-01-07;BOGOTA;76,050.00;76,990.00;76,731.27;76,050.00;-1,350.00;-1,74;324.00;24,860,930.00;;;;;
2021-01-08;BOGOTA;77,000.00;77,000.00;77,000.00;77,000.00;950.00;1,25;4,174.00;321,398,000.00;;;;;
2021-01-12;BOGOTA;77,300.00;77,820.00;77,431.27;77,300.00;300.00;0,39;4,687.00;362,920,380.00;;;;;
2021-01-13;BOGOTA;77,500.00;77,800.00;77,367.35;77,020.00;200.00;0,26;7,425.00;574,452,580.00;;;;;
2021-01-14;BOGOTA;77,500.00;78,940.00;77,994.89;77,500.00;0.00;0;7,682.00;599,156,750.00;;;;;
2021-01-15;BOGOTA;78,990.00;79,500.00;78,406.16;77,000.00;1,490.00;1,92;1,199.00;94,008,990.00;;;;;
2021-01-18;BOGOTA;77,020.00;78,890.00;77,360.98;77,020.00;-1,970.00;-2,49;1,127.00;87,185,830.00;;;;;
2021-01-19;BOGOTA;78,440.00;78,440.00;77,941.21;77,310.00;1,420.00;1,84;2,012.00;156,817,720.00;;;;;
2021-01-20;BOGOTA;82,000.00;82,000.00;80,248.36;78,790.00;3,560.00;4,54;8,944.00;717,741,310.00;;;;;
2021-01-21;BOGOTA;80,900.00;81,890.00;81,492.73;80,900.00;-1,100.00;-1,34;2,577.00;210,006,770.00;;;;;
2021-01-22;BOGOTA;81,500.00;81,500.00;80,982.30;80,000.00;600.00;0,74;4,849.00;392,683,170.00;;;;;
2021-01-25;BOGOTA;81,860.00;81,880.00;81,618.17;81,500.00;360.00;0,44;3,855.00;314,638,060.00;;;;;
2021-01-26;BOGOTA;81,860.00;0.00;81,447.32;0.00;0.00;0;205.00;16,696,700.00;;;;;
2021-01-27;BOGOTA;81,400.00;81,400.00;80,039.95;78,070.00;-460.00;-0,56;7,829.00;626,632,800.00;;;;;
2021-01-28;BOGOTA;79,630.00;79,630.00;80,955.57;79,630.00;-1,770.00;-2,17;794.00;64,278,720.00;;;;;
2021-01-29;BOGOTA;83,400.00;83,400.00;83,097.08;80,000.00;3,770.00;4,73;54,923.00;4,563,940,710.00;;;;;
2021-02-01;BOGOTA;82,600.00;82,600.00;81,142.77;80,000.00;-800.00;-0,96;1,478.00;119,929,020.00;;;;;
2021-02-02;BOGOTA;82,600.00;82,600.00;82,289.59;81,950.00;0.00;0;6,384.00;525,336,760.00;;;;;
2021-02-03;BOGOTA;80,720.00;80,720.00;78,815.99;78,140.00;-1,880.00;-2,28;4,693.00;369,883,430.00;;;;;
2021-02-04;BOGOTA;80,300.00;81,090.00;80,533.89;80,000.00;-420.00;-0,52;6,888.00;554,717,410.00;;;;;
2021-02-05;BOGOTA;79,790.00;81,380.00;80,398.35;79,790.00;-510.00;-0,64;5,775.00;464,300,480.00;;;;;
2021-02-08;BOGOTA;80,510.00;80,510.00;80,316.87;80,000.00;720.00;0,9;5,587.00;448,730,360.00;;;;;
2021-02-09;BOGOTA;81,000.00;81,000.00;80,856.32;80,720.00;490.00;0,61;6,856.00;554,350,940.00;;;;;
2021-02-10;BOGOTA;80,200.00;81,000.00;80,181.20;80,000.00;-800.00;-0,99;8,303.00;665,744,500.00;;;;;
2021-02-11;BOGOTA;80,500.00;80,500.00;80,260.83;80,000.00;300.00;0,37;2,744.00;220,235,720.00;;;;;
2021-02-12;BOGOTA;80,290.00;80,290.00;79,979.65;79,300.00;-210.00;-0,26;3,157.00;252,495,740.00;;;;;
2021-02-15;BOGOTA;83,240.00;83,240.00;80,659.33;80,400.00;2,950.00;3,67;6,565.00;529,528,500.00;;;;;
2021-02-16;BOGOTA;83,200.00;83,200.00;80,564.61;80,240.00;-40.00;-0,05;2,494.00;200,928,130.00;;;;;
2021-02-17;BOGOTA;83,300.00;83,300.00;80,875.21;80,420.00;100.00;0,12;1,598.00;129,238,580.00;;;;;
2021-02-18;BOGOTA;81,980.00;82,980.00;81,991.50;80,500.00;-1,320.00;-1,58;1,356.00;111,180,480.00;;;;;
2021-02-19;BOGOTA;80,600.00;80,610.00;80,580.50;80,420.00;-1,380.00;-1,68;5,769.00;464,868,910.00;;;;;
2021-02-22;BOGOTA;81,010.00;81,500.00;80,355.39;79,700.00;410.00;0,51;12,083.00;970,934,150.00;;;;;
2021-02-23;BOGOTA;82,930.00;82,930.00;81,047.18;80,500.00;1,920.00;2,37;7,719.00;625,603,200.00;;;;;
2021-02-24;BOGOTA;80,990.00;82,900.00;81,148.05;80,220.00;-1,940.00;-2,34;3,817.00;309,742,110.00;;;;;
2021-02-25;BOGOTA;80,210.00;81,400.00;80,284.94;80,210.00;-780.00;-0,96;10,660.00;855,837,440.00;;;;;
2021-02-26;BOGOTA;79,010.00;80,200.00;79,620.26;79,010.00;-1,200.00;-1,5;4,875.00;388,148,750.00;;;;;
2021-03-01;BOGOTA;79,070.00;80,940.00;79,427.45;78,030.00;60.00;0,08;2,360.00;187,448,790.00;;;;;
2021-03-02;BOGOTA;79,000.00;79,070.00;78,690.52;78,500.00;-70.00;-0,09;8,852.00;696,568,440.00;;;;;
2021-03-03;BOGOTA;79,030.00;79,380.00;79,116.51;79,000.00;30.00;0,04;2,839.00;224,611,760.00;;;;;
2021-03-04;BOGOTA;79,030.00;79,500.00;78,672.61;77,680.00;0.00;0;3,861.00;303,754,940.00;;;;;
2021-03-05;BOGOTA;78,340.00;79,290.00;78,446.74;77,920.00;-690.00;-0,87;3,158.00;247,734,790.00;;;;;
2021-03-08;BOGOTA;79,950.00;80,410.00;79,742.96;79,000.00;1,610.00;2,06;5,654.00;450,866,690.00;;;;;
2021-03-09;BOGOTA;79,500.00;79,500.00;79,500.00;79,500.00;-450.00;-0,56;4,746.00;377,307,000.00;;;;;
2021-03-10;BOGOTA;78,180.00;79,500.00;79,159.86;78,180.00;-1,320.00;-1,66;7,266.00;575,175,560.00;;;;;
2021-03-11;BOGOTA;78,180.00;78,510.00;78,223.75;78,180.00;0.00;0;1,814.00;141,897,890.00;;;;;
2021-03-12;BOGOTA;78,880.00;78,880.00;78,886.25;78,880.00;700.00;0,9;323.00;25,480,260.00;;;;;
2021-03-15;BOGOTA;79,000.00;79,000.00;79,016.62;78,900.00;120.00;0,15;4,233.00;334,477,340.00;;;;;
2021-03-16;BOGOTA;79,220.00;80,390.00;79,740.28;78,650.00;220.00;0,28;3,556.00;283,556,440.00;;;;;
2021-03-17;BOGOTA;79,220.00;79,220.00;79,265.70;79,220.00;0.00;0;7,438.00;589,578,240.00;;;;;
2021-03-18;BOGOTA;79,000.00;79,210.00;79,008.15;79,000.00;-220.00;-0,28;9,199.00;726,795,970.00;;;;;
2021-03-19;BOGOTA;78,400.00;78,410.00;78,400.47;78,400.00;-600.00;-0,76;1,708.00;133,908,010.00;;;;;
2021-03-23;BOGOTA;78,400.00;78,400.00;78,399.91;78,370.00;0.00;0;48,596.00;3,809,921,960.00;;;;;
2021-03-24;BOGOTA;78,400.00;78,700.00;78,475.84;78,400.00;0.00;0;3,024.00;237,310,950.00;;;;;
2021-03-25;BOGOTA;78,400.00;0.00;77,835.05;0.00;0.00;0;95.00;7,394,330.00;;;;;
2021-03-26;BOGOTA;78,920.00;78,930.00;78,524.95;78,400.00;520.00;0,66;1,287.00;101,061,610.00;;;;;
2021-03-29;BOGOTA;78,970.00;78,970.00;78,684.23;78,010.00;50.00;0,06;1,129.00;88,834,500.00;;;;;
2021-03-30;BOGOTA;78,930.00;78,930.00;78,924.56;78,930.00;-40.00;-0,05;158.00;12,470,080.00;;;;;
2021-03-31;BOGOTA;78,000.00;78,000.00;78,038.63;78,000.00;-930.00;-1,18;981.00;76,555,900.00;;;;;
2021-04-05;BOGOTA;78,800.00;78,800.00;78,681.97;78,480.00;800.00;1,03;802.00;63,102,940.00;;;;;
2021-04-06;BOGOTA;78,950.00;78,950.00;78,950.00;78,950.00;150.00;0,19;149.00;11,763,550.00;;;;;
2021-04-07;BOGOTA;78,930.00;78,930.00;78,521.39;78,030.00;-20.00;-0,03;330.00;25,912,060.00;;;;;
2021-04-08;BOGOTA;77,230.00;78,500.00;78,118.55;77,230.00;-1,700.00;-2,15;13,663.00;1,067,333,810.00;;;;;
2021-04-09;BOGOTA;77,000.00;78,580.00;77,090.62;77,000.00;-230.00;-0,3;6,624.00;510,648,270.00;;;;;
2021-04-12;BOGOTA;77,000.00;77,000.00;77,000.33;77,000.00;0.00;0;5,454.00;419,959,800.00;;;;;
2021-04-13;BOGOTA;76,990.00;77,700.00;77,038.57;76,990.00;-10.00;-0,01;7,403.00;570,316,540.00;;;;;
2021-04-14;BOGOTA;77,460.00;77,460.00;76,909.66;76,680.00;470.00;0,61;7,310.00;562,209,610.00;;;;;
2021-04-15;BOGOTA;78,380.00;78,380.00;77,643.98;77,240.00;920.00;1,19;3,337.00;259,097,960.00;;;;;
2021-04-16;BOGOTA;76,960.00;77,980.00;77,087.55;76,960.00;-1,420.00;-1,81;3,042.00;234,500,320.00;;;;;
2021-04-19;BOGOTA;76,660.00;76,810.00;76,755.44;76,660.00;-300.00;-0,39;8,046.00;617,574,300.00;;;;;
2021-04-20;BOGOTA;76,670.00;78,470.00;76,897.04;76,660.00;10.00;0,01;4,880.00;375,257,560.00;;;;;
2021-04-21;BOGOTA;76,560.00;76,670.00;76,569.90;76,560.00;-110.00;-0,14;2,890.00;221,287,000.00;;;;;
2021-04-22;BOGOTA;76,040.00;77,000.00;76,535.46;76,040.00;-520.00;-0,68;2,758.00;211,084,800.00;;;;;
2021-04-23;BOGOTA;75,550.00;76,010.00;75,814.85;75,550.00;-490.00;-0,64;3,385.00;256,633,260.00;;;;;
2021-04-26;BOGOTA;76,700.00;76,700.00;76,365.94;75,620.00;1,150.00;1,52;5,291.00;404,052,190.00;;;;;
2021-04-27;BOGOTA;78,500.00;78,500.00;77,028.81;76,620.00;1,800.00;2,35;12,543.00;966,172,420.00;;;;;
2021-04-28;BOGOTA;77,670.00;78,180.00;77,730.63;77,510.00;-830.00;-1,06;3,538.00;275,010,960.00;;;;;
2021-04-29;BOGOTA;78,920.00;78,920.00;78,565.60;78,270.00;1,250.00;1,61;1,118.00;87,836,340.00;;;;;
2021-04-30;BOGOTA;78,500.00;78,890.00;78,520.73;78,500.00;-420.00;-0,53;1,342.00;105,374,820.00;;;;;
2021-05-03;BOGOTA;77,900.00;77,900.00;77,379.74;77,000.00;-600.00;-0,76;2,270.00;175,652,010.00;;;;;
2021-05-04;BOGOTA;77,010.00;77,130.00;77,071.36;77,000.00;-890.00;-1,14;1,697.00;130,790,100.00;;;;;
2021-05-05;BOGOTA;76,110.00;77,200.00;76,188.57;76,110.00;-900.00;-1,17;2,589.00;197,252,220.00;;;;;
2021-05-06;BOGOTA;76,000.00;76,130.00;76,096.00;76,000.00;-110.00;-0,14;535.00;40,711,360.00;;;;;
2021-05-07;BOGOTA;75,000.00;75,660.00;75,331.38;75,000.00;-1,000.00;-1,32;4,724.00;355,865,450.00;;;;;
2021-05-10;BOGOTA;75,000.00;76,000.00;75,271.58;74,910.00;0.00;0;4,584.00;345,044,940.00;;;;;
2021-05-11;BOGOTA;74,500.00;74,990.00;74,533.99;74,500.00;-500.00;-0,67;6,556.00;488,644,860.00;;;;;
2021-05-12;BOGOTA;74,980.00;75,000.00;74,591.50;74,280.00;480.00;0,64;8,417.00;627,836,620.00;;;;;
2021-05-13;BOGOTA;74,650.00;75,000.00;74,857.12;74,650.00;-330.00;-0,44;2,746.00;205,557,660.00;;;;;
2021-05-14;BOGOTA;74,500.00;74,660.00;74,584.29;74,500.00;-150.00;-0,2;9,991.00;745,171,610.00;;;;;
2021-05-18;BOGOTA;74,300.00;74,300.00;74,193.52;74,020.00;-200.00;-0,27;3,286.00;243,799,920.00;;;;;
2021-05-19;BOGOTA;73,660.00;74,300.00;73,701.97;73,660.00;-640.00;-0,86;1,312.00;96,696,980.00;;;;;
2021-05-20;BOGOTA;72,500.00;73,020.00;72,592.76;72,500.00;-1,160.00;-1,57;3,393.00;246,307,220.00;;;;;
2021-05-21;BOGOTA;70,400.00;71,300.00;70,433.14;70,000.00;-2,100.00;-2,9;36,765.00;2,589,474,400.00;;;;;
2021-05-24;BOGOTA;68,500.00;70,000.00;68,819.30;68,500.00;-1,900.00;-2,7;8,630.00;593,910,590.00;;;;;
2021-05-25;BOGOTA;68,480.00;68,500.00;68,009.35;67,990.00;-20.00;-0,03;27,825.00;1,892,360,150.00;;;;;
2021-05-26;BOGOTA;67,000.00;68,000.00;67,264.57;66,500.00;-1,480.00;-2,16;14,197.00;954,955,060.00;;;;;
2021-05-27;BOGOTA;67,500.00;70,000.00;67,526.50;67,500.00;500.00;0,75;1,477,736.00;99,786,342,290.00;;;;;
2021-05-28;BOGOTA;69,760.00;69,990.00;69,407.64;67,900.00;2,260.00;3,35;16,112.00;1,118,295,820.00;;;;;
2021-05-31;BOGOTA;70,000.00;72,000.00;70,086.06;70,000.00;240.00;0,34;3,631.00;254,482,480.00;;;;;
2021-06-01;BOGOTA;71,340.00;71,790.00;70,863.00;70,000.00;1,340.00;1,91;7,979.00;565,415,870.00;;;;;
2021-06-02;BOGOTA;71,860.00;71,900.00;71,281.80;70,180.00;520.00;0,73;14,929.00;1,064,165,920.00;;;;;
2021-06-03;BOGOTA;71,400.00;71,480.00;70,922.08;70,000.00;-460.00;-0,64;9,653.00;684,610,810.00;;;;;
2021-06-04;BOGOTA;71,190.00;72,000.00;70,639.36;70,000.00;-210.00;-0,29;6,579.00;464,736,350.00;;;;;
2021-06-08;BOGOTA;71,880.00;73,000.00;71,260.92;69,520.00;690.00;0,97;3,592.00;255,969,220.00;;;;;
2021-06-09;BOGOTA;72,000.00;72,000.00;71,881.35;71,800.00;120.00;0,17;160,682.00;11,550,038,620.00;;;;;
2021-06-10;BOGOTA;72,900.00;72,990.00;72,466.84;72,400.00;900.00;1,25;967.00;70,075,430.00;;;;;
2021-06-11;BOGOTA;70,520.00;72,900.00;71,697.71;70,310.00;-2,380.00;-3,26;2,555.00;183,187,660.00;;;;;
2021-06-15;BOGOTA;72,000.00;72,990.00;71,316.33;70,500.00;1,480.00;2,1;1,617.00;115,318,500.00;;;;;
2021-06-16;BOGOTA;71,990.00;72,000.00;70,878.34;70,020.00;-10.00;-0,01;994.00;70,453,070.00;;;;;
2021-06-17;BOGOTA;70,370.00;70,500.00;70,427.19;70,020.00;-1,620.00;-2,25;2,961.00;208,534,920.00;;;;;
2021-06-18;BOGOTA;70,200.00;71,000.00;70,260.50;70,200.00;-170.00;-0,24;8,524.00;598,900,500.00;;;;;
2021-06-21;BOGOTA;70,980.00;71,380.00;70,302.26;70,000.00;780.00;1,11;29,896.00;2,101,756,340.00;;;;;
2021-06-22;BOGOTA;70,000.00;70,890.00;70,029.89;70,000.00;-980.00;-1,38;3,745.00;262,261,950.00;;;;;
2021-06-23;BOGOTA;69,500.00;69,980.00;69,597.57;69,500.00;-500.00;-0,71;3,788.00;263,635,600.00;;;;;
2021-06-24;BOGOTA;70,000.00;70,450.00;69,639.36;69,500.00;500.00;0,72;8,859.00;616,935,090.00;;;;;
2021-06-25;BOGOTA;70,490.00;70,750.00;70,041.02;70,000.00;490.00;0,7;4,723.00;330,803,760.00;;;;;
2021-06-28;BOGOTA;70,000.00;70,500.00;70,085.43;69,700.00;-490.00;-0,7;2,183.00;152,996,490.00;;;;;
2021-06-29;BOGOTA;69,940.00;70,750.00;69,595.25;69,500.00;-60.00;-0,09;5,680.00;395,301,010.00;;;;;
2021-06-30;BOGOTA;69,800.00;69,800.00;69,164.21;68,020.00;-140.00;-0,2;986.00;68,195,910.00;;;;;
