fecha;Nemotecnico;Precio cierre;Precio maximo;Precio promedio ponderado;Precio minimo;Variacion absoluta;Variacion porcentual;Cantidad;Volumen
2025-01-02;PFDAVVNDA;17,560.00;;17,951.61;;;;1,139.00;20,446,880.00
2025-01-03;PFDAVVNDA;18,100.00;18,100.00;18,079.26;18,000.00;540.00;3,08;23,159.00;418,697,620.00
2025-01-07;PFDAVVNDA;19,200.00;19,300.00;19,120.39;18,400.00;1,100.00;6,08;350,804.00;6,707,510,780.00
2025-01-08;PFDAVVNDA;19,540.00;19,980.00;19,688.97;19,260.00;340.00;1,77;260,833.00;5,135,532,100.00
2025-01-09;PFDAVVNDA;19,100.00;19,600.00;19,324.59;19,040.00;-440.00;-2,25;114,601.00;2,214,617,860.00
2025-01-10;PFDAVVNDA;19,000.00;19,120.00;19,018.17;19,000.00;-100.00;-0,52;77,872.00;1,480,982,660.00
2025-01-13;PFDAVVNDA;19,000.00;19,020.00;18,999.62;18,940.00;0.00;0;248,067.00;4,713,179,400.00
2025-01-14;PFDAVVNDA;18,880.00;19,000.00;18,936.28;18,740.00;-120.00;-0,63;63,423.00;1,200,995,460.00
2025-01-15;PFDAVVNDA;18,640.00;19,000.00;18,927.89;18,640.00;-240.00;-1,27;48,342.00;915,012,060.00
2025-01-16;PFDAVVNDA;18,600.00;18,860.00;18,706.54;18,600.00;-40.00;-0,21;77,682.00;1,453,161,780.00
2025-01-17;PFDAVVNDA;18,660.00;19,040.00;18,765.12;18,660.00;60.00;0,32;19,275.00;361,697,600.00
2025-01-20;PFDAVVNDA;18,840.00;18,980.00;18,908.23;18,840.00;180.00;0,96;8,884.00;167,980,740.00
2025-01-21;PFDAVVNDA;19,000.00;19,000.00;18,972.57;18,900.00;160.00;0,85;54,088.00;1,026,188,260.00
2025-01-22;PFDAVVNDA;19,000.00;19,000.00;18,945.01;18,620.00;0.00;0;80,943.00;1,533,465,760.00
2025-01-23;PFDAVVNDA;18,720.00;18,920.00;18,823.93;18,720.00;-280.00;-1,47;42,754.00;804,798,500.00
2025-01-24;PFDAVVNDA;18,700.00;18,980.00;18,793.76;18,700.00;-20.00;-0,11;471,861.00;8,868,041,960.00
2025-01-27;PFDAVVNDA;18,800.00;18,800.00;18,743.68;18,660.00;100.00;0,53;30,572.00;573,031,800.00
2025-01-28;PFDAVVNDA;19,340.00;19,500.00;19,233.87;19,000.00;540.00;2,87;407,931.00;7,846,093,500.00
2025-01-29;PFDAVVNDA;19,500.00;19,780.00;19,466.58;19,400.00;160.00;0,83;650,316.00;12,659,430,860.00
2025-01-30;PFDAVVNDA;19,600.00;19,800.00;19,686.08;19,580.00;100.00;0,51;980,745.00;19,307,020,980.00
2025-01-31;PFDAVVNDA;19,460.00;19,920.00;19,663.36;19,460.00;-140.00;-0,71;143,753.00;2,826,667,180.00
2025-02-03;PFDAVVNDA;19,140.00;19,500.00;19,305.27;19,140.00;-320.00;-1,64;85,655.00;1,653,593,120.00
2025-02-04;PFDAVVNDA;19,120.00;19,380.00;19,135.36;19,000.00;-20.00;-0,1;39,057.00;747,369,620.00
2025-02-05;PFDAVVNDA;19,080.00;19,200.00;19,095.43;19,000.00;-40.00;-0,21;118,049.00;2,254,196,100.00
2025-02-06;PFDAVVNDA;19,020.00;19,320.00;19,129.73;18,980.00;-60.00;-0,31;182,166.00;3,484,786,740.00
2025-02-07;PFDAVVNDA;19,100.00;19,280.00;19,153.38;19,040.00;80.00;0,42;39,730.00;760,963,880.00
2025-02-10;PFDAVVNDA;19,100.00;19,300.00;19,235.86;19,100.00;0.00;0;31,671.00;609,219,060.00
2025-02-11;PFDAVVNDA;18,880.00;19,200.00;19,051.30;18,880.00;-220.00;-1,15;70,071.00;1,334,943,780.00
2025-02-12;PFDAVVNDA;18,900.00;19,100.00;18,996.59;18,900.00;20.00;0,11;128,634.00;2,443,607,600.00
2025-02-13;PFDAVVNDA;18,860.00;18,960.00;18,924.00;18,840.00;-40.00;-0,21;196,982.00;3,727,687,140.00
2025-02-14;PFDAVVNDA;;19,000.00;18,895.89;18,860.00;60.00;0,32;50,770.00;959,344,520.00
2025-02-17;PFDAVVNDA;19,720.00;19,940.00;19,202.90;18,960.00;880.00;4,67;744,553.00;14,297,576,880.00
2025-02-18;PFDAVVNDA;20,500.00;20,500.00;20,097.90;19,820.00;780.00;3,96;1,116,257.00;22,434,417,880.00
2025-02-19;PFDAVVNDA;20,700.00;20,860.00;20,647.69;20,500.00;200.00;0,98;477,550.00;9,860,304,240.00
2025-02-20;PFDAVVNDA;21,280.00;21,500.00;21,183.11;20,900.00;580.00;2,8;674,122.00;14,280,000,140.00
2025-02-21;PFDAVVNDA;21,200.00;21,500.00;21,210.65;21,000.00;-80.00;-0,38;173,164.00;3,672,920,580.00
2025-02-24;PFDAVVNDA;20,740.00;21,200.00;21,035.87;20,740.00;-460.00;-2,17;129,459.00;2,723,282,080.00
2025-02-25;PFDAVVNDA;20,740.00;21,000.00;20,933.31;20,740.00;0.00;0;90,276.00;1,889,775,780.00
2025-02-26;PFDAVVNDA;21,000.00;21,000.00;20,834.07;20,700.00;260.00;1,25;158,270.00;3,297,408,920.00
2025-02-27;PFDAVVNDA;20,600.00;21,000.00;20,879.42;20,600.00;-400.00;-1,9;178,147.00;3,719,606,780.00
2025-02-28;PFDAVVNDA;20,200.00;20,520.00;20,201.77;20,080.00;-400.00;-1,94;120,768.00;2,439,727,200.00
2025-03-03;PFDAVVNDA;19,800.00;20,380.00;20,068.60;19,800.00;-400.00;-1,98;90,237.00;1,810,930,700.00
2025-03-04;PFDAVVNDA;19,820.00;19,820.00;19,714.85;19,560.00;20.00;0,1;82,942.00;1,635,189,040.00
2025-03-05;PFDAVVNDA;20,000.00;20,280.00;20,047.16;19,980.00;180.00;0,91;65,655.00;1,316,196,360.00
2025-03-06;PFDAVVNDA;20,200.00;20,320.00;20,095.89;19,980.00;200.00;1;81,946.00;1,646,777,420.00
2025-03-07;PFDAVVNDA;20,580.00;20,780.00;20,490.98;20,300.00;380.00;1,88;25,854.00;529,773,680.00
2025-03-10;PFDAVVNDA;20,400.00;20,480.00;20,355.34;20,220.00;-180.00;-0,87;110,460.00;2,248,450,560.00
2025-03-11;PFDAVVNDA;20,060.00;20,400.00;20,365.17;20,060.00;-340.00;-1,67;169,335.00;3,448,536,500.00
2025-03-12;PFDAVVNDA;20,500.00;20,500.00;20,207.70;20,060.00;440.00;2,19;45,285.00;915,105,840.00
2025-03-13;PFDAVVNDA;20,560.00;20,700.00;20,592.19;20,320.00;60.00;0,29;24,020.00;494,624,520.00
2025-03-14;PFDAVVNDA;20,600.00;20,780.00;20,584.91;20,320.00;40.00;0,19;62,610.00;1,288,821,080.00
2025-03-17;PFDAVVNDA;20,700.00;20,700.00;20,640.95;20,500.00;100.00;0,49;56,706.00;1,170,465,800.00
2025-03-18;PFDAVVNDA;20,300.00;20,860.00;20,492.28;20,300.00;-400.00;-1,93;22,948.00;470,256,840.00
2025-03-19;PFDAVVNDA;20,640.00;20,640.00;20,453.33;20,360.00;340.00;1,67;19,164.00;391,967,700.00
2025-03-20;PFDAVVNDA;20,320.00;20,640.00;20,449.78;20,320.00;-320.00;-1,55;22,875.00;467,788,660.00
2025-03-21;PFDAVVNDA;20,040.00;20,400.00;20,111.32;20,020.00;-280.00;-1,38;63,874.00;1,284,590,500.00
2025-03-25;PFDAVVNDA;20,080.00;20,260.00;20,174.49;20,080.00;40.00;0,2;130,954.00;2,641,929,880.00
2025-03-26;PFDAVVNDA;20,180.00;20,200.00;20,032.60;19,900.00;100.00;0,5;131,714.00;2,638,573,580.00
2025-03-27;PFDAVVNDA;20,480.00;20,480.00;20,253.98;20,100.00;300.00;1,49;44,042.00;892,025,640.00
2025-03-28;PFDAVVNDA;20,200.00;20,560.00;20,210.92;19,940.00;-280.00;-1,37;66,681.00;1,347,684,040.00
2025-03-31;PFDAVVNDA;20,500.00;20,500.00;20,348.56;20,020.00;300.00;1,49;31,003.00;630,866,560.00
2025-04-01;PFDAVVNDA;20,780.00;20,920.00;20,751.24;20,380.00;280.00;1,37;82,273.00;1,707,266,900.00
2025-04-02;PFDAVVNDA;20,700.00;20,960.00;20,788.10;20,700.00;-80.00;-0,38;90,628.00;1,883,983,680.00
2025-04-03;PFDAVVNDA;21,380.00;21,400.00;20,889.24;20,200.00;680.00;3,29;96,371.00;2,013,117,020.00
2025-04-04;PFDAVVNDA;21,180.00;21,180.00;20,914.83;20,500.00;-200.00;-0,94;74,904.00;1,566,604,780.00
2025-04-07;PFDAVVNDA;21,500.00;21,500.00;21,020.64;20,420.00;320.00;1,51;258,848.00;5,441,150,640.00
2025-04-08;PFDAVVNDA;21,000.00;21,120.00;21,017.03;20,980.00;-500.00;-2,33;89,757.00;1,886,425,900.00
2025-04-09;PFDAVVNDA;21,300.00;21,300.00;20,908.87;20,480.00;300.00;1,43;54,038.00;1,129,873,260.00
2025-04-10;PFDAVVNDA;20,000.00;21,300.00;20,548.56;20,000.00;-1,300.00;-6,1;55,334.00;1,137,034,040.00
2025-04-11;PFDAVVNDA;20,320.00;20,800.00;20,469.53;20,320.00;320.00;1,6;28,449.00;582,337,780.00
2025-04-14;PFDAVVNDA;20,580.00;20,600.00;20,442.49;20,260.00;260.00;1,28;16,074.00;328,592,520.00
2025-04-15;PFDAVVNDA;20,660.00;20,700.00;20,646.21;20,580.00;80.00;0,39;9,809.00;202,518,700.00
2025-04-16;PFDAVVNDA;20,740.00;20,740.00;20,749.32;20,640.00;80.00;0,39;9,926.00;205,957,760.00
2025-04-21;PFDAVVNDA;20,680.00;20,880.00;20,682.31;20,440.00;-60.00;-0,29;56,769.00;1,174,114,200.00
2025-04-22;PFDAVVNDA;20,740.00;20,840.00;20,691.97;20,580.00;60.00;0,29;78,279.00;1,619,746,340.00
2025-04-23;PFDAVVNDA;21,240.00;21,260.00;21,062.24;20,920.00;500.00;2,41;67,044.00;1,412,097,120.00
2025-04-24;PFDAVVNDA;21,320.00;21,800.00;21,277.03;20,940.00;80.00;0,38;96,623.00;2,055,850,040.00
2025-04-25;PFDAVVNDA;21,400.00;21,400.00;21,292.63;21,300.00;80.00;0,38;12,974.00;276,250,600.00
2025-04-28;PFDAVVNDA;21,680.00;21,680.00;21,398.73;21,300.00;280.00;1,31;28,549.00;610,912,220.00
2025-04-29;PFDAVVNDA;21,900.00;22,000.00;21,864.65;21,640.00;220.00;1,01;138,585.00;3,030,113,100.00
2025-04-30;PFDAVVNDA;21,900.00;21,900.00;21,861.35;21,700.00;0.00;0;44,822.00;979,869,460.00
2025-05-02;PFDAVVNDA;21,900.00;21,900.00;21,767.91;21,620.00;0.00;0;26,720.00;581,638,640.00
2025-05-05;PFDAVVNDA;21,740.00;21,820.00;21,780.11;21,740.00;-160.00;-0,73;8,363.00;182,147,020.00
2025-05-06;PFDAVVNDA;21,900.00;22,160.00;21,962.17;21,800.00;160.00;0,74;98,763.00;2,169,049,760.00
2025-05-07;PFDAVVNDA;22,600.00;22,600.00;22,165.51;22,000.00;700.00;3,2;142,815.00;3,165,567,080.00
2025-05-08;PFDAVVNDA;23,700.00;23,700.00;23,127.51;22,700.00;1,100.00;4,87;162,935.00;3,768,280,620.00
2025-05-09;PFDAVVNDA;23,220.00;23,800.00;23,473.63;23,220.00;-480.00;-2,03;108,091.00;2,537,287,820.00
2025-05-12;PFDAVVNDA;23,260.00;23,500.00;23,234.82;22,920.00;40.00;0,17;53,840.00;1,250,962,660.00
2025-05-13;PFDAVVNDA;24,280.00;24,420.00;24,115.81;23,260.00;1,020.00;4,39;111,959.00;2,699,982,460.00
2025-05-14;PFDAVVNDA;24,180.00;24,400.00;24,229.71;23,400.00;-100.00;-0,41;177,788.00;4,307,751,060.00
2025-05-15;PFDAVVNDA;23,560.00;24,200.00;23,856.30;23,560.00;-620.00;-2,56;25,021.00;596,908,560.00
2025-05-16;PFDAVVNDA;23,680.00;24,000.00;23,870.26;23,680.00;120.00;0,51;18,776.00;448,188,040.00
2025-05-19;PFDAVVNDA;23,720.00;23,720.00;23,482.83;23,200.00;40.00;0,17;36,266.00;851,628,260.00
2025-05-20;PFDAVVNDA;23,720.00;24,020.00;23,959.08;23,400.00;0.00;0;111,227.00;2,664,896,400.00
2025-05-21;PFDAVVNDA;23,520.00;23,700.00;23,600.30;23,520.00;-200.00;-0,84;24,884.00;587,269,780.00
2025-05-22;PFDAVVNDA;23,640.00;23,640.00;23,417.94;23,140.00;120.00;0,51;24,705.00;578,540,120.00
2025-05-23;PFDAVVNDA;23,400.00;23,820.00;23,664.83;23,400.00;-240.00;-1,02;41,019.00;970,707,620.00
2025-05-26;PFDAVVNDA;23,100.00;23,400.00;23,339.67;23,100.00;-300.00;-1,28;33,502.00;781,925,600.00
2025-05-27;PFDAVVNDA;23,100.00;23,500.00;23,249.43;23,100.00;0.00;0;19,664.00;457,176,800.00
2025-05-28;PFDAVVNDA;23,000.00;23,040.00;23,017.40;22,980.00;-100.00;-0,43;87,268.00;2,008,682,520.00
2025-05-29;PFDAVVNDA;22,800.00;23,380.00;22,880.75;22,500.00;-200.00;-0,87;46,207.00;1,057,251,000.00
2025-05-30;PFDAVVNDA;22,720.00;22,900.00;22,780.62;22,560.00;-80.00;-0,35;39,001.00;888,466,900.00
2025-06-03;PFDAVVNDA;23,800.00;23,800.00;23,380.28;23,000.00;1,080.00;4,75;30,768.00;719,364,360.00
2025-06-04;PFDAVVNDA;23,700.00;23,700.00;23,622.52;23,420.00;-100.00;-0,42;21,168.00;500,041,460.00
2025-06-05;PFDAVVNDA;23,400.00;23,580.00;23,462.84;23,400.00;-300.00;-1,27;41,920.00;983,562,080.00
2025-06-06;PFDAVVNDA;23,280.00;23,440.00;23,328.46;23,060.00;-120.00;-0,51;45,179.00;1,053,956,560.00
2025-06-09;PFDAVVNDA;23,300.00;23,380.00;23,285.00;23,160.00;20.00;0,09;78,483.00;1,827,476,380.00
2025-06-10;PFDAVVNDA;22,920.00;23,380.00;23,135.04;22,920.00;-380.00;-1,63;11,451.00;264,919,320.00
2025-06-11;PFDAVVNDA;23,020.00;23,300.00;23,139.48;22,900.00;100.00;0,44;19,607.00;453,695,700.00
2025-06-12;PFDAVVNDA;23,020.00;23,020.00;22,967.37;23,020.00;0.00;;4,881.00;112,103,740.00
2025-06-13;PFDAVVNDA;22,500.00;22,860.00;22,572.46;22,140.00;-520.00;-2,26;144,169.00;3,254,249,140.00
2025-06-16;PFDAVVNDA;22,000.00;22,560.00;22,125.60;22,000.00;-500.00;-2,22;217,422.00;4,810,591,760.00
2025-06-17;PFDAVVNDA;21,900.00;22,360.00;22,016.62;21,900.00;-100.00;-0,45;361,610.00;7,961,431,660.00
2025-06-18;PFDAVVNDA;22,000.00;22,200.00;22,036.37;22,000.00;100.00;0,46;92,485.00;2,038,033,300.00
2025-06-19;PFDAVVNDA;22,000.00;22,200.00;22,076.24;22,000.00;0.00;0;38,531.00;850,619,540.00
2025-06-20;PFDAVVNDA;22,000.00;22,100.00;22,004.57;21,960.00;0.00;0;46,465.00;1,022,442,140.00
2025-06-24;PFDAVVNDA;22,140.00;22,400.00;22,052.47;21,900.00;140.00;0,64;1,317,851.00;29,061,872,840.00
2025-06-25;PFDAVVNDA;22,520.00;22,600.00;22,428.72;22,300.00;380.00;1,72;1,113,796.00;24,981,021,980.00
2025-06-26;PFDAVVNDA;22,900.00;22,900.00;22,777.54;22,680.00;380.00;1,69;418,159.00;9,524,633,440.00
2025-06-27;PFDAVVNDA;22,980.00;23,000.00;22,927.17;22,800.00;80.00;0,35;56,083.00;1,285,824,220.00
2024-07-02;PFDAVVNDA;20,440.00;20,440.00;20,280.43;20,140.00;440;2,2;19,961.00;404,817,680.00
2024-07-03;PFDAVVNDA;20,100.00;20,600.00;20,222.84;20,000.00;-340;-1,66;8,465.00;171,186,340.00
2024-07-04;PFDAVVNDA;20,100.00;20,100.00;20,111.06;20,100.00;0;;1,150.00;23,127,720.00
2024-07-05;PFDAVVNDA;20,280.00;20,500.00;20,302.67;20,040.00;180;0,9;20,106.00;408,205,520.00
2024-07-08;PFDAVVNDA;19,900.00;20,340.00;19,989.71;19,900.00;-380;-1,87;16,165.00;323,133,700.00
2024-07-09;PFDAVVNDA;19,700.00;19,900.00;19,742.21;19,700.00;-200;-1,01;58,746.00;1,159,775,660.00
2024-07-10;PFDAVVNDA;19,900.00;20,060.00;19,887.38;19,700.00;200;1,02;9,141.00;181,790,560.00
2024-07-11;PFDAVVNDA;19,900.00;19,900.00;19,766.13;19,640.00;0;0;16,896.00;333,968,500.00
2024-07-12;PFDAVVNDA;19,900.00;19,900.00;19,760.90;19,700.00;0;0;11,185.00;221,025,620.00
2024-07-15;PFDAVVNDA;19,700.00;19,700.00;19,673.61;19,520.00;-200;-1,01;11,421.00;224,692,320.00
2024-07-16;PFDAVVNDA;19,500.00;19,700.00;19,525.59;19,400.00;-200;-1,02;8,333.00;162,706,700.00
2024-07-17;PFDAVVNDA;19,100.00;19,600.00;19,508.19;19,100.00;-400;-2,05;97,429.00;1,900,663,060.00
2024-07-18;PFDAVVNDA;18,720.00;19,000.00;18,766.92;18,700.00;-380;-1,99;40,243.00;755,237,280.00
2024-07-19;PFDAVVNDA;18,800.00;18,800.00;18,819.42;18,800.00;80;0,43;2,946.00;55,442,020.00
2024-07-22;PFDAVVNDA;18,720.00;18,720.00;18,760.87;18,720.00;-80;-0,43;2,937.00;55,100,680.00
2024-07-23;PFDAVVNDA;18,740.00;18,800.00;18,763.41;18,700.00;20;0,11;21,352.00;400,636,300.00
2024-07-24;PFDAVVNDA;18,760.00;18,820.00;18,787.11;18,740.00;20;0,11;6,389.00;120,030,860.00
2024-07-25;PFDAVVNDA;18,760.00;;18,760.28;;;;847.00;15,889,960.00
2024-07-26;PFDAVVNDA;18,600.00;18,760.00;18,611.55;18,560.00;-160;-0,85;20,282.00;377,479,380.00
2024-07-29;PFDAVVNDA;18,200.00;18,200.00;18,285.53;18,200.00;-400;-2,15;3,536.00;64,657,640.00
2024-07-30;PFDAVVNDA;18,020.00;18,200.00;18,194.89;18,020.00;-180;-0,99;12,382.00;225,289,120.00
2024-07-31;PFDAVVNDA;18,200.00;18,500.00;18,086.56;18,000.00;180;1;79,414.00;1,436,326,280.00
2024-08-01;PFDAVVNDA;18,300.00;18,300.00;18,299.23;18,200.00;100;0,55;87,036.00;1,592,691,720.00
2024-08-02;PFDAVVNDA;18,300.00;18,300.00;18,166.67;18,000.00;0;0;4,767.00;86,600,500.00
2024-08-05;PFDAVVNDA;18,180.00;18,260.00;17,808.63;17,200.00;-120;-0,66;6,875.00;122,434,300.00
2024-08-06;PFDAVVNDA;17,800.00;18,180.00;17,947.77;17,560.00;-380;-2,09;13,624.00;244,520,480.00
2024-08-08;PFDAVVNDA;17,700.00;18,100.00;17,797.68;17,700.00;-100;-0,56;32,059.00;570,575,740.00
2024-08-09;PFDAVVNDA;17,740.00;17,900.00;17,773.61;17,740.00;40;0,23;7,570.00;134,546,220.00
2024-08-12;PFDAVVNDA;17,520.00;17,800.00;17,754.54;17,520.00;-220;-1,24;15,560.00;276,260,580.00
2024-08-13;PFDAVVNDA;17,900.00;17,900.00;17,809.65;17,540.00;380;2,17;47,305.00;842,485,540.00
2024-08-14;PFDAVVNDA;18,380.00;18,400.00;18,128.84;18,000.00;480;2,68;40,541.00;734,961,260.00
2024-08-15;PFDAVVNDA;18,320.00;18,840.00;18,459.65;17,920.00;-60;-0,33;29,366.00;542,086,200.00
2024-08-16;PFDAVVNDA;18,500.00;18,660.00;18,527.58;18,500.00;180;0,98;17,236.00;319,341,440.00
2024-08-20;PFDAVVNDA;18,500.00;;18,480.43;;;;2,917.00;53,907,400.00
2024-08-21;PFDAVVNDA;18,200.00;18,480.00;18,310.53;18,200.00;-300;-1,62;64,054.00;1,172,862,640.00
2024-08-22;PFDAVVNDA;18,140.00;18,740.00;18,236.55;18,000.00;-60;-0,33;32,819.00;598,505,440.00
2024-08-23;PFDAVVNDA;18,300.00;18,300.00;18,156.09;18,100.00;160;0,88;26,798.00;486,546,900.00
2024-08-26;PFDAVVNDA;17,940.00;18,200.00;18,166.08;17,940.00;-360;-1,97;86,216.00;1,566,207,120.00
2024-08-27;PFDAVVNDA;17,680.00;17,800.00;17,750.48;17,680.00;-260;-1,45;11,599.00;205,887,860.00
2024-08-28;PFDAVVNDA;17,700.00;17,800.00;17,719.81;17,660.00;20;0,11;9,034.00;160,080,800.00
2024-08-29;PFDAVVNDA;17,700.00;17,760.00;17,706.91;17,680.00;0;0;5,311.00;94,041,420.00
2024-08-30;PFDAVVNDA;17,400.00;17,700.00;17,412.02;17,400.00;-300;-1,69;238,501.00;4,152,784,140.00
2024-09-02;PFDAVVNDA;17,740.00;17,800.00;17,648.62;17,640.00;340;1,95;208,820.00;3,685,384,900.00
2024-09-03;PFDAVVNDA;17,800.00;17,800.00;17,786.86;17,700.00;60;0,34;21,288.00;378,646,640.00
2024-09-04;PFDAVVNDA;17,700.00;17,800.00;17,679.27;17,520.00;-100;-0,56;28,768.00;508,597,380.00
2024-09-05;PFDAVVNDA;17,800.00;17,800.00;17,664.71;17,560.00;100;0,56;21,915.00;387,122,060.00
2024-09-06;PFDAVVNDA;17,800.00;17,800.00;17,780.56;17,780.00;0;0;13,514.00;240,286,460.00
2024-09-09;PFDAVVNDA;17,440.00;17,500.00;17,457.88;17,440.00;-360;-2,02;10,034.00;175,172,400.00
2024-09-10;PFDAVVNDA;17,480.00;17,480.00;17,461.40;17,440.00;40;0,23;3,067.00;53,554,120.00
2024-09-11;PFDAVVNDA;17,620.00;17,700.00;17,671.40;17,620.00;140;0,8;17,471.00;308,737,080.00
2024-09-12;PFDAVVNDA;18,200.00;18,200.00;17,884.43;17,640.00;580;3,29;63,369.00;1,133,318,480.00
2024-09-13;PFDAVVNDA;18,340.00;18,400.00;18,339.65;18,200.00;140;0,77;27,826.00;510,319,140.00
2024-09-16;PFDAVVNDA;18,680.00;18,680.00;18,572.10;18,400.00;340;1,85;31,956.00;593,489,940.00
2024-09-17;PFDAVVNDA;18,800.00;18,800.00;18,765.37;18,600.00;120;0,64;89,262.00;1,675,034,480.00
2024-09-18;PFDAVVNDA;18,800.00;18,800.00;18,783.30;18,600.00;0;0;53,960.00;1,013,546,740.00
2024-09-19;PFDAVVNDA;18,600.00;18,640.00;18,587.60;18,600.00;-200;-1,06;5,865.00;109,016,260.00
2024-09-20;PFDAVVNDA;18,400.00;18,600.00;18,499.72;18,400.00;-200;-1,08;13,628.00;252,114,240.00
2024-09-23;PFDAVVNDA;18,400.00;18,420.00;18,411.27;18,340.00;0;0;8,118.00;149,462,720.00
2024-09-24;PFDAVVNDA;18,800.00;18,800.00;18,691.57;18,600.00;400;2,17;5,912.00;110,504,580.00
2024-09-25;PFDAVVNDA;18,900.00;18,900.00;18,859.16;18,600.00;100;0,53;11,209.00;211,392,340.00
2024-09-26;PFDAVVNDA;18,900.00;;;;;;;
2024-09-27;PFDAVVNDA;18,660.00;19,180.00;18,908.19;18,660.00;-240;-1,27;38,853.00;734,639,940.00
2024-09-30;PFDAVVNDA;18,980.00;19,000.00;18,834.16;18,420.00;320;1,71;14,229.00;267,991,320.00
2024-10-01;PFDAVVNDA;19,060.00;19,060.00;18,924.05;18,760.00;80;0,42;8,774.00;166,039,580.00
2024-10-02;PFDAVVNDA;18,760.00;18,760.00;18,757.27;18,740.00;-300;-1,57;6,997.00;131,244,600.00
2024-10-03;PFDAVVNDA;18,720.00;18,760.00;18,735.78;18,720.00;-40;-0,21;8,315.00;155,788,040.00
2024-10-04;PFDAVVNDA;18,880.00;18,880.00;18,754.75;18,500.00;160;0,85;11,537.00;216,373,540.00
2024-10-07;PFDAVVNDA;18,960.00;18,960.00;18,689.81;18,340.00;80;0,42;13,970.00;261,096,700.00
2024-10-08;PFDAVVNDA;18,520.00;18,900.00;18,708.80;18,500.00;-440;-2,32;6,487.00;121,363,960.00
2024-10-09;PFDAVVNDA;18,100.00;18,560.00;18,554.73;18,100.00;-420;-2,27;256,693.00;4,762,868,660.00
2024-10-10;PFDAVVNDA;18,500.00;18,500.00;18,369.88;18,260.00;400;2,21;6,355.00;116,740,580.00
2024-10-11;PFDAVVNDA;19,000.00;19,000.00;18,953.23;19,000.00;500;2,7;9,149.00;173,403,060.00
2024-10-15;PFDAVVNDA;19,000.00;19,000.00;18,902.72;19,000.00;0;;5,038.00;95,231,920.00
2024-10-16;PFDAVVNDA;19,020.00;19,100.00;18,995.16;18,740.00;20;0,11;24,243.00;460,499,600.00
2024-10-17;PFDAVVNDA;19,200.00;19,200.00;18,883.86;18,300.00;180;0,95;56,723.00;1,071,149,180.00
2024-10-18;PFDAVVNDA;20,000.00;20,000.00;19,469.43;19,220.00;800;4,17;163,024.00;3,173,985,020.00
2024-10-21;PFDAVVNDA;19,560.00;20,000.00;19,757.10;19,520.00;-440;-2,2;35,960.00;710,465,380.00
2024-10-22;PFDAVVNDA;19,500.00;19,800.00;19,588.57;19,500.00;-60;-0,31;11,926.00;233,613,320.00
2024-10-23;PFDAVVNDA;19,000.00;19,220.00;19,025.78;18,740.00;-500;-2,56;16,594.00;315,713,720.00
2024-10-24;PFDAVVNDA;18,960.00;18,960.00;18,805.72;18,740.00;-40;-0,21;23,576.00;443,363,660.00
2024-10-25;PFDAVVNDA;18,660.00;19,000.00;18,797.36;18,660.00;-300;-1,58;12,467.00;234,346,660.00
2024-10-28;PFDAVVNDA;18,600.00;19,300.00;18,797.79;18,480.00;-60;-0,32;39,072.00;734,467,260.00
2024-10-29;PFDAVVNDA;18,980.00;18,980.00;18,532.66;18,500.00;380;2,04;19,130.00;354,529,860.00
2024-10-30;PFDAVVNDA;18,500.00;18,780.00;18,588.07;18,500.00;-480;-2,53;25,983.00;482,973,920.00
2024-10-31;PFDAVVNDA;18,860.00;18,920.00;18,739.92;18,520.00;360;1,95;70,623.00;1,323,469,100.00
2024-11-01;PFDAVVNDA;18,900.00;18,980.00;18,878.60;18,800.00;40;0,21;16,386.00;309,344,740.00
2024-11-05;PFDAVVNDA;18,880.00;18,900.00;18,815.87;18,720.00;-20;-0,11;20,209.00;380,249,860.00
2024-11-06;PFDAVVNDA;18,600.00;18,760.00;18,637.28;18,480.00;-280;-1,48;34,180.00;637,022,320.00
2024-11-07;PFDAVVNDA;18,800.00;18,900.00;18,675.56;18,500.00;200;1,08;23,311.00;435,345,980.00
2024-11-08;PFDAVVNDA;18,400.00;18,900.00;18,540.40;18,400.00;-400;-2,13;25,956.00;481,234,740.00
2024-11-12;PFDAVVNDA;18,080.00;18,540.00;18,313.30;18,080.00;-320;-1,74;27,948.00;511,820,220.00
2024-11-13;PFDAVVNDA;18,040.00;18,400.00;18,121.79;17,900.00;-40;-0,22;36,165.00;655,374,680.00
2024-11-14;PFDAVVNDA;18,280.00;18,280.00;18,092.92;18,000.00;240;1,33;22,603.00;408,954,160.00
2024-11-15;PFDAVVNDA;18,100.00;18,240.00;18,167.36;18,060.00;-180;-0,98;86,993.00;1,580,433,360.00
2024-11-18;PFDAVVNDA;18,200.00;18,360.00;18,194.55;18,120.00;100;0,55;46,602.00;847,902,220.00
2024-11-19;PFDAVVNDA;18,200.00;18,400.00;18,248.50;18,080.00;0;0;24,119.00;440,135,580.00
2024-11-20;PFDAVVNDA;18,480.00;18,500.00;18,379.40;18,200.00;280;1,54;32,924.00;605,123,340.00
2024-11-21;PFDAVVNDA;18,760.00;18,760.00;18,651.61;18,500.00;280;1,52;22,328.00;416,453,220.00
2024-11-22;PFDAVVNDA;18,980.00;19,000.00;18,952.75;18,900.00;220;1,17;26,306.00;498,571,060.00
2024-11-25;PFDAVVNDA;19,400.00;19,400.00;19,358.07;19,000.00;420;2,21;114,131.00;2,209,355,500.00
2024-11-26;PFDAVVNDA;18,880.00;19,000.00;18,920.40;18,860.00;-520;-2,68;10,184.00;192,685,340.00
2024-11-27;PFDAVVNDA;19,000.00;19,000.00;18,927.65;18,880.00;120;0,64;15,451.00;292,451,120.00
2024-11-28;PFDAVVNDA;18,960.00;19,000.00;18,971.96;18,960.00;-40;-0,21;2,095.00;39,746,260.00
2024-11-29;PFDAVVNDA;18,880.00;18,900.00;18,866.35;18,760.00;-80;-0,42;9,891.00;186,607,020.00
2024-12-02;PFDAVVNDA;18,560.00;18,700.00;18,607.07;18,560.00;-320;-1,69;12,266.00;228,234,280.00
2024-12-03;PFDAVVNDA;18,520.00;18,560.00;18,532.49;18,500.00;-40;-0,22;28,802.00;533,772,860.00
2024-12-04;PFDAVVNDA;18,240.00;18,520.00;18,432.64;18,240.00;-280;-1,51;32,866.00;605,807,260.00
2024-12-05;PFDAVVNDA;18,000.00;18,240.00;18,049.46;18,000.00;-240;-1,32;44,520.00;803,562,080.00
2024-12-06;PFDAVVNDA;17,980.00;18,160.00;17,946.12;17,900.00;-20;-0,11;52,004.00;933,269,980.00
2024-12-09;PFDAVVNDA;17,740.00;18,000.00;17,921.14;17,740.00;-240;-1,33;250,742.00;4,493,581,880.00
2024-12-10;PFDAVVNDA;17,740.00;17,800.00;17,770.18;17,740.00;0;0;27,525.00;489,124,340.00
2024-12-11;PFDAVVNDA;17,800.00;17,800.00;17,754.11;17,720.00;60;0,34;27,147.00;481,970,840.00
2024-12-12;PFDAVVNDA;17,700.00;17,820.00;17,729.46;17,700.00;-100;-0,56;16,031.00;284,221,000.00
2024-12-13;PFDAVVNDA;17,700.00;17,700.00;17,681.55;17,560.00;0;0;10,477.00;185,249,600.00
2024-12-16;PFDAVVNDA;17,800.00;17,860.00;17,804.43;17,700.00;100;0,56;20,374.00;362,747,440.00
2024-12-17;PFDAVVNDA;17,800.00;17,800.00;17,781.65;17,760.00;0;0;7,709.00;137,078,740.00
2024-12-18;PFDAVVNDA;18,100.00;18,100.00;17,903.22;17,800.00;300;1,69;2,540.00;45,474,180.00
2024-12-19;PFDAVVNDA;17,900.00;17,920.00;17,843.18;17,700.00;-200;-1,1;26,548.00;473,700,620.00
2024-12-20;PFDAVVNDA;17,820.00;17,960.00;17,885.78;17,800.00;-80;-0,45;50,406.00;901,550,380.00
2024-12-23;PFDAVVNDA;17,580.00;17,800.00;17,646.13;17,500.00;-240;-1,35;14,294.00;252,233,740.00
2024-12-24;PFDAVVNDA;17,960.00;17,960.00;17,960.00;17,960.00;380;2,16;1,420.00;25,503,200.00
2024-12-26;PFDAVVNDA;17,840.00;18,000.00;17,997.73;17,840.00;-120;-0,67;8,243.00;148,355,320.00
2024-12-27;PFDAVVNDA;17,620.00;18,200.00;17,884.14;17,620.00;-220;-1,23;11,907.00;212,946,500.00
2024-12-30;PFDAVVNDA;17,560.00;18,160.00;17,713.11;17,560.00;-60;-0,34;15,563.00;275,669,060.00
2024-01-02;PFDAVVNDA;19,500.00;19,500.00;19,362.17;19,000.00;320.00;1,67;16,712.00;323,580,540.00
2024-01-03;PFDAVVNDA;19,300.00;19,500.00;19,311.76;19,060.00;-200.00;-1,03;123,509.00;2,385,176,640.00
2024-01-04;PFDAVVNDA;19,660.00;19,660.00;19,492.19;19,400.00;360.00;1,87;435,599.00;8,490,779,340.00
2024-01-05;PFDAVVNDA;19,980.00;19,980.00;19,710.35;19,600.00;320.00;1,63;78,672.00;1,550,652,340.00
2024-01-09;PFDAVVNDA;20,020.00;20,380.00;19,976.45;19,800.00;40.00;0,2;43,269.00;864,360,880.00
2024-01-10;PFDAVVNDA;20,400.00;20,460.00;20,318.90;20,300.00;380.00;1,9;82,528.00;1,676,878,160.00
2024-01-11;PFDAVVNDA;20,320.00;20,500.00;20,339.41;20,040.00;-80.00;-0,39;20,366.00;414,232,480.00
2024-01-12;PFDAVVNDA;20,240.00;20,320.00;20,184.84;20,100.00;-80.00;-0,39;46,647.00;941,562,120.00
2024-01-15;PFDAVVNDA;20,400.00;20,500.00;20,408.06;20,400.00;160.00;0,79;22,833.00;465,977,240.00
2024-01-16;PFDAVVNDA;20,500.00;20,800.00;20,692.39;20,380.00;100.00;0,49;327,632.00;6,779,490,140.00
2024-01-17;PFDAVVNDA;20,100.00;20,520.00;20,322.43;20,100.00;-400.00;-1,95;16,970.00;344,871,560.00
2024-01-18;PFDAVVNDA;20,200.00;20,400.00;20,198.68;20,180.00;100.00;0,5;56,823.00;1,147,749,520.00
2024-01-19;PFDAVVNDA;20,200.00;20,240.00;20,143.49;20,100.00;0.00;0;398,596.00;8,029,113,520.00
2024-01-22;PFDAVVNDA;20,060.00;20,480.00;20,168.03;20,040.00;-140.00;-0,69;9,075.00;183,024,880.00
2024-01-23;PFDAVVNDA;20,300.00;20,340.00;20,296.53;20,100.00;240.00;1,2;742,176.00;15,063,595,220.00
2024-01-24;PFDAVVNDA;20,340.00;20,340.00;20,085.27;20,000.00;40.00;0,2;160,363.00;3,220,934,820.00
2024-01-25;PFDAVVNDA;20,340.00;;20,129.60;;;;1,035.00;20,834,140.00
2024-01-26;PFDAVVNDA;20,340.00;20,340.00;20,213.94;20,120.00;0.00;0;36,631.00;740,456,680.00
2024-01-29;PFDAVVNDA;21,280.00;21,280.00;21,011.04;20,420.00;940.00;4,62;56,816.00;1,193,763,020.00
2024-01-30;PFDAVVNDA;21,520.00;21,600.00;21,488.50;21,300.00;240.00;1,13;25,593.00;549,955,180.00
2024-01-31;PFDAVVNDA;21,860.00;22,000.00;21,979.29;21,800.00;340.00;1,58;52,999.00;1,164,880,580.00
2024-02-01;PFDAVVNDA;19,900.00;20,360.00;19,919.88;19,200.00;-1,960.00;-8,97;1,452,348.00;28,930,596,560.00
2024-02-02;PFDAVVNDA;19,400.00;19,600.00;19,316.07;19,060.00;-500.00;-2,51;76,213.00;1,472,135,640.00
2024-02-05;PFDAVVNDA;19,600.00;19,780.00;19,647.63;19,600.00;200.00;1,03;6,415.00;126,039,560.00
2024-02-06;PFDAVVNDA;19,860.00;19,860.00;19,805.09;19,620.00;260.00;1,33;56,034.00;1,109,758,580.00
2024-02-07;PFDAVVNDA;20,080.00;20,620.00;20,099.76;19,880.00;220.00;1,11;29,427.00;591,475,680.00
2024-02-08;PFDAVVNDA;19,760.00;20,500.00;20,120.75;19,760.00;-320.00;-1,59;55,833.00;1,123,402,000.00
2024-02-09;PFDAVVNDA;19,400.00;20,100.00;19,653.99;19,260.00;-360.00;-1,82;22,018.00;432,741,460.00
2024-02-12;PFDAVVNDA;19,880.00;19,880.00;19,797.48;19,600.00;480.00;2,47;21,376.00;423,190,840.00
2024-02-13;PFDAVVNDA;19,300.00;19,500.00;19,474.39;19,300.00;-580.00;-2,92;66,261.00;1,290,392,380.00
2024-02-14;PFDAVVNDA;19,000.00;19,200.00;18,983.14;18,740.00;-300.00;-1,55;25,351.00;481,241,660.00
2024-02-15;PFDAVVNDA;19,000.00;19,200.00;19,003.73;19,000.00;0.00;0;9,344.00;177,570,840.00
2024-02-16;PFDAVVNDA;19,000.00;;18,985.24;;;;1,592.00;30,224,500.00
2024-02-19;PFDAVVNDA;19,600.00;20,000.00;19,794.37;19,600.00;600.00;3,16;10,986.00;217,460,940.00
2024-02-20;PFDAVVNDA;19,900.00;19,900.00;19,641.45;18,940.00;300.00;1,53;13,968.00;274,351,800.00
2024-02-21;PFDAVVNDA;19,700.00;19,700.00;19,493.57;19,300.00;-200.00;-1,01;24,459.00;476,793,340.00
2024-02-22;PFDAVVNDA;19,400.00;19,780.00;19,640.35;19,400.00;-300.00;-1,52;9,835.00;193,162,840.00
2024-02-23;PFDAVVNDA;20,000.00;20,000.00;19,791.72;19,420.00;600.00;3,09;156,402.00;3,095,463,980.00
2024-02-26;PFDAVVNDA;20,000.00;20,000.00;19,791.87;19,560.00;0.00;0;28,342.00;560,941,320.00
2024-02-27;PFDAVVNDA;20,000.00;20,500.00;20,160.36;20,000.00;0.00;0;19,334.00;389,780,420.00
2024-02-28;PFDAVVNDA;20,600.00;20,600.00;20,381.54;19,860.00;600.00;3;23,836.00;485,814,420.00
2024-02-29;PFDAVVNDA;20,000.00;20,600.00;20,171.08;20,000.00;-600.00;-2,91;24,648.00;497,176,660.00
2024-03-01;PFDAVVNDA;19,980.00;20,000.00;19,992.61;19,980.00;-20.00;-0,1;28,590.00;571,588,860.00
2024-03-04;PFDAVVNDA;19,800.00;20,000.00;19,963.21;19,800.00;-180.00;-0,9;32,437.00;647,546,640.00
2024-03-05;PFDAVVNDA;20,000.00;20,000.00;19,959.97;19,800.00;200.00;1,01;11,315.00;225,847,040.00
2024-03-06;PFDAVVNDA;20,020.00;20,500.00;20,224.78;20,000.00;20.00;0,1;47,610.00;962,901,660.00
2024-03-07;PFDAVVNDA;20,420.00;21,500.00;20,550.67;20,320.00;400.00;2;30,655.00;629,980,940.00
2024-03-08;PFDAVVNDA;21,140.00;21,140.00;20,904.66;20,520.00;720.00;3,53;23,929.00;500,227,660.00
2024-03-11;PFDAVVNDA;20,800.00;21,140.00;20,800.71;20,640.00;-340.00;-1,61;39,052.00;812,309,200.00
2024-03-12;PFDAVVNDA;20,400.00;20,660.00;20,587.45;20,400.00;-400.00;-1,92;21,044.00;433,242,340.00
2024-03-13;PFDAVVNDA;20,420.00;20,800.00;20,648.89;20,420.00;20.00;0,1;9,105.00;188,008,160.00
2024-03-14;PFDAVVNDA;20,380.00;20,420.00;20,406.43;20,220.00;-40.00;-0,2;46,657.00;952,102,640.00
2024-03-15;PFDAVVNDA;19,100.00;20,200.00;19,613.83;19,100.00;-1,280.00;-6,28;450,642.00;8,838,814,640.00
2024-03-18;PFDAVVNDA;20,500.00;20,500.00;19,575.48;19,400.00;1,400.00;7,33;286,685.00;5,611,996,320.00
2024-03-19;PFDAVVNDA;20,600.00;20,600.00;20,311.25;20,200.00;100.00;0,49;18,886.00;383,598,340.00
2024-03-20;PFDAVVNDA;20,020.00;20,600.00;20,224.32;20,020.00;-580.00;-2,82;15,804.00;319,625,200.00
2024-03-21;PFDAVVNDA;20,080.00;20,500.00;20,329.44;20,040.00;60.00;0,3;13,854.00;281,644,080.00
2024-03-22;PFDAVVNDA;20,300.00;20,300.00;20,139.53;20,000.00;220.00;1,1;41,398.00;833,736,080.00
2024-03-26;PFDAVVNDA;19,900.00;20,700.00;20,444.64;19,900.00;-400.00;-1,97;17,098.00;349,562,400.00
2024-03-27;PFDAVVNDA;20,300.00;20,300.00;20,232.13;20,300.00;400.00;2,01;5,073.00;102,637,580.00
2024-04-01;PFDAVVNDA;21,400.00;21,400.00;20,964.85;19,500.00;1,100.00;5,42;44,745.00;938,072,040.00
2024-04-02;PFDAVVNDA;20,880.00;21,500.00;21,166.75;20,320.00;-520.00;-2,43;131,462.00;2,782,623,480.00
2024-04-03;PFDAVVNDA;20,700.00;21,140.00;20,875.28;20,620.00;-180.00;-0,86;269,249.00;5,620,647,300.00
2024-04-04;PFDAVVNDA;21,600.00;21,600.00;21,449.08;21,120.00;900.00;4,35;123,747.00;2,654,259,500.00
2024-04-05;PFDAVVNDA;22,200.00;22,200.00;21,963.65;21,500.00;600.00;2,78;159,835.00;3,510,560,080.00
2024-04-08;PFDAVVNDA;22,700.00;22,700.00;22,230.71;22,000.00;500.00;2,25;159,589.00;3,547,776,680.00
2024-04-09;PFDAVVNDA;22,560.00;23,000.00;22,968.51;22,560.00;-140.00;-0,62;36,419.00;836,490,300.00
2024-04-10;PFDAVVNDA;22,280.00;23,000.00;22,872.27;22,000.00;-280.00;-1,24;537,637.00;12,296,980,740.00
2024-04-11;PFDAVVNDA;22,800.00;22,800.00;22,704.40;21,740.00;520.00;2,33;240,968.00;5,471,033,900.00
2024-04-12;PFDAVVNDA;22,500.00;22,700.00;22,547.34;22,220.00;-300.00;-1,32;27,231.00;613,986,520.00
2024-04-15;PFDAVVNDA;22,300.00;22,300.00;22,298.04;22,020.00;-200.00;-0,89;310,297.00;6,919,016,080.00
2024-04-16;PFDAVVNDA;21,400.00;21,900.00;21,675.77;21,400.00;-900.00;-4,04;62,291.00;1,350,205,440.00
2024-04-17;PFDAVVNDA;21,300.00;21,400.00;21,392.42;21,300.00;-100.00;-0,47;130,947.00;2,801,273,620.00
2024-04-18;PFDAVVNDA;20,940.00;20,940.00;20,909.19;20,820.00;-360.00;-1,69;36,721.00;767,806,280.00
2024-04-19;PFDAVVNDA;20,800.00;21,000.00;20,903.72;20,800.00;-140.00;-0,67;4,489.00;93,836,820.00
2024-04-22;PFDAVVNDA;21,100.00;21,140.00;21,099.16;21,020.00;300.00;1,44;75,769.00;1,598,662,100.00
2024-04-23;PFDAVVNDA;21,000.00;21,020.00;21,005.74;21,000.00;-100.00;-0,47;34,474.00;724,151,820.00
2024-04-24;PFDAVVNDA;21,000.00;21,240.00;21,178.03;21,000.00;0.00;0;45,646.00;966,692,480.00
2024-04-25;PFDAVVNDA;21,700.00;21,700.00;21,467.78;21,000.00;700.00;3,33;33,125.00;711,120,180.00
2024-04-26;PFDAVVNDA;22,000.00;22,000.00;21,882.04;21,720.00;300.00;1,38;266,779.00;5,837,669,500.00
2024-04-29;PFDAVVNDA;21,700.00;22,000.00;21,719.76;21,540.00;-300.00;-1,36;25,799.00;560,348,000.00
2024-04-30;PFDAVVNDA;21,000.00;21,900.00;21,380.46;21,000.00;-700.00;-3,23;28,559.00;610,604,660.00
2024-05-02;PFDAVVNDA;21,500.00;21,500.00;21,118.13;21,000.00;500.00;2,38;95,596.00;2,018,808,400.00
2024-05-03;PFDAVVNDA;22,000.00;22,000.00;21,671.49;21,560.00;500.00;2,33;152,544.00;3,305,855,480.00
2024-05-06;PFDAVVNDA;21,800.00;21,800.00;21,713.17;21,400.00;-200.00;-0,91;10,061.00;218,456,160.00
2024-05-07;PFDAVVNDA;21,580.00;21,800.00;21,674.79;21,500.00;-220.00;-1,01;23,419.00;507,601,820.00
2024-05-08;PFDAVVNDA;21,900.00;21,900.00;21,704.03;21,560.00;320.00;1,48;10,290.00;223,334,440.00
2024-05-09;PFDAVVNDA;21,720.00;21,800.00;21,769.84;21,520.00;-180.00;-0,82;13,484.00;293,544,560.00
2024-05-10;PFDAVVNDA;21,640.00;21,700.00;21,662.43;21,600.00;-80.00;-0,37;55,894.00;1,210,799,720.00
2024-05-14;PFDAVVNDA;21,900.00;21,900.00;21,878.50;21,860.00;260.00;1,2;50,899.00;1,113,593,780.00
2024-05-15;PFDAVVNDA;21,900.00;21,900.00;21,814.89;21,700.00;0.00;0;58,177.00;1,269,125,100.00
2024-05-16;PFDAVVNDA;21,880.00;21,880.00;21,725.13;21,640.00;-20.00;-0,09;27,871.00;605,501,140.00
2024-05-17;PFDAVVNDA;22,360.00;22,380.00;22,204.74;22,000.00;480.00;2,19;395,679.00;8,785,950,840.00
2024-05-20;PFDAVVNDA;22,740.00;22,800.00;22,616.52;22,400.00;380.00;1,7;64,555.00;1,460,009,360.00
2024-05-21;PFDAVVNDA;23,100.00;23,420.00;23,011.00;22,800.00;360.00;1,58;63,984.00;1,472,336,140.00
2024-05-22;PFDAVVNDA;22,140.00;22,500.00;22,294.80;22,140.00;-960.00;-4,16;24,475.00;545,665,320.00
2024-05-23;PFDAVVNDA;22,000.00;22,380.00;22,137.15;22,000.00;-140.00;-0,63;69,844.00;1,546,146,900.00
2024-05-24;PFDAVVNDA;21,820.00;21,840.00;21,826.17;21,700.00;-180.00;-0,82;43,767.00;955,265,800.00
2024-05-27;PFDAVVNDA;21,140.00;21,500.00;21,437.27;21,140.00;-680.00;-3,12;28,145.00;603,351,900.00
2024-05-28;PFDAVVNDA;21,440.00;21,440.00;21,025.35;20,980.00;300.00;1,42;24,891.00;523,342,100.00
2024-05-29;PFDAVVNDA;21,200.00;21,200.00;21,025.45;20,960.00;-240.00;-1,12;32,152.00;676,010,140.00
2024-05-30;PFDAVVNDA;21,200.00;21,200.00;21,177.05;21,000.00;0.00;0;39,406.00;834,502,920.00
2024-05-31;PFDAVVNDA;21,000.00;21,160.00;21,002.98;20,900.00;-200.00;-0,94;294,146.00;6,177,941,820.00
2024-06-04;PFDAVVNDA;21,080.00;21,480.00;21,300.74;21,000.00;80.00;0,38;9,173.00;195,391,680.00
2024-06-05;PFDAVVNDA;21,000.00;21,120.00;21,071.09;21,000.00;-80.00;-0,38;8,697.00;183,255,260.00
2024-06-06;PFDAVVNDA;20,900.00;21,000.00;20,922.82;20,900.00;-100.00;-0,48;11,236.00;235,088,840.00
2024-06-07;PFDAVVNDA;21,000.00;21,000.00;20,969.47;21,000.00;100.00;0,48;3,402.00;71,338,140.00
2024-06-11;PFDAVVNDA;20,400.00;20,840.00;20,530.48;20,400.00;-600.00;-2,86;34,344.00;705,098,860.00
2024-06-12;PFDAVVNDA;19,880.00;21,000.00;19,915.35;19,800.00;-520.00;-2,55;207,942.00;4,141,236,820.00
2024-06-13;PFDAVVNDA;20,160.00;20,500.00;20,210.28;20,160.00;280.00;1,41;8,715.00;176,132,620.00
2024-06-14;PFDAVVNDA;19,900.00;20,020.00;19,900.25;19,880.00;-260.00;-1,29;1,376,633.00;27,395,345,620.00
2024-06-17;PFDAVVNDA;19,860.00;20,380.00;19,996.43;19,340.00;-40.00;-0,2;23,688.00;473,675,400.00
2024-06-18;PFDAVVNDA;19,900.00;19,900.00;19,819.02;19,780.00;40.00;0,2;29,189.00;578,497,380.00
2024-06-19;PFDAVVNDA;19,600.00;19,900.00;19,699.90;19,600.00;-300.00;-1,51;6,916.00;136,244,480.00
2024-06-20;PFDAVVNDA;19,780.00;20,000.00;19,881.09;19,740.00;180.00;0,92;78,095.00;1,552,613,760.00
2024-06-21;PFDAVVNDA;19,760.00;20,180.00;19,925.11;19,760.00;-20.00;-0,1;3,169.00;63,142,680.00
2024-06-24;PFDAVVNDA;20,080.00;20,080.00;19,889.86;19,820.00;320.00;1,62;1,750.00;34,807,260.00
2024-06-25;PFDAVVNDA;19,800.00;19,800.00;19,803.97;19,800.00;-280.00;-1,39;5,418.00;107,297,920.00
2024-06-26;PFDAVVNDA;20,020.00;20,020.00;19,890.91;20,020.00;220.00;1,11;1,181.00;23,491,160.00
2024-06-27;PFDAVVNDA;19,840.00;20,080.00;19,867.55;19,840.00;-180.00;-0,9;5,772.00;114,675,480.00
2024-06-28;PFDAVVNDA;20,000.00;20,140.00;20,060.45;20,000.00;160.00;0,81;14,336.00;287,586,640.00
2023-07-04;PFDAVVNDA;19,600.00;19,610.00;19,616.39;19,600.00;-10.00;-0,05;7,921.00;155,381,400.00
2023-07-05;PFDAVVNDA;18,800.00;19,600.00;19,035.72;18,760.00;-800.00;-4,08;17,589.00;334,819,210.00
2023-07-06;PFDAVVNDA;18,800.00;18,980.00;18,857.96;18,620.00;0.00;0;45,885.00;865,297,310.00
2023-07-07;PFDAVVNDA;18,990.00;19,000.00;18,861.46;18,800.00;190.00;1,01;12,686.00;239,276,500.00
2023-07-10;PFDAVVNDA;19,340.00;19,340.00;19,184.06;19,000.00;350.00;1,84;19,280.00;369,868,700.00
2023-07-11;PFDAVVNDA;19,600.00;19,600.00;19,291.12;19,200.00;260.00;1,34;7,554.00;145,725,130.00
2023-07-12;PFDAVVNDA;19,840.00;19,840.00;19,625.54;19,500.00;240.00;1,22;10,318.00;202,496,310.00
2023-07-13;PFDAVVNDA;20,000.00;20,050.00;20,000.27;19,930.00;160.00;0,81;32,386.00;647,728,630.00
2023-07-14;PFDAVVNDA;19,840.00;20,150.00;20,050.11;19,810.00;-160.00;-0,8;48,302.00;968,460,380.00
2023-07-17;PFDAVVNDA;19,840.00;;19,656.36;;;;1,955.00;38,428,180.00
2023-07-18;PFDAVVNDA;19,930.00;20,330.00;19,921.45;19,860.00;90.00;0,45;455,327.00;9,070,773,310.00
2023-07-19;PFDAVVNDA;20,200.00;20,400.00;20,258.68;20,100.00;270.00;1,35;83,862.00;1,698,933,450.00
2023-07-21;PFDAVVNDA;20,400.00;20,400.00;20,213.54;20,200.00;200.00;0,99;13,230.00;267,425,090.00
2023-07-24;PFDAVVNDA;20,110.00;20,110.00;20,103.27;20,100.00;-290.00;-1,42;3,141.00;63,144,370.00
2023-07-25;PFDAVVNDA;20,000.00;20,110.00;20,099.59;20,000.00;-110.00;-0,55;78,966.00;1,587,184,060.00
2023-07-26;PFDAVVNDA;20,000.00;20,110.00;20,039.13;20,000.00;0.00;0;128,097.00;2,566,952,180.00
2023-07-27;PFDAVVNDA;19,860.00;19,950.00;19,932.40;19,860.00;-140.00;-0,7;28,861.00;575,269,080.00
2023-07-28;PFDAVVNDA;19,800.00;19,880.00;19,807.13;19,800.00;-60.00;-0,3;3,925.00;77,743,000.00
2023-07-31;PFDAVVNDA;;20,000.00;19,951.67;19,800.00;200.00;1,01;11,311.00;225,673,350.00
2023-08-01;PFDAVVNDA;20,100.00;20,250.00;20,134.14;19,900.00;250.00;1,26;29,582.00;595,607,990.00
2023-08-02;PFDAVVNDA;19,910.00;19,910.00;19,963.35;19,910.00;-190.00;-0,95;2,135.00;42,621,760.00
2023-08-03;PFDAVVNDA;19,900.00;19,900.00;19,877.73;19,800.00;-10.00;-0,05;1,783.00;35,442,000.00
2023-08-04;PFDAVVNDA;;;19,900.00;;;;125.00;2,487,500.00
2023-08-08;PFDAVVNDA;19,710.00;19,710.00;19,711.11;19,710.00;10.00;0,05;647.00;12,753,090.00
2023-08-09;PFDAVVNDA;20,000.00;20,000.00;19,976.89;19,950.00;290.00;1,47;6,203.00;123,916,670.00
2023-08-10;PFDAVVNDA;19,800.00;19,800.00;19,625.08;19,550.00;-200.00;-1;17,945.00;352,172,000.00
2023-08-11;PFDAVVNDA;19,400.00;19,690.00;19,270.45;19,100.00;-400.00;-2,02;19,065.00;367,391,160.00
2023-08-14;PFDAVVNDA;19,400.00;;19,244.11;;;;3,813.00;73,377,800.00
2023-08-15;PFDAVVNDA;18,240.00;18,900.00;18,457.57;18,240.00;-1,160.00;-5,98;26,594.00;490,860,560.00
2023-08-16;PFDAVVNDA;18,940.00;18,950.00;18,675.86;18,300.00;700.00;3,84;22,568.00;421,476,820.00
2023-08-17;PFDAVVNDA;18,940.00;;18,713.13;;;;1,118.00;20,921,280.00
2023-08-18;PFDAVVNDA;18,500.00;18,700.00;18,588.59;18,500.00;-440.00;-2,32;10,629.00;197,578,070.00
2023-08-22;PFDAVVNDA;17,780.00;18,300.00;18,041.28;17,770.00;-720.00;-3,89;90,304.00;1,629,200,050.00
2023-08-23;PFDAVVNDA;17,880.00;18,000.00;17,941.40;17,810.00;100.00;0,56;38,994.00;699,606,880.00
2023-08-24;PFDAVVNDA;18,470.00;18,470.00;18,266.55;18,470.00;590.00;3,3;4,017.00;73,376,720.00
2023-08-25;PFDAVVNDA;18,100.00;18,450.00;18,160.12;18,100.00;-370.00;-2;25,628.00;465,407,510.00
2023-08-28;PFDAVVNDA;17,800.00;17,860.00;17,781.75;17,700.00;-300.00;-1,66;9,525.00;169,371,210.00
2023-08-29;PFDAVVNDA;17,800.00;17,800.00;17,746.89;17,700.00;0.00;0;31,532.00;559,595,080.00
2023-08-30;PFDAVVNDA;18,380.00;18,380.00;17,870.73;17,810.00;580.00;3,26;42,471.00;758,987,910.00
2023-08-31;PFDAVVNDA;18,380.00;18,490.00;18,381.08;18,380.00;0.00;0;803,958.00;14,777,619,250.00
2023-09-01;PFDAVVNDA;18,230.00;18,250.00;18,168.10;18,170.00;-150.00;-0,82;8,481.00;154,083,630.00
2023-09-04;PFDAVVNDA;18,230.00;;18,139.62;;;;1,067.00;19,354,970.00
2023-09-05;PFDAVVNDA;17,800.00;18,200.00;17,946.44;17,800.00;-430.00;-2,36;11,482.00;206,061,050.00
2023-09-06;PFDAVVNDA;17,770.00;17,770.00;17,689.81;17,600.00;-30.00;-0,17;14,990.00;265,170,220.00
2023-09-07;PFDAVVNDA;17,000.00;17,510.00;17,347.01;17,000.00;-770.00;-4,33;27,104.00;470,173,450.00
2023-09-08;PFDAVVNDA;17,000.00;17,000.00;16,914.89;16,600.00;0.00;0;9,010.00;152,403,150.00
2023-09-11;PFDAVVNDA;16,900.00;16,920.00;16,898.82;16,700.00;-100.00;-0,59;28,509.00;481,768,550.00
2023-09-12;PFDAVVNDA;16,600.00;16,960.00;16,839.88;16,600.00;-300.00;-1,78;3,401.00;57,272,430.00
2023-09-13;PFDAVVNDA;16,000.00;16,600.00;16,201.04;16,000.00;-600.00;-3,61;31,398.00;508,680,320.00
2023-09-14;PFDAVVNDA;16,000.00;16,010.00;15,999.16;15,680.00;0.00;0;235,439.00;3,766,826,260.00
2023-09-15;PFDAVVNDA;15,810.00;16,000.00;15,810.60;15,810.00;-190.00;-1,19;5,553,745.00;87,808,026,530.00
2023-09-18;PFDAVVNDA;16,450.00;16,700.00;16,517.86;16,020.00;640.00;4,05;73,106.00;1,207,554,540.00
2023-09-19;PFDAVVNDA;16,700.00;16,880.00;16,650.81;16,410.00;250.00;1,52;172,213.00;2,867,486,030.00
2023-09-20;PFDAVVNDA;16,400.00;16,830.00;16,590.88;16,400.00;-300.00;-1,8;180,193.00;2,989,561,210.00
2023-09-21;PFDAVVNDA;16,250.00;16,450.00;16,245.62;16,030.00;-150.00;-0,91;9,127.00;148,273,770.00
2023-09-22;PFDAVVNDA;16,200.00;16,490.00;16,322.88;16,200.00;-50.00;-0,31;36,809.00;600,828,750.00
2023-09-25;PFDAVVNDA;16,410.00;16,410.00;16,209.77;16,200.00;210.00;1,3;9,539.00;154,624,950.00
2023-09-26;PFDAVVNDA;16,380.00;16,440.00;16,404.65;16,370.00;-30.00;-0,18;17,260.00;283,144,180.00
2023-09-27;PFDAVVNDA;16,900.00;16,900.00;16,634.64;16,400.00;520.00;3,17;50,015.00;831,981,380.00
2023-09-28;PFDAVVNDA;17,290.00;17,390.00;17,158.75;17,000.00;390.00;2,31;136,063.00;2,334,670,750.00
2023-09-29;PFDAVVNDA;17,500.00;17,500.00;16,945.67;16,800.00;210.00;1,21;184,307.00;3,123,206,210.00
2023-10-02;PFDAVVNDA;17,290.00;17,600.00;17,030.62;16,700.00;-210.00;-1,2;26,409.00;449,761,730.00
2023-10-03;PFDAVVNDA;16,800.00;17,500.00;16,980.37;16,800.00;-490.00;-2,83;7,162.00;121,613,440.00
2023-10-04;PFDAVVNDA;16,160.00;16,510.00;16,191.83;16,000.00;-640.00;-3,81;45,174.00;731,449,550.00
2023-10-05;PFDAVVNDA;16,200.00;16,200.00;16,187.45;16,200.00;40.00;0,25;6,485.00;104,975,610.00
2023-10-06;PFDAVVNDA;16,010.00;16,060.00;16,102.86;16,000.00;-190.00;-1,17;8,069.00;129,933,960.00
2023-10-09;PFDAVVNDA;16,010.00;16,020.00;16,009.74;16,010.00;0.00;0;12,305.00;196,999,870.00
2023-10-10;PFDAVVNDA;16,200.00;16,200.00;16,057.04;16,000.00;190.00;1,19;14,206.00;228,106,380.00
2023-10-11;PFDAVVNDA;16,200.00;;16,270.74;;;;1,438.00;23,397,320.00
2023-10-12;PFDAVVNDA;16,440.00;16,440.00;16,401.42;16,420.00;240.00;1,48;7,456.00;122,289,000.00
2023-10-13;PFDAVVNDA;16,500.00;16,500.00;16,457.23;16,400.00;60.00;0,36;4,182.00;68,824,120.00
2023-10-17;PFDAVVNDA;16,500.00;16,500.00;16,446.42;16,450.00;0.00;0;11,444.00;188,212,860.00
2023-10-18;PFDAVVNDA;16,460.00;16,500.00;16,507.49;16,460.00;-40.00;-0,24;19,651.00;324,388,630.00
2023-10-19;PFDAVVNDA;16,500.00;16,880.00;16,626.87;16,500.00;40.00;0,24;17,086.00;284,086,650.00
2023-10-20;PFDAVVNDA;16,310.00;16,840.00;16,454.64;16,310.00;-190.00;-1,15;31,116.00;512,002,660.00
2023-10-23;PFDAVVNDA;16,150.00;16,310.00;16,254.66;16,150.00;-160.00;-0,98;5,961.00;96,894,020.00
2023-10-24;PFDAVVNDA;16,370.00;16,390.00;16,153.95;16,150.00;220.00;1,36;329,545.00;5,323,452,050.00
2023-10-25;PFDAVVNDA;16,370.00;;16,415.52;;;;699.00;11,474,450.00
2023-10-26;PFDAVVNDA;16,150.00;16,370.00;16,268.23;16,150.00;-220.00;-1,34;6,944.00;112,966,590.00
2023-10-27;PFDAVVNDA;16,300.00;16,300.00;16,261.21;16,150.00;150.00;0,93;8,020.00;130,414,880.00
2023-10-30;PFDAVVNDA;16,000.00;16,590.00;16,281.80;16,000.00;-300.00;-1,84;67,413.00;1,097,605,000.00
2023-10-31;PFDAVVNDA;16,000.00;16,000.00;16,012.62;16,000.00;0.00;;3,318.00;53,129,870.00
2023-11-01;PFDAVVNDA;15,800.00;16,000.00;15,881.66;15,800.00;-200.00;-1,25;13,522.00;214,751,800.00
2023-11-02;PFDAVVNDA;16,000.00;16,000.00;15,942.91;16,000.00;200.00;1,27;1,839.00;29,319,020.00
2023-11-03;PFDAVVNDA;15,700.00;16,000.00;15,849.18;15,700.00;-300.00;-1,87;9,645.00;152,865,370.00
2023-11-07;PFDAVVNDA;15,400.00;15,700.00;15,695.87;15,400.00;-300.00;-1,91;1,803,690.00;28,310,489,890.00
2023-11-08;PFDAVVNDA;15,600.00;15,700.00;15,573.99;15,420.00;200.00;1,3;10,725.00;167,031,020.00
2023-11-09;PFDAVVNDA;15,880.00;15,880.00;15,838.45;15,880.00;280.00;1,79;3,968.00;62,846,980.00
2023-11-10;PFDAVVNDA;15,860.00;15,880.00;15,736.55;15,720.00;-20.00;-0,13;48,851.00;768,746,140.00
2023-11-14;PFDAVVNDA;15,760.00;15,760.00;15,758.55;15,760.00;-100.00;-0,63;25,783.00;406,302,640.00
2023-11-15;PFDAVVNDA;15,540.00;15,600.00;15,593.00;15,500.00;-220.00;-1,4;71,261.00;1,111,172,580.00
2023-11-16;PFDAVVNDA;15,540.00;15,600.00;15,592.76;15,520.00;0.00;0;54,974.00;857,196,380.00
2023-11-17;PFDAVVNDA;15,800.00;15,800.00;15,611.56;15,580.00;260.00;1,67;113,142.00;1,766,323,180.00
2023-11-20;PFDAVVNDA;15,520.00;15,700.00;15,607.58;15,520.00;-280.00;-1,77;12,799.00;199,761,400.00
2023-11-21;PFDAVVNDA;15,760.00;15,760.00;15,601.92;15,600.00;240.00;1,55;33,485.00;522,430,300.00
2023-11-22;PFDAVVNDA;15,620.00;15,620.00;15,604.44;15,620.00;-140.00;-0,89;2,584.00;40,321,880.00
2023-11-23;PFDAVVNDA;15,620.00;;15,749.66;;;;2,073.00;32,649,040.00
2023-11-24;PFDAVVNDA;15,600.00;15,620.00;15,608.96;15,600.00;-20.00;-0,13;6,314.00;98,554,960.00
2023-11-27;PFDAVVNDA;15,600.00;15,800.00;15,634.39;15,600.00;0.00;0;9,404.00;147,025,820.00
2023-11-28;PFDAVVNDA;15,340.00;15,700.00;15,579.03;15,340.00;-260.00;-1,67;14,611.00;227,625,140.00
2023-11-29;PFDAVVNDA;16,000.00;16,000.00;15,661.11;15,600.00;660.00;4,3;102,653.00;1,607,659,620.00
2023-11-30;PFDAVVNDA;15,400.00;15,820.00;15,559.76;15,400.00;-600.00;-3,75;388,876.00;6,050,818,380.00
2023-12-01;PFDAVVNDA;15,560.00;16,300.00;15,796.14;15,560.00;160.00;1,04;4,312.00;68,112,960.00
2023-12-04;PFDAVVNDA;15,860.00;15,900.00;15,847.49;15,560.00;300.00;1,93;28,941.00;458,642,160.00
2023-12-05;PFDAVVNDA;15,780.00;15,800.00;15,666.02;15,600.00;-80.00;-0,5;10,851.00;169,992,020.00
2023-12-06;PFDAVVNDA;15,680.00;15,900.00;15,697.55;15,680.00;-100.00;-0,63;205,669.00;3,228,498,700.00
2023-12-07;PFDAVVNDA;15,820.00;15,820.00;15,610.85;15,600.00;140.00;0,89;111,653.00;1,742,998,280.00
2023-12-11;PFDAVVNDA;15,540.00;15,600.00;15,575.27;15,520.00;-280.00;-1,77;15,735.00;245,076,900.00
2023-12-12;PFDAVVNDA;15,880.00;15,880.00;15,732.67;15,600.00;340.00;2,19;22,035.00;346,669,320.00
2023-12-13;PFDAVVNDA;16,000.00;16,000.00;15,948.75;15,840.00;120.00;0,76;28,116.00;448,415,000.00
2023-12-14;PFDAVVNDA;16,180.00;16,400.00;16,199.58;15,780.00;180.00;1,13;45,204.00;732,285,980.00
2023-12-15;PFDAVVNDA;16,780.00;16,780.00;16,617.14;16,240.00;600.00;3,71;48,012.00;797,822,160.00
2023-12-18;PFDAVVNDA;16,980.00;17,000.00;16,786.26;16,500.00;200.00;1,19;43,342.00;727,550,280.00
2023-12-19;PFDAVVNDA;17,480.00;17,480.00;17,045.24;16,900.00;500.00;2,94;74,908.00;1,276,824,660.00
2023-12-20;PFDAVVNDA;17,960.00;18,280.00;17,905.73;17,600.00;480.00;2,75;163,993.00;2,936,414,940.00
2023-12-21;PFDAVVNDA;17,480.00;18,180.00;17,827.83;17,480.00;-480.00;-2,67;27,671.00;493,313,920.00
2023-12-22;PFDAVVNDA;17,720.00;17,880.00;17,728.48;17,500.00;240.00;1,37;28,086.00;497,922,160.00
2023-12-26;PFDAVVNDA;18,480.00;18,480.00;18,117.39;17,500.00;760.00;4,29;63,759.00;1,155,146,400.00
2023-12-27;PFDAVVNDA;18,960.00;19,000.00;18,691.98;18,380.00;480.00;2,6;120,291.00;2,248,477,180.00
2023-12-28;PFDAVVNDA;19,180.00;19,200.00;19,036.72;18,960.00;220.00;1,16;31,307.00;595,982,700.00
2023-01-02;PFDAVVNDA;27,080.00;27,560.00;27,545.91;27,080.00;-480.00;-1,74;34,003.00;936,643,520.00
2023-01-03;PFDAVVNDA;27,150.00;27,150.00;27,144.40;27,040.00;70.00;0,26;5,334.00;144,788,230.00
2023-01-04;PFDAVVNDA;27,210.00;27,210.00;27,199.98;27,150.00;60.00;0,22;6,130.00;166,735,860.00
2023-01-05;PFDAVVNDA;27,750.00;27,780.00;27,566.06;27,300.00;540.00;1,98;5,680.00;156,575,240.00
2023-01-06;PFDAVVNDA;28,700.00;28,700.00;28,321.65;27,800.00;950.00;3,42;49,937.00;1,414,298,200.00
2023-01-10;PFDAVVNDA;29,000.00;29,000.00;28,736.15;28,120.00;300.00;1,05;28,178.00;809,727,150.00
2023-01-11;PFDAVVNDA;29,050.00;29,050.00;28,753.01;28,600.00;50.00;0,17;43,900.00;1,262,257,250.00
2023-01-12;PFDAVVNDA;28,800.00;28,800.00;28,714.09;28,110.00;-250.00;-0,86;13,341.00;383,074,670.00
2023-01-13;PFDAVVNDA;28,360.00;28,370.00;28,359.66;28,350.00;-440.00;-1,53;4,658.00;132,099,280.00
2023-01-16;PFDAVVNDA;28,300.00;28,300.00;28,074.37;28,020.00;-60.00;-0,21;2,439.00;68,473,380.00
2023-01-17;PFDAVVNDA;27,930.00;28,030.00;27,944.70;27,900.00;-370.00;-1,31;9,425.00;263,378,810.00
2023-01-18;PFDAVVNDA;27,350.00;27,830.00;27,597.54;27,350.00;-580.00;-2,08;34,950.00;964,533,970.00
2023-01-19;PFDAVVNDA;27,180.00;28,260.00;26,995.88;26,700.00;-170.00;-0,62;59,577.00;1,608,333,350.00
2023-01-20;PFDAVVNDA;27,300.00;27,320.00;27,273.69;26,910.00;120.00;0,44;19,697.00;537,209,800.00
2023-01-23;PFDAVVNDA;27,020.00;27,790.00;27,325.04;27,020.00;-280.00;-1,03;4,410.00;120,503,430.00
2023-01-24;PFDAVVNDA;26,530.00;26,910.00;26,677.19;26,430.00;-490.00;-1,81;29,135.00;777,240,040.00
2023-01-25;PFDAVVNDA;25,700.00;26,500.00;26,294.69;25,700.00;-830.00;-3,13;106,939.00;2,811,927,730.00
2023-01-26;PFDAVVNDA;25,500.00;25,900.00;25,688.83;25,500.00;-200.00;-0,78;142,960.00;3,672,475,720.00
2023-01-27;PFDAVVNDA;25,290.00;25,500.00;25,286.09;25,010.00;-210.00;-0,82;58,493.00;1,479,058,990.00
2023-01-30;PFDAVVNDA;25,290.00;25,500.00;25,278.13;25,000.00;0.00;0;37,462.00;946,969,320.00
2023-01-31;PFDAVVNDA;25,500.00;25,500.00;25,373.15;24,750.00;210.00;0,83;50,614.00;1,284,236,670.00
2023-02-01;PFDAVVNDA;25,600.00;25,600.00;25,126.56;24,510.00;100.00;0,39;57,922.00;1,455,380,720.00
2023-02-02;PFDAVVNDA;25,700.00;26,000.00;25,832.73;25,700.00;100.00;0,39;10,143.00;262,021,420.00
2023-02-03;PFDAVVNDA;25,600.00;25,600.00;25,515.79;25,350.00;-100.00;-0,39;20,818.00;531,187,710.00
2023-02-06;PFDAVVNDA;26,000.00;26,000.00;25,702.36;25,200.00;400.00;1,56;77,159.00;1,983,168,260.00
2023-02-07;PFDAVVNDA;25,700.00;25,700.00;25,613.69;25,360.00;-300.00;-1,15;31,553.00;808,188,730.00
2023-02-08;PFDAVVNDA;25,040.00;25,580.00;25,246.48;25,040.00;-660.00;-2,57;23,084.00;582,789,810.00
2023-02-09;PFDAVVNDA;25,100.00;25,100.00;24,829.45;24,280.00;60.00;0,24;67,426.00;1,674,150,790.00
2023-02-10;PFDAVVNDA;25,300.00;25,310.00;25,092.72;24,610.00;200.00;0,8;129,285.00;3,244,112,190.00
2023-02-13;PFDAVVNDA;25,000.00;25,000.00;24,868.91;24,510.00;-300.00;-1,19;42,187.00;1,049,144,590.00
2023-02-14;PFDAVVNDA;25,000.00;25,170.00;24,836.84;23,750.00;0.00;0;47,114.00;1,170,162,720.00
2023-02-15;PFDAVVNDA;25,460.00;25,460.00;24,942.77;23,690.00;460.00;1,84;37,747.00;941,514,650.00
2023-02-16;PFDAVVNDA;25,000.00;25,000.00;24,931.00;24,640.00;-460.00;-1,81;60,457.00;1,507,253,620.00
2023-02-17;PFDAVVNDA;24,990.00;25,000.00;24,899.46;24,590.00;-10.00;-0,04;59,184.00;1,473,649,660.00
2023-02-20;PFDAVVNDA;25,160.00;25,160.00;25,041.09;24,560.00;170.00;0,68;19,976.00;500,220,910.00
2023-02-21;PFDAVVNDA;25,000.00;25,110.00;25,030.28;25,000.00;-160.00;-0,64;10,264.00;256,910,820.00
2023-02-22;PFDAVVNDA;25,050.00;25,350.00;25,131.72;25,050.00;50.00;0,2;2,810.00;70,620,140.00
2023-02-23;PFDAVVNDA;25,000.00;25,150.00;25,021.08;25,000.00;-50.00;-0,2;8,560.00;214,180,480.00
2023-02-24;PFDAVVNDA;25,000.00;25,010.00;24,995.21;24,530.00;0.00;0;28,359.00;708,839,180.00
2023-02-27;PFDAVVNDA;25,000.00;25,000.00;24,981.45;25,000.00;0.00;;44,606.00;1,114,322,600.00
2023-02-28;PFDAVVNDA;25,000.00;25,000.00;24,905.32;24,000.00;0.00;0;44,961.00;1,119,767,900.00
2023-03-01;PFDAVVNDA;25,000.00;25,000.00;24,820.93;23,730.00;0.00;0;29,417.00;730,157,390.00
2023-03-02;PFDAVVNDA;25,280.00;25,340.00;25,157.33;24,150.00;280.00;1,12;33,780.00;849,814,550.00
2023-03-03;PFDAVVNDA;24,710.00;25,280.00;25,010.50;24,600.00;-570.00;-2,25;53,021.00;1,326,081,490.00
2023-03-06;PFDAVVNDA;24,970.00;24,970.00;24,807.18;24,560.00;260.00;1,05;21,792.00;540,598,170.00
2023-03-07;PFDAVVNDA;24,490.00;24,970.00;24,514.68;24,380.00;-480.00;-1,92;19,347.00;474,285,580.00
2023-03-08;PFDAVVNDA;24,250.00;24,660.00;24,454.56;24,250.00;-240.00;-0,98;54,290.00;1,327,637,980.00
2023-03-09;PFDAVVNDA;23,360.00;24,250.00;23,411.34;23,130.00;-890.00;-3,67;71,970.00;1,684,914,320.00
2023-03-10;PFDAVVNDA;22,900.00;23,300.00;22,918.38;22,900.00;-460.00;-1,97;19,081.00;437,305,600.00
2023-03-13;PFDAVVNDA;21,900.00;22,960.00;22,166.71;21,900.00;-1,000.00;-4,37;80,249.00;1,778,855,920.00
2023-03-14;PFDAVVNDA;21,900.00;22,120.00;22,007.49;21,870.00;0.00;0;93,824.00;2,064,831,080.00
2023-03-15;PFDAVVNDA;21,840.00;22,000.00;21,760.13;20,700.00;-60.00;-0,27;114,219.00;2,485,420,120.00
2023-03-16;PFDAVVNDA;21,870.00;22,300.00;22,012.96;21,310.00;30.00;0,14;36,049.00;793,545,070.00
2023-03-17;PFDAVVNDA;23,000.00;23,000.00;22,918.75;20,540.00;1,130.00;5,17;484,247.00;11,098,335,770.00
2023-03-21;PFDAVVNDA;22,500.00;22,600.00;22,573.06;22,500.00;-500.00;-2,17;85,770.00;1,936,091,710.00
2023-03-22;PFDAVVNDA;22,550.00;22,550.00;22,459.78;22,410.00;50.00;0,22;8,930.00;200,565,800.00
2023-03-23;PFDAVVNDA;21,610.00;22,550.00;21,878.64;21,610.00;-940.00;-4,17;7,268.00;159,013,940.00
2023-03-24;PFDAVVNDA;22,000.00;22,000.00;21,613.24;21,280.00;390.00;1,8;244,404.00;5,282,362,390.00
2023-03-27;PFDAVVNDA;22,840.00;22,840.00;22,077.74;22,000.00;840.00;3,82;18,854.00;416,253,620.00
2023-03-28;PFDAVVNDA;23,480.00;23,480.00;22,855.56;22,800.00;640.00;2,8;184,878.00;4,225,490,510.00
2023-03-29;PFDAVVNDA;23,900.00;23,990.00;23,749.70;23,110.00;420.00;1,79;9,781.00;232,295,850.00
2023-03-30;PFDAVVNDA;24,100.00;24,200.00;24,000.04;23,880.00;200.00;0,84;13,805.00;331,320,600.00
2023-03-31;PFDAVVNDA;24,100.00;24,100.00;24,128.47;24,100.00;0.00;;3,824.00;92,267,280.00
2023-04-03;PFDAVVNDA;24,000.00;24,100.00;23,987.99;23,020.00;-100.00;-0,41;22,939.00;550,260,390.00
2023-04-04;PFDAVVNDA;23,020.00;23,020.00;23,129.05;23,020.00;-980.00;-4,08;1,054.00;24,378,020.00
2023-04-05;PFDAVVNDA;23,210.00;23,210.00;23,184.56;23,020.00;190.00;0,83;18,979.00;440,019,740.00
2023-04-10;PFDAVVNDA;22,000.00;22,780.00;22,272.70;22,000.00;-1,210.00;-5,21;62,966.00;1,402,422,820.00
2023-04-11;PFDAVVNDA;21,600.00;22,000.00;21,746.78;21,600.00;-400.00;-1,82;119,693.00;2,602,937,790.00
2023-04-12;PFDAVVNDA;21,500.00;21,700.00;21,211.99;21,000.00;-100.00;-0,46;223,568.00;4,742,321,440.00
2023-04-13;PFDAVVNDA;21,820.00;21,820.00;21,252.01;21,200.00;320.00;1,49;574,363.00;12,206,370,470.00
2023-04-14;PFDAVVNDA;22,200.00;22,300.00;21,892.30;21,750.00;380.00;1,74;182,976.00;4,005,765,250.00
2023-04-17;PFDAVVNDA;22,250.00;22,640.00;22,328.19;22,250.00;50.00;0,23;248,394.00;5,546,187,360.00
2023-04-18;PFDAVVNDA;22,090.00;22,400.00;22,146.04;22,000.00;-160.00;-0,72;350,790.00;7,768,608,860.00
2023-04-19;PFDAVVNDA;21,800.00;21,990.00;21,876.36;21,800.00;-290.00;-1,31;10,411.00;227,754,750.00
2023-04-20;PFDAVVNDA;21,500.00;21,790.00;21,560.74;21,350.00;-300.00;-1,38;26,408.00;569,375,970.00
2023-04-21;PFDAVVNDA;21,560.00;21,650.00;21,545.06;21,260.00;60.00;0,28;45,045.00;970,497,110.00
2023-04-24;PFDAVVNDA;21,560.00;21,600.00;21,508.32;21,330.00;0.00;0;43,141.00;927,890,290.00
2023-04-25;PFDAVVNDA;21,460.00;21,560.00;21,013.49;21,000.00;-100.00;-0,46;1,027,341.00;21,588,022,970.00
2023-04-26;PFDAVVNDA;21,460.00;21,750.00;21,268.45;20,960.00;0.00;0;14,697.00;312,582,380.00
2023-04-27;PFDAVVNDA;21,000.00;21,160.00;20,985.21;20,890.00;-460.00;-2,14;12,548.00;263,322,390.00
2023-04-28;PFDAVVNDA;21,100.00;21,200.00;21,026.32;20,770.00;100.00;0,48;115,404.00;2,426,520,930.00
2023-05-02;PFDAVVNDA;20,400.00;21,100.00;20,427.03;20,300.00;-700.00;-3,32;28,384.00;579,800,700.00
2023-05-03;PFDAVVNDA;20,420.00;20,920.00;20,578.23;20,300.00;20.00;0,1;47,551.00;978,515,200.00
2023-05-04;PFDAVVNDA;20,200.00;20,460.00;20,322.89;20,200.00;-220.00;-1,08;14,801.00;300,799,030.00
2023-05-05;PFDAVVNDA;19,710.00;20,100.00;19,746.31;19,500.00;-490.00;-2,43;54,514.00;1,076,450,500.00
2023-05-08;PFDAVVNDA;19,890.00;19,890.00;19,496.41;19,320.00;180.00;0,91;35,806.00;698,088,290.00
2023-05-09;PFDAVVNDA;19,800.00;20,000.00;19,822.61;19,700.00;-90.00;-0,45;17,071.00;338,391,810.00
2023-05-10;PFDAVVNDA;19,870.00;19,950.00;19,916.69;19,870.00;70.00;0,35;4,935.00;98,288,850.00
2023-05-11;PFDAVVNDA;19,380.00;20,000.00;19,545.43;19,380.00;-490.00;-2,47;20,814.00;406,818,550.00
2023-05-12;PFDAVVNDA;19,490.00;19,800.00;19,595.30;19,490.00;110.00;0,57;28,143.00;551,470,410.00
2023-05-15;PFDAVVNDA;19,500.00;19,500.00;19,495.94;19,490.00;10.00;0,05;27,382.00;533,837,860.00
2023-05-16;PFDAVVNDA;19,000.00;19,250.00;19,012.24;18,810.00;-500.00;-2,56;28,879.00;549,054,620.00
2023-05-17;PFDAVVNDA;18,980.00;19,200.00;19,085.82;18,760.00;-20.00;-0,11;526,991.00;10,058,055,290.00
2023-05-18;PFDAVVNDA;19,000.00;19,000.00;18,995.65;18,800.00;20.00;0,11;139,718.00;2,654,034,790.00
2023-05-19;PFDAVVNDA;19,000.00;19,000.00;18,968.91;18,800.00;0.00;0;53,147.00;1,008,140,650.00
2023-05-23;PFDAVVNDA;18,900.00;18,910.00;18,919.84;18,900.00;-100.00;-0,53;15,121.00;286,086,850.00
2023-05-24;PFDAVVNDA;18,900.00;18,900.00;18,818.69;18,700.00;0.00;0;20,987.00;394,947,860.00
2023-05-25;PFDAVVNDA;18,500.00;18,900.00;18,574.89;18,500.00;-400.00;-2,12;3,625.00;67,333,970.00
2023-05-26;PFDAVVNDA;18,500.00;;18,331.05;;;;2,266.00;41,538,170.00
2023-05-29;PFDAVVNDA;18,200.00;18,200.00;18,157.97;18,140.00;-300.00;-1,62;10,887.00;197,685,870.00
2023-05-30;PFDAVVNDA;17,900.00;18,190.00;18,047.85;17,900.00;-300.00;-1,65;9,928.00;179,179,040.00
2023-05-31;PFDAVVNDA;17,710.00;17,710.00;17,710.01;17,650.00;-190.00;-1,06;402,132.00;7,121,759,890.00
2023-06-01;PFDAVVNDA;18,700.00;19,000.00;18,752.21;18,500.00;990.00;5,59;133,677.00;2,506,739,270.00
2023-06-02;PFDAVVNDA;19,270.00;19,780.00;19,460.42;19,170.00;570.00;3,05;46,166.00;898,409,620.00
2023-06-05;PFDAVVNDA;19,490.00;19,550.00;19,381.35;19,300.00;220.00;1,14;15,600.00;302,349,120.00
2023-06-06;PFDAVVNDA;20,240.00;20,290.00;20,032.45;19,500.00;750.00;3,85;115,189.00;2,307,517,750.00
2023-06-07;PFDAVVNDA;20,600.00;20,640.00;20,513.08;20,330.00;360.00;1,78;71,360.00;1,463,813,730.00
2023-06-08;PFDAVVNDA;20,440.00;20,450.00;20,412.95;20,390.00;-160.00;-0,78;9,817.00;200,393,950.00
2023-06-09;PFDAVVNDA;20,290.00;20,600.00;20,207.43;20,200.00;-150.00;-0,73;1,474,180.00;29,789,393,710.00
2023-06-13;PFDAVVNDA;20,800.00;20,800.00;20,619.80;20,500.00;510.00;2,51;146,117.00;3,012,902,770.00
2023-06-14;PFDAVVNDA;20,500.00;20,990.00;20,744.77;20,500.00;-300.00;-1,44;78,196.00;1,622,157,740.00
2023-06-15;PFDAVVNDA;20,500.00;20,500.00;20,495.61;20,500.00;0.00;;6,435.00;131,889,240.00
2023-06-16;PFDAVVNDA;20,410.00;20,830.00;20,675.10;20,400.00;-90.00;-0,44;31,777.00;656,992,740.00
2023-06-20;PFDAVVNDA;20,400.00;20,450.00;20,286.63;20,400.00;-10.00;-0,05;4,895.00;99,303,050.00
2023-06-21;PFDAVVNDA;20,100.00;20,100.00;20,038.32;20,000.00;-300.00;-1,47;12,876.00;258,013,360.00
2023-06-22;PFDAVVNDA;20,290.00;20,290.00;20,164.63;20,000.00;190.00;0,95;4,324.00;87,191,880.00
2023-06-23;PFDAVVNDA;20,000.00;20,290.00;19,986.19;20,000.00;-290.00;-1,43;13,148.00;262,778,380.00
2023-06-26;PFDAVVNDA;19,720.00;19,740.00;19,739.59;19,720.00;-280.00;-1,4;4,217.00;83,241,860.00
2023-06-27;PFDAVVNDA;20,180.00;20,180.00;19,988.93;19,600.00;460.00;2,33;7,369.00;147,298,400.00
2023-06-28;PFDAVVNDA;20,000.00;20,000.00;19,876.83;19,870.00;-180.00;-0,89;118,513.00;2,355,662,600.00
2023-06-29;PFDAVVNDA;20,000.00;20,140.00;20,068.20;19,990.00;0.00;0;40,802.00;818,822,810.00
2023-06-30;PFDAVVNDA;19,610.00;19,610.00;19,611.28;19,610.00;-390.00;-1,95;10,024.00;196,583,480.00
2022-07-01;PFDAVVNDA;34,000.00;34,000.00;33,320.48;32,400.00;300.00;0,89;137,531.00;4,582,599,380.00
2022-07-05;PFDAVVNDA;32,900.00;34,250.00;33,087.66;32,900.00;-1,100.00;-3,24;16,232.00;537,078,920.00
2022-07-06;PFDAVVNDA;33,200.00;33,200.00;32,851.53;32,040.00;300.00;0,91;7,790.00;255,913,450.00
2022-07-07;PFDAVVNDA;32,310.00;33,500.00;32,989.40;32,310.00;-890.00;-2,68;92,310.00;3,045,251,930.00
2022-07-08;PFDAVVNDA;31,970.00;32,200.00;31,376.32;30,630.00;-340.00;-1,05;108,977.00;3,419,296,780.00
2022-07-11;PFDAVVNDA;31,920.00;31,920.00;31,072.77;30,500.00;-50.00;-0,16;54,492.00;1,693,217,570.00
2022-07-12;PFDAVVNDA;31,200.00;31,200.00;31,179.29;31,020.00;-720.00;-2,26;30,698.00;957,141,750.00
2022-07-13;PFDAVVNDA;30,700.00;31,090.00;30,748.21;30,610.00;-500.00;-1,6;8,453.00;259,914,640.00
2022-07-14;PFDAVVNDA;29,800.00;30,570.00;29,872.63;29,000.00;-900.00;-2,93;76,618.00;2,288,781,130.00
2022-07-15;PFDAVVNDA;29,000.00;29,990.00;29,018.41;28,460.00;-800.00;-2,68;107,486.00;3,119,072,320.00
2022-07-18;PFDAVVNDA;29,300.00;29,750.00;29,058.96;28,370.00;300.00;1,03;213,414.00;6,201,588,040.00
2022-07-19;PFDAVVNDA;29,300.00;30,250.00;29,318.11;28,610.00;0.00;0;52,648.00;1,543,539,730.00
2022-07-21;PFDAVVNDA;29,330.00;29,510.00;29,406.18;29,330.00;30.00;0,1;159,907.00;4,702,254,730.00
2022-07-22;PFDAVVNDA;28,120.00;29,300.00;28,707.26;28,120.00;-1,210.00;-4,13;26,312.00;755,345,400.00
2022-07-25;PFDAVVNDA;30,000.00;30,000.00;29,138.34;28,450.00;1,880.00;6,69;39,409.00;1,148,312,870.00
2022-07-26;PFDAVVNDA;30,000.00;30,230.00;30,003.04;30,000.00;0.00;0;85,945.00;2,578,611,280.00
2022-07-27;PFDAVVNDA;30,000.00;30,050.00;29,882.38;29,500.00;0.00;0;32,737.00;978,259,380.00
2022-07-28;PFDAVVNDA;30,500.00;30,500.00;30,469.44;29,650.00;500.00;1,67;13,431.00;409,235,100.00
2022-07-29;PFDAVVNDA;30,620.00;30,990.00;30,649.89;30,490.00;120.00;0,39;32,526.00;996,918,400.00
2022-08-01;PFDAVVNDA;29,500.00;31,000.00;29,986.25;28,530.00;-1,120.00;-3,66;52,824.00;1,583,993,710.00
2022-08-02;PFDAVVNDA;29,850.00;29,990.00;29,717.37;29,180.00;350.00;1,19;20,976.00;623,351,570.00
2022-08-03;PFDAVVNDA;29,680.00;29,880.00;29,673.08;29,410.00;-170.00;-0,57;35,473.00;1,052,593,260.00
2022-08-04;PFDAVVNDA;30,000.00;30,000.00;29,619.94;28,810.00;320.00;1,08;39,299.00;1,164,033,920.00
2022-08-05;PFDAVVNDA;30,390.00;30,390.00;29,841.04;29,020.00;390.00;1,3;2,641.00;78,810,190.00
2022-08-08;PFDAVVNDA;31,150.00;31,500.00;30,879.46;30,500.00;760.00;2,5;18,732.00;578,434,110.00
2022-08-09;PFDAVVNDA;30,500.00;31,000.00;30,533.62;30,000.00;-650.00;-2,09;49,843.00;1,521,887,200.00
2022-08-10;PFDAVVNDA;30,800.00;30,800.00;30,455.16;30,070.00;300.00;0,98;29,556.00;900,132,820.00
2022-08-11;PFDAVVNDA;31,000.00;31,000.00;30,937.77;30,530.00;200.00;0,65;8,780.00;271,633,610.00
2022-08-12;PFDAVVNDA;31,300.00;31,380.00;31,082.51;30,680.00;300.00;0,97;46,813.00;1,455,065,420.00
2022-08-16;PFDAVVNDA;31,300.00;32,440.00;31,635.68;31,300.00;0.00;0;48,634.00;1,538,569,770.00
2022-08-17;PFDAVVNDA;31,000.00;31,300.00;30,967.48;30,520.00;-300.00;-0,96;208,163.00;6,446,284,160.00
2022-08-18;PFDAVVNDA;31,290.00;31,310.00;31,217.26;31,010.00;290.00;0,94;44,944.00;1,403,028,740.00
2022-08-19;PFDAVVNDA;31,200.00;31,290.00;30,835.70;30,100.00;-90.00;-0,29;99,742.00;3,075,614,830.00
2022-08-22;PFDAVVNDA;30,660.00;30,670.00;30,574.57;30,210.00;-540.00;-1,73;4,878.00;149,142,730.00
2022-08-23;PFDAVVNDA;30,540.00;30,900.00;30,500.11;30,210.00;-120.00;-0,39;152,054.00;4,637,663,170.00
2022-08-24;PFDAVVNDA;31,300.00;31,480.00;30,999.45;30,520.00;760.00;2,49;136,969.00;4,245,964,140.00
2022-08-25;PFDAVVNDA;31,000.00;31,000.00;30,953.43;30,600.00;-300.00;-0,96;204,982.00;6,344,895,700.00
2022-08-26;PFDAVVNDA;31,200.00;31,360.00;31,125.19;30,520.00;200.00;0,65;54,323.00;1,690,813,500.00
2022-08-29;PFDAVVNDA;31,000.00;31,100.00;30,996.64;30,230.00;-200.00;-0,64;40,306.00;1,249,350,610.00
2022-08-30;PFDAVVNDA;31,000.00;31,000.00;30,639.57;30,080.00;0.00;0;16,545.00;506,931,630.00
2022-08-31;PFDAVVNDA;31,000.00;31,000.00;30,655.69;30,130.00;0.00;0;220,966.00;6,773,864,450.00
2022-09-01;PFDAVVNDA;30,500.00;30,500.00;30,069.05;28,550.00;-500.00;-1,61;3,905.00;117,419,630.00
2022-09-02;PFDAVVNDA;31,000.00;31,000.00;30,631.21;30,600.00;500.00;1,64;446,455.00;13,675,455,690.00
2022-09-05;PFDAVVNDA;31,000.00;;30,879.77;;;;341.00;10,530,000.00
2022-09-06;PFDAVVNDA;30,650.00;30,860.00;30,463.25;29,720.00;-350.00;-1,13;45,985.00;1,400,852,770.00
2022-09-07;PFDAVVNDA;30,790.00;31,000.00;30,977.04;29,730.00;140.00;0,46;361,331.00;11,192,964,090.00
2022-09-08;PFDAVVNDA;31,390.00;31,390.00;30,672.62;29,490.00;600.00;1,95;48,058.00;1,474,064,600.00
2022-09-09;PFDAVVNDA;30,840.00;31,500.00;31,288.12;30,660.00;-550.00;-1,75;51,488.00;1,610,962,770.00
2022-09-12;PFDAVVNDA;30,900.00;31,300.00;30,991.60;30,840.00;60.00;0,19;1,354.00;41,962,630.00
2022-09-13;PFDAVVNDA;30,280.00;31,000.00;30,396.74;30,200.00;-620.00;-2,01;66,838.00;2,031,657,150.00
2022-09-14;PFDAVVNDA;28,860.00;30,500.00;29,675.59;28,860.00;-1,420.00;-4,69;10,854.00;322,098,800.00
2022-09-15;PFDAVVNDA;29,600.00;31,000.00;29,303.08;28,540.00;740.00;2,56;165,615.00;4,853,028,890.00
2022-09-16;PFDAVVNDA;28,560.00;29,990.00;28,745.30;28,560.00;-1,040.00;-3,51;119,026.00;3,421,437,640.00
2022-09-19;PFDAVVNDA;29,700.00;29,700.00;28,966.80;28,210.00;1,140.00;3,99;38,140.00;1,104,793,920.00
2022-09-20;PFDAVVNDA;29,780.00;29,900.00;29,470.90;28,900.00;80.00;0,27;99,627.00;2,936,097,680.00
2022-09-21;PFDAVVNDA;29,660.00;30,390.00;29,770.61;29,430.00;-120.00;-0,4;47,425.00;1,411,871,100.00
2022-09-22;PFDAVVNDA;29,920.00;29,960.00;29,622.50;28,430.00;260.00;0,88;47,346.00;1,402,506,750.00
2022-09-23;PFDAVVNDA;30,000.00;30,000.00;29,899.12;28,500.00;80.00;0,27;47,085.00;1,407,800,200.00
2022-09-26;PFDAVVNDA;30,000.00;;28,254.95;;;;1,205.00;34,047,210.00
2022-09-27;PFDAVVNDA;29,000.00;29,000.00;28,710.66;28,010.00;-1,000.00;-3,33;6,243.00;179,240,640.00
2022-09-28;PFDAVVNDA;28,820.00;29,000.00;28,681.18;27,450.00;-180.00;-0,62;42,119.00;1,208,022,640.00
2022-09-29;PFDAVVNDA;29,860.00;29,860.00;29,318.09;29,000.00;1,040.00;3,61;7,811.00;229,003,630.00
2022-09-30;PFDAVVNDA;29,990.00;30,000.00;29,975.14;28,220.00;130.00;0,44;41,650.00;1,248,464,510.00
2022-10-03;PFDAVVNDA;30,000.00;30,000.00;29,983.63;28,330.00;10.00;0,03;72,633.00;2,177,801,360.00
2022-10-04;PFDAVVNDA;31,000.00;31,290.00;30,824.40;30,010.00;1,000.00;3,33;137,635.00;4,242,516,640.00
2022-10-05;PFDAVVNDA;31,990.00;32,000.00;31,580.21;30,020.00;990.00;3,19;110,895.00;3,502,087,210.00
2022-10-06;PFDAVVNDA;32,000.00;32,000.00;31,857.39;30,160.00;10.00;0,03;7,196.00;229,245,790.00
2022-10-07;PFDAVVNDA;31,740.00;31,740.00;31,183.40;30,520.00;-260.00;-0,81;19,350.00;603,398,800.00
2022-10-10;PFDAVVNDA;31,500.00;31,500.00;30,982.92;30,660.00;-240.00;-0,76;24,141.00;747,958,720.00
2022-10-11;PFDAVVNDA;32,000.00;32,000.00;31,908.09;30,410.00;500.00;1,59;153,423.00;4,895,434,180.00
2022-10-12;PFDAVVNDA;31,650.00;31,650.00;31,589.16;30,610.00;-350.00;-1,09;20,240.00;639,364,610.00
2022-10-13;PFDAVVNDA;31,500.00;31,550.00;31,497.15;31,500.00;-150.00;-0,47;25,173.00;792,877,800.00
2022-10-14;PFDAVVNDA;31,000.00;31,250.00;30,940.59;30,010.00;-500.00;-1,59;13,813.00;427,382,350.00
2022-10-18;PFDAVVNDA;29,500.00;31,300.00;31,128.13;29,500.00;-1,500.00;-4,84;41,322.00;1,286,276,730.00
2022-10-19;PFDAVVNDA;29,500.00;30,990.00;29,813.42;29,500.00;0.00;0;353,705.00;10,545,155,170.00
2022-10-20;PFDAVVNDA;28,850.00;30,500.00;29,523.12;28,610.00;-650.00;-2,2;267,387.00;7,894,097,220.00
2022-10-21;PFDAVVNDA;28,240.00;28,850.00;28,360.68;28,100.00;-610.00;-2,11;40,275.00;1,142,226,460.00
2022-10-24;PFDAVVNDA;27,000.00;28,240.00;27,148.65;27,000.00;-1,240.00;-4,39;37,061.00;1,006,156,240.00
2022-10-25;PFDAVVNDA;27,170.00;27,480.00;27,101.83;26,900.00;170.00;0,63;20,698.00;560,953,600.00
2022-10-26;PFDAVVNDA;26,530.00;27,000.00;26,557.71;26,500.00;-640.00;-2,36;148,864.00;3,953,487,540.00
2022-10-27;PFDAVVNDA;26,500.00;26,520.00;26,329.74;26,300.00;-30.00;-0,11;89,323.00;2,351,851,030.00
2022-10-28;PFDAVVNDA;26,120.00;27,000.00;26,447.42;26,120.00;-380.00;-1,43;45,630.00;1,206,795,650.00
2022-10-31;PFDAVVNDA;26,000.00;26,190.00;26,138.13;26,000.00;-120.00;-0,46;10,985.00;287,127,400.00
2022-11-01;PFDAVVNDA;26,710.00;27,140.00;26,532.60;26,310.00;710.00;2,73;175,420.00;4,654,349,460.00
2022-11-02;PFDAVVNDA;26,690.00;26,980.00;26,532.16;26,260.00;-20.00;-0,07;197,498.00;5,240,048,270.00
2022-11-03;PFDAVVNDA;26,500.00;26,950.00;26,551.38;26,360.00;-190.00;-0,71;19,711.00;523,354,340.00
2022-11-04;PFDAVVNDA;26,700.00;26,750.00;26,273.65;26,100.00;200.00;0,75;197,966.00;5,201,288,450.00
2022-11-08;PFDAVVNDA;27,000.00;27,000.00;26,991.11;25,510.00;300.00;1,12;158,685.00;4,283,084,050.00
2022-11-09;PFDAVVNDA;27,100.00;27,180.00;27,058.52;27,000.00;100.00;0,37;92,038.00;2,490,412,350.00
2022-11-10;PFDAVVNDA;27,500.00;27,750.00;27,490.38;27,300.00;400.00;1,48;25,505.00;701,142,240.00
2022-11-11;PFDAVVNDA;27,500.00;27,980.00;27,457.89;26,500.00;0.00;0;14,545.00;399,374,970.00
2022-11-15;PFDAVVNDA;27,960.00;27,970.00;27,726.34;27,310.00;460.00;1,67;18,397.00;510,081,440.00
2022-11-16;PFDAVVNDA;27,850.00;28,000.00;27,730.26;26,500.00;-110.00;-0,39;24,857.00;689,291,170.00
2022-11-17;PFDAVVNDA;27,400.00;27,500.00;27,242.60;26,800.00;-450.00;-1,62;17,408.00;474,239,260.00
2022-11-18;PFDAVVNDA;26,910.00;27,900.00;26,680.91;26,500.00;-490.00;-1,79;568,213.00;15,160,438,340.00
2022-11-21;PFDAVVNDA;26,980.00;27,000.00;26,970.96;26,600.00;70.00;0,26;25,659.00;692,047,900.00
2022-11-22;PFDAVVNDA;27,000.00;27,000.00;26,952.55;26,500.00;20.00;0,07;7,472.00;201,389,440.00
2022-11-23;PFDAVVNDA;26,970.00;27,000.00;26,983.84;26,650.00;-30.00;-0,11;55,844.00;1,506,885,360.00
2022-11-24;PFDAVVNDA;27,000.00;27,000.00;26,882.40;26,970.00;30.00;0,11;1,756.00;47,205,500.00
2022-11-25;PFDAVVNDA;26,990.00;27,000.00;26,859.26;26,500.00;-10.00;-0,04;4,826.00;129,622,770.00
2022-11-28;PFDAVVNDA;26,500.00;26,510.00;26,452.39;26,300.00;-490.00;-1,82;9,486.00;250,927,390.00
2022-11-29;PFDAVVNDA;26,330.00;26,500.00;26,382.90;26,330.00;-170.00;-0,64;11,328.00;298,865,510.00
2022-11-30;PFDAVVNDA;26,200.00;26,300.00;26,200.67;26,200.00;-130.00;-0,49;219,029.00;5,738,707,320.00
2022-12-01;PFDAVVNDA;26,070.00;26,200.00;25,984.09;25,540.00;-130.00;-0,5;33,638.00;874,052,920.00
2022-12-02;PFDAVVNDA;26,470.00;26,470.00;26,288.12;26,470.00;400.00;1,53;1,789.00;47,029,450.00
2022-12-05;PFDAVVNDA;26,230.00;26,290.00;26,262.55;26,230.00;-240.00;-0,91;3,497.00;91,840,140.00
2022-12-06;PFDAVVNDA;26,020.00;26,570.00;26,344.73;25,310.00;-210.00;-0,8;63,392.00;1,670,045,170.00
2022-12-07;PFDAVVNDA;26,020.00;26,490.00;26,089.89;26,020.00;0.00;0;15,339.00;400,192,860.00
2022-12-09;PFDAVVNDA;26,900.00;27,000.00;26,421.19;26,000.00;880.00;3,38;91,514.00;2,417,908,780.00
2022-12-12;PFDAVVNDA;26,800.00;26,800.00;26,588.10;26,490.00;-100.00;-0,37;15,463.00;411,131,860.00
2022-12-13;PFDAVVNDA;26,800.00;26,800.00;26,702.16;26,800.00;0.00;;2,864.00;76,475,000.00
2022-12-14;PFDAVVNDA;26,500.00;26,500.00;26,490.81;25,910.00;-300.00;-1,12;29,371.00;778,061,660.00
2022-12-15;PFDAVVNDA;27,310.00;27,310.00;26,247.06;26,200.00;810.00;3,06;109,679.00;2,878,751,800.00
2022-12-16;PFDAVVNDA;27,500.00;27,510.00;27,162.62;26,200.00;190.00;0,7;197,715.00;5,370,458,170.00
2022-12-19;PFDAVVNDA;27,700.00;27,700.00;27,486.61;26,540.00;200.00;0,73;21,826.00;599,922,680.00
2022-12-20;PFDAVVNDA;27,640.00;27,700.00;27,640.56;26,870.00;-60.00;-0,22;79,992.00;2,211,023,480.00
2022-12-21;PFDAVVNDA;27,100.00;27,100.00;27,094.96;26,910.00;-540.00;-1,95;55,748.00;1,510,489,860.00
2022-12-22;PFDAVVNDA;27,300.00;27,330.00;27,241.32;25,900.00;200.00;0,74;17,795.00;484,759,320.00
2022-12-23;PFDAVVNDA;27,620.00;27,620.00;27,613.95;27,620.00;320.00;1,17;835.00;23,057,650.00
2022-12-26;PFDAVVNDA;27,890.00;27,890.00;27,646.11;26,520.00;270.00;0,98;8,437.00;233,250,210.00
2022-12-27;PFDAVVNDA;27,530.00;27,690.00;27,542.85;26,720.00;-360.00;-1,29;20,330.00;559,946,090.00
2022-12-28;PFDAVVNDA;27,600.00;27,600.00;27,593.25;27,490.00;70.00;0,25;39,636.00;1,093,686,140.00
2022-12-29;PFDAVVNDA;27,560.00;27,590.00;27,572.84;27,020.00;-40.00;-0,14;69,555.00;1,917,828,940.00
2022-01-03;PFDAVVNDA;32,020.00;32,020.00;32,011.14;32,000.00;220.00;0,69;11,094.00;355,131,570.00
2022-01-04;PFDAVVNDA;32,300.00;32,300.00;32,274.54;32,250.00;280.00;0,87;4,202.00;135,617,620.00
2022-01-05;PFDAVVNDA;31,700.00;32,450.00;32,110.81;31,700.00;-600.00;-1,86;87,338.00;2,804,493,600.00
2022-01-06;PFDAVVNDA;31,000.00;32,000.00;31,078.79;30,550.00;-700.00;-2,21;15,286.00;475,070,450.00
2022-01-07;PFDAVVNDA;31,060.00;31,080.00;31,055.17;31,000.00;60.00;0,19;18,536.00;575,638,680.00
2022-01-11;PFDAVVNDA;31,500.00;31,500.00;31,249.33;31,050.00;440.00;1,42;8,007.00;250,213,390.00
2022-01-12;PFDAVVNDA;32,130.00;32,280.00;32,018.45;31,500.00;630.00;2;38,150.00;1,221,503,800.00
2022-01-13;PFDAVVNDA;32,310.00;32,700.00;32,347.16;32,020.00;180.00;0,56;88,978.00;2,878,185,610.00
2022-01-14;PFDAVVNDA;31,900.00;32,470.00;32,009.91;31,900.00;-410.00;-1,27;91,543.00;2,930,283,460.00
2022-01-17;PFDAVVNDA;33,300.00;33,300.00;33,136.40;31,990.00;1,400.00;4,39;587,263.00;19,459,781,690.00
2022-01-18;PFDAVVNDA;34,000.00;34,700.00;34,226.37;33,600.00;700.00;2,1;505,442.00;17,299,447,290.00
2022-01-19;PFDAVVNDA;33,550.00;34,500.00;33,832.62;33,450.00;-450.00;-1,32;219,396.00;7,422,742,060.00
2022-01-20;PFDAVVNDA;32,500.00;33,990.00;32,984.93;32,500.00;-1,050.00;-3,13;58,708.00;1,936,479,110.00
2022-01-21;PFDAVVNDA;32,420.00;33,000.00;32,659.27;32,300.00;-80.00;-0,25;60,724.00;1,983,201,430.00
2022-01-24;PFDAVVNDA;32,300.00;32,420.00;32,116.47;31,900.00;-120.00;-0,37;27,219.00;874,178,270.00
2022-01-25;PFDAVVNDA;32,470.00;32,470.00;32,216.34;31,900.00;170.00;0,53;34,178.00;1,101,090,230.00
2022-01-26;PFDAVVNDA;32,400.00;32,990.00;32,620.10;32,400.00;-70.00;-0,22;108,244.00;3,530,930,450.00
2022-01-27;PFDAVVNDA;32,310.00;32,600.00;32,351.15;32,020.00;-90.00;-0,28;107,069.00;3,463,805,690.00
2022-01-28;PFDAVVNDA;32,690.00;32,860.00;32,684.52;32,420.00;380.00;1,18;38,672.00;1,263,975,650.00
2022-01-31;PFDAVVNDA;33,300.00;33,300.00;33,108.67;32,310.00;610.00;1,87;46,298.00;1,532,865,000.00
2022-02-01;PFDAVVNDA;32,540.00;33,280.00;32,981.23;32,420.00;-760.00;-2,28;45,098.00;1,487,387,530.00
2022-02-02;PFDAVVNDA;32,000.00;32,960.00;32,387.85;32,000.00;-540.00;-1,66;58,755.00;1,902,948,110.00
2022-02-03;PFDAVVNDA;31,820.00;32,000.00;31,886.10;31,600.00;-180.00;-0,56;8,738.00;278,620,780.00
2022-02-04;PFDAVVNDA;31,750.00;32,780.00;31,942.81;31,750.00;-70.00;-0,22;41,551.00;1,327,255,630.00
2022-02-07;PFDAVVNDA;31,990.00;32,300.00;32,005.20;31,860.00;240.00;0,76;58,174.00;1,861,870,720.00
2022-02-08;PFDAVVNDA;31,500.00;32,090.00;31,720.91;31,500.00;-490.00;-1,53;61,405.00;1,947,822,180.00
2022-02-09;PFDAVVNDA;31,530.00;31,900.00;31,728.48;31,510.00;30.00;0,1;73,652.00;2,336,866,300.00
2022-02-10;PFDAVVNDA;31,400.00;31,510.00;31,351.83;31,100.00;-130.00;-0,41;44,544.00;1,396,535,760.00
2022-02-11;PFDAVVNDA;31,730.00;31,730.00;31,224.93;31,050.00;330.00;1,05;13,889.00;433,683,000.00
2022-02-14;PFDAVVNDA;31,760.00;31,780.00;31,527.82;31,460.00;30.00;0,09;89,817.00;2,831,733,780.00
2022-02-15;PFDAVVNDA;31,890.00;32,240.00;31,795.15;31,580.00;130.00;0,41;33,329.00;1,059,700,490.00
2022-02-16;PFDAVVNDA;31,530.00;32,400.00;31,876.86;31,530.00;-360.00;-1,13;36,240.00;1,155,217,270.00
2022-02-17;PFDAVVNDA;30,930.00;31,570.00;31,118.89;30,840.00;-600.00;-1,9;85,177.00;2,650,613,910.00
2022-02-18;PFDAVVNDA;31,490.00;31,490.00;31,148.82;30,850.00;560.00;1,81;22,714.00;707,514,370.00
2022-02-21;PFDAVVNDA;31,390.00;31,400.00;31,370.63;30,900.00;-100.00;-0,32;34,366.00;1,078,083,160.00
2022-02-22;PFDAVVNDA;30,660.00;31,500.00;31,005.52;30,630.00;-730.00;-2,33;45,488.00;1,410,379,210.00
2022-02-23;PFDAVVNDA;31,790.00;31,870.00;31,544.71;31,220.00;1,130.00;3,69;89,295.00;2,816,784,570.00
2022-02-24;PFDAVVNDA;31,980.00;31,980.00;31,487.55;30,900.00;190.00;0,6;77,331.00;2,434,963,710.00
2022-02-25;PFDAVVNDA;31,900.00;32,200.00;31,346.00;31,000.00;-80.00;-0,25;202,512.00;6,347,941,050.00
2022-02-28;PFDAVVNDA;32,000.00;32,000.00;31,869.12;30,510.00;100.00;0,31;50,468.00;1,608,370,670.00
2022-03-01;PFDAVVNDA;32,000.00;32,190.00;31,943.02;31,210.00;0.00;0;70,245.00;2,243,837,680.00
2022-03-02;PFDAVVNDA;32,090.00;32,400.00;32,040.00;32,000.00;90.00;0,28;31,229.00;1,000,577,260.00
2022-03-03;PFDAVVNDA;32,200.00;32,390.00;32,151.85;31,500.00;110.00;0,34;28,932.00;930,217,200.00
2022-03-04;PFDAVVNDA;32,000.00;32,270.00;32,005.97;32,000.00;-200.00;-0,62;58,058.00;1,858,202,470.00
2022-03-07;PFDAVVNDA;32,000.00;32,300.00;32,012.99;31,990.00;0.00;0;75,906.00;2,429,978,360.00
2022-03-08;PFDAVVNDA;32,020.00;32,190.00;32,042.37;32,000.00;20.00;0,06;34,200.00;1,095,849,020.00
2022-03-09;PFDAVVNDA;31,610.00;32,010.00;31,926.92;31,390.00;-410.00;-1,28;127,683.00;4,076,524,430.00
2022-03-10;PFDAVVNDA;31,270.00;32,100.00;31,592.60;31,270.00;-340.00;-1,08;35,808.00;1,131,267,730.00
2022-03-11;PFDAVVNDA;31,280.00;31,560.00;31,261.72;31,100.00;10.00;0,03;17,507.00;547,298,900.00
2022-03-14;PFDAVVNDA;30,700.00;31,250.00;30,858.07;30,530.00;-580.00;-1,85;54,662.00;1,686,763,620.00
2022-03-15;PFDAVVNDA;30,820.00;30,910.00;30,731.39;30,700.00;120.00;0,39;13,720.00;421,634,730.00
2022-03-16;PFDAVVNDA;31,230.00;31,400.00;31,013.38;30,850.00;410.00;1,33;16,264.00;504,401,630.00
2022-03-17;PFDAVVNDA;31,600.00;31,600.00;31,349.57;31,200.00;370.00;1,18;21,812.00;683,796,900.00
2022-03-18;PFDAVVNDA;32,800.00;32,800.00;32,583.58;31,600.00;1,200.00;3,8;180,172.00;5,870,648,490.00
2022-03-22;PFDAVVNDA;32,400.00;32,400.00;32,391.95;32,000.00;-400.00;-1,22;167,208.00;5,416,192,840.00
2022-03-23;PFDAVVNDA;32,700.00;32,900.00;32,588.98;32,410.00;300.00;0,93;100,265.00;3,267,534,560.00
2022-03-24;PFDAVVNDA;33,080.00;33,180.00;33,013.46;32,650.00;380.00;1,16;146,772.00;4,845,451,270.00
2022-03-25;PFDAVVNDA;32,990.00;33,280.00;33,034.69;32,800.00;-90.00;-0,27;120,741.00;3,988,641,010.00
2022-03-28;PFDAVVNDA;33,200.00;33,240.00;32,914.60;32,620.00;210.00;0,64;14,257.00;469,263,480.00
2022-03-29;PFDAVVNDA;33,250.00;33,300.00;33,156.29;32,830.00;50.00;0,15;31,009.00;1,028,143,420.00
2022-03-30;PFDAVVNDA;32,820.00;33,190.00;32,808.89;32,520.00;-430.00;-1,29;45,214.00;1,483,421,160.00
2022-03-31;PFDAVVNDA;32,950.00;32,950.00;32,814.55;32,500.00;130.00;0,4;18,901.00;620,227,770.00
2022-04-01;PFDAVVNDA;33,380.00;33,380.00;33,223.77;32,510.00;430.00;1,31;50,099.00;1,664,477,610.00
2022-04-04;PFDAVVNDA;33,390.00;33,580.00;33,407.16;33,170.00;10.00;0,03;14,169.00;473,346,070.00
2022-04-05;PFDAVVNDA;33,900.00;33,990.00;33,741.65;33,300.00;510.00;1,53;108,935.00;3,675,646,700.00
2022-04-06;PFDAVVNDA;33,910.00;34,120.00;34,003.50;33,720.00;10.00;0,03;138,655.00;4,714,755,010.00
2022-04-07;PFDAVVNDA;34,000.00;34,000.00;33,827.02;33,520.00;90.00;0,27;76,409.00;2,584,688,970.00
2022-04-08;PFDAVVNDA;34,800.00;34,800.00;34,557.57;33,540.00;800.00;2,35;241,264.00;8,337,498,120.00
2022-04-11;PFDAVVNDA;34,600.00;34,600.00;34,517.74;33,820.00;-200.00;-0,57;12,616.00;435,475,770.00
2022-04-12;PFDAVVNDA;34,480.00;34,480.00;34,107.87;34,010.00;-120.00;-0,35;14,796.00;504,660,060.00
2022-04-13;PFDAVVNDA;34,480.00;;34,426.36;;;;110.00;3,786,900.00
2022-04-18;PFDAVVNDA;34,050.00;34,350.00;34,190.55;34,050.00;-430.00;-1,25;40,282.00;1,377,263,540.00
2022-04-19;PFDAVVNDA;33,400.00;34,040.00;33,554.55;33,400.00;-650.00;-1,91;26,194.00;878,927,780.00
2022-04-20;PFDAVVNDA;33,200.00;33,410.00;33,230.80;33,100.00;-200.00;-0,6;96,798.00;3,216,674,910.00
2022-04-21;PFDAVVNDA;33,100.00;33,860.00;33,246.06;33,100.00;-100.00;-0,3;82,817.00;2,753,339,350.00
2022-04-22;PFDAVVNDA;33,300.00;33,550.00;33,171.80;33,010.00;200.00;0,6;98,713.00;3,274,487,750.00
2022-04-25;PFDAVVNDA;32,500.00;33,140.00;32,819.07;32,500.00;-800.00;-2,4;72,714.00;2,386,405,840.00
2022-04-26;PFDAVVNDA;33,200.00;33,200.00;33,036.05;32,990.00;700.00;2,15;69,761.00;2,304,627,820.00
2022-04-27;PFDAVVNDA;33,200.00;33,700.00;33,263.15;33,190.00;0.00;0;46,973.00;1,562,469,970.00
2022-04-28;PFDAVVNDA;33,680.00;33,680.00;33,281.60;33,020.00;480.00;1,45;32,049.00;1,066,642,080.00
2022-04-29;PFDAVVNDA;33,200.00;33,600.00;33,468.26;33,000.00;-480.00;-1,43;15,590.00;521,770,110.00
2022-05-02;PFDAVVNDA;34,000.00;34,000.00;33,751.41;33,000.00;800.00;2,41;19,630.00;662,540,150.00
2022-05-03;PFDAVVNDA;33,630.00;34,290.00;34,035.60;33,600.00;-370.00;-1,09;49,492.00;1,684,489,930.00
2022-05-04;PFDAVVNDA;33,040.00;34,080.00;33,342.87;33,040.00;-590.00;-1,75;34,406.00;1,147,194,760.00
2022-05-05;PFDAVVNDA;32,040.00;33,300.00;32,281.90;32,040.00;-1,000.00;-3,03;17,660.00;570,098,400.00
2022-05-06;PFDAVVNDA;31,320.00;32,040.00;31,835.10;31,320.00;-720.00;-2,25;50,071.00;1,594,015,200.00
2022-05-09;PFDAVVNDA;31,000.00;31,320.00;31,200.62;31,000.00;-320.00;-1,02;27,699.00;864,225,920.00
2022-05-10;PFDAVVNDA;31,340.00;31,340.00;31,123.84;30,800.00;340.00;1,1;16,609.00;516,935,930.00
2022-05-11;PFDAVVNDA;32,000.00;32,000.00;31,284.16;30,600.00;660.00;2,11;20,440.00;639,448,160.00
2022-05-12;PFDAVVNDA;31,700.00;32,000.00;31,666.55;30,700.00;-300.00;-0,94;17,063.00;540,326,330.00
2022-05-13;PFDAVVNDA;31,500.00;32,480.00;32,039.29;31,500.00;-200.00;-0,63;188,179.00;6,029,121,200.00
2022-05-16;PFDAVVNDA;32,500.00;32,500.00;31,815.76;31,500.00;1,000.00;3,17;63,178.00;2,010,055,820.00
2022-05-17;PFDAVVNDA;32,280.00;32,280.00;32,265.46;31,330.00;-220.00;-0,68;187,773.00;6,058,582,170.00
2022-05-18;PFDAVVNDA;31,300.00;31,510.00;31,493.85;31,300.00;-980.00;-3,04;86,677.00;2,729,792,300.00
2022-05-19;PFDAVVNDA;31,180.00;31,180.00;30,997.97;30,000.00;-120.00;-0,38;96,683.00;2,996,976,590.00
2022-05-20;PFDAVVNDA;32,900.00;32,900.00;31,873.92;31,190.00;1,720.00;5,52;19,748.00;629,446,080.00
2022-05-23;PFDAVVNDA;33,200.00;33,500.00;32,960.15;31,170.00;300.00;0,91;36,132.00;1,190,916,060.00
2022-05-24;PFDAVVNDA;33,000.00;33,000.00;32,607.37;31,760.00;-200.00;-0,6;20,476.00;667,668,550.00
2022-05-25;PFDAVVNDA;33,000.00;33,000.00;32,542.95;31,960.00;0.00;0;49,472.00;1,609,965,020.00
2022-05-26;PFDAVVNDA;33,400.00;33,400.00;33,164.30;32,510.00;400.00;1,21;61,524.00;2,040,400,110.00
2022-05-27;PFDAVVNDA;34,000.00;34,000.00;33,536.68;31,000.00;600.00;1,8;170,246.00;5,709,485,720.00
2022-05-31;PFDAVVNDA;36,550.00;36,550.00;35,994.66;34,080.00;2,550.00;7,5;351,891.00;12,666,195,270.00
2022-06-01;PFDAVVNDA;36,800.00;37,040.00;36,875.27;36,000.00;250.00;0,68;500,714.00;18,463,966,400.00
2022-06-02;PFDAVVNDA;36,970.00;37,000.00;36,783.34;35,590.00;170.00;0,46;41,975.00;1,543,980,790.00
2022-06-03;PFDAVVNDA;37,000.00;37,000.00;36,826.03;36,600.00;30.00;0,08;63,346.00;2,332,781,440.00
2022-06-06;PFDAVVNDA;36,150.00;36,170.00;36,156.62;35,800.00;-850.00;-2,3;9,334.00;337,485,920.00
2022-06-07;PFDAVVNDA;36,640.00;36,680.00;36,096.09;35,040.00;490.00;1,36;38,210.00;1,379,231,650.00
2022-06-08;PFDAVVNDA;35,050.00;36,000.00;35,217.06;35,050.00;-1,590.00;-4,34;18,914.00;666,095,520.00
2022-06-09;PFDAVVNDA;35,000.00;35,200.00;34,981.11;34,800.00;-50.00;-0,14;67,438.00;2,359,056,400.00
2022-06-10;PFDAVVNDA;34,700.00;35,000.00;34,678.10;33,970.00;-300.00;-0,86;45,654.00;1,583,194,070.00
2022-06-13;PFDAVVNDA;34,000.00;34,000.00;33,684.51;32,780.00;-700.00;-2,02;43,185.00;1,454,665,740.00
2022-06-14;PFDAVVNDA;35,000.00;35,000.00;33,944.48;32,100.00;1,000.00;2,94;27,095.00;919,725,690.00
2022-06-15;PFDAVVNDA;35,100.00;35,100.00;34,907.17;33,510.00;100.00;0,29;20,078.00;700,866,150.00
2022-06-16;PFDAVVNDA;35,160.00;35,200.00;35,032.55;33,590.00;60.00;0,17;17,993.00;630,340,690.00
2022-06-17;PFDAVVNDA;35,500.00;35,500.00;35,234.15;34,980.00;340.00;0,97;35,116.00;1,237,282,520.00
2022-06-21;PFDAVVNDA;34,000.00;34,000.00;33,683.19;32,030.00;-1,500.00;-4,23;49,755.00;1,675,906,980.00
2022-06-22;PFDAVVNDA;33,900.00;34,500.00;33,969.58;32,370.00;-100.00;-0,29;149,421.00;5,075,767,920.00
2022-06-23;PFDAVVNDA;34,000.00;34,000.00;33,222.78;32,520.00;100.00;0,29;58,836.00;1,954,695,630.00
2022-06-24;PFDAVVNDA;34,480.00;34,480.00;34,132.39;33,020.00;480.00;1,41;25,772.00;879,659,930.00
2022-06-28;PFDAVVNDA;34,000.00;34,000.00;33,574.98;32,830.00;-480.00;-1,39;65,464.00;2,197,952,570.00
2022-06-29;PFDAVVNDA;33,500.00;34,100.00;33,848.05;33,000.00;-500.00;-1,47;95,915.00;3,246,535,660.00
2022-06-30;PFDAVVNDA;33,700.00;34,000.00;33,472.66;32,300.00;200.00;0,6;104,401.00;3,494,579,570.00
2021-07-01;PFDAVVNDA;28,010.00;28,420.00;27,982.60;27,620.00;470.00;1,71;60,526.00;1,693,674,600.00
2021-07-02;PFDAVVNDA;28,720.00;28,750.00;28,309.97;27,690.00;710.00;2,53;35,332.00;1,000,247,980.00
2021-07-06;PFDAVVNDA;28,220.00;29,000.00;28,464.11;28,200.00;-500.00;-1,74;405,616.00;11,545,498,280.00
2021-07-07;PFDAVVNDA;28,640.00;28,900.00;28,527.29;28,090.00;420.00;1,49;102,032.00;2,910,696,860.00
2021-07-08;PFDAVVNDA;29,350.00;29,480.00;29,022.79;28,450.00;710.00;2,48;164,792.00;4,782,723,510.00
2021-07-09;PFDAVVNDA;29,550.00;29,980.00;29,543.10;29,180.00;200.00;0,68;92,189.00;2,723,548,810.00
2021-07-12;PFDAVVNDA;29,850.00;29,880.00;29,715.17;29,380.00;300.00;1,02;31,121.00;924,765,690.00
2021-07-13;PFDAVVNDA;29,900.00;29,900.00;29,844.86;29,680.00;50.00;0,17;38,272.00;1,142,222,670.00
2021-07-14;PFDAVVNDA;29,900.00;0.00;29,595.24;0.00;0.00;0;271.00;8,020,310.00
2021-07-15;PFDAVVNDA;29,760.00;29,770.00;29,548.38;29,320.00;-140.00;-0,47;14,687.00;433,976,990.00
2021-07-16;PFDAVVNDA;29,540.00;29,800.00;29,256.73;29,070.00;-220.00;-0,74;303,809.00;8,888,457,290.00
2021-07-19;PFDAVVNDA;29,000.00;29,210.00;28,948.99;28,510.00;-540.00;-1,83;4,229.00;122,425,270.00
2021-07-21;PFDAVVNDA;29,110.00;29,830.00;29,288.80;29,110.00;110.00;0,38;100,108.00;2,932,043,630.00
2021-07-22;PFDAVVNDA;29,500.00;29,790.00;28,990.02;28,630.00;390.00;1,34;18,437.00;534,488,920.00
2021-07-23;PFDAVVNDA;29,030.00;29,500.00;29,244.00;28,730.00;-470.00;-1,59;28,591.00;836,115,330.00
2021-07-26;PFDAVVNDA;28,810.00;29,300.00;28,720.70;28,630.00;-220.00;-0,76;60,062.00;1,725,022,480.00
2021-07-27;PFDAVVNDA;29,040.00;29,350.00;29,093.26;28,790.00;230.00;0,8;261,232.00;7,600,091,010.00
2021-07-28;PFDAVVNDA;28,800.00;29,050.00;29,035.37;28,700.00;-240.00;-0,83;272,708.00;7,918,178,930.00
2021-07-29;PFDAVVNDA;28,790.00;29,300.00;28,792.22;28,680.00;-10.00;-0,03;18,638.00;536,629,430.00
2021-07-30;PFDAVVNDA;28,700.00;28,880.00;28,692.65;28,570.00;-90.00;-0,31;40,027.00;1,148,480,730.00
2021-08-02;PFDAVVNDA;28,500.00;28,700.00;28,644.35;28,160.00;-200.00;-0,7;176,933.00;5,068,129,970.00
2021-08-03;PFDAVVNDA;28,300.00;28,400.00;28,307.48;28,210.00;-200.00;-0,7;11,544.00;326,781,540.00
2021-08-04;PFDAVVNDA;28,870.00;29,000.00;28,925.19;28,300.00;570.00;2,01;146,085.00;4,225,537,040.00
2021-08-05;PFDAVVNDA;28,390.00;29,000.00;28,606.99;28,390.00;-480.00;-1,66;20,097.00;574,914,710.00
2021-08-06;PFDAVVNDA;28,420.00;28,420.00;28,275.14;28,160.00;30.00;0,11;1,842.00;52,082,800.00
2021-08-09;PFDAVVNDA;28,660.00;28,660.00;28,426.11;28,420.00;240.00;0,84;16,973.00;482,476,430.00
2021-08-10;PFDAVVNDA;28,800.00;28,800.00;28,635.28;28,420.00;140.00;0,49;49,756.00;1,424,777,130.00
2021-08-11;PFDAVVNDA;29,060.00;29,060.00;28,830.69;28,610.00;260.00;0,9;70,813.00;2,041,587,360.00
2021-08-12;PFDAVVNDA;30,000.00;30,100.00;29,510.52;28,590.00;940.00;3,23;240,248.00;7,089,843,250.00
2021-08-13;PFDAVVNDA;31,000.00;31,090.00;30,614.15;30,000.00;1,000.00;3,33;235,139.00;7,198,579,790.00
2021-08-17;PFDAVVNDA;31,500.00;31,500.00;31,090.89;29,500.00;500.00;1,61;83,979.00;2,610,981,860.00
2021-08-18;PFDAVVNDA;32,690.00;32,750.00;32,288.55;31,500.00;1,190.00;3,78;117,831.00;3,804,591,670.00
2021-08-19;PFDAVVNDA;32,300.00;32,860.00;32,436.75;31,900.00;-390.00;-1,19;53,875.00;1,747,529,700.00
2021-08-20;PFDAVVNDA;32,480.00;32,600.00;32,479.33;32,100.00;180.00;0,56;24,858.00;807,371,300.00
2021-08-23;PFDAVVNDA;33,040.00;33,040.00;32,642.81;32,600.00;560.00;1,72;232,646.00;7,594,218,060.00
2021-08-24;PFDAVVNDA;32,680.00;33,100.00;32,745.59;32,670.00;-360.00;-1,09;21,506.00;704,226,650.00
2021-08-25;PFDAVVNDA;32,200.00;32,600.00;32,354.47;32,100.00;-480.00;-1,47;23,472.00;759,424,190.00
2021-08-26;PFDAVVNDA;31,330.00;32,120.00;31,999.51;31,330.00;-870.00;-2,7;168,472.00;5,391,022,190.00
2021-08-27;PFDAVVNDA;32,540.00;32,550.00;32,057.38;31,310.00;1,210.00;3,86;39,892.00;1,278,832,820.00
2021-08-30;PFDAVVNDA;32,480.00;32,850.00;32,502.80;31,530.00;-60.00;-0,18;23,099.00;750,782,210.00
2021-08-31;PFDAVVNDA;32,600.00;32,600.00;32,490.84;31,640.00;120.00;0,37;346,986.00;11,273,866,030.00
2021-09-01;PFDAVVNDA;32,590.00;32,800.00;32,659.00;31,920.00;-10.00;-0,03;24,839.00;811,216,940.00
2021-09-02;PFDAVVNDA;32,540.00;32,800.00;32,696.50;32,540.00;-50.00;-0,15;8,692.00;284,197,960.00
2021-09-03;PFDAVVNDA;32,590.00;32,590.00;32,443.41;32,250.00;50.00;0,15;4,482.00;145,411,370.00
2021-09-06;PFDAVVNDA;32,240.00;32,400.00;32,203.07;32,070.00;-350.00;-1,07;19,804.00;637,749,650.00
2021-09-07;PFDAVVNDA;32,500.00;32,500.00;32,297.44;32,260.00;260.00;0,81;26,892.00;868,542,870.00
2021-09-08;PFDAVVNDA;32,470.00;32,600.00;32,408.82;32,280.00;-30.00;-0,09;12,202.00;395,452,420.00
2021-09-09;PFDAVVNDA;32,700.00;32,750.00;32,664.78;32,410.00;230.00;0,71;194,316.00;6,347,289,760.00
2021-09-10;PFDAVVNDA;32,330.00;32,720.00;32,331.32;32,330.00;-370.00;-1,13;318,341.00;10,292,386,160.00
2021-09-13;PFDAVVNDA;32,000.00;32,020.00;31,968.20;31,800.00;-330.00;-1,02;97,429.00;3,114,629,400.00
2021-09-14;PFDAVVNDA;31,910.00;32,170.00;32,019.20;31,900.00;-90.00;-0,28;380,714.00;12,190,158,510.00
2021-09-15;PFDAVVNDA;31,920.00;32,400.00;31,981.12;31,860.00;10.00;0,03;52,625.00;1,683,006,450.00
2021-09-16;PFDAVVNDA;32,540.00;32,540.00;32,033.15;31,600.00;620.00;1,94;86,167.00;2,760,200,760.00
2021-09-17;PFDAVVNDA;31,620.00;32,500.00;31,801.46;31,620.00;-920.00;-2,83;443,266.00;14,096,506,520.00
2021-09-20;PFDAVVNDA;31,540.00;31,720.00;31,484.57;31,200.00;-80.00;-0,25;82,462.00;2,596,280,700.00
2021-09-21;PFDAVVNDA;30,700.00;31,860.00;30,907.18;29,520.00;-840.00;-2,66;52,528.00;1,623,492,600.00
2021-09-22;PFDAVVNDA;30,990.00;31,130.00;30,856.98;30,800.00;290.00;0,94;653,425.00;20,162,725,010.00
2021-09-23;PFDAVVNDA;31,700.00;31,780.00;31,377.95;31,200.00;710.00;2,29;252,764.00;7,931,215,440.00
2021-09-24;PFDAVVNDA;31,660.00;31,700.00;31,533.28;31,160.00;-40.00;-0,13;13,927.00;439,164,010.00
2021-09-27;PFDAVVNDA;32,720.00;32,960.00;32,286.54;31,700.00;1,060.00;3,35;158,011.00;5,101,628,480.00
2021-09-28;PFDAVVNDA;32,590.00;32,900.00;32,536.85;32,300.00;-130.00;-0,4;56,878.00;1,850,631,190.00
2021-09-29;PFDAVVNDA;32,810.00;32,810.00;32,629.88;32,480.00;220.00;0,68;105,160.00;3,431,358,140.00
2021-09-30;PFDAVVNDA;33,400.00;33,420.00;33,128.43;32,390.00;590.00;1,8;196,800.00;6,519,675,870.00
2021-10-01;PFDAVVNDA;33,400.00;33,590.00;33,403.73;33,300.00;0.00;0;87,140.00;2,910,801,450.00
2021-10-04;PFDAVVNDA;33,200.00;33,800.00;33,263.33;33,180.00;-200.00;-0,6;50,487.00;1,679,365,800.00
2021-10-05;PFDAVVNDA;33,230.00;33,680.00;33,389.59;33,230.00;30.00;0,09;51,622.00;1,723,637,470.00
2021-10-06;PFDAVVNDA;33,280.00;33,380.00;32,938.99;32,690.00;50.00;0,15;45,906.00;1,512,097,430.00
2021-10-07;PFDAVVNDA;33,570.00;33,600.00;33,350.49;33,200.00;290.00;0,87;35,668.00;1,189,545,180.00
2021-10-08;PFDAVVNDA;33,580.00;33,600.00;33,546.51;33,480.00;10.00;0,03;24,926.00;836,180,240.00
2021-10-11;PFDAVVNDA;33,770.00;33,940.00;33,763.25;33,650.00;190.00;0,57;52,945.00;1,787,595,390.00
2021-10-12;PFDAVVNDA;33,030.00;33,780.00;33,285.30;33,030.00;-740.00;-2,19;33,629.00;1,119,351,210.00
2021-10-13;PFDAVVNDA;33,500.00;33,580.00;33,397.54;32,910.00;470.00;1,42;61,871.00;2,066,339,220.00
2021-10-14;PFDAVVNDA;34,550.00;34,550.00;33,843.26;33,500.00;1,050.00;3,13;252,772.00;8,554,628,160.00
2021-10-15;PFDAVVNDA;34,500.00;34,790.00;34,484.61;33,770.00;-50.00;-0,14;37,490.00;1,292,828,170.00
2021-10-19;PFDAVVNDA;34,210.00;34,800.00;34,465.72;34,210.00;-290.00;-0,84;56,917.00;1,961,685,260.00
2021-10-20;PFDAVVNDA;34,030.00;34,440.00;34,099.86;34,030.00;-180.00;-0,53;23,156.00;789,616,330.00
2021-10-21;PFDAVVNDA;34,460.00;34,500.00;34,203.95;34,010.00;430.00;1,26;24,098.00;824,246,780.00
2021-10-22;PFDAVVNDA;33,880.00;34,680.00;33,866.23;33,320.00;-580.00;-1,68;24,230.00;820,578,680.00
2021-10-25;PFDAVVNDA;33,960.00;34,200.00;33,981.52;33,880.00;80.00;0,24;24,282.00;825,139,220.00
2021-10-26;PFDAVVNDA;34,350.00;34,450.00;34,093.60;34,050.00;390.00;1,15;186,252.00;6,350,000,780.00
2021-10-27;PFDAVVNDA;34,400.00;34,650.00;34,612.54;34,340.00;50.00;0,15;157,889.00;5,464,939,870.00
2021-10-28;PFDAVVNDA;34,550.00;34,550.00;34,451.81;34,100.00;150.00;0,44;22,897.00;788,843,070.00
2021-10-29;PFDAVVNDA;33,910.00;34,320.00;33,970.18;33,800.00;-640.00;-1,85;19,076.00;648,015,120.00
2021-11-02;PFDAVVNDA;33,800.00;34,360.00;33,835.96;33,530.00;-110.00;-0,32;55,678.00;1,883,918,330.00
2021-11-03;PFDAVVNDA;33,970.00;34,360.00;33,688.07;33,410.00;170.00;0,5;166,228.00;5,599,899,790.00
2021-11-04;PFDAVVNDA;33,980.00;34,360.00;33,951.78;33,570.00;10.00;0,03;28,421.00;964,943,410.00
2021-11-05;PFDAVVNDA;33,600.00;34,230.00;33,852.24;33,480.00;-380.00;-1,12;32,313.00;1,093,867,400.00
2021-11-08;PFDAVVNDA;33,990.00;33,990.00;33,772.13;33,600.00;390.00;1,16;28,328.00;956,696,770.00
2021-11-09;PFDAVVNDA;33,550.00;34,000.00;33,681.74;33,550.00;-440.00;-1,29;36,318.00;1,223,253,460.00
2021-11-10;PFDAVVNDA;33,290.00;33,820.00;33,310.86;33,100.00;-260.00;-0,77;17,532.00;584,005,920.00
2021-11-11;PFDAVVNDA;33,000.00;33,200.00;32,961.45;32,020.00;-290.00;-0,87;21,308.00;702,342,600.00
2021-11-12;PFDAVVNDA;32,050.00;32,500.00;32,242.11;32,050.00;-950.00;-2,88;13,307.00;429,045,720.00
2021-11-16;PFDAVVNDA;31,400.00;32,100.00;31,989.04;31,400.00;-650.00;-2,03;117,638.00;3,763,126,230.00
2021-11-17;PFDAVVNDA;30,900.00;31,360.00;30,911.04;30,760.00;-500.00;-1,59;188,559.00;5,828,554,280.00
2021-11-18;PFDAVVNDA;30,860.00;31,200.00;30,908.07;30,860.00;-40.00;-0,13;37,913.00;1,171,817,740.00
2021-11-19;PFDAVVNDA;29,700.00;30,800.00;30,531.77;29,700.00;-1,160.00;-3,76;32,387.00;988,832,390.00
2021-11-22;PFDAVVNDA;30,300.00;30,650.00;30,370.80;30,010.00;600.00;2,02;37,757.00;1,146,710,300.00
2021-11-23;PFDAVVNDA;30,990.00;30,990.00;30,300.85;30,100.00;690.00;2,28;17,203.00;521,265,500.00
2021-11-24;PFDAVVNDA;30,500.00;30,500.00;30,424.12;30,320.00;-490.00;-1,58;18,754.00;570,573,970.00
2021-11-25;PFDAVVNDA;30,800.00;30,800.00;30,633.69;30,500.00;300.00;0,98;31,596.00;967,902,100.00
2021-11-26;PFDAVVNDA;30,300.00;30,800.00;30,236.99;29,100.00;-500.00;-1,62;13,726.00;415,032,890.00
2021-11-29;PFDAVVNDA;30,300.00;30,390.00;30,296.87;29,000.00;0.00;0;110,657.00;3,352,560,240.00
2021-11-30;PFDAVVNDA;31,000.00;31,000.00;30,655.95;30,170.00;700.00;2,31;144,796.00;4,438,859,540.00
2021-12-01;PFDAVVNDA;32,400.00;32,700.00;32,239.62;31,310.00;800.00;2,58;214,369.00;6,911,175,200.00
2021-12-02;PFDAVVNDA;32,860.00;33,500.00;32,754.18;32,330.00;460.00;1,42;51,870.00;1,698,959,420.00
2021-12-03;PFDAVVNDA;33,000.00;33,400.00;33,001.13;32,800.00;140.00;0,43;56,598.00;1,867,798,110.00
2021-12-06;PFDAVVNDA;32,900.00;33,400.00;33,055.48;32,900.00;-100.00;-0,3;42,781.00;1,414,146,670.00
2021-12-07;PFDAVVNDA;33,090.00;33,810.00;33,169.40;32,700.00;190.00;0,58;116,318.00;3,858,198,100.00
2021-12-09;PFDAVVNDA;32,740.00;33,040.00;32,507.52;32,090.00;-350.00;-1,06;51,727.00;1,681,516,610.00
2021-12-10;PFDAVVNDA;31,810.00;32,190.00;31,808.83;31,710.00;-930.00;-2,84;14,114.00;448,949,770.00
2021-12-13;PFDAVVNDA;31,000.00;32,360.00;31,292.89;31,000.00;-810.00;-2,55;38,772.00;1,213,288,020.00
2021-12-14;PFDAVVNDA;31,210.00;32,560.00;31,342.79;31,000.00;210.00;0,68;145,918.00;4,573,477,570.00
2021-12-15;PFDAVVNDA;31,400.00;31,830.00;31,625.01;31,400.00;190.00;0,61;97,196.00;3,073,824,570.00
2021-12-16;PFDAVVNDA;32,350.00;32,350.00;32,168.44;31,800.00;950.00;3,03;124,469.00;4,003,973,890.00
2021-12-17;PFDAVVNDA;31,100.00;32,350.00;31,234.03;30,720.00;-1,250.00;-3,86;356,698.00;11,141,114,740.00
2021-12-20;PFDAVVNDA;32,680.00;32,680.00;30,682.05;30,350.00;1,580.00;5,08;245,078.00;7,519,495,750.00
2021-12-21;PFDAVVNDA;31,480.00;31,880.00;31,514.09;31,400.00;-1,200.00;-3,67;31,582.00;995,277,960.00
2021-12-22;PFDAVVNDA;32,190.00;32,190.00;31,798.84;31,300.00;710.00;2,26;51,476.00;1,636,877,290.00
2021-12-23;PFDAVVNDA;32,300.00;32,300.00;32,113.17;31,410.00;110.00;0,34;28,339.00;910,055,230.00
2021-12-24;PFDAVVNDA;32,470.00;32,470.00;32,370.66;32,470.00;170.00;0,53;634.00;20,523,000.00
2021-12-27;PFDAVVNDA;32,000.00;32,470.00;32,008.59;31,990.00;-470.00;-1,45;24,753.00;792,308,740.00
2021-12-28;PFDAVVNDA;32,000.00;32,000.00;31,995.87;31,800.00;0.00;0;105,008.00;3,359,822,510.00
2021-12-29;PFDAVVNDA;32,000.00;32,380.00;32,004.34;32,000.00;0.00;0;86,973.00;2,783,513,740.00
2021-12-30;PFDAVVNDA;31,800.00;32,200.00;32,062.72;31,800.00;-200.00;-0,63;5,694.00;182,565,140.00
2021-01-04;PFDAVVNDA;35,780.00;36,030.00;35,487.85;35,100.00;-620.00;-1,7;190,269.00;6,752,237,000.00
2021-01-05;PFDAVVNDA;34,860.00;35,800.00;35,096.34;34,860.00;-920.00;-2,57;688,424.00;24,161,163,150.00
2021-01-06;PFDAVVNDA;35,490.00;35,490.00;35,406.98;35,150.00;630.00;1,81;148,172.00;5,246,322,610.00
2021-01-07;PFDAVVNDA;35,200.00;35,600.00;35,199.93;35,120.00;-290.00;-0,82;55,573.00;1,956,165,560.00
2021-01-08;PFDAVVNDA;35,180.00;35,300.00;35,191.13;35,120.00;-20.00;-0,06;14,581.00;513,121,910.00
2021-01-12;PFDAVVNDA;34,900.00;35,540.00;35,085.98;34,850.00;-280.00;-0,8;46,434.00;1,629,182,310.00
2021-01-13;PFDAVVNDA;34,800.00;35,050.00;34,803.86;34,620.00;-100.00;-0,29;302,208.00;10,518,003,430.00
2021-01-14;PFDAVVNDA;35,410.00;35,490.00;34,830.08;34,420.00;610.00;1,75;133,006.00;4,632,609,870.00
2021-01-15;PFDAVVNDA;35,000.00;35,410.00;35,033.01;34,510.00;-410.00;-1,16;9,400.00;329,310,280.00
2021-01-18;PFDAVVNDA;34,950.00;34,950.00;34,801.80;34,560.00;-50.00;-0,14;6,264.00;217,998,460.00
2021-01-19;PFDAVVNDA;34,510.00;35,100.00;34,997.58;34,510.00;-440.00;-1,26;124,094.00;4,342,989,300.00
2021-01-20;PFDAVVNDA;33,700.00;35,050.00;33,999.08;33,620.00;-810.00;-2,35;186,394.00;6,337,223,650.00
2021-01-21;PFDAVVNDA;33,140.00;34,170.00;33,360.36;32,790.00;-560.00;-1,66;156,962.00;5,236,308,600.00
2021-01-22;PFDAVVNDA;32,300.00;33,130.00;32,501.07;32,300.00;-840.00;-2,53;230,609.00;7,495,039,370.00
2021-01-25;PFDAVVNDA;32,160.00;32,450.00;32,176.07;32,000.00;-140.00;-0,43;39,247.00;1,262,814,330.00
2021-01-26;PFDAVVNDA;32,010.00;32,450.00;32,283.13;32,010.00;-150.00;-0,47;134,708.00;4,348,796,300.00
2021-01-27;PFDAVVNDA;32,500.00;32,500.00;32,210.20;31,800.00;490.00;1,53;92,205.00;2,969,941,270.00
2021-01-28;PFDAVVNDA;32,800.00;32,800.00;32,205.19;32,000.00;300.00;0,92;104,775.00;3,374,298,680.00
2021-01-29;PFDAVVNDA;33,700.00;33,700.00;33,516.77;32,210.00;900.00;2,74;135,432.00;4,539,243,030.00
2021-02-01;PFDAVVNDA;33,550.00;33,550.00;33,365.38;33,100.00;-150.00;-0,45;16,153.00;538,950,940.00
2021-02-02;PFDAVVNDA;33,400.00;33,700.00;33,425.63;33,260.00;-150.00;-0,45;59,622.00;1,992,902,860.00
2021-02-03;PFDAVVNDA;32,850.00;33,780.00;32,980.59;32,850.00;-550.00;-1,65;67,712.00;2,233,181,790.00
2021-02-04;PFDAVVNDA;32,600.00;33,200.00;32,658.82;32,400.00;-250.00;-0,76;23,430.00;765,196,140.00
2021-02-05;PFDAVVNDA;32,300.00;33,350.00;32,480.40;32,280.00;-300.00;-0,92;127,023.00;4,125,758,250.00
2021-02-08;PFDAVVNDA;33,150.00;33,240.00;32,974.66;32,400.00;850.00;2,63;99,171.00;3,270,130,260.00
2021-02-09;PFDAVVNDA;33,750.00;33,780.00;33,261.89;32,250.00;600.00;1,81;182,677.00;6,076,182,750.00
2021-02-10;PFDAVVNDA;33,110.00;33,750.00;33,349.87;33,000.00;-640.00;-1,9;126,892.00;4,231,831,930.00
2021-02-11;PFDAVVNDA;33,300.00;33,400.00;33,033.59;32,770.00;190.00;0,57;31,901.00;1,053,804,630.00
2021-02-12;PFDAVVNDA;33,030.00;33,260.00;33,132.90;32,800.00;-270.00;-0,81;13,583.00;450,044,240.00
2021-02-15;PFDAVVNDA;33,220.00;33,300.00;33,226.87;32,710.00;190.00;0,58;19,467.00;646,827,420.00
2021-02-16;PFDAVVNDA;33,300.00;33,610.00;33,383.21;33,240.00;80.00;0,24;129,897.00;4,336,378,340.00
2021-02-17;PFDAVVNDA;32,700.00;33,290.00;32,804.17;32,560.00;-600.00;-1,8;31,086.00;1,019,750,540.00
2021-02-18;PFDAVVNDA;32,400.00;32,900.00;32,552.66;32,340.00;-300.00;-0,92;54,822.00;1,784,602,200.00
2021-02-19;PFDAVVNDA;32,300.00;32,370.00;32,268.60;32,120.00;-100.00;-0,31;53,323.00;1,720,658,670.00
2021-02-22;PFDAVVNDA;32,170.00;32,930.00;32,522.33;32,170.00;-130.00;-0,4;10,347.00;336,508,550.00
2021-02-23;PFDAVVNDA;32,480.00;32,990.00;32,214.56;32,000.00;310.00;0,96;112,883.00;3,636,476,130.00
2021-02-24;PFDAVVNDA;32,610.00;32,790.00;32,609.86;32,210.00;130.00;0,4;139,903.00;4,562,217,560.00
2021-02-25;PFDAVVNDA;31,700.00;32,500.00;31,939.86;31,700.00;-910.00;-2,79;74,280.00;2,372,492,970.00
2021-02-26;PFDAVVNDA;31,490.00;31,720.00;31,350.61;31,000.00;-210.00;-0,66;94,702.00;2,968,965,440.00
2021-03-01;PFDAVVNDA;31,990.00;32,100.00;31,923.23;31,730.00;500.00;1,59;68,350.00;2,181,952,860.00
2021-03-02;PFDAVVNDA;31,970.00;32,000.00;31,626.25;31,400.00;-20.00;-0,06;111,883.00;3,538,440,160.00
2021-03-03;PFDAVVNDA;31,720.00;32,090.00;31,721.54;31,700.00;-250.00;-0,78;230,620.00;7,315,622,680.00
2021-03-04;PFDAVVNDA;31,660.00;32,050.00;31,746.01;31,420.00;-60.00;-0,19;175,806.00;5,581,139,290.00
2021-03-05;PFDAVVNDA;32,560.00;32,560.00;31,268.79;31,000.00;900.00;2,84;111,188.00;3,476,714,390.00
2021-03-08;PFDAVVNDA;31,800.00;32,500.00;31,959.84;31,730.00;-760.00;-2,33;53,030.00;1,694,830,420.00
2021-03-09;PFDAVVNDA;31,500.00;31,800.00;31,591.60;31,370.00;-300.00;-0,94;60,662.00;1,916,409,690.00
2021-03-10;PFDAVVNDA;31,100.00;31,470.00;31,209.24;31,100.00;-400.00;-1,27;63,690.00;1,987,716,790.00
2021-03-11;PFDAVVNDA;31,200.00;31,360.00;31,068.88;30,950.00;100.00;0,32;485,461.00;15,082,730,980.00
2021-03-12;PFDAVVNDA;31,200.00;31,590.00;31,235.82;31,080.00;0.00;0;203,821.00;6,366,515,290.00
2021-03-15;PFDAVVNDA;31,130.00;31,400.00;31,104.38;30,900.00;-70.00;-0,22;221,075.00;6,876,399,920.00
2021-03-16;PFDAVVNDA;30,940.00;31,470.00;31,060.30;30,930.00;-190.00;-0,61;356,969.00;11,087,565,310.00
2021-03-17;PFDAVVNDA;30,780.00;31,360.00;30,720.64;30,600.00;-160.00;-0,52;433,724.00;13,324,277,020.00
2021-03-18;PFDAVVNDA;30,000.00;30,730.00;30,064.97;29,900.00;-780.00;-2,53;90,780.00;2,729,298,150.00
2021-03-19;PFDAVVNDA;29,600.00;30,050.00;29,795.73;29,600.00;-400.00;-1,33;1,035,557.00;30,855,178,150.00
2021-03-23;PFDAVVNDA;29,810.00;30,240.00;29,664.39;29,550.00;210.00;0,71;649,903.00;19,278,975,170.00
2021-03-24;PFDAVVNDA;30,280.00;30,380.00;29,724.32;29,700.00;470.00;1,58;1,489,232.00;44,266,404,730.00
2021-03-25;PFDAVVNDA;30,530.00;30,550.00;30,296.26;30,100.00;250.00;0,83;26,632.00;806,849,920.00
2021-03-26;PFDAVVNDA;30,440.00;30,850.00;30,496.30;30,080.00;-90.00;-0,29;44,268.00;1,350,010,370.00
2021-03-29;PFDAVVNDA;30,400.00;30,640.00;30,297.26;29,830.00;-40.00;-0,13;10,434.00;316,121,620.00
2021-03-30;PFDAVVNDA;30,160.00;30,380.00;29,979.96;29,700.00;-240.00;-0,79;50,147.00;1,503,405,050.00
2021-03-31;PFDAVVNDA;29,850.00;29,900.00;29,816.57;29,550.00;-310.00;-1,03;49,419.00;1,473,504,930.00
2021-04-05;PFDAVVNDA;30,120.00;30,170.00;29,994.39;29,800.00;270.00;0,9;46,200.00;1,385,740,620.00
2021-04-06;PFDAVVNDA;30,420.00;30,430.00;30,300.10;30,130.00;300.00;1;527,149.00;15,972,665,220.00
2021-04-07;PFDAVVNDA;30,680.00;30,780.00;30,501.97;30,140.00;260.00;0,85;32,368.00;987,287,730.00
2021-04-08;PFDAVVNDA;30,840.00;30,840.00;30,653.68;30,200.00;160.00;0,52;23,506.00;720,545,350.00
2021-04-09;PFDAVVNDA;30,750.00;30,970.00;30,846.38;30,410.00;-90.00;-0,29;136,562.00;4,212,443,570.00
2021-04-12;PFDAVVNDA;30,320.00;30,500.00;30,336.16;30,270.00;-430.00;-1,4;17,061.00;517,565,250.00
2021-04-13;PFDAVVNDA;30,200.00;30,460.00;30,237.28;30,030.00;-120.00;-0,4;24,729.00;747,737,710.00
2021-04-14;PFDAVVNDA;30,890.00;31,120.00;30,707.77;30,150.00;690.00;2,28;106,301.00;3,264,266,690.00
2021-04-15;PFDAVVNDA;30,780.00;31,300.00;31,035.81;30,780.00;-110.00;-0,36;24,456.00;759,011,670.00
2021-04-16;PFDAVVNDA;31,200.00;31,230.00;30,949.34;30,700.00;420.00;1,36;85,406.00;2,643,258,930.00
2021-04-19;PFDAVVNDA;30,980.00;30,980.00;30,904.35;30,820.00;-220.00;-0,71;129,206.00;3,993,027,640.00
2021-04-20;PFDAVVNDA;30,960.00;31,100.00;30,771.12;30,500.00;-20.00;-0,06;304,724.00;9,376,699,450.00
2021-04-21;PFDAVVNDA;30,820.00;31,200.00;30,909.62;30,750.00;-140.00;-0,45;281,865.00;8,712,339,170.00
2021-04-22;PFDAVVNDA;30,380.00;30,940.00;30,539.58;30,360.00;-440.00;-1,43;86,451.00;2,640,176,960.00
2021-04-23;PFDAVVNDA;30,040.00;30,370.00;30,184.50;30,040.00;-340.00;-1,12;64,208.00;1,938,086,200.00
2021-04-26;PFDAVVNDA;31,000.00;31,000.00;30,733.56;30,120.00;960.00;3,2;39,208.00;1,205,001,420.00
2021-04-27;PFDAVVNDA;31,440.00;31,450.00;31,260.18;30,900.00;440.00;1,42;120,068.00;3,753,347,450.00
2021-04-28;PFDAVVNDA;31,150.00;31,800.00;31,155.97;31,000.00;-290.00;-0,92;97,810.00;3,047,365,330.00
2021-04-29;PFDAVVNDA;30,480.00;31,400.00;30,657.57;30,480.00;-670.00;-2,15;34,783.00;1,066,362,390.00
2021-04-30;PFDAVVNDA;29,310.00;30,480.00;29,797.32;29,310.00;-1,170.00;-3,84;115,505.00;3,441,739,220.00
2021-05-03;PFDAVVNDA;28,500.00;29,320.00;28,762.67;27,900.00;-810.00;-2,76;79,149.00;2,276,536,720.00
2021-05-04;PFDAVVNDA;28,190.00;28,750.00;28,476.05;28,190.00;-310.00;-1,09;137,435.00;3,913,606,340.00
2021-05-05;PFDAVVNDA;28,780.00;29,490.00;28,606.56;28,260.00;590.00;2,09;106,231.00;3,038,903,610.00
2021-05-06;PFDAVVNDA;30,190.00;30,190.00;29,283.13;28,600.00;1,410.00;4,9;54,534.00;1,596,926,150.00
2021-05-07;PFDAVVNDA;30,780.00;30,840.00;30,713.61;29,470.00;590.00;1,95;42,240.00;1,297,342,920.00
2021-05-10;PFDAVVNDA;31,780.00;31,780.00;31,490.98;30,980.00;1,000.00;3,25;51,321.00;1,616,148,760.00
2021-05-11;PFDAVVNDA;31,150.00;31,300.00;31,039.71;30,500.00;-630.00;-1,98;68,570.00;2,128,393,170.00
2021-05-12;PFDAVVNDA;30,830.00;31,360.00;30,755.17;30,110.00;-320.00;-1,03;71,503.00;2,199,086,690.00
2021-05-13;PFDAVVNDA;30,800.00;30,800.00;30,179.35;29,660.00;-30.00;-0,1;81,090.00;2,447,243,160.00
2021-05-14;PFDAVVNDA;31,200.00;31,410.00;30,875.37;30,470.00;400.00;1,3;224,242.00;6,923,554,810.00
2021-05-18;PFDAVVNDA;30,100.00;31,180.00;30,565.00;30,100.00;-1,100.00;-3,53;132,365.00;4,045,736,660.00
2021-05-19;PFDAVVNDA;29,980.00;30,100.00;29,908.02;29,700.00;-120.00;-0,4;398,063.00;11,905,276,930.00
2021-05-20;PFDAVVNDA;29,990.00;29,990.00;29,361.69;28,540.00;10.00;0,03;194,843.00;5,720,920,580.00
2021-05-21;PFDAVVNDA;30,090.00;30,090.00;29,854.85;29,550.00;100.00;0,33;220,365.00;6,578,963,940.00
2021-05-24;PFDAVVNDA;29,770.00;29,770.00;29,591.53;29,500.00;-320.00;-1,06;36,893.00;1,091,720,210.00
2021-05-25;PFDAVVNDA;29,630.00;29,650.00;29,386.81;28,700.00;-140.00;-0,47;53,947.00;1,585,330,300.00
2021-05-26;PFDAVVNDA;28,600.00;29,500.00;28,808.80;28,500.00;-1,030.00;-3,48;67,138.00;1,934,165,150.00
2021-05-27;PFDAVVNDA;28,100.00;29,320.00;28,138.00;28,100.00;-500.00;-1,75;1,057,906.00;29,767,362,870.00
2021-05-28;PFDAVVNDA;28,900.00;29,290.00;28,530.40;28,300.00;800.00;2,85;536,783.00;15,314,631,620.00
2021-05-31;PFDAVVNDA;29,000.00;29,200.00;29,085.79;28,820.00;100.00;0,35;16,698.00;485,674,540.00
2021-06-01;PFDAVVNDA;29,700.00;29,840.00;29,499.92;29,060.00;700.00;2,41;38,632.00;1,139,640,900.00
2021-06-02;PFDAVVNDA;29,370.00;29,970.00;29,853.96;29,370.00;-330.00;-1,11;40,004.00;1,194,277,740.00
2021-06-03;PFDAVVNDA;29,990.00;30,000.00;29,743.42;29,200.00;620.00;2,11;30,130.00;896,169,150.00
2021-06-04;PFDAVVNDA;30,390.00;30,390.00;29,879.87;29,600.00;400.00;1,33;140,714.00;4,204,516,290.00
2021-06-08;PFDAVVNDA;30,390.00;30,390.00;30,318.11;29,600.00;0.00;0;4,773.00;144,708,320.00
2021-06-09;PFDAVVNDA;30,800.00;30,800.00;30,605.00;30,390.00;410.00;1,35;26,595.00;813,940,030.00
2021-06-10;PFDAVVNDA;31,270.00;31,360.00;30,825.38;29,300.00;470.00;1,53;14,694.00;452,948,200.00
2021-06-11;PFDAVVNDA;30,800.00;31,100.00;30,894.51;30,230.00;-470.00;-1,5;13,541.00;418,342,520.00
2021-06-15;PFDAVVNDA;29,630.00;30,800.00;30,259.21;29,630.00;-1,170.00;-3,8;63,062.00;1,908,206,540.00
2021-06-16;PFDAVVNDA;29,900.00;30,180.00;29,985.30;29,730.00;270.00;0,91;60,148.00;1,803,555,840.00
2021-06-17;PFDAVVNDA;29,470.00;29,470.00;29,487.74;29,420.00;-430.00;-1,44;1,073.00;31,640,350.00
2021-06-18;PFDAVVNDA;28,900.00;29,460.00;28,885.78;28,620.00;-570.00;-1,93;251,421.00;7,262,492,730.00
2021-06-21;PFDAVVNDA;28,450.00;29,790.00;28,526.39;28,120.00;-450.00;-1,56;117,766.00;3,359,438,690.00
2021-06-22;PFDAVVNDA;28,400.00;28,880.00;28,407.90;28,200.00;-50.00;-0,18;128,286.00;3,644,335,680.00
2021-06-23;PFDAVVNDA;28,750.00;28,800.00;28,446.47;28,320.00;350.00;1,23;98,156.00;2,792,191,310.00
2021-06-24;PFDAVVNDA;29,600.00;29,600.00;29,270.11;28,600.00;850.00;2,96;68,988.00;2,019,286,650.00
2021-06-25;PFDAVVNDA;29,470.00;30,190.00;29,521.12;29,380.00;-130.00;-0,44;38,028.00;1,122,629,080.00
2021-06-28;PFDAVVNDA;29,100.00;29,270.00;29,021.27;28,900.00;-370.00;-1,26;30,961.00;898,527,520.00
2021-06-29;PFDAVVNDA;28,160.00;28,970.00;28,347.67;28,110.00;-940.00;-3,23;84,041.00;2,382,366,250.00
2021-06-30;PFDAVVNDA;27,540.00;28,270.00;27,904.38;27,260.00;-620.00;-2,2;158,367.00;4,419,132,410.00
