fecha;Nemotecnico;Precio cierre;Precio maximo;Precio promedio ponderado;Precio minimo;Variacion absoluta;Variacion porcentual;Cantidad;Volumen
2025-01-02;CEMARGOS;10,300.00;10,500.00;10,286.34;10,040.00;100;0,98;127,016.00;1,306,530,140.00
2025-01-03;CEMARGOS;10,400.00;10,740.00;10,477.62;10,320.00;100;0,97;285,823.00;2,994,745,060.00
2025-01-07;CEMARGOS;10,940.00;10,960.00;10,863.33;10,480.00;540;5,19;630,081.00;6,844,778,480.00
2025-01-08;CEMARGOS;11,000.00;11,340.00;11,079.62;10,900.00;60;0,55;1,004,633.00;11,130,947,180.00
2025-01-09;CEMARGOS;10,860.00;11,000.00;10,872.67;10,760.00;-140;-1,27;149,051.00;1,620,581,980.00
2025-01-10;CEMARGOS;10,560.00;10,840.00;10,651.70;10,500.00;-300;-2,76;375,081.00;3,995,252,120.00
2025-01-13;CEMARGOS;10,600.00;10,700.00;10,564.57;10,200.00;40;0,38;559,535.00;5,911,249,080.00
2025-01-14;CEMARGOS;10,580.00;10,640.00;10,600.11;10,560.00;-20;-0,19;612,739.00;6,495,101,560.00
2025-01-15;CEMARGOS;10,500.00;10,660.00;10,493.14;10,400.00;-80;-0,76;156,926.00;1,646,647,260.00
2025-01-16;CEMARGOS;10,260.00;10,560.00;10,308.80;10,200.00;-240;-2,29;157,086.00;1,619,367,560.00
2025-01-17;CEMARGOS;10,200.00;10,280.00;10,166.66;10,080.00;-60;-0,58;501,459.00;5,098,165,020.00
2025-01-20;CEMARGOS;10,200.00;10,200.00;10,182.22;10,120.00;0;0;66,497.00;677,086,900.00
2025-01-21;CEMARGOS;10,000.00;10,200.00;10,051.59;10,000.00;-200;-1,96;410,955.00;4,130,752,060.00
2025-01-22;CEMARGOS;9,700.00;9,990.00;9,706.44;9,600.00;-300;-3;1,592,507.00;15,457,569,380.00
2025-01-23;CEMARGOS;9,720.00;9,790.00;9,748.29;9,710.00;20;0,21;278,371.00;2,713,642,510.00
2025-01-24;CEMARGOS;9,980.00;10,000.00;9,838.62;9,750.00;260;2,67;2,315,654.00;22,782,844,700.00
2025-01-27;CEMARGOS;9,900.00;10,040.00;9,904.59;9,700.00;-80;-0,8;994,569.00;9,850,793,910.00
2025-01-28;CEMARGOS;10,180.00;10,180.00;10,048.23;9,940.00;280;2,83;1,112,426.00;11,177,911,270.00
2025-01-29;CEMARGOS;10,300.00;10,400.00;10,264.44;10,100.00;120;1,18;1,270,237.00;13,038,270,120.00
2025-01-30;CEMARGOS;10,500.00;10,520.00;10,445.76;10,340.00;200;1,94;1,911,998.00;19,972,264,920.00
2025-01-31;CEMARGOS;10,340.00;10,600.00;10,502.93;10,340.00;-160;-1,52;480,322.00;5,044,786,420.00
2025-02-03;CEMARGOS;10,340.00;10,380.00;10,313.87;10,180.00;0;0;335,944.00;3,464,881,320.00
2025-02-04;CEMARGOS;10,500.00;10,560.00;10,486.60;10,320.00;160;1,55;445,511.00;4,671,895,460.00
2025-02-05;CEMARGOS;10,520.00;10,760.00;10,703.49;10,500.00;20;0,19;2,548,714.00;27,280,126,540.00
2025-02-06;CEMARGOS;10,660.00;10,660.00;10,596.65;10,520.00;140;1,33;346,983.00;3,676,857,540.00
2025-02-07;CEMARGOS;10,680.00;10,680.00;10,633.51;10,600.00;20;0,19;357,941.00;3,806,168,720.00
2025-02-10;CEMARGOS;10,760.00;10,760.00;10,679.84;10,500.00;80;0,75;604,158.00;6,452,309,500.00
2025-02-11;CEMARGOS;11,000.00;11,000.00;10,899.67;10,760.00;240;2,23;1,872,041.00;20,404,634,620.00
2025-02-12;CEMARGOS;10,680.00;10,940.00;10,785.79;10,640.00;-320;-2,91;961,935.00;10,375,230,700.00
2025-02-13;CEMARGOS;10,700.00;10,740.00;10,683.05;10,600.00;20;0,19;468,831.00;5,008,545,420.00
2025-02-14;CEMARGOS;;10,800.00;10,780.31;10,720.00;80;0,75;75,784.00;816,975,320.00
2025-02-17;CEMARGOS;10,780.00;10,800.00;10,724.36;10,720.00;-20;-0,19;1,471,688.00;15,782,918,800.00
2025-02-18;CEMARGOS;10,820.00;10,820.00;10,747.41;10,640.00;40;0,37;343,497.00;3,691,702,220.00
2025-02-19;CEMARGOS;10,820.00;10,900.00;10,749.03;10,660.00;0;0;482,068.00;5,181,762,480.00
2025-02-20;CEMARGOS;10,740.00;10,900.00;10,737.09;10,660.00;-80;-0,74;658,623.00;7,071,697,360.00
2025-02-21;CEMARGOS;10,700.00;10,780.00;10,698.00;10,600.00;-40;-0,37;444,811.00;4,758,587,420.00
2025-02-24;CEMARGOS;10,700.00;10,700.00;10,612.29;10,500.00;0;0;566,038.00;6,006,961,120.00
2025-02-25;CEMARGOS;10,640.00;10,800.00;10,602.86;10,420.00;-60;-0,56;529,520.00;5,614,428,480.00
2025-02-26;CEMARGOS;10,480.00;10,600.00;10,483.69;10,400.00;-160;-1,5;365,956.00;3,836,569,580.00
2025-02-27;CEMARGOS;10,200.00;10,620.00;10,307.24;10,140.00;-280;-2,67;423,743.00;4,367,621,760.00
2025-02-28;CEMARGOS;10,000.00;10,180.00;10,032.15;10,000.00;-200;-1,96;1,875,399.00;18,814,280,340.00
2025-03-03;CEMARGOS;9,900.00;10,100.00;9,967.66;9,880.00;-100;-1;348,051.00;3,469,254,160.00
2025-03-04;CEMARGOS;9,900.00;9,900.00;9,836.17;9,760.00;0;0;646,369.00;6,357,792,250.00
2025-03-05;CEMARGOS;9,940.00;9,950.00;9,923.48;9,890.00;40;0,4;321,056.00;3,185,992,660.00
2025-03-06;CEMARGOS;9,940.00;9,940.00;9,876.63;9,800.00;0;0;417,862.00;4,127,068,050.00
2025-03-07;CEMARGOS;9,850.00;9,920.00;9,890.93;9,850.00;-90;-0,91;654,762.00;6,476,208,250.00
2025-03-10;CEMARGOS;9,500.00;9,820.00;9,623.40;9,500.00;-350;-3,55;359,025.00;3,455,042,290.00
2025-03-11;CEMARGOS;9,370.00;9,540.00;9,427.97;9,350.00;-130;-1,37;599,457.00;5,651,660,470.00
2025-03-12;CEMARGOS;9,600.00;9,700.00;9,595.88;9,400.00;230;2,45;716,285.00;6,873,386,580.00
2025-03-13;CEMARGOS;9,860.00;9,890.00;9,805.57;9,650.00;260;2,71;406,911.00;3,989,995,410.00
2025-03-14;CEMARGOS;9,950.00;10,000.00;9,941.81;9,900.00;90;0,91;1,055,469.00;10,493,275,720.00
2025-03-17;CEMARGOS;10,140.00;10,240.00;10,166.98;10,000.00;190;1,91;1,057,125.00;10,747,768,750.00
2025-03-18;CEMARGOS;10,080.00;10,080.00;9,982.86;9,950.00;-60;-0,59;583,194.00;5,821,943,790.00
2025-03-19;CEMARGOS;10,200.00;10,200.00;10,163.08;9,980.00;120;1,19;325,521.00;3,308,295,140.00
2025-03-20;CEMARGOS;10,100.00;10,280.00;10,195.32;10,100.00;-100;-0,98;451,134.00;4,599,454,020.00
2025-03-21;CEMARGOS;9,810.00;10,160.00;9,849.18;9,810.00;-290;-2,87;1,727,019.00;17,009,712,990.00
2025-03-25;CEMARGOS;9,900.00;9,970.00;9,932.61;9,890.00;90;0,92;427,289.00;4,244,093,620.00
2025-03-26;CEMARGOS;9,940.00;10,040.00;9,957.99;9,910.00;40;0,4;395,613.00;3,939,508,340.00
2025-03-27;CEMARGOS;10,000.00;10,040.00;9,982.21;9,840.00;60;0,6;476,144.00;4,752,969,610.00
2025-03-28;CEMARGOS;10,260.00;10,260.00;10,087.32;9,980.00;260;2,6;388,671.00;3,920,647,520.00
2025-03-31;CEMARGOS;10,240.00;10,300.00;10,210.97;10,020.00;-20;-0,19;358,371.00;3,659,314,340.00
2025-04-01;CEMARGOS;10,280.00;10,300.00;10,254.61;10,240.00;40;0,39;537,535.00;5,512,211,960.00
2025-04-02;CEMARGOS;10,360.00;10,400.00;10,299.46;10,200.00;80;0,78;1,064,401.00;10,962,758,020.00
2025-04-03;CEMARGOS;10,380.00;10,400.00;10,284.27;10,120.00;20;0,19;608,242.00;6,255,327,000.00
2025-04-04;CEMARGOS;10,100.00;10,300.00;10,158.06;10,080.00;-280;-2,7;510,020.00;5,180,813,120.00
2025-04-07;CEMARGOS;10,100.00;10,200.00;10,115.07;9,800.00;0;0;709,668.00;7,178,344,690.00
2025-04-08;CEMARGOS;9,980.00;10,320.00;10,160.25;9,820.00;-120;-1,19;536,073.00;5,446,638,210.00
2025-04-09;CEMARGOS;10,160.00;10,180.00;10,029.82;9,860.00;180;1,8;785,523.00;7,878,654,780.00
2025-04-10;CEMARGOS;9,810.00;10,160.00;9,995.28;9,810.00;-350;-3,44;729,675.00;7,293,308,870.00
2025-04-11;CEMARGOS;10,160.00;10,160.00;10,055.85;9,940.00;350;3,57;427,746.00;4,301,350,440.00
2025-04-14;CEMARGOS;10,400.00;10,400.00;10,283.17;10,160.00;240;2,36;326,409.00;3,356,518,820.00
2025-04-15;CEMARGOS;10,680.00;10,680.00;10,487.40;10,380.00;280;2,69;385,378.00;4,041,611,560.00
2025-04-16;CEMARGOS;10,840.00;10,940.00;10,823.72;10,660.00;160;1,5;467,811.00;5,063,453,260.00
2025-04-21;CEMARGOS;10,680.00;10,840.00;10,641.25;10,360.00;-160;-1,48;479,577.00;5,103,297,700.00
2025-04-22;CEMARGOS;10,620.00;10,800.00;10,673.23;10,580.00;-60;-0,56;509,439.00;5,437,358,540.00
2025-04-23;CEMARGOS;10,720.00;10,780.00;10,656.21;10,580.00;100;0,94;399,039.00;4,252,242,040.00
2025-04-24;CEMARGOS;10,560.00;10,680.00;10,449.35;10,280.00;-160;-1,49;748,373.00;7,820,014,360.00
2025-04-25;CEMARGOS;10,720.00;10,720.00;10,557.61;10,460.00;160;1,52;360,242.00;3,803,295,940.00
2025-04-28;CEMARGOS;10,800.00;10,800.00;10,721.05;10,600.00;80;0,75;542,505.00;5,816,221,760.00
2025-04-29;CEMARGOS;10,800.00;10,920.00;10,829.11;10,700.00;0;0;606,737.00;6,570,419,880.00
2025-04-30;CEMARGOS;10,720.00;10,720.00;10,681.37;10,620.00;-80;-0,74;673,953.00;7,198,741,460.00
2025-05-02;CEMARGOS;10,720.00;10,720.00;10,698.90;10,620.00;0;0;205,880.00;2,202,689,480.00
2025-05-05;CEMARGOS;10,720.00;10,720.00;10,636.12;10,560.00;0;0;1,167,034.00;12,412,718,240.00
2025-05-06;CEMARGOS;10,720.00;10,740.00;10,715.20;10,700.00;0;0;81,413.00;872,356,640.00
2025-05-07;CEMARGOS;10,660.00;10,740.00;10,664.22;10,560.00;-60;-0,56;106,293.00;1,133,532,420.00
2025-05-08;CEMARGOS;10,860.00;10,860.00;10,669.88;10,620.00;200;1,88;4,285,308.00;45,723,742,960.00
2025-05-09;CEMARGOS;10,780.00;10,780.00;10,700.37;10,620.00;-80;-0,74;305,138.00;3,265,090,060.00
2025-05-12;CEMARGOS;10,760.00;10,800.00;10,756.07;10,700.00;-20;-0,19;315,355.00;3,391,979,520.00
2025-05-13;CEMARGOS;10,900.00;10,900.00;10,852.02;10,760.00;140;1,3;277,973.00;3,016,568,860.00
2025-05-14;CEMARGOS;10,480.00;10,840.00;10,622.80;10,440.00;-420;-3,85;369,855.00;3,928,895,240.00
2025-05-15;CEMARGOS;10,460.00;10,540.00;10,417.81;10,340.00;-20;-0,19;300,757.00;3,133,227,820.00
2025-05-16;CEMARGOS;10,480.00;10,600.00;10,529.14;10,420.00;20;0,19;334,266.00;3,519,534,220.00
2025-05-19;CEMARGOS;10,660.00;10,700.00;10,633.94;10,560.00;180;1,72;297,790.00;3,166,680,500.00
2025-05-20;CEMARGOS;10,580.00;10,660.00;10,572.04;10,480.00;-80;-0,75;460,960.00;4,873,287,980.00
2025-05-21;CEMARGOS;10,700.00;10,780.00;10,710.84;10,640.00;120;1,13;362,510.00;3,882,787,880.00
2025-05-22;CEMARGOS;10,740.00;10,760.00;10,664.71;10,580.00;40;0,37;419,016.00;4,468,685,980.00
2025-05-23;CEMARGOS;10,900.00;10,940.00;10,840.35;10,740.00;160;1,49;550,990.00;5,972,925,820.00
2025-05-26;CEMARGOS;10,960.00;10,960.00;10,936.20;10,900.00;60;0,55;240,457.00;2,629,686,960.00
2025-05-27;CEMARGOS;10,600.00;10,960.00;10,796.71;10,600.00;-360;-3,28;857,712.00;9,260,471,720.00
2025-05-28;CEMARGOS;10,540.00;10,600.00;10,555.67;10,540.00;-60;-0,57;454,002.00;4,792,293,620.00
2025-05-29;CEMARGOS;10,540.00;10,740.00;10,532.31;10,460.00;0;0;908,402.00;9,567,571,660.00
2025-05-30;CEMARGOS;10,440.00;10,660.00;10,456.03;10,440.00;-100;-0,95;5,941,837.00;62,128,023,220.00
2025-06-03;CEMARGOS;10,460.00;10,580.00;10,453.14;10,400.00;20;0,19;466,663.00;4,878,094,080.00
2025-06-04;CEMARGOS;10,500.00;10,500.00;10,461.95;10,400.00;40;0,38;401,424.00;4,199,678,440.00
2025-06-05;CEMARGOS;10,660.00;10,700.00;10,602.26;10,460.00;160;1,52;420,785.00;4,461,273,780.00
2025-06-06;CEMARGOS;10,560.00;10,700.00;10,646.25;10,560.00;-100;-0,94;297,091.00;3,162,906,440.00
2025-06-09;CEMARGOS;10,520.00;10,660.00;10,584.66;10,520.00;-40;-0,38;257,291.00;2,723,337,300.00
2025-06-10;CEMARGOS;10,680.00;10,700.00;10,643.21;10,500.00;160;1,52;522,561.00;5,561,724,160.00
2025-06-11;CEMARGOS;10,700.00;10,720.00;10,699.67;10,660.00;20;0,19;531,898.00;5,691,132,440.00
2025-06-12;CEMARGOS;10,560.00;10,720.00;10,641.56;10,520.00;-140;-1,31;254,544.00;2,708,744,300.00
2025-06-13;CEMARGOS;10,600.00;10,600.00;10,467.02;10,340.00;40;0,38;430,184.00;4,502,744,840.00
2025-06-16;CEMARGOS;10,420.00;10,560.00;10,464.22;10,400.00;-180;-1,7;316,774.00;3,314,791,820.00
2025-06-17;CEMARGOS;10,300.00;10,460.00;10,325.46;10,280.00;-120;-1,15;392,442.00;4,052,142,920.00
2025-06-18;CEMARGOS;10,640.00;10,680.00;10,589.74;10,360.00;340;3,3;517,364.00;5,478,748,040.00
2025-06-19;CEMARGOS;10,520.00;10,640.00;10,545.13;10,460.00;-120;-1,13;241,477.00;2,546,407,200.00
2025-06-20;CEMARGOS;10,300.00;10,460.00;10,315.41;10,300.00;-220;-2,09;1,530,429.00;15,787,009,280.00
2025-06-24;CEMARGOS;10,520.00;10,520.00;10,467.04;10,340.00;220;2,14;266,917.00;2,793,830,820.00
2025-06-25;CEMARGOS;10,560.00;10,560.00;10,493.92;10,400.00;40;0,38;220,749.00;2,316,521,880.00
2025-06-26;CEMARGOS;10,540.00;10,560.00;10,493.28;10,440.00;-20;-0,19;209,905.00;2,202,592,120.00
2025-06-27;CEMARGOS;10,300.00;10,500.00;10,267.92;10,160.00;-240;-2,28;736,519.00;7,562,520,540.00
2024-07-02;CEMARGOS;8,350.00;8,380.00;8,343.50;8,310.00;20;0,24;201,668.00;1,682,617,130.00
2024-07-03;CEMARGOS;8,390.00;8,420.00;8,403.37;8,350.00;40;0,48;534,892.00;4,494,896,590.00
2024-07-04;CEMARGOS;8,450.00;8,480.00;8,448.56;8,390.00;60;0,72;408,502.00;3,451,254,550.00
2024-07-05;CEMARGOS;8,400.00;8,460.00;8,445.35;8,400.00;-50;-0,59;329,590.00;2,783,501,980.00
2024-07-08;CEMARGOS;8,390.00;8,540.00;8,474.37;8,380.00;-10;-0,12;989,615.00;8,386,364,930.00
2024-07-09;CEMARGOS;8,350.00;8,380.00;8,333.52;8,310.00;-40;-0,48;4,152,599.00;34,605,772,770.00
2024-07-10;CEMARGOS;8,390.00;8,390.00;8,387.05;8,350.00;40;0,48;1,358,863.00;11,396,850,070.00
2024-07-11;CEMARGOS;8,400.00;8,400.00;8,390.89;8,340.00;10;0,12;625,946.00;5,252,243,890.00
2024-07-12;CEMARGOS;8,400.00;8,400.00;8,383.09;8,360.00;0;0;505,699.00;4,239,322,310.00
2024-07-15;CEMARGOS;8,400.00;8,400.00;8,378.29;8,350.00;0;0;242,819.00;2,034,408,710.00
2024-07-16;CEMARGOS;8,390.00;8,400.00;8,389.18;8,360.00;-10;-0,12;401,348.00;3,366,980,010.00
2024-07-17;CEMARGOS;8,200.00;8,390.00;8,362.52;8,200.00;-190;-2,26;3,786,091.00;31,661,243,170.00
2024-07-18;CEMARGOS;8,390.00;8,390.00;8,261.41;8,240.00;190;2,32;1,992,360.00;16,459,695,740.00
2024-07-19;CEMARGOS;8,400.00;8,400.00;8,382.57;8,350.00;10;0,12;744,996.00;6,244,980,220.00
2024-07-22;CEMARGOS;8,400.00;8,400.00;8,394.76;8,360.00;0;0;335,976.00;2,820,436,260.00
2024-07-23;CEMARGOS;8,280.00;8,400.00;8,326.03;8,280.00;-120;-1,43;640,168.00;5,330,055,980.00
2024-07-24;CEMARGOS;8,300.00;8,330.00;8,281.87;8,260.00;20;0,24;36,947.00;305,990,140.00
2024-07-25;CEMARGOS;8,400.00;8,400.00;8,356.71;8,280.00;100;1,2;443,899.00;3,709,537,240.00
2024-07-26;CEMARGOS;8,380.00;8,390.00;8,350.46;8,320.00;-20;-0,24;77,151.00;644,246,190.00
2024-07-29;CEMARGOS;8,350.00;8,380.00;8,333.23;8,270.00;-30;-0,36;474,408.00;3,953,350,130.00
2024-07-30;CEMARGOS;8,380.00;8,380.00;8,342.46;8,290.00;30;0,36;464,471.00;3,874,828,620.00
2024-07-31;CEMARGOS;8,350.00;8,390.00;8,346.72;8,300.00;-30;-0,36;795,324.00;6,638,347,130.00
2024-08-01;CEMARGOS;8,390.00;8,400.00;8,373.36;8,300.00;40;0,48;197,287.00;1,651,954,840.00
2024-08-02;CEMARGOS;8,230.00;8,380.00;8,300.10;8,230.00;-160;-1,91;111,873.00;928,556,680.00
2024-08-05;CEMARGOS;8,030.00;8,220.00;8,010.66;7,700.00;-200;-2,43;273,506.00;2,190,962,780.00
2024-08-06;CEMARGOS;8,020.00;8,140.00;8,078.86;8,020.00;-10;-0,12;210,094.00;1,697,319,120.00
2024-08-08;CEMARGOS;8,040.00;8,100.00;8,051.90;8,020.00;20;0,25;358,164.00;2,883,901,870.00
2024-08-09;CEMARGOS;8,060.00;8,090.00;8,047.38;8,000.00;20;0,25;261,754.00;2,106,433,300.00
2024-08-12;CEMARGOS;8,460.00;8,460.00;8,345.60;8,070.00;400;4,96;1,339,268.00;11,176,991,350.00
2024-08-13;CEMARGOS;8,640.00;8,900.00;8,665.74;8,460.00;180;2,13;1,867,916.00;16,186,879,880.00
2024-08-14;CEMARGOS;8,740.00;8,840.00;8,746.01;8,600.00;100;1,16;3,611,858.00;31,589,355,690.00
2024-08-15;CEMARGOS;8,670.00;8,780.00;8,709.33;8,670.00;-70;-0,8;2,115,607.00;18,425,515,850.00
2024-08-16;CEMARGOS;8,750.00;8,750.00;8,690.65;8,620.00;80;0,92;912,632.00;7,931,364,600.00
2024-08-20;CEMARGOS;8,740.00;8,750.00;8,702.85;8,670.00;-10;-0,11;882,825.00;7,683,089,740.00
2024-08-21;CEMARGOS;8,690.00;8,730.00;8,687.32;8,650.00;-50;-0,57;497,051.00;4,318,040,490.00
2024-08-22;CEMARGOS;8,680.00;8,690.00;8,676.76;8,620.00;-10;-0,12;708,518.00;6,147,643,910.00
2024-08-23;CEMARGOS;8,740.00;8,740.00;8,684.36;8,620.00;60;0,69;1,057,902.00;9,187,205,330.00
2024-08-26;CEMARGOS;8,800.00;8,900.00;8,808.59;8,740.00;60;0,69;4,129,712.00;36,376,930,200.00
2024-08-27;CEMARGOS;8,800.00;8,840.00;8,797.41;8,760.00;0;0;1,322,364.00;11,633,372,180.00
2024-08-28;CEMARGOS;8,710.00;8,810.00;8,785.59;8,710.00;-90;-1,02;1,258,772.00;11,059,057,960.00
2024-08-29;CEMARGOS;8,620.00;8,780.00;8,734.86;8,500.00;-90;-1,03;1,447,394.00;12,642,784,560.00
2024-08-30;CEMARGOS;8,320.00;8,700.00;8,329.27;8,080.00;-300;-3,48;16,565,579.00;137,979,213,460.00
2024-09-02;CEMARGOS;8,350.00;8,430.00;8,340.18;8,300.00;30;0,36;1,727,735.00;14,409,613,060.00
2024-09-03;CEMARGOS;8,350.00;8,380.00;8,349.23;8,320.00;0;0;337,074.00;2,814,308,580.00
2024-09-04;CEMARGOS;8,300.00;8,360.00;8,327.34;8,300.00;-50;-0,6;282,546.00;2,352,857,190.00
2024-09-05;CEMARGOS;8,340.00;8,340.00;8,320.54;8,310.00;40;0,48;375,276.00;3,122,498,420.00
2024-09-06;CEMARGOS;8,110.00;8,350.00;8,166.07;8,090.00;-230;-2,76;555,508.00;4,536,317,470.00
2024-09-09;CEMARGOS;8,030.00;8,170.00;8,054.07;8,030.00;-80;-0,99;987,345.00;7,952,149,310.00
2024-09-10;CEMARGOS;7,940.00;8,030.00;7,967.72;7,900.00;-90;-1,12;410,910.00;3,274,014,670.00
2024-09-11;CEMARGOS;7,870.00;7,920.00;7,894.32;7,870.00;-70;-0,88;1,172,467.00;9,255,830,100.00
2024-09-12;CEMARGOS;7,860.00;7,930.00;7,861.02;7,840.00;-10;-0,13;2,392,946.00;18,811,004,130.00
2024-09-13;CEMARGOS;7,900.00;8,000.00;7,934.65;7,890.00;40;0,51;627,656.00;4,980,231,010.00
2024-09-16;CEMARGOS;7,900.00;7,900.00;7,893.94;7,870.00;0;0;588,565.00;4,646,096,130.00
2024-09-17;CEMARGOS;7,880.00;7,900.00;7,881.11;7,820.00;-20;-0,25;342,910.00;2,702,511,280.00
2024-09-18;CEMARGOS;7,860.00;7,870.00;7,845.77;7,810.00;-20;-0,25;573,217.00;4,497,329,150.00
2024-09-19;CEMARGOS;7,850.00;7,880.00;7,848.61;7,820.00;-10;-0,13;284,960.00;2,236,540,750.00
2024-09-20;CEMARGOS;7,500.00;7,860.00;7,504.41;7,500.00;-350;-4,46;20,105,682.00;150,881,311,090.00
2024-09-23;CEMARGOS;7,300.00;7,650.00;7,477.13;7,300.00;-200;-2,67;1,047,259.00;7,830,495,580.00
2024-09-24;CEMARGOS;7,300.00;7,350.00;7,282.71;7,200.00;0;0;687,124.00;5,004,127,070.00
2024-09-25;CEMARGOS;7,400.00;7,400.00;7,306.12;7,270.00;100;1,37;869,014.00;6,349,122,170.00
2024-09-26;CEMARGOS;7,410.00;7,500.00;7,398.51;7,340.00;10;0,14;1,055,685.00;7,810,497,950.00
2024-09-27;CEMARGOS;7,530.00;7,530.00;7,478.96;7,450.00;120;1,62;1,588,857.00;11,882,991,680.00
2024-09-30;CEMARGOS;7,500.00;7,530.00;7,489.92;7,440.00;-30;-0,4;592,566.00;4,438,270,980.00
2024-10-01;CEMARGOS;7,530.00;7,530.00;7,490.17;7,400.00;30;0,4;431,253.00;3,230,158,410.00
2024-10-02;CEMARGOS;7,490.00;7,530.00;7,488.00;7,430.00;-40;-0,53;512,411.00;3,836,931,330.00
2024-10-03;CEMARGOS;7,490.00;7,650.00;7,544.86;7,440.00;0;0;648,546.00;4,893,190,000.00
2024-10-04;CEMARGOS;7,420.00;7,550.00;7,487.52;7,420.00;-70;-0,93;315,046.00;2,358,913,870.00
2024-10-07;CEMARGOS;7,450.00;7,460.00;7,395.19;7,340.00;30;0,4;87,187.00;644,764,590.00
2024-10-08;CEMARGOS;7,540.00;7,600.00;7,531.34;7,380.00;90;1,21;640,653.00;4,824,977,970.00
2024-10-09;CEMARGOS;7,400.00;7,550.00;7,503.22;7,400.00;-140;-1,86;586,321.00;4,399,293,550.00
2024-10-10;CEMARGOS;7,540.00;7,600.00;7,532.48;7,450.00;140;1,89;358,271.00;2,698,670,700.00
2024-10-11;CEMARGOS;7,550.00;7,600.00;7,582.75;7,550.00;10;0,13;437,616.00;3,318,333,020.00
2024-10-15;CEMARGOS;7,800.00;7,800.00;7,670.87;7,510.00;250;3,31;775,394.00;5,947,945,010.00
2024-10-16;CEMARGOS;7,640.00;7,820.00;7,751.81;7,640.00;-160;-2,05;1,827,627.00;14,167,420,950.00
2024-10-17;CEMARGOS;7,720.00;7,720.00;7,657.33;7,610.00;80;1,05;292,097.00;2,236,682,730.00
2024-10-18;CEMARGOS;7,880.00;7,900.00;7,804.86;7,670.00;160;2,07;431,698.00;3,369,342,600.00
2024-10-21;CEMARGOS;7,750.00;7,980.00;7,798.39;7,750.00;-130;-1,65;337,512.00;2,632,049,490.00
2024-10-22;CEMARGOS;7,730.00;7,760.00;7,740.62;7,710.00;-20;-0,26;321,259.00;2,486,743,830.00
2024-10-23;CEMARGOS;7,620.00;7,750.00;7,668.17;7,620.00;-110;-1,42;434,653.00;3,332,991,440.00
2024-10-24;CEMARGOS;7,960.00;8,100.00;7,821.65;7,580.00;340;4,46;1,202,219.00;9,403,333,750.00
2024-10-25;CEMARGOS;8,200.00;8,200.00;8,077.78;7,990.00;240;3,02;6,138,097.00;49,582,187,600.00
2024-10-28;CEMARGOS;8,390.00;8,390.00;8,307.97;8,190.00;190;2,32;1,224,041.00;10,169,297,100.00
2024-10-29;CEMARGOS;8,270.00;8,420.00;8,328.99;8,230.00;-120;-1,43;348,280.00;2,900,819,590.00
2024-10-30;CEMARGOS;8,400.00;8,400.00;8,356.04;8,300.00;130;1,57;1,333,190.00;11,140,185,940.00
2024-10-31;CEMARGOS;8,590.00;8,590.00;8,513.49;8,370.00;190;2,26;2,511,715.00;21,383,453,240.00
2024-11-01;CEMARGOS;8,540.00;8,620.00;8,536.96;8,480.00;-50;-0,58;380,947.00;3,252,128,900.00
2024-11-05;CEMARGOS;8,500.00;8,640.00;8,589.33;8,490.00;-40;-0,47;467,415.00;4,014,780,400.00
2024-11-06;CEMARGOS;8,400.00;8,600.00;8,483.50;8,400.00;-100;-1,18;275,045.00;2,333,343,750.00
2024-11-07;CEMARGOS;8,670.00;8,670.00;8,402.82;8,200.00;270;3,21;656,684.00;5,517,996,460.00
2024-11-08;CEMARGOS;8,370.00;8,600.00;8,460.44;8,360.00;-300;-3,46;589,190.00;4,984,806,830.00
2024-11-12;CEMARGOS;8,640.00;8,640.00;8,544.90;8,420.00;270;3,23;714,102.00;6,101,930,220.00
2024-11-13;CEMARGOS;8,410.00;8,600.00;8,504.39;8,400.00;-230;-2,66;379,458.00;3,227,060,000.00
2024-11-14;CEMARGOS;8,420.00;8,540.00;8,452.69;8,370.00;10;0,12;627,969.00;5,308,028,780.00
2024-11-15;CEMARGOS;8,350.00;8,490.00;8,349.06;8,200.00;-70;-0,83;415,226.00;3,466,745,490.00
2024-11-18;CEMARGOS;8,500.00;8,500.00;8,398.10;8,300.00;150;1,8;329,641.00;2,768,358,240.00
2024-11-19;CEMARGOS;8,520.00;8,560.00;8,514.32;8,480.00;20;0,24;699,355.00;5,954,535,360.00
2024-11-20;CEMARGOS;8,670.00;8,670.00;8,627.41;8,520.00;150;1,76;305,288.00;2,633,845,220.00
2024-11-21;CEMARGOS;9,300.00;9,300.00;9,021.47;8,670.00;630;7,27;2,639,640.00;23,813,442,660.00
2024-11-22;CEMARGOS;9,150.00;9,300.00;9,210.20;9,020.00;-150;-1,61;1,177,713.00;10,846,969,100.00
2024-11-25;CEMARGOS;9,740.00;9,740.00;9,557.32;9,200.00;590;6,45;5,475,939.00;52,335,298,470.00
2024-11-26;CEMARGOS;9,570.00;9,750.00;9,657.38;9,500.00;-170;-1,75;781,918.00;7,551,280,200.00
2024-11-27;CEMARGOS;9,530.00;9,620.00;9,578.68;9,520.00;-40;-0,42;630,772.00;6,041,964,660.00
2024-11-28;CEMARGOS;9,560.00;9,610.00;9,589.49;9,550.00;30;0,31;767,701.00;7,361,860,910.00
2024-11-29;CEMARGOS;9,620.00;9,620.00;9,552.29;9,530.00;60;0,63;5,869,139.00;56,063,728,590.00
2024-12-02;CEMARGOS;9,650.00;9,650.00;9,600.85;9,590.00;30;0,31;643,393.00;6,177,122,800.00
2024-12-03;CEMARGOS;9,600.00;9,650.00;9,609.77;9,600.00;-50;-0,52;389,412.00;3,742,159,220.00
2024-12-04;CEMARGOS;9,580.00;9,620.00;9,597.76;9,580.00;-20;-0,21;487,481.00;4,678,727,100.00
2024-12-05;CEMARGOS;9,670.00;9,670.00;9,618.17;9,600.00;90;0,94;355,045.00;3,414,882,750.00
2024-12-06;CEMARGOS;9,650.00;9,680.00;9,641.92;9,600.00;-20;-0,21;141,163.00;1,361,081,820.00
2024-12-09;CEMARGOS;9,870.00;9,870.00;9,710.11;9,610.00;220;2,28;1,016,511.00;9,870,438,060.00
2024-12-10;CEMARGOS;9,990.00;9,990.00;9,887.25;9,810.00;120;1,22;440,788.00;4,358,181,680.00
2024-12-11;CEMARGOS;9,960.00;10,000.00;9,942.80;9,900.00;-30;-0,3;272,525.00;2,709,662,180.00
2024-12-12;CEMARGOS;9,960.00;9,960.00;9,945.91;9,900.00;0;0;253,008.00;2,516,395,180.00
2024-12-13;CEMARGOS;10,000.00;10,000.00;9,949.22;9,900.00;40;0,4;393,920.00;3,919,195,730.00
2024-12-16;CEMARGOS;9,790.00;10,020.00;9,982.42;9,790.00;-210;-2,1;1,714,219.00;17,112,059,610.00
2024-12-17;CEMARGOS;9,980.00;9,980.00;9,886.64;9,850.00;190;1,94;264,658.00;2,616,579,480.00
2024-12-18;CEMARGOS;9,990.00;9,990.00;9,930.92;9,890.00;10;0,1;476,585.00;4,732,928,240.00
2024-12-19;CEMARGOS;10,080.00;10,080.00;10,001.85;9,900.00;90;0,9;586,812.00;5,869,207,610.00
2024-12-20;CEMARGOS;10,340.00;10,400.00;10,300.47;10,000.00;260;2,58;2,965,182.00;30,542,757,660.00
2024-12-23;CEMARGOS;10,820.00;11,000.00;10,622.20;9,920.00;480;4,64;832,521.00;8,843,207,060.00
2024-12-24;CEMARGOS;10,520.00;10,820.00;10,623.36;10,520.00;-300;-2,77;46,385.00;492,764,500.00
2024-12-26;CEMARGOS;10,460.00;10,620.00;10,467.74;10,060.00;-60;-0,57;103,433.00;1,082,709,300.00
2024-12-27;CEMARGOS;10,380.00;10,500.00;10,385.76;10,220.00;-80;-0,76;136,211.00;1,414,654,660.00
2024-12-30;CEMARGOS;10,200.00;10,500.00;10,276.17;10,200.00;-180;-1,73;166,737.00;1,713,417,900.00
2024-01-02;CEMARGOS;6,160.00;6,330.00;6,283.71;6,100.00;50;0,82;1,043,924.00;6,559,711,820.00
2024-01-03;CEMARGOS;6,150.00;6,230.00;6,167.31;6,090.00;-10;-0,16;452,270.00;2,789,291,320.00
2024-01-04;CEMARGOS;6,240.00;6,240.00;6,211.68;6,160.00;90;1,46;335,040.00;2,081,160,380.00
2024-01-05;CEMARGOS;6,430.00;6,430.00;6,304.08;6,230.00;190;3,04;454,025.00;2,862,208,020.00
2024-01-09;CEMARGOS;6,350.00;6,500.00;6,442.21;6,350.00;-80;-1,24;557,823.00;3,593,613,100.00
2024-01-10;CEMARGOS;6,450.00;6,470.00;6,445.13;6,350.00;100;1,57;452,794.00;2,918,318,220.00
2024-01-11;CEMARGOS;6,550.00;6,570.00;6,520.78;6,510.00;100;1,55;773,873.00;5,046,251,910.00
2024-01-12;CEMARGOS;6,600.00;6,760.00;6,632.15;6,560.00;50;0,76;734,346.00;4,870,296,310.00
2024-01-15;CEMARGOS;6,700.00;6,720.00;6,692.38;6,650.00;100;1,52;390,363.00;2,612,456,300.00
2024-01-16;CEMARGOS;6,700.00;6,760.00;6,728.37;6,660.00;0;0;394,522.00;2,654,490,430.00
2024-01-17;CEMARGOS;6,700.00;6,750.00;6,711.64;6,630.00;0;0;523,435.00;3,513,106,200.00
2024-01-18;CEMARGOS;6,660.00;6,750.00;6,684.79;6,600.00;-40;-0,6;432,904.00;2,893,870,820.00
2024-01-19;CEMARGOS;6,510.00;6,640.00;6,562.58;6,510.00;-150;-2,25;313,464.00;2,057,133,300.00
2024-01-22;CEMARGOS;6,680.00;6,680.00;6,541.92;6,190.00;170;2,61;342,285.00;2,239,202,500.00
2024-01-23;CEMARGOS;6,580.00;6,700.00;6,607.02;6,580.00;-100;-1,5;1,349,718.00;8,917,614,960.00
2024-01-24;CEMARGOS;6,420.00;6,600.00;6,551.84;6,420.00;-160;-2,43;335,870.00;2,200,565,210.00
2024-01-25;CEMARGOS;6,600.00;6,600.00;6,502.63;6,450.00;180;2,8;267,716.00;1,740,858,790.00
2024-01-26;CEMARGOS;6,600.00;6,600.00;6,557.51;6,540.00;0;0;289,475.00;1,898,235,240.00
2024-01-29;CEMARGOS;6,530.00;6,560.00;6,550.73;6,520.00;-70;-1,06;200,462.00;1,313,172,210.00
2024-01-30;CEMARGOS;6,430.00;6,520.00;6,460.17;6,410.00;-100;-1,53;337,403.00;2,179,680,020.00
2024-01-31;CEMARGOS;6,400.00;6,480.00;6,451.95;6,340.00;-30;-0,47;447,186.00;2,885,220,490.00
2024-02-01;CEMARGOS;6,300.00;6,440.00;6,409.47;6,300.00;-100;-1,56;286,459.00;1,836,051,310.00
2024-02-02;CEMARGOS;6,360.00;6,410.00;6,372.73;6,340.00;60;0,95;571,108.00;3,639,516,000.00
2024-02-05;CEMARGOS;6,370.00;6,390.00;6,357.57;6,320.00;10;0,16;125,419.00;797,359,770.00
2024-02-06;CEMARGOS;6,350.00;6,470.00;6,389.34;6,350.00;-20;-0,31;325,956.00;2,082,644,810.00
2024-02-07;CEMARGOS;6,400.00;6,400.00;6,347.07;6,300.00;50;0,79;1,360,959.00;8,638,099,150.00
2024-02-08;CEMARGOS;6,130.00;6,400.00;6,282.53;6,130.00;-270;-4,22;390,836.00;2,455,437,490.00
2024-02-09;CEMARGOS;6,280.00;6,390.00;6,313.63;6,240.00;150;2,45;265,599.00;1,676,894,560.00
2024-02-12;CEMARGOS;6,400.00;6,450.00;6,303.73;6,280.00;120;1,91;559,848.00;3,529,131,740.00
2024-02-13;CEMARGOS;6,350.00;6,400.00;6,366.32;6,340.00;-50;-0,78;56,501.00;359,703,290.00
2024-02-14;CEMARGOS;6,300.00;6,400.00;6,312.18;6,250.00;-50;-0,79;207,512.00;1,309,853,000.00
2024-02-15;CEMARGOS;6,350.00;6,350.00;6,334.94;6,310.00;50;0,79;51,877.00;328,637,820.00
2024-02-16;CEMARGOS;6,450.00;6,450.00;6,308.47;6,300.00;100;1,57;368,021.00;2,321,651,230.00
2024-02-19;CEMARGOS;6,280.00;6,450.00;6,317.68;6,260.00;-170;-2,64;129,074.00;815,447,870.00
2024-02-20;CEMARGOS;6,400.00;6,400.00;6,254.89;6,110.00;120;1,91;63,336.00;396,159,830.00
2024-02-21;CEMARGOS;6,650.00;6,670.00;6,572.08;6,500.00;250;3,91;1,528,633.00;10,046,295,980.00
2024-02-22;CEMARGOS;6,750.00;6,750.00;6,660.09;6,610.00;100;1,5;350,215.00;2,332,462,800.00
2024-02-23;CEMARGOS;6,830.00;6,830.00;6,792.98;6,680.00;80;1,19;292,022.00;1,983,700,590.00
2024-02-26;CEMARGOS;6,790.00;6,830.00;6,788.43;6,750.00;-40;-0,59;163,261.00;1,108,285,930.00
2024-02-27;CEMARGOS;6,700.00;6,770.00;6,748.65;6,700.00;-90;-1,33;187,329.00;1,264,217,820.00
2024-02-28;CEMARGOS;6,800.00;6,800.00;6,723.39;6,580.00;100;1,49;198,202.00;1,332,589,330.00
2024-02-29;CEMARGOS;6,790.00;6,830.00;6,785.88;6,720.00;-10;-0,15;848,522.00;5,757,965,890.00
2024-03-01;CEMARGOS;7,000.00;7,050.00;6,954.18;6,780.00;210;3,09;1,557,887.00;10,833,821,780.00
2024-03-04;CEMARGOS;7,280.00;7,360.00;7,251.60;7,000.00;280;4;1,041,698.00;7,553,978,550.00
2024-03-05;CEMARGOS;7,700.00;7,890.00;7,647.33;7,230.00;420;5,77;1,096,151.00;8,382,628,300.00
2024-03-06;CEMARGOS;7,750.00;8,000.00;7,846.60;7,730.00;50;0,65;944,178.00;7,408,583,430.00
2024-03-07;CEMARGOS;7,800.00;7,870.00;7,835.35;7,800.00;50;0,65;504,664.00;3,954,219,160.00
2024-03-08;CEMARGOS;7,850.00;7,990.00;7,912.96;7,850.00;50;0,64;462,067.00;3,656,316,630.00
2024-03-11;CEMARGOS;7,700.00;7,990.00;7,882.13;7,700.00;-150;-1,91;866,829.00;6,832,456,260.00
2024-03-12;CEMARGOS;7,400.00;7,940.00;7,464.89;7,380.00;-300;-3,9;960,950.00;7,173,385,830.00
2024-03-13;CEMARGOS;7,780.00;7,780.00;7,560.47;7,370.00;380;5,14;249,544.00;1,886,670,880.00
2024-03-14;CEMARGOS;7,750.00;7,770.00;7,741.68;7,630.00;-30;-0,39;1,252,889.00;9,699,466,470.00
2024-03-15;CEMARGOS;8,200.00;8,200.00;8,017.29;7,700.00;450;5,81;2,272,640.00;18,220,418,840.00
2024-03-18;CEMARGOS;8,050.00;8,160.00;8,017.02;7,850.00;-150;-1,83;668,893.00;5,362,528,960.00
2024-03-19;CEMARGOS;8,150.00;8,240.00;8,146.99;8,000.00;100;1,24;826,546.00;6,733,863,490.00
2024-03-20;CEMARGOS;8,220.00;8,310.00;8,241.91;8,180.00;70;0,86;392,221.00;3,232,651,760.00
2024-03-21;CEMARGOS;8,300.00;8,300.00;8,223.74;8,160.00;80;0,97;113,856.00;936,322,170.00
2024-03-22;CEMARGOS;8,460.00;8,460.00;8,396.98;8,170.00;160;1,93;456,604.00;3,834,095,990.00
2024-03-26;CEMARGOS;8,620.00;8,700.00;8,552.38;8,450.00;160;1,89;805,085.00;6,885,393,990.00
2024-03-27;CEMARGOS;8,640.00;8,800.00;8,751.95;8,640.00;20;0,23;146,521.00;1,282,344,520.00
2024-04-01;CEMARGOS;8,760.00;8,770.00;8,704.03;8,670.00;120;1,39;3,477,458.00;30,267,902,750.00
2024-04-02;CEMARGOS;8,800.00;8,870.00;8,794.63;8,700.00;40;0,46;1,022,543.00;8,992,889,560.00
2024-04-03;CEMARGOS;8,870.00;8,870.00;8,855.27;8,820.00;70;0,8;353,352.00;3,129,028,920.00
2024-04-04;CEMARGOS;8,830.00;8,860.00;8,837.15;8,780.00;-40;-0,45;2,212,648.00;19,553,502,980.00
2024-04-05;CEMARGOS;8,850.00;8,860.00;8,834.77;8,810.00;20;0,23;209,559.00;1,851,404,860.00
2024-04-08;CEMARGOS;8,840.00;8,880.00;8,844.10;8,800.00;-10;-0,11;260,182.00;2,301,075,330.00
2024-04-09;CEMARGOS;8,780.00;8,930.00;8,855.22;8,780.00;-60;-0,68;1,024,348.00;9,070,822,650.00
2024-04-10;CEMARGOS;8,630.00;8,850.00;8,758.70;8,630.00;-150;-1,71;831,164.00;7,279,912,220.00
2024-04-11;CEMARGOS;8,650.00;8,650.00;8,632.04;8,530.00;20;0,23;2,040,158.00;17,610,722,780.00
2024-04-12;CEMARGOS;8,750.00;8,780.00;8,745.02;8,670.00;100;1,16;428,935.00;3,751,043,690.00
2024-04-15;CEMARGOS;8,700.00;8,750.00;8,721.55;8,700.00;-50;-0,57;89,092.00;777,019,930.00
2024-04-16;CEMARGOS;8,520.00;8,740.00;8,633.16;8,520.00;-180;-2,07;288,062.00;2,486,883,990.00
2024-04-17;CEMARGOS;8,250.00;8,480.00;8,352.85;8,250.00;-270;-3,17;370,982.00;3,098,757,230.00
2024-04-18;CEMARGOS;8,000.00;8,100.00;7,930.24;7,800.00;-250;-3,03;686,059.00;5,440,615,170.00
2024-04-19;CEMARGOS;8,350.00;8,440.00;8,323.47;8,170.00;350;4,38;544,511.00;4,532,222,080.00
2024-04-22;CEMARGOS;8,510.00;8,510.00;8,448.38;8,390.00;160;1,92;309,133.00;2,611,673,190.00
2024-04-23;CEMARGOS;8,400.00;8,500.00;8,468.48;8,400.00;-110;-1,29;277,067.00;2,346,336,300.00
2024-04-24;CEMARGOS;8,410.00;8,460.00;8,416.13;8,400.00;10;0,12;214,586.00;1,805,984,420.00
2024-04-25;CEMARGOS;8,540.00;8,540.00;8,467.76;8,260.00;130;1,55;588,044.00;4,979,416,410.00
2024-04-26;CEMARGOS;8,500.00;8,520.00;8,500.43;8,460.00;-40;-0,47;420,943.00;3,578,198,390.00
2024-04-29;CEMARGOS;8,220.00;8,490.00;8,316.04;8,220.00;-280;-3,29;448,729.00;3,731,646,200.00
2024-04-30;CEMARGOS;8,120.00;8,220.00;8,083.25;8,020.00;-100;-1,22;651,535.00;5,266,522,850.00
2024-05-02;CEMARGOS;8,000.00;8,190.00;8,024.15;7,960.00;-120;-1,48;591,337.00;4,744,976,990.00
2024-05-03;CEMARGOS;7,950.00;8,090.00;7,937.85;7,860.00;-50;-0,62;656,316.00;5,209,740,000.00
2024-05-06;CEMARGOS;7,880.00;8,000.00;7,907.99;7,880.00;-70;-0,88;1,339,443.00;10,592,295,320.00
2024-05-07;CEMARGOS;7,920.00;7,960.00;7,921.38;7,820.00;40;0,51;410,728.00;3,253,531,440.00
2024-05-08;CEMARGOS;8,200.00;8,200.00;8,021.31;7,920.00;280;3,54;684,745.00;5,492,555,220.00
2024-05-09;CEMARGOS;8,440.00;8,450.00;8,385.20;8,200.00;240;2,93;2,476,285.00;20,764,150,490.00
2024-05-10;CEMARGOS;8,560.00;8,560.00;8,490.14;8,440.00;120;1,42;1,275,544.00;10,829,542,550.00
2024-05-14;CEMARGOS;8,350.00;8,550.00;8,391.44;8,350.00;-210;-2,45;1,400,980.00;11,756,240,940.00
2024-05-15;CEMARGOS;8,300.00;8,500.00;8,343.27;8,250.00;-50;-0,6;718,351.00;5,993,399,640.00
2024-05-16;CEMARGOS;8,450.00;8,500.00;8,441.84;8,300.00;150;1,81;1,399,816.00;11,817,017,970.00
2024-05-17;CEMARGOS;8,400.00;8,410.00;8,358.94;8,310.00;-50;-0,59;288,753.00;2,413,668,000.00
2024-05-20;CEMARGOS;8,360.00;8,480.00;8,383.47;8,330.00;-40;-0,48;483,544.00;4,053,776,280.00
2024-05-21;CEMARGOS;8,300.00;8,410.00;8,343.01;8,300.00;-60;-0,72;597,992.00;4,989,054,400.00
2024-05-22;CEMARGOS;8,270.00;8,280.00;8,174.51;8,120.00;-30;-0,36;753,363.00;6,158,374,130.00
2024-05-23;CEMARGOS;8,150.00;8,230.00;8,175.92;8,150.00;-120;-1,45;301,008.00;2,461,017,540.00
2024-05-24;CEMARGOS;8,300.00;8,340.00;8,245.60;8,150.00;150;1,84;359,216.00;2,961,951,590.00
2024-05-27;CEMARGOS;8,280.00;8,370.00;8,306.17;8,220.00;-20;-0,24;268,726.00;2,232,082,540.00
2024-05-28;CEMARGOS;8,310.00;8,310.00;8,245.96;8,200.00;30;0,36;204,839.00;1,689,093,360.00
2024-05-29;CEMARGOS;8,240.00;8,280.00;8,248.62;8,220.00;-70;-0,84;287,261.00;2,369,506,290.00
2024-05-30;CEMARGOS;8,350.00;8,360.00;8,327.07;8,200.00;110;1,33;567,185.00;4,722,991,000.00
2024-05-31;CEMARGOS;8,200.00;8,310.00;8,205.74;8,190.00;-150;-1,8;2,428,791.00;19,930,021,650.00
2024-06-04;CEMARGOS;8,240.00;8,240.00;8,212.46;8,170.00;40;0,49;98,709.00;810,643,430.00
2024-06-05;CEMARGOS;8,140.00;8,250.00;8,181.82;8,130.00;-100;-1,21;156,621.00;1,281,444,180.00
2024-06-06;CEMARGOS;8,170.00;8,220.00;8,178.26;8,140.00;30;0,37;352,036.00;2,879,040,700.00
2024-06-07;CEMARGOS;8,240.00;8,300.00;8,209.83;8,160.00;70;0,86;368,201.00;3,022,866,630.00
2024-06-11;CEMARGOS;8,110.00;8,250.00;8,192.57;8,110.00;-130;-1,58;551,493.00;4,518,147,050.00
2024-06-12;CEMARGOS;8,110.00;8,210.00;8,170.50;8,110.00;0;0;290,755.00;2,375,613,820.00
2024-06-13;CEMARGOS;8,160.00;8,200.00;8,161.57;8,100.00;50;0,62;292,512.00;2,387,356,110.00
2024-06-14;CEMARGOS;8,180.00;8,180.00;8,160.95;8,130.00;20;0,25;267,852.00;2,185,926,960.00
2024-06-17;CEMARGOS;8,220.00;8,270.00;8,225.75;8,150.00;40;0,49;361,525.00;2,973,814,620.00
2024-06-18;CEMARGOS;8,180.00;8,250.00;8,194.46;8,140.00;-40;-0,49;387,782.00;3,177,664,670.00
2024-06-19;CEMARGOS;8,150.00;8,210.00;8,179.04;8,140.00;-30;-0,37;335,835.00;2,746,809,030.00
2024-06-20;CEMARGOS;8,330.00;8,330.00;8,251.32;8,160.00;180;2,21;426,131.00;3,516,141,780.00
2024-06-21;CEMARGOS;8,100.00;8,310.00;8,195.39;8,100.00;-230;-2,76;543,341.00;4,452,890,460.00
2024-06-24;CEMARGOS;8,230.00;8,230.00;8,145.87;8,080.00;130;1,6;441,440.00;3,595,914,870.00
2024-06-25;CEMARGOS;8,260.00;8,260.00;8,181.49;8,150.00;30;0,36;354,265.00;2,898,414,490.00
2024-06-26;CEMARGOS;8,300.00;8,300.00;8,234.19;8,170.00;40;0,48;646,397.00;5,322,554,780.00
2024-06-27;CEMARGOS;8,280.00;8,310.00;8,288.53;8,250.00;-20;-0,24;351,441.00;2,912,927,640.00
2024-06-28;CEMARGOS;8,330.00;8,350.00;8,322.81;8,250.00;50;0,6;327,711.00;2,727,477,730.00
2023-07-04;CEMARGOS;3,360.00;3,378.00;3,364.85;3,327.00;-40;-1,18;51,430.00;173,054,090.00
2023-07-05;CEMARGOS;3,326.00;3,348.00;3,312.41;3,299.00;-34;-1,01;214,317.00;709,906,782.00
2023-07-06;CEMARGOS;3,280.00;3,334.00;3,287.82;3,270.00;-46;-1,38;156,153.00;513,402,967.00
2023-07-07;CEMARGOS;3,294.00;3,301.00;3,283.74;3,275.00;14;0,43;327,086.00;1,074,063,828.00
2023-07-10;CEMARGOS;3,320.00;3,320.00;3,303.81;3,250.00;26;0,79;240,726.00;795,312,822.00
2023-07-11;CEMARGOS;3,370.00;3,370.00;3,324.70;3,279.00;50;1,51;377,486.00;1,255,029,474.00
2023-07-12;CEMARGOS;3,355.00;3,408.00;3,374.55;3,355.00;-15;-0,45;114,706.00;387,081,562.00
2023-07-13;CEMARGOS;3,450.00;3,450.00;3,426.02;3,375.00;95;2,83;259,281.00;888,302,742.00
2023-07-14;CEMARGOS;3,495.00;3,502.00;3,486.82;3,421.00;45;1,3;127,720.00;445,336,856.00
2023-07-17;CEMARGOS;3,526.00;3,550.00;3,505.37;3,450.00;31;0,89;390,828.00;1,369,997,691.00
2023-07-18;CEMARGOS;3,585.00;3,623.00;3,606.96;3,580.00;59;1,67;1,302,819.00;4,699,219,812.00
2023-07-19;CEMARGOS;3,600.00;3,648.00;3,617.58;3,600.00;15;0,42;447,840.00;1,620,098,580.00
2023-07-21;CEMARGOS;3,580.00;3,600.00;3,583.58;3,560.00;-20;-0,56;206,186.00;738,884,217.00
2023-07-24;CEMARGOS;3,542.00;3,590.00;3,547.45;3,535.00;-38;-1,06;343,243.00;1,217,638,300.00
2023-07-25;CEMARGOS;3,425.00;3,534.00;3,482.88;3,425.00;-117;-3,3;158,622.00;552,461,398.00
2023-07-26;CEMARGOS;3,420.00;3,424.00;3,401.93;3,370.00;-5;-0,15;313,723.00;1,067,265,246.00
2023-07-27;CEMARGOS;3,450.00;3,451.00;3,432.10;3,400.00;30;0,88;1,433,562.00;4,920,128,848.00
2023-07-28;CEMARGOS;3,500.00;3,522.00;3,485.06;3,450.00;50;1,45;124,864.00;435,158,326.00
2023-07-31;CEMARGOS;;3,540.00;3,523.36;3,488.00;15;0,43;164,886.00;580,952,668.00
2023-08-01;CEMARGOS;3,500.00;3,550.00;3,500.52;3,451.00;-40;-1,13;167,258.00;585,489,947.00
2023-08-02;CEMARGOS;3,500.00;3,500.00;3,486.45;3,480.00;0;0;140,495.00;489,828,635.00
2023-08-03;CEMARGOS;3,500.00;3,518.00;3,502.82;3,500.00;0;0;98,031.00;343,385,075.00
2023-08-04;CEMARGOS;;;3,512.70;;;;73.00;256,427.00
2023-08-08;CEMARGOS;3,578.00;3,595.00;3,571.65;3,530.00;23;0,65;128,202.00;457,892,588.00
2023-08-09;CEMARGOS;3,580.00;3,625.00;3,587.86;3,542.00;2;0,06;95,004.00;340,861,159.00
2023-08-10;CEMARGOS;3,510.00;3,570.00;3,531.36;3,505.00;-70;-1,96;285,080.00;1,006,721,464.00
2023-08-11;CEMARGOS;3,411.00;3,505.00;3,436.81;3,405.00;-99;-2,82;461,219.00;1,585,123,632.00
2023-08-14;CEMARGOS;3,375.00;3,416.00;3,389.31;3,375.00;-36;-1,06;203,166.00;688,592,829.00
2023-08-15;CEMARGOS;3,335.00;3,385.00;3,359.29;3,335.00;-40;-1,19;370,333.00;1,244,057,232.00
2023-08-16;CEMARGOS;3,310.00;3,400.00;3,359.72;3,300.00;-25;-0,75;155,545.00;522,587,133.00
2023-08-17;CEMARGOS;3,310.00;3,404.00;3,339.32;3,310.00;0;0;108,509.00;362,346,457.00
2023-08-18;CEMARGOS;3,350.00;3,370.00;3,351.05;3,348.00;40;1,21;188,359.00;631,200,261.00
2023-08-22;CEMARGOS;3,305.00;3,352.00;3,333.58;3,305.00;-45;-1,34;234,043.00;780,200,209.00
2023-08-23;CEMARGOS;3,165.00;3,305.00;3,250.54;3,165.00;-140;-4,24;201,950.00;656,446,564.00
2023-08-24;CEMARGOS;3,145.00;3,165.00;3,138.52;3,100.00;-20;-0,63;197,254.00;619,085,376.00
2023-08-25;CEMARGOS;3,162.00;3,162.00;3,113.73;3,096.00;17;0,54;243,904.00;759,451,763.00
2023-08-28;CEMARGOS;3,040.00;3,162.00;3,074.38;3,040.00;-122;-3,86;233,829.00;718,879,338.00
2023-08-29;CEMARGOS;3,010.00;3,097.00;3,012.04;3,000.00;-30;-0,99;556,351.00;1,675,750,878.00
2023-08-30;CEMARGOS;3,030.00;3,030.00;3,002.12;2,991.00;20;0,66;498,012.00;1,495,090,914.00
2023-08-31;CEMARGOS;2,902.00;3,085.00;2,904.77;2,810.00;-128;-4,22;19,385,969.00;56,311,809,158.00
2023-09-01;CEMARGOS;3,080.00;3,123.00;2,932.71;2,902.00;178;6,13;3,845,342.00;11,277,277,242.00
2023-09-04;CEMARGOS;3,011.00;3,105.00;3,023.20;3,011.00;-69;-2,24;252,821.00;764,328,391.00
2023-09-05;CEMARGOS;3,003.00;3,033.00;3,015.09;3,000.00;-8;-0,27;220,487.00;664,787,238.00
2023-09-06;CEMARGOS;3,049.00;3,090.00;3,029.39;3,000.00;46;1,53;816,033.00;2,472,086,020.00
2023-09-07;CEMARGOS;3,980.00;3,997.00;3,876.56;3,050.00;931;30,53;9,534,074.00;36,959,451,201.00
2023-09-08;CEMARGOS;4,186.00;4,190.00;4,125.50;3,990.00;206;5,18;1,467,550.00;6,054,382,507.00
2023-09-11;CEMARGOS;4,105.00;4,224.00;4,162.50;4,065.00;-81;-1,94;117,670.00;489,801,438.00
2023-09-12;CEMARGOS;3,941.00;4,018.00;3,955.49;3,925.00;-164;-4;1,089,662.00;4,310,142,944.00
2023-09-13;CEMARGOS;3,897.00;3,975.00;3,912.95;3,897.00;-44;-1,12;528,927.00;2,069,665,101.00
2023-09-14;CEMARGOS;3,900.00;3,910.00;3,889.64;3,860.00;3;0,08;1,495,085.00;5,815,338,107.00
2023-09-15;CEMARGOS;3,900.00;3,978.00;3,941.36;3,900.00;0;0;2,053,445.00;8,093,356,179.00
2023-09-18;CEMARGOS;3,920.00;3,940.00;3,923.62;3,905.00;20;0,51;265,169.00;1,040,422,591.00
2023-09-19;CEMARGOS;3,899.00;3,899.00;3,878.98;3,850.00;-21;-0,54;72,565.00;281,478,042.00
2023-09-20;CEMARGOS;3,910.00;3,945.00;3,913.22;3,899.00;11;0,28;177,721.00;695,461,683.00
2023-09-21;CEMARGOS;4,099.00;4,100.00;3,995.00;3,915.00;189;4,83;229,250.00;915,852,766.00
2023-09-22;CEMARGOS;4,220.00;4,270.00;4,218.07;4,100.00;121;2,95;341,503.00;1,440,483,204.00
2023-09-25;CEMARGOS;4,330.00;4,330.00;4,286.35;4,220.00;110;2,61;59,072.00;253,203,335.00
2023-09-26;CEMARGOS;4,500.00;4,600.00;4,500.57;4,375.00;170;3,93;736,494.00;3,314,639,383.00
2023-09-27;CEMARGOS;4,747.00;4,766.00;4,711.73;4,535.00;247;5,49;619,562.00;2,919,208,374.00
2023-09-28;CEMARGOS;5,080.00;5,100.00;4,974.91;4,800.00;333;7,01;4,004,655.00;19,922,813,756.00
2023-09-29;CEMARGOS;4,910.00;5,360.00;5,267.72;4,905.00;-170;-3,35;3,534,921.00;18,620,977,308.00
2023-10-02;CEMARGOS;4,906.00;5,080.00;4,933.77;4,906.00;-4;-0,08;386,382.00;1,906,320,465.00
2023-10-03;CEMARGOS;4,800.00;4,915.00;4,822.06;4,756.00;-106;-2,16;834,528.00;4,024,141,798.00
2023-10-04;CEMARGOS;4,950.00;4,950.00;4,895.98;4,780.00;150;3,13;304,041.00;1,488,578,349.00
2023-10-05;CEMARGOS;4,864.00;4,994.00;4,859.20;4,810.00;-86;-1,74;254,705.00;1,237,662,928.00
2023-10-06;CEMARGOS;4,820.00;4,895.00;4,810.00;4,800.00;-44;-0,9;293,794.00;1,413,148,763.00
2023-10-09;CEMARGOS;4,800.00;4,800.00;4,798.49;4,750.00;-20;-0,41;988,553.00;4,743,563,958.00
2023-10-10;CEMARGOS;4,753.00;4,800.00;4,754.35;4,730.00;-47;-0,98;369,258.00;1,755,582,257.00
2023-10-11;CEMARGOS;4,666.00;4,700.00;4,672.94;4,635.00;-87;-1,83;294,743.00;1,377,316,748.00
2023-10-12;CEMARGOS;4,639.00;4,705.00;4,668.08;4,639.00;-27;-0,58;828,533.00;3,867,654,840.00
2023-10-13;CEMARGOS;4,654.00;4,654.00;4,643.08;4,620.00;15;0,32;175,256.00;813,727,245.00
2023-10-17;CEMARGOS;4,835.00;4,835.00;4,757.60;4,645.00;181;3,89;891,007.00;4,239,051,748.00
2023-10-18;CEMARGOS;4,900.00;4,900.00;4,813.94;4,800.00;65;1,34;1,598,866.00;7,696,850,153.00
2023-10-19;CEMARGOS;4,733.00;4,900.00;4,777.75;4,700.00;-167;-3,41;891,042.00;4,257,175,622.00
2023-10-20;CEMARGOS;4,770.00;4,788.00;4,771.16;4,750.00;37;0,78;168,603.00;804,431,733.00
2023-10-23;CEMARGOS;4,800.00;4,845.00;4,805.47;4,800.00;30;0,63;529,672.00;2,545,322,865.00
2023-10-24;CEMARGOS;4,800.00;4,801.00;4,789.12;4,750.00;0;0;187,575.00;898,319,501.00
2023-10-25;CEMARGOS;4,800.00;4,800.00;4,798.99;4,780.00;0;0;284,610.00;1,365,840,220.00
2023-10-26;CEMARGOS;4,800.00;4,900.00;4,814.26;4,680.00;0;0;1,317,792.00;6,344,188,671.00
2023-10-27;CEMARGOS;4,798.00;4,845.00;4,801.17;4,750.00;-2;-0,04;55,274.00;265,379,805.00
2023-10-30;CEMARGOS;4,735.00;4,802.00;4,776.33;4,735.00;-63;-1,31;65,909.00;314,802,928.00
2023-10-31;CEMARGOS;4,736.00;4,736.00;4,705.81;4,550.00;1;0,02;180,029.00;847,182,101.00
2023-11-01;CEMARGOS;4,790.00;4,790.00;4,741.72;4,725.00;54;1,14;66,364.00;314,679,515.00
2023-11-02;CEMARGOS;4,665.00;4,710.00;4,678.38;4,660.00;-125;-2,61;163,895.00;766,763,621.00
2023-11-03;CEMARGOS;4,647.00;4,665.00;4,647.53;4,613.00;-18;-0,39;91,883.00;427,029,249.00
2023-11-07;CEMARGOS;4,604.00;4,604.00;4,600.89;4,580.00;-43;-0,93;624,381.00;2,872,705,180.00
2023-11-08;CEMARGOS;4,800.00;4,900.00;4,811.26;4,620.00;195;4,23;396,397.00;1,907,168,440.00
2023-11-09;CEMARGOS;4,945.00;4,945.00;4,844.06;4,750.00;145;3,02;252,343.00;1,222,365,415.00
2023-11-10;CEMARGOS;5,040.00;5,070.00;5,014.58;4,935.00;95;1,92;321,402.00;1,611,695,190.00
2023-11-14;CEMARGOS;4,950.00;5,130.00;5,065.99;4,940.00;-90;-1,79;565,722.00;2,865,943,720.00
2023-11-15;CEMARGOS;4,920.00;4,990.00;4,941.11;4,920.00;-30;-0,61;181,724.00;897,917,565.00
2023-11-16;CEMARGOS;4,970.00;4,970.00;4,969.41;4,950.00;50;1,02;1,642,178.00;8,160,648,470.00
2023-11-17;CEMARGOS;4,985.00;5,000.00;4,983.64;4,940.00;15;0,3;6,335,718.00;31,574,954,030.00
2023-11-20;CEMARGOS;5,250.00;5,250.00;5,127.58;5,040.00;265;5,32;697,746.00;3,577,745,800.00
2023-11-21;CEMARGOS;5,290.00;5,340.00;5,283.58;5,230.00;40;0,76;631,978.00;3,339,104,430.00
2023-11-22;CEMARGOS;5,240.00;5,370.00;5,325.42;5,240.00;-50;-0,95;347,862.00;1,852,512,150.00
2023-11-23;CEMARGOS;5,340.00;5,360.00;5,302.24;5,260.00;100;1,91;541,833.00;2,872,930,290.00
2023-11-24;CEMARGOS;5,360.00;5,410.00;5,387.05;5,360.00;20;0,37;370,130.00;1,993,907,740.00
2023-11-27;CEMARGOS;5,390.00;5,490.00;5,392.49;5,380.00;30;0,56;2,730,690.00;14,725,206,540.00
2023-11-28;CEMARGOS;5,520.00;5,580.00;5,527.45;5,350.00;130;2,41;1,329,441.00;7,348,417,470.00
2023-11-29;CEMARGOS;5,590.00;5,600.00;5,555.99;5,530.00;70;1,27;684,921.00;3,805,416,110.00
2023-11-30;CEMARGOS;5,540.00;5,670.00;5,586.21;5,540.00;-50;-0,89;767,056.00;4,284,935,400.00
2023-12-01;CEMARGOS;5,450.00;5,680.00;5,587.31;5,400.00;-90;-1,62;2,391,705.00;13,363,206,350.00
2023-12-04;CEMARGOS;5,510.00;5,550.00;5,515.13;5,510.00;60;1,1;268,325.00;1,479,845,990.00
2023-12-05;CEMARGOS;5,570.00;5,570.00;5,534.63;5,520.00;60;1,09;199,348.00;1,103,316,740.00
2023-12-06;CEMARGOS;5,530.00;5,570.00;5,554.07;5,530.00;-40;-0,72;122,992.00;683,105,630.00
2023-12-07;CEMARGOS;5,620.00;5,630.00;5,561.32;5,530.00;90;1,63;333,411.00;1,854,204,250.00
2023-12-11;CEMARGOS;5,790.00;5,810.00;5,787.68;5,660.00;170;3,02;1,113,638.00;6,445,378,680.00
2023-12-12;CEMARGOS;6,000.00;6,050.00;5,974.77;5,830.00;210;3,63;582,216.00;3,478,606,350.00
2023-12-13;CEMARGOS;6,040.00;6,100.00;6,045.80;5,960.00;40;0,67;1,032,331.00;6,241,264,900.00
2023-12-14;CEMARGOS;6,020.00;6,120.00;6,075.48;5,990.00;-20;-0,33;474,545.00;2,883,088,760.00
2023-12-15;CEMARGOS;6,180.00;6,210.00;6,113.39;5,950.00;160;2,66;1,234,067.00;7,544,337,550.00
2023-12-18;CEMARGOS;6,250.00;6,410.00;6,280.29;6,180.00;70;1,13;589,276.00;3,700,825,650.00
2023-12-19;CEMARGOS;6,240.00;6,400.00;6,346.22;6,150.00;-10;-0,16;1,531,138.00;9,716,933,220.00
2023-12-20;CEMARGOS;5,920.00;6,240.00;6,137.32;5,920.00;-320;-5,13;1,149,455.00;7,054,568,790.00
2023-12-21;CEMARGOS;5,920.00;6,020.00;5,937.78;5,850.00;0;0;452,816.00;2,688,721,740.00
2023-12-22;CEMARGOS;6,150.00;6,250.00;6,139.95;5,990.00;230;3,89;218,285.00;1,340,258,520.00
2023-12-26;CEMARGOS;6,110.00;6,140.00;6,098.72;6,030.00;-40;-0,65;352,007.00;2,146,792,060.00
2023-12-27;CEMARGOS;6,150.00;6,150.00;6,140.06;6,110.00;40;0,65;108,658.00;667,166,960.00
2023-12-28;CEMARGOS;6,110.00;6,230.00;6,195.68;6,110.00;-40;-0,65;378,592.00;2,345,634,690.00
2023-01-02;CEMARGOS;3,700.00;3,700.00;3,687.35;3,700.00;100;2,78;20,133.00;74,237,332.00
2023-01-03;CEMARGOS;3,610.00;3,730.00;3,710.52;3,610.00;-90;-2,43;113,306.00;420,424,548.00
2023-01-04;CEMARGOS;3,659.00;3,700.00;3,669.10;3,650.00;49;1,36;80,108.00;293,923,880.00
2023-01-05;CEMARGOS;3,680.00;3,720.00;3,690.92;3,660.00;21;0,57;140,179.00;517,389,303.00
2023-01-06;CEMARGOS;3,680.00;3,700.00;3,687.36;3,678.00;0;0;45,717.00;168,574,893.00
2023-01-10;CEMARGOS;3,794.00;3,794.00;3,675.09;3,660.00;114;3,1;533,110.00;1,959,228,488.00
2023-01-11;CEMARGOS;3,771.00;3,845.00;3,771.37;3,704.00;-23;-0,61;388,365.00;1,464,668,809.00
2023-01-12;CEMARGOS;3,681.00;3,800.00;3,721.83;3,681.00;-90;-2,39;577,088.00;2,147,821,850.00
2023-01-13;CEMARGOS;3,700.00;3,700.00;3,652.93;3,600.00;19;0,52;28,523.00;104,192,472.00
2023-01-16;CEMARGOS;3,700.00;;3,678.55;;;;3,902.00;14,353,683.00
2023-01-17;CEMARGOS;3,650.00;3,740.00;3,666.17;3,650.00;-50;-1,35;56,177.00;205,954,238.00
2023-01-18;CEMARGOS;3,584.00;3,650.00;3,597.13;3,560.00;-66;-1,81;362,730.00;1,304,786,435.00
2023-01-19;CEMARGOS;3,560.00;3,584.00;3,578.47;3,560.00;-24;-0,67;80,700.00;288,782,272.00
2023-01-20;CEMARGOS;3,587.00;3,587.00;3,564.32;3,560.00;27;0,76;36,179.00;128,953,640.00
2023-01-23;CEMARGOS;3,500.00;3,600.00;3,521.63;3,480.00;-87;-2,43;330,166.00;1,162,722,017.00
2023-01-24;CEMARGOS;3,400.00;3,500.00;3,415.35;3,322.00;-100;-2,86;299,807.00;1,023,945,910.00
2023-01-25;CEMARGOS;3,251.00;3,341.00;3,290.58;3,220.00;-149;-4,38;184,601.00;607,443,798.00
2023-01-26;CEMARGOS;3,250.00;3,418.00;3,285.87;3,250.00;-1;-0,03;280,826.00;922,758,090.00
2023-01-27;CEMARGOS;3,250.00;3,315.00;3,266.74;3,250.00;0;0;186,267.00;608,486,462.00
2023-01-30;CEMARGOS;3,200.00;3,279.00;3,197.23;3,121.00;-50;-1,54;75,801.00;242,352,880.00
2023-01-31;CEMARGOS;3,213.00;3,230.00;3,197.01;3,121.00;13;0,41;334,053.00;1,067,970,932.00
2023-02-01;CEMARGOS;3,200.00;3,200.00;3,196.99;3,194.00;-13;-0,4;212,669.00;679,900,562.00
2023-02-02;CEMARGOS;3,200.00;3,200.00;3,187.39;3,158.00;0;0;167,114.00;532,657,322.00
2023-02-03;CEMARGOS;3,200.00;3,201.00;3,194.47;3,100.00;0;0;622,587.00;1,988,837,283.00
2023-02-06;CEMARGOS;3,100.00;3,268.00;3,159.33;3,100.00;-100;-3,12;26,851.00;84,831,268.00
2023-02-07;CEMARGOS;3,150.00;3,225.00;3,149.20;3,120.00;50;1,61;135,672.00;427,258,213.00
2023-02-08;CEMARGOS;3,001.00;3,148.00;3,058.33;3,000.00;-149;-4,73;1,194,620.00;3,653,537,812.00
2023-02-09;CEMARGOS;2,890.00;3,040.00;2,923.97;2,810.00;-111;-3,7;566,252.00;1,655,704,060.00
2023-02-10;CEMARGOS;2,860.00;2,900.00;2,891.66;2,860.00;-30;-1,04;78,756.00;227,735,755.00
2023-02-13;CEMARGOS;2,897.00;2,897.00;2,822.39;2,790.00;37;1,29;176,200.00;497,305,876.00
2023-02-14;CEMARGOS;2,900.00;2,920.00;2,788.04;2,730.00;3;0,1;1,228,727.00;3,425,744,649.00
2023-02-15;CEMARGOS;2,793.00;2,850.00;2,787.46;2,755.00;-107;-3,69;403,720.00;1,125,352,542.00
2023-02-16;CEMARGOS;2,850.00;2,870.00;2,833.89;2,800.00;57;2,04;254,650.00;721,650,403.00
2023-02-17;CEMARGOS;2,850.00;2,880.00;2,846.42;2,800.00;0;0;166,960.00;475,237,828.00
2023-02-20;CEMARGOS;2,744.00;2,750.00;2,696.23;2,605.00;-106;-3,72;231,889.00;625,227,118.00
2023-02-21;CEMARGOS;2,797.00;2,880.00;2,773.93;2,750.00;53;1,93;1,105,554.00;3,066,728,036.00
2023-02-22;CEMARGOS;2,801.00;2,835.00;2,808.95;2,796.00;4;0,14;301,524.00;846,965,157.00
2023-02-23;CEMARGOS;2,900.00;2,900.00;2,873.14;2,833.00;99;3,53;416,898.00;1,197,808,001.00
2023-02-24;CEMARGOS;2,964.00;2,969.00;2,947.33;2,900.00;64;2,21;260,419.00;767,541,299.00
2023-02-27;CEMARGOS;3,030.00;3,069.00;3,042.42;2,964.00;66;2,23;757,718.00;2,305,299,179.00
2023-02-28;CEMARGOS;3,012.00;3,177.00;3,043.97;3,012.00;-18;-0,59;5,625,277.00;17,123,152,576.00
2023-03-01;CEMARGOS;2,980.00;3,079.00;2,984.23;2,950.00;-32;-1,06;3,769,799.00;11,249,934,286.00
2023-03-02;CEMARGOS;2,980.00;3,099.00;2,975.87;2,801.00;0;0;149,257.00;444,169,455.00
2023-03-03;CEMARGOS;2,950.00;3,005.00;2,987.83;2,950.00;-30;-1,01;131,518.00;392,954,067.00
2023-03-06;CEMARGOS;2,940.00;2,950.00;2,933.66;2,900.00;-10;-0,34;116,378.00;341,414,006.00
2023-03-07;CEMARGOS;2,895.00;2,930.00;2,908.11;2,870.00;-45;-1,53;163,197.00;474,595,230.00
2023-03-08;CEMARGOS;2,950.00;2,975.00;2,939.28;2,900.00;55;1,9;280,568.00;824,666,961.00
2023-03-09;CEMARGOS;2,950.00;2,954.00;2,947.12;2,930.00;0;0;727,890.00;2,145,180,885.00
2023-03-10;CEMARGOS;2,955.00;2,970.00;2,946.88;2,905.00;5;0,17;194,925.00;574,420,041.00
2023-03-13;CEMARGOS;3,000.00;3,000.00;2,955.70;2,903.00;45;1,52;199,345.00;589,204,125.00
2023-03-14;CEMARGOS;3,040.00;3,040.00;3,006.73;2,993.00;40;1,33;818,696.00;2,461,599,835.00
2023-03-15;CEMARGOS;3,090.00;3,090.00;3,072.83;3,040.00;50;1,64;993,323.00;3,052,313,218.00
2023-03-16;CEMARGOS;3,090.00;3,140.00;3,117.67;3,090.00;0;0;174,621.00;544,410,199.00
2023-03-17;CEMARGOS;2,998.00;3,109.00;3,012.17;2,998.00;-92;-2,98;20,089,398.00;60,512,679,503.00
2023-03-21;CEMARGOS;3,045.00;3,060.00;3,005.54;2,900.00;47;1,57;1,336,107.00;4,015,724,497.00
2023-03-22;CEMARGOS;3,014.00;3,064.00;3,049.31;3,014.00;-31;-1,02;336,829.00;1,027,095,700.00
2023-03-23;CEMARGOS;3,009.00;3,047.00;3,002.80;2,970.00;-5;-0,17;115,918.00;348,078,332.00
2023-03-24;CEMARGOS;2,995.00;3,050.00;3,011.31;2,960.00;-14;-0,47;143,366.00;431,719,437.00
2023-03-27;CEMARGOS;2,999.00;3,030.00;2,994.38;2,963.00;4;0,13;169,486.00;507,505,268.00
2023-03-28;CEMARGOS;2,995.00;3,008.00;2,995.78;2,995.00;-4;-0,13;65,160.00;195,205,100.00
2023-03-29;CEMARGOS;2,947.00;3,040.00;2,951.05;2,947.00;-48;-1,6;3,026,802.00;8,932,235,676.00
2023-03-30;CEMARGOS;2,980.00;3,000.00;2,980.03;2,950.00;33;1,12;4,743,855.00;14,136,829,485.00
2023-03-31;CEMARGOS;3,018.00;3,050.00;3,024.07;2,981.00;38;1,28;431,692.00;1,305,466,650.00
2023-04-03;CEMARGOS;3,050.00;3,077.00;3,049.32;3,041.00;32;1,06;297,620.00;907,538,252.00
2023-04-04;CEMARGOS;3,090.00;3,090.00;3,068.20;3,050.00;40;1,31;490,396.00;1,504,635,158.00
2023-04-05;CEMARGOS;3,090.00;3,090.00;3,084.68;3,080.00;0;0;252,390.00;778,543,371.00
2023-04-10;CEMARGOS;3,170.00;3,179.00;3,129.53;3,079.00;80;2,59;528,457.00;1,653,819,787.00
2023-04-11;CEMARGOS;3,150.00;3,180.00;3,157.36;3,130.00;-20;-0,63;1,112,877.00;3,513,754,679.00
2023-04-12;CEMARGOS;3,133.00;3,150.00;3,142.30;3,133.00;-17;-0,54;66,801.00;209,908,582.00
2023-04-13;CEMARGOS;3,133.00;3,138.00;3,127.56;3,110.00;0;0;131,977.00;412,766,522.00
2023-04-14;CEMARGOS;3,180.00;3,188.00;3,159.61;3,136.00;47;1,5;345,299.00;1,091,011,047.00
2023-04-17;CEMARGOS;3,193.00;3,250.00;3,214.98;3,180.00;13;0,41;576,499.00;1,853,429,910.00
2023-04-18;CEMARGOS;3,196.00;3,200.00;3,196.49;3,180.00;3;0,09;157,652.00;503,933,242.00
2023-04-19;CEMARGOS;3,190.00;3,225.00;3,200.91;3,145.00;-6;-0,19;230,417.00;737,543,395.00
2023-04-20;CEMARGOS;3,179.00;3,210.00;3,196.01;3,170.00;-11;-0,34;135,679.00;433,630,840.00
2023-04-21;CEMARGOS;3,160.00;3,170.00;3,165.44;3,160.00;-19;-0,6;33,170.00;104,997,660.00
2023-04-24;CEMARGOS;3,178.00;3,179.00;3,170.81;3,160.00;18;0,57;75,018.00;237,868,089.00
2023-04-25;CEMARGOS;3,110.00;3,155.00;3,125.36;3,100.00;-68;-2,14;80,867.00;252,738,366.00
2023-04-26;CEMARGOS;3,145.00;3,145.00;3,102.98;3,080.00;35;1,13;155,350.00;482,048,450.00
2023-04-27;CEMARGOS;3,069.00;3,145.00;3,064.49;3,006.00;-76;-2,42;244,364.00;748,850,335.00
2023-04-28;CEMARGOS;3,090.00;3,090.00;3,053.10;2,995.00;21;0,68;258,935.00;790,553,963.00
2023-05-02;CEMARGOS;3,003.00;3,070.00;3,016.14;2,995.00;-87;-2,82;255,843.00;771,657,460.00
2023-05-03;CEMARGOS;3,036.00;3,036.00;2,998.71;2,990.00;33;1,1;157,557.00;472,467,675.00
2023-05-04;CEMARGOS;3,020.00;3,025.00;3,009.80;2,980.00;-16;-0,53;151,873.00;457,107,813.00
2023-05-05;CEMARGOS;3,020.00;3,020.00;3,020.12;3,020.00;0;;50,900.00;153,724,350.00
2023-05-08;CEMARGOS;3,060.00;3,060.00;3,010.31;3,000.00;40;1,32;977,516.00;2,942,624,312.00
2023-05-09;CEMARGOS;3,050.00;3,070.00;3,057.92;3,050.00;-10;-0,33;39,265.00;120,069,118.00
2023-05-10;CEMARGOS;3,060.00;3,074.00;3,061.64;3,060.00;10;0,33;69,408.00;212,502,058.00
2023-05-11;CEMARGOS;3,001.00;3,050.00;3,045.22;3,001.00;-59;-1,93;736,774.00;2,243,637,820.00
2023-05-12;CEMARGOS;3,082.00;3,082.00;3,025.43;2,993.00;81;2,7;184,930.00;559,492,192.00
2023-05-15;CEMARGOS;3,070.00;3,080.00;3,071.00;3,070.00;-12;-0,39;23,034.00;70,737,492.00
2023-05-16;CEMARGOS;2,992.00;3,070.00;3,021.03;2,992.00;-78;-2,54;65,067.00;196,569,195.00
2023-05-17;CEMARGOS;2,979.00;2,987.00;2,981.61;2,979.00;-13;-0,43;118,041.00;351,952,316.00
2023-05-18;CEMARGOS;2,972.00;3,000.00;2,996.06;2,972.00;-7;-0,23;300,594.00;900,597,995.00
2023-05-19;CEMARGOS;3,047.00;3,210.00;3,034.45;3,000.00;75;2,52;130,405.00;395,706,822.00
2023-05-23;CEMARGOS;3,020.00;3,020.00;3,001.43;2,985.00;-27;-0,89;86,540.00;259,743,797.00
2023-05-24;CEMARGOS;2,965.00;2,988.00;2,981.01;2,965.00;-55;-1,82;20,955.00;62,466,983.00
2023-05-25;CEMARGOS;2,945.00;2,965.00;2,948.21;2,921.00;-20;-0,67;58,310.00;171,909,923.00
2023-05-26;CEMARGOS;3,051.00;3,051.00;3,023.00;2,999.00;106;3,6;31,753.00;95,989,231.00
2023-05-29;CEMARGOS;3,185.00;3,185.00;3,100.25;3,066.00;134;4,39;108,118.00;335,192,732.00
2023-05-30;CEMARGOS;3,155.00;3,250.00;3,185.91;3,155.00;-30;-0,94;271,909.00;866,278,092.00
2023-05-31;CEMARGOS;3,180.00;3,183.00;3,168.61;3,130.00;25;0,79;1,084,947.00;3,437,778,200.00
2023-06-01;CEMARGOS;3,300.00;3,300.00;3,252.69;3,184.00;120;3,77;913,329.00;2,970,772,742.00
2023-06-02;CEMARGOS;3,400.00;3,438.00;3,337.81;3,295.00;100;3,03;2,517,815.00;8,403,988,382.00
2023-06-05;CEMARGOS;3,400.00;3,460.00;3,422.03;3,400.00;0;0;546,660.00;1,870,685,568.00
2023-06-06;CEMARGOS;3,530.00;3,544.00;3,462.41;3,420.00;130;3,82;1,085,969.00;3,760,074,326.00
2023-06-07;CEMARGOS;3,500.00;3,590.00;3,535.06;3,500.00;-30;-0,85;551,580.00;1,949,866,257.00
2023-06-08;CEMARGOS;3,537.00;3,543.00;3,500.60;3,490.00;37;1,06;598,101.00;2,093,712,935.00
2023-06-09;CEMARGOS;3,650.00;3,650.00;3,538.67;3,460.00;113;3,19;193,130.00;683,423,623.00
2023-06-13;CEMARGOS;3,640.00;3,750.00;3,684.73;3,605.00;-10;-0,27;159,263.00;586,841,550.00
2023-06-14;CEMARGOS;3,550.00;3,635.00;3,549.76;3,500.00;-90;-2,47;1,803,795.00;6,403,041,092.00
2023-06-15;CEMARGOS;3,600.00;3,620.00;3,604.48;3,591.00;50;1,41;165,304.00;595,834,155.00
2023-06-16;CEMARGOS;3,530.00;3,590.00;3,546.10;3,530.00;-70;-1,94;96,266.00;341,368,773.00
2023-06-20;CEMARGOS;3,450.00;3,525.00;3,462.13;3,440.00;-80;-2,27;221,063.00;765,349,394.00
2023-06-21;CEMARGOS;3,352.00;3,440.00;3,376.39;3,347.00;-98;-2,84;86,727.00;292,824,597.00
2023-06-22;CEMARGOS;3,364.00;3,423.00;3,372.59;3,302.00;12;0,36;575,844.00;1,942,084,637.00
2023-06-23;CEMARGOS;3,326.00;3,356.00;3,340.70;3,326.00;-38;-1,13;52,931.00;176,826,480.00
2023-06-26;CEMARGOS;3,326.00;;3,315.63;;;;3,614.00;11,982,680.00
2023-06-27;CEMARGOS;3,340.00;3,344.00;3,303.16;3,270.00;14;0,42;173,823.00;574,165,595.00
2023-06-28;CEMARGOS;3,310.00;3,350.00;3,329.53;3,280.00;-30;-0,9;14,678.00;48,870,827.00
2023-06-29;CEMARGOS;3,260.00;3,280.00;3,273.01;3,260.00;-50;-1,51;272,215.00;890,963,586.00
2023-06-30;CEMARGOS;3,400.00;3,400.00;3,357.33;3,270.00;140;4,29;300,418.00;1,008,602,747.00
2022-07-01;CEMARGOS;4,630.00;4,740.00;4,620.67;4,561.00;-10;-0,22;66,023.00;305,070,203.00
2022-07-05;CEMARGOS;4,580.00;4,690.00;4,617.78;4,560.00;-50;-1,08;158,494.00;731,891,052.00
2022-07-06;CEMARGOS;4,400.00;4,600.00;4,577.66;4,400.00;-180;-3,93;452,005.00;2,069,126,299.00
2022-07-07;CEMARGOS;4,480.00;4,510.00;4,490.16;4,400.00;80;1,82;94,404.00;423,889,143.00
2022-07-08;CEMARGOS;4,360.00;4,471.00;4,382.60;4,350.00;-120;-2,68;203,368.00;891,280,609.00
2022-07-11;CEMARGOS;4,340.00;4,445.00;4,373.47;4,340.00;-20;-0,46;418,273.00;1,829,304,070.00
2022-07-12;CEMARGOS;4,350.00;4,400.00;4,358.74;4,290.00;10;0,23;242,341.00;1,056,302,353.00
2022-07-13;CEMARGOS;4,251.00;4,469.00;4,293.31;4,250.00;-99;-2,28;78,412.00;336,646,814.00
2022-07-14;CEMARGOS;4,000.00;4,230.00;4,061.33;3,970.00;-251;-5,9;346,406.00;1,406,868,569.00
2022-07-15;CEMARGOS;4,160.00;4,160.00;4,028.46;4,000.00;160;4;221,397.00;891,889,821.00
2022-07-18;CEMARGOS;4,041.00;4,080.00;4,057.66;4,003.00;-119;-2,86;169,525.00;687,875,446.00
2022-07-19;CEMARGOS;4,040.00;4,300.00;4,078.65;4,020.00;-1;-0,02;236,674.00;965,310,674.00
2022-07-21;CEMARGOS;3,980.00;4,100.00;4,033.94;3,921.00;-60;-1,49;441,598.00;1,781,381,545.00
2022-07-22;CEMARGOS;3,800.00;4,100.00;3,961.29;3,800.00;-180;-4,52;177,202.00;701,948,902.00
2022-07-25;CEMARGOS;4,000.00;4,000.00;3,949.09;3,800.00;200;5,26;237,720.00;938,778,623.00
2022-07-26;CEMARGOS;3,900.00;4,097.00;3,939.40;3,830.00;-100;-2,5;112,235.00;442,138,537.00
2022-07-27;CEMARGOS;3,901.00;3,970.00;3,927.30;3,870.00;1;0,03;72,722.00;285,600,911.00
2022-07-28;CEMARGOS;3,980.00;4,000.00;3,977.83;3,943.00;79;2,03;408,788.00;1,626,090,476.00
2022-07-29;CEMARGOS;3,900.00;4,000.00;3,951.10;3,900.00;-80;-2,01;241,678.00;954,893,043.00
2022-08-01;CEMARGOS;3,900.00;3,991.00;3,926.55;3,900.00;0;0;133,847.00;525,557,171.00
2022-08-02;CEMARGOS;3,815.00;3,900.00;3,853.61;3,811.00;-85;-2,18;267,965.00;1,032,631,668.00
2022-08-03;CEMARGOS;3,800.00;3,930.00;3,835.15;3,800.00;-15;-0,39;151,005.00;579,127,449.00
2022-08-04;CEMARGOS;3,800.00;3,805.00;3,780.81;3,750.00;0;0;50,560.00;191,157,614.00
2022-08-05;CEMARGOS;3,800.00;3,800.00;3,766.41;3,750.00;0;0;78,902.00;297,177,508.00
2022-08-08;CEMARGOS;3,900.00;3,927.00;3,896.71;3,850.00;100;2,63;359,899.00;1,402,422,227.00
2022-08-09;CEMARGOS;3,817.00;3,900.00;3,842.35;3,817.00;-83;-2,13;108,808.00;418,078,469.00
2022-08-10;CEMARGOS;3,751.00;3,880.00;3,806.28;3,751.00;-66;-1,73;174,873.00;665,616,470.00
2022-08-11;CEMARGOS;3,810.00;3,890.00;3,809.75;3,751.00;59;1,57;320,785.00;1,222,109,917.00
2022-08-12;CEMARGOS;3,770.00;3,790.00;3,779.88;3,770.00;-40;-1,05;61,744.00;233,384,879.00
2022-08-16;CEMARGOS;3,750.00;3,816.00;3,783.91;3,750.00;-20;-0,53;322,819.00;1,221,517,872.00
2022-08-17;CEMARGOS;3,780.00;3,805.00;3,780.60;3,756.00;30;0,8;1,710,563.00;6,466,947,691.00
2022-08-18;CEMARGOS;3,780.00;3,804.00;3,756.09;3,710.00;0;0;2,122,043.00;7,970,575,921.00
2022-08-19;CEMARGOS;3,781.00;3,781.00;3,744.84;3,720.00;1;0,03;183,089.00;685,639,056.00
2022-08-22;CEMARGOS;3,745.00;3,810.00;3,767.48;3,745.00;-36;-0,95;108,518.00;408,839,079.00
2022-08-23;CEMARGOS;3,600.00;3,750.00;3,640.53;3,600.00;-145;-3,87;81,401.00;296,342,463.00
2022-08-24;CEMARGOS;3,525.00;3,750.00;3,615.56;3,525.00;-75;-2,08;329,426.00;1,191,059,334.00
2022-08-25;CEMARGOS;3,515.00;3,582.00;3,536.19;3,510.00;-10;-0,28;222,148.00;785,557,005.00
2022-08-26;CEMARGOS;3,483.00;3,550.00;3,502.81;3,483.00;-32;-0,91;254,963.00;893,087,796.00
2022-08-29;CEMARGOS;3,451.00;3,500.00;3,478.87;3,451.00;-32;-0,92;199,421.00;693,758,803.00
2022-08-30;CEMARGOS;3,350.00;3,450.00;3,398.03;3,350.00;-101;-2,93;44,803.00;152,242,067.00
2022-08-31;CEMARGOS;3,489.00;3,489.00;3,441.82;3,335.00;139;4,15;395,031.00;1,359,627,511.00
2022-09-01;CEMARGOS;3,585.00;3,585.00;3,536.40;3,485.00;96;2,75;111,127.00;392,989,595.00
2022-09-02;CEMARGOS;3,609.00;3,620.00;3,606.89;3,585.00;24;0,67;122,333.00;441,241,246.00
2022-09-05;CEMARGOS;3,695.00;3,695.00;3,612.71;3,600.00;86;2,38;82,448.00;297,860,820.00
2022-09-06;CEMARGOS;3,679.00;3,700.00;3,658.30;3,600.00;-16;-0,43;305,774.00;1,118,611,786.00
2022-09-07;CEMARGOS;3,680.00;3,725.00;3,692.65;3,621.00;1;0,03;96,396.00;355,956,568.00
2022-09-08;CEMARGOS;3,660.00;3,660.00;3,638.53;3,600.00;-20;-0,54;167,464.00;609,322,234.00
2022-09-09;CEMARGOS;3,799.00;3,800.00;3,774.74;3,700.00;139;3,8;698,523.00;2,636,739,446.00
2022-09-12;CEMARGOS;3,800.00;3,800.00;3,799.38;3,780.00;1;0,03;98,190.00;373,061,072.00
2022-09-13;CEMARGOS;3,820.00;3,838.00;3,811.45;3,770.00;20;0,53;867,757.00;3,307,410,045.00
2022-09-14;CEMARGOS;3,790.00;3,805.00;3,796.23;3,701.00;-30;-0,79;343,388.00;1,303,578,910.00
2022-09-15;CEMARGOS;3,770.00;3,800.00;3,783.46;3,601.00;-20;-0,53;897,856.00;3,397,005,170.00
2022-09-16;CEMARGOS;4,147.00;4,147.00;4,109.51;3,601.00;377;10;1,808,286.00;7,431,175,997.00
2022-09-19;CEMARGOS;3,900.00;3,963.00;3,905.77;3,854.00;-247;-5,96;247,461.00;966,525,952.00
2022-09-20;CEMARGOS;3,800.00;3,900.00;3,807.86;3,800.00;-100;-2,56;140,947.00;536,705,756.00
2022-09-21;CEMARGOS;3,710.00;3,965.00;3,794.97;3,606.00;-90;-2,37;195,006.00;740,041,223.00
2022-09-22;CEMARGOS;3,600.00;3,707.00;3,623.45;3,600.00;-110;-2,96;88,216.00;319,646,610.00
2022-09-23;CEMARGOS;3,400.00;3,502.00;3,434.77;3,400.00;-200;-5,56;160,306.00;550,614,428.00
2022-09-26;CEMARGOS;3,170.00;3,350.00;3,267.22;3,170.00;-230;-6,76;124,447.00;406,595,802.00
2022-09-27;CEMARGOS;3,328.00;3,328.00;3,295.91;3,201.00;158;4,98;88,251.00;290,867,047.00
2022-09-28;CEMARGOS;3,260.00;3,260.00;3,263.37;3,260.00;-68;-2,04;26,813.00;87,500,790.00
2022-09-29;CEMARGOS;3,286.00;3,286.00;3,253.09;3,183.00;26;0,8;150,417.00;489,320,241.00
2022-09-30;CEMARGOS;3,380.00;3,400.00;3,371.09;3,299.00;94;2,86;199,429.00;672,292,538.00
2022-10-03;CEMARGOS;3,400.00;3,476.00;3,446.86;3,400.00;20;0,59;25,867.00;89,160,029.00
2022-10-04;CEMARGOS;3,500.00;3,500.00;3,488.20;3,400.00;100;2,94;280,550.00;978,615,126.00
2022-10-05;CEMARGOS;3,600.00;3,600.00;3,513.42;3,430.00;100;2,86;256,037.00;899,565,064.00
2022-10-06;CEMARGOS;3,470.00;3,684.00;3,506.53;3,470.00;-130;-3,61;145,420.00;509,920,114.00
2022-10-07;CEMARGOS;3,427.00;3,500.00;3,416.66;3,400.00;-43;-1,24;89,994.00;307,479,023.00
2022-10-10;CEMARGOS;3,429.00;3,429.00;3,410.70;3,380.00;2;0,06;23,479.00;80,079,914.00
2022-10-11;CEMARGOS;3,328.00;3,350.00;3,296.26;3,100.00;-101;-2,95;126,018.00;415,388,168.00
2022-10-12;CEMARGOS;3,325.00;3,327.00;3,323.58;3,325.00;-3;-0,09;7,357.00;24,451,588.00
2022-10-13;CEMARGOS;3,181.00;3,320.00;3,235.59;3,180.00;-144;-4,33;193,895.00;627,363,851.00
2022-10-14;CEMARGOS;3,250.00;3,250.00;3,131.82;3,110.00;69;2,17;256,683.00;803,885,350.00
2022-10-18;CEMARGOS;3,130.00;3,200.00;3,132.07;3,100.00;-120;-3,69;163,196.00;511,141,132.00
2022-10-19;CEMARGOS;3,230.00;3,245.00;3,217.00;3,157.00;100;3,19;138,839.00;446,645,733.00
2022-10-20;CEMARGOS;3,102.00;3,240.00;3,183.42;3,102.00;-128;-3,96;101,305.00;322,496,456.00
2022-10-21;CEMARGOS;3,100.00;3,101.00;3,054.41;2,801.00;-2;-0,06;99,669.00;304,429,586.00
2022-10-24;CEMARGOS;3,003.00;3,200.00;3,102.09;3,003.00;-97;-3,13;202,495.00;628,158,180.00
2022-10-25;CEMARGOS;3,100.00;3,130.00;3,095.73;3,000.00;97;3,23;78,720.00;243,696,200.00
2022-10-26;CEMARGOS;3,190.00;3,215.00;3,177.53;3,110.00;90;2,9;119,272.00;378,990,121.00
2022-10-27;CEMARGOS;3,199.00;3,199.00;3,142.04;3,100.00;9;0,28;138,558.00;435,354,975.00
2022-10-28;CEMARGOS;3,320.00;3,330.00;3,265.51;3,198.00;121;3,78;192,105.00;627,320,067.00
2022-10-31;CEMARGOS;3,330.00;3,341.00;3,288.73;3,160.00;10;0,3;57,013.00;187,500,128.00
2022-11-01;CEMARGOS;3,339.00;3,436.00;3,337.72;3,256.00;9;0,27;223,701.00;746,652,388.00
2022-11-02;CEMARGOS;3,200.00;3,339.00;3,274.20;3,196.00;-139;-4,16;242,945.00;795,450,471.00
2022-11-03;CEMARGOS;3,199.00;3,229.00;3,191.11;3,119.00;-1;-0,03;33,251.00;106,107,659.00
2022-11-04;CEMARGOS;3,190.00;3,218.00;3,158.89;3,110.00;-9;-0,28;140,826.00;444,853,867.00
2022-11-08;CEMARGOS;3,239.00;3,240.00;3,218.20;3,200.00;49;1,54;108,927.00;350,549,125.00
2022-11-09;CEMARGOS;3,199.00;3,248.00;3,208.60;3,199.00;-40;-1,23;257,429.00;825,987,402.00
2022-11-10;CEMARGOS;3,350.00;3,350.00;3,304.69;3,199.00;151;4,72;104,255.00;344,530,194.00
2022-11-11;CEMARGOS;3,420.00;3,510.00;3,439.45;3,345.00;70;2,09;378,982.00;1,303,489,168.00
2022-11-15;CEMARGOS;3,760.00;3,790.00;3,687.76;3,481.00;340;9,94;369,783.00;1,363,669,468.00
2022-11-16;CEMARGOS;3,870.00;3,960.00;3,868.53;3,620.00;110;2,93;691,912.00;2,676,681,145.00
2022-11-17;CEMARGOS;3,860.00;3,870.00;3,848.48;3,762.00;-10;-0,26;165,055.00;635,210,790.00
2022-11-18;CEMARGOS;3,850.00;3,900.00;3,863.87;3,800.00;-10;-0,26;89,337.00;345,186,670.00
2022-11-21;CEMARGOS;3,850.00;;3,819.56;;;;12,463.00;47,603,131.00
2022-11-22;CEMARGOS;3,801.00;3,801.00;3,766.84;3,723.00;-49;-1,27;107,283.00;404,117,894.00
2022-11-23;CEMARGOS;3,818.00;3,850.00;3,836.87;3,750.00;17;0,45;92,537.00;355,052,655.00
2022-11-24;CEMARGOS;3,800.00;3,801.00;3,781.65;3,720.00;-18;-0,47;45,464.00;171,928,889.00
2022-11-25;CEMARGOS;3,769.00;3,926.00;3,780.87;3,761.00;-31;-0,82;73,438.00;277,659,339.00
2022-11-28;CEMARGOS;3,800.00;3,800.00;3,709.49;3,649.00;31;0,82;100,419.00;372,503,460.00
2022-11-29;CEMARGOS;3,797.00;3,810.00;3,799.37;3,790.00;-3;-0,08;579,141.00;2,200,372,806.00
2022-11-30;CEMARGOS;3,503.00;3,799.00;3,541.77;3,503.00;-294;-7,74;427,832.00;1,515,284,302.00
2022-12-01;CEMARGOS;3,750.00;3,766.00;3,756.35;3,550.00;247;7,05;1,598,160.00;6,003,242,019.00
2022-12-02;CEMARGOS;3,780.00;3,800.00;3,783.02;3,760.00;30;0,8;258,328.00;977,260,852.00
2022-12-05;CEMARGOS;3,700.00;3,779.00;3,694.37;3,650.00;-80;-2,12;90,547.00;334,514,033.00
2022-12-06;CEMARGOS;3,745.00;3,745.00;3,685.30;3,679.00;45;1,22;588,208.00;2,167,721,404.00
2022-12-07;CEMARGOS;3,667.00;3,737.00;3,646.40;3,621.00;-78;-2,08;314,018.00;1,145,035,568.00
2022-12-09;CEMARGOS;3,698.00;3,719.00;3,690.64;3,667.00;31;0,85;123,912.00;457,315,051.00
2022-12-12;CEMARGOS;3,675.00;3,697.00;3,685.02;3,601.00;-23;-0,62;119,236.00;439,386,965.00
2022-12-13;CEMARGOS;3,673.00;3,679.00;3,672.49;3,630.00;-2;-0,05;128,392.00;471,518,210.00
2022-12-14;CEMARGOS;3,585.00;3,673.00;3,619.26;3,500.00;-88;-2,4;133,450.00;482,990,698.00
2022-12-15;CEMARGOS;3,482.00;3,505.00;3,493.29;3,461.00;-103;-2,87;75,798.00;264,784,630.00
2022-12-16;CEMARGOS;3,480.00;3,481.00;3,479.88;3,479.00;-2;-0,06;877,431.00;3,053,356,425.00
2022-12-19;CEMARGOS;3,482.00;3,482.00;3,465.45;3,480.00;2;0,06;40,578.00;140,620,886.00
2022-12-20;CEMARGOS;3,400.00;3,450.00;3,419.22;3,400.00;-82;-2,35;154,505.00;528,287,279.00
2022-12-21;CEMARGOS;3,500.00;3,500.00;3,486.27;3,400.00;100;2,94;83,704.00;291,814,401.00
2022-12-22;CEMARGOS;3,560.00;3,560.00;3,535.07;3,560.00;60;1,71;16,583.00;58,622,050.00
2022-12-23;CEMARGOS;3,540.00;3,540.00;3,523.13;3,540.00;-20;-0,56;4,679.00;16,484,710.00
2022-12-26;CEMARGOS;3,600.00;3,600.00;3,481.04;3,300.00;60;1,69;50,695.00;176,471,383.00
2022-12-27;CEMARGOS;3,690.00;3,690.00;3,603.47;3,550.00;90;2,5;92,628.00;333,782,308.00
2022-12-28;CEMARGOS;3,727.00;3,727.00;3,669.49;3,595.00;37;1;129,928.00;476,768,922.00
2022-12-29;CEMARGOS;3,600.00;3,765.00;3,700.52;3,600.00;-127;-3,41;100,341.00;371,313,713.00
2022-01-03;CEMARGOS;6,175.00;6,200.00;6,141.97;6,025.00;65;1,06;74,298.00;456,336,380.00
2022-01-04;CEMARGOS;6,240.00;6,350.00;6,291.01;6,200.00;65;1,05;145,173.00;913,285,440.00
2022-01-05;CEMARGOS;6,235.00;6,280.00;6,189.05;6,085.00;-5;-0,08;398,927.00;2,468,980,485.00
2022-01-06;CEMARGOS;6,050.00;6,245.00;6,067.05;5,995.00;-185;-2,97;124,266.00;753,927,835.00
2022-01-07;CEMARGOS;6,200.00;6,300.00;6,171.44;6,150.00;150;2,48;419,373.00;2,588,137,315.00
2022-01-11;CEMARGOS;6,310.00;6,390.00;6,294.61;6,115.00;110;1,77;108,514.00;683,053,345.00
2022-01-12;CEMARGOS;6,310.00;6,470.00;6,386.07;6,310.00;0;0;306,083.00;1,954,665,970.00
2022-01-13;CEMARGOS;6,290.00;6,350.00;6,316.53;6,290.00;-20;-0,32;258,006.00;1,629,703,385.00
2022-01-14;CEMARGOS;6,170.00;6,380.00;6,268.80;6,170.00;-120;-1,91;1,243,985.00;7,798,297,210.00
2022-01-17;CEMARGOS;6,450.00;6,500.00;6,442.52;6,300.00;280;4,54;1,920,232.00;12,371,130,170.00
2022-01-18;CEMARGOS;6,740.00;6,950.00;6,765.62;6,500.00;290;4,5;2,124,474.00;14,373,386,385.00
2022-01-19;CEMARGOS;6,750.00;6,770.00;6,689.73;6,635.00;10;0,15;1,225,926.00;8,201,112,590.00
2022-01-20;CEMARGOS;6,580.00;6,830.00;6,701.33;6,560.00;-170;-2,52;705,283.00;4,726,334,500.00
2022-01-21;CEMARGOS;6,435.00;6,600.00;6,476.25;6,400.00;-145;-2,2;499,729.00;3,236,369,470.00
2022-01-24;CEMARGOS;6,445.00;6,450.00;6,402.99;6,370.00;10;0,16;959,281.00;6,142,265,275.00
2022-01-25;CEMARGOS;6,445.00;6,545.00;6,481.48;6,420.00;0;0;206,334.00;1,337,349,365.00
2022-01-26;CEMARGOS;6,335.00;6,515.00;6,389.86;6,330.00;-110;-1,71;123,923.00;791,850,030.00
2022-01-27;CEMARGOS;6,325.00;6,400.00;6,324.57;6,300.00;-10;-0,16;724,664.00;4,583,186,235.00
2022-01-28;CEMARGOS;6,360.00;6,450.00;6,413.74;6,360.00;35;0,55;118,391.00;759,328,505.00
2022-01-31;CEMARGOS;6,480.00;6,480.00;6,432.30;6,400.00;120;1,89;293,451.00;1,887,566,010.00
2022-02-01;CEMARGOS;6,270.00;6,540.00;6,326.37;6,260.00;-210;-3,24;299,813.00;1,896,726,735.00
2022-02-02;CEMARGOS;6,400.00;6,410.00;6,353.42;6,300.00;130;2,07;965,005.00;6,131,077,565.00
2022-02-03;CEMARGOS;6,340.00;6,340.00;6,294.77;6,270.00;-60;-0,94;560,596.00;3,528,824,770.00
2022-02-04;CEMARGOS;6,300.00;6,370.00;6,331.05;6,300.00;-40;-0,63;223,694.00;1,416,218,930.00
2022-02-07;CEMARGOS;6,315.00;6,420.00;6,386.37;6,315.00;15;0,24;443,171.00;2,830,255,765.00
2022-02-08;CEMARGOS;6,365.00;6,425.00;6,378.99;6,310.00;50;0,79;105,570.00;673,430,380.00
2022-02-09;CEMARGOS;6,255.00;6,380.00;6,318.14;6,255.00;-110;-1,73;292,390.00;1,847,362,255.00
2022-02-10;CEMARGOS;6,165.00;6,255.00;6,201.84;6,140.00;-90;-1,44;463,745.00;2,876,073,325.00
2022-02-11;CEMARGOS;6,200.00;6,250.00;6,214.03;6,160.00;35;0,57;555,100.00;3,449,408,210.00
2022-02-14;CEMARGOS;6,155.00;6,200.00;6,163.78;6,130.00;-45;-0,73;264,144.00;1,628,126,665.00
2022-02-15;CEMARGOS;6,060.00;6,145.00;6,096.91;6,060.00;-95;-1,54;298,894.00;1,822,329,890.00
2022-02-16;CEMARGOS;6,240.00;6,240.00;6,198.51;6,150.00;180;2,97;719,319.00;4,458,705,185.00
2022-02-17;CEMARGOS;6,355.00;6,365.00;6,292.34;6,200.00;115;1,84;323,415.00;2,035,038,560.00
2022-02-18;CEMARGOS;6,380.00;6,495.00;6,423.34;6,365.00;25;0,39;961,112.00;6,173,553,465.00
2022-02-21;CEMARGOS;6,350.00;6,350.00;6,326.01;6,305.00;-30;-0,47;103,367.00;653,900,670.00
2022-02-22;CEMARGOS;6,230.00;6,400.00;6,260.27;6,215.00;-120;-1,89;152,633.00;955,523,070.00
2022-02-23;CEMARGOS;6,275.00;6,345.00;6,245.89;6,175.00;45;0,72;221,050.00;1,380,653,255.00
2022-02-24;CEMARGOS;6,150.00;6,200.00;6,144.09;6,105.00;-125;-1,99;313,109.00;1,923,768,470.00
2022-02-25;CEMARGOS;6,125.00;6,205.00;6,148.66;6,125.00;-25;-0,41;200,283.00;1,231,473,045.00
2022-02-28;CEMARGOS;6,070.00;6,305.00;6,136.06;6,070.00;-55;-0,9;436,829.00;2,680,410,440.00
2022-03-01;CEMARGOS;6,175.00;6,200.00;6,164.68;6,100.00;105;1,73;334,177.00;2,060,093,095.00
2022-03-02;CEMARGOS;6,185.00;6,230.00;6,182.57;6,135.00;10;0,16;514,779.00;3,182,655,800.00
2022-03-03;CEMARGOS;6,145.00;6,190.00;6,144.33;6,115.00;-40;-0,65;163,866.00;1,006,846,940.00
2022-03-04;CEMARGOS;6,125.00;6,145.00;6,115.32;6,105.00;-20;-0,33;234,971.00;1,436,921,800.00
2022-03-07;CEMARGOS;6,085.00;6,175.00;6,047.48;5,940.00;-40;-0,65;444,347.00;2,687,177,475.00
2022-03-08;CEMARGOS;6,040.00;6,070.00;6,034.66;6,010.00;-45;-0,74;160,325.00;967,507,285.00
2022-03-09;CEMARGOS;5,980.00;6,070.00;6,001.05;5,960.00;-60;-0,99;187,943.00;1,127,855,580.00
2022-03-10;CEMARGOS;6,035.00;6,060.00;6,004.50;5,950.00;55;0,92;535,215.00;3,213,700,245.00
2022-03-11;CEMARGOS;6,100.00;6,140.00;6,085.53;6,040.00;65;1,08;249,925.00;1,520,926,360.00
2022-03-14;CEMARGOS;5,995.00;6,000.00;5,969.30;5,925.00;-105;-1,72;88,862.00;530,443,790.00
2022-03-15;CEMARGOS;6,085.00;6,100.00;6,034.66;5,995.00;90;1,5;100,935.00;609,108,765.00
2022-03-16;CEMARGOS;6,090.00;6,130.00;6,086.40;6,060.00;5;0,08;75,954.00;462,286,540.00
2022-03-17;CEMARGOS;6,130.00;6,130.00;6,114.07;6,090.00;40;0,66;107,491.00;657,207,110.00
2022-03-18;CEMARGOS;5,970.00;6,130.00;5,980.54;5,970.00;-160;-2,61;640,844.00;3,832,594,790.00
2022-03-22;CEMARGOS;6,035.00;6,140.00;6,044.08;6,000.00;65;1,09;46,264.00;279,623,245.00
2022-03-23;CEMARGOS;6,115.00;6,120.00;6,024.83;5,950.00;80;1,33;196,329.00;1,182,848,430.00
2022-03-24;CEMARGOS;6,190.00;6,240.00;6,163.62;6,110.00;75;1,23;491,792.00;3,031,219,020.00
2022-03-25;CEMARGOS;6,280.00;6,330.00;6,231.75;6,165.00;90;1,45;711,585.00;4,434,422,560.00
2022-03-28;CEMARGOS;6,230.00;6,335.00;6,276.38;6,180.00;-50;-0,8;715,859.00;4,493,002,475.00
2022-03-29;CEMARGOS;6,235.00;6,285.00;6,212.17;6,195.00;5;0,08;735,074.00;4,566,401,950.00
2022-03-30;CEMARGOS;6,120.00;6,250.00;6,165.22;6,100.00;-115;-1,84;319,243.00;1,968,203,440.00
2022-03-31;CEMARGOS;6,230.00;6,240.00;6,182.59;6,105.00;110;1,8;147,355.00;911,035,760.00
2022-04-01;CEMARGOS;6,330.00;6,330.00;6,288.71;6,235.00;100;1,61;502,318.00;3,158,930,805.00
2022-04-04;CEMARGOS;6,300.00;6,330.00;6,295.63;6,260.00;-30;-0,47;114,895.00;723,336,750.00
2022-04-05;CEMARGOS;6,350.00;6,415.00;6,390.26;6,330.00;50;0,79;354,120.00;2,262,917,410.00
2022-04-06;CEMARGOS;6,400.00;6,450.00;6,395.69;6,330.00;50;0,79;730,583.00;4,672,581,585.00
2022-04-07;CEMARGOS;6,450.00;6,450.00;6,413.23;6,325.00;50;0,78;452,218.00;2,900,176,460.00
2022-04-08;CEMARGOS;6,600.00;6,600.00;6,557.69;6,425.00;150;2,33;1,693,086.00;11,102,737,320.00
2022-04-11;CEMARGOS;6,430.00;6,455.00;6,421.16;6,400.00;-170;-2,58;131,579.00;844,889,285.00
2022-04-12;CEMARGOS;6,490.00;6,500.00;6,453.48;6,400.00;60;0,93;139,546.00;900,556,750.00
2022-04-13;CEMARGOS;6,450.00;6,450.00;6,394.81;6,360.00;-40;-0,62;40,704.00;260,294,315.00
2022-04-18;CEMARGOS;6,320.00;6,450.00;6,392.98;6,320.00;-130;-2,02;628,884.00;4,020,443,935.00
2022-04-19;CEMARGOS;6,265.00;6,380.00;6,317.51;6,265.00;-55;-0,87;259,339.00;1,638,377,250.00
2022-04-20;CEMARGOS;6,300.00;6,330.00;6,264.04;6,230.00;35;0,56;152,739.00;956,763,670.00
2022-04-21;CEMARGOS;6,230.00;6,300.00;6,227.60;6,170.00;-70;-1,11;197,761.00;1,231,576,865.00
2022-04-22;CEMARGOS;6,200.00;6,290.00;6,214.67;6,180.00;-30;-0,48;863,538.00;5,366,601,620.00
2022-04-25;CEMARGOS;6,100.00;6,200.00;6,033.20;5,900.00;-100;-1,61;543,704.00;3,280,274,955.00
2022-04-26;CEMARGOS;6,010.00;6,160.00;6,049.24;6,010.00;-90;-1,48;228,342.00;1,381,295,955.00
2022-04-27;CEMARGOS;6,025.00;6,055.00;6,015.84;6,000.00;15;0,25;233,664.00;1,405,686,380.00
2022-04-28;CEMARGOS;6,005.00;6,080.00;6,033.05;5,990.00;-20;-0,33;148,855.00;898,048,940.00
2022-04-29;CEMARGOS;6,005.00;6,030.00;6,016.49;6,005.00;0;0;313,849.00;1,888,270,490.00
2022-05-02;CEMARGOS;6,155.00;6,155.00;6,064.30;6,010.00;150;2,5;474,547.00;2,877,793,150.00
2022-05-03;CEMARGOS;6,040.00;6,100.00;6,086.09;6,040.00;-115;-1,87;112,722.00;686,036,435.00
2022-05-04;CEMARGOS;5,965.00;6,125.00;5,996.63;5,950.00;-75;-1,24;309,237.00;1,854,378,945.00
2022-05-05;CEMARGOS;5,830.00;6,040.00;5,909.95;5,830.00;-135;-2,26;337,002.00;1,991,664,410.00
2022-05-06;CEMARGOS;5,645.00;5,865.00;5,786.30;5,645.00;-185;-3,17;326,571.00;1,889,636,480.00
2022-05-09;CEMARGOS;5,500.00;5,645.00;5,500.52;5,460.00;-145;-2,57;300,336.00;1,652,005,470.00
2022-05-10;CEMARGOS;5,200.00;5,490.00;5,321.05;5,200.00;-300;-5,45;276,905.00;1,473,424,980.00
2022-05-11;CEMARGOS;5,090.00;5,225.00;5,160.08;5,060.00;-110;-2,12;139,694.00;720,832,620.00
2022-05-12;CEMARGOS;5,040.00;5,070.00;5,033.51;5,000.00;-50;-0,98;116,250.00;585,145,850.00
2022-05-13;CEMARGOS;5,060.00;5,110.00;5,067.39;5,050.00;20;0,4;191,313.00;969,456,740.00
2022-05-16;CEMARGOS;5,070.00;5,115.00;5,079.89;5,050.00;10;0,2;158,412.00;804,716,155.00
2022-05-17;CEMARGOS;5,065.00;5,340.00;5,113.31;5,065.00;-5;-0,1;654,632.00;3,347,339,140.00
2022-05-18;CEMARGOS;5,000.00;5,090.00;5,007.26;4,951.00;-65;-1,28;236,848.00;1,185,958,980.00
2022-05-19;CEMARGOS;4,700.00;4,987.00;4,779.67;4,634.00;-300;-6;339,664.00;1,623,483,121.00
2022-05-20;CEMARGOS;5,070.00;5,100.00;4,969.23;4,747.00;370;7,87;541,527.00;2,690,972,631.00
2022-05-23;CEMARGOS;5,300.00;5,375.00;5,209.12;5,100.00;230;4,54;195,648.00;1,019,153,020.00
2022-05-24;CEMARGOS;5,110.00;5,280.00;5,121.28;5,070.00;-190;-3,58;109,661.00;561,604,345.00
2022-05-25;CEMARGOS;4,950.00;5,210.00;5,028.23;4,760.00;-160;-3,13;124,289.00;624,953,911.00
2022-05-26;CEMARGOS;4,980.00;5,195.00;5,001.36;4,950.00;30;0,61;93,951.00;469,883,170.00
2022-05-27;CEMARGOS;4,999.00;5,165.00;4,903.57;4,650.00;19;0,38;88,946.00;436,153,115.00
2022-05-31;CEMARGOS;5,500.00;5,540.00;5,465.06;5,095.00;501;10,02;881,778.00;4,818,972,030.00
2022-06-01;CEMARGOS;5,500.00;5,655.00;5,447.33;5,350.00;0;0;660,493.00;3,597,922,910.00
2022-06-02;CEMARGOS;5,650.00;5,650.00;5,577.90;5,500.00;150;2,73;641,685.00;3,579,253,235.00
2022-06-03;CEMARGOS;5,780.00;5,845.00;5,717.10;5,545.00;130;2,3;447,489.00;2,558,338,985.00
2022-06-06;CEMARGOS;5,700.00;5,895.00;5,791.67;5,700.00;-80;-1,38;190,872.00;1,105,467,235.00
2022-06-07;CEMARGOS;5,620.00;5,700.00;5,588.17;5,490.00;-80;-1,4;399,419.00;2,232,022,260.00
2022-06-08;CEMARGOS;5,505.00;5,590.00;5,527.75;5,500.00;-115;-2,05;398,146.00;2,200,850,330.00
2022-06-09;CEMARGOS;5,190.00;5,500.00;5,268.52;5,190.00;-315;-5,72;204,394.00;1,076,853,575.00
2022-06-10;CEMARGOS;5,290.00;5,290.00;5,169.80;5,100.00;100;1,93;230,621.00;1,192,263,595.00
2022-06-13;CEMARGOS;4,952.00;5,180.00;5,040.92;4,952.00;-338;-6,39;194,634.00;981,134,859.00
2022-06-14;CEMARGOS;5,100.00;5,100.00;5,038.14;4,980.00;148;2,99;144,818.00;729,612,874.00
2022-06-15;CEMARGOS;4,920.00;5,110.00;4,999.55;4,920.00;-180;-3,53;472,908.00;2,364,329,547.00
2022-06-16;CEMARGOS;5,090.00;5,090.00;4,896.90;4,851.00;170;3,46;78,659.00;385,185,316.00
2022-06-17;CEMARGOS;4,850.00;5,100.00;4,890.75;4,850.00;-240;-4,72;684,333.00;3,346,902,880.00
2022-06-21;CEMARGOS;4,850.00;4,850.00;4,656.47;4,500.00;0;0;298,259.00;1,388,833,073.00
2022-06-22;CEMARGOS;4,890.00;4,890.00;4,814.29;4,770.00;40;0,82;186,335.00;897,070,191.00
2022-06-23;CEMARGOS;4,600.00;4,890.00;4,641.22;4,580.00;-290;-5,93;124,780.00;579,131,784.00
2022-06-24;CEMARGOS;4,749.00;5,000.00;4,705.56;4,611.00;149;3,24;334,009.00;1,571,700,324.00
2022-06-28;CEMARGOS;4,800.00;4,800.00;4,739.09;4,650.00;51;1,07;186,426.00;883,489,315.00
2022-06-29;CEMARGOS;4,600.00;4,690.00;4,612.25;4,521.00;-200;-4,17;135,396.00;624,480,541.00
2022-06-30;CEMARGOS;4,640.00;4,695.00;4,626.22;4,560.00;40;0,87;118,179.00;546,721,923.00
2021-07-01;CEMARGOS;5,460.00;5,475.00;5,430.61;5,385.00;110;2,06;186,929.00;1,015,138,640.00
2021-07-02;CEMARGOS;5,500.00;5,540.00;5,500.31;5,445.00;40;0,73;450,477.00;2,477,764,495.00
2021-07-06;CEMARGOS;5,440.00;5,475.00;5,420.67;5,400.00;-60;-1,09;253,472.00;1,373,987,735.00
2021-07-07;CEMARGOS;5,540.00;5,545.00;5,487.31;5,360.00;100;1,84;850,494.00;4,666,926,610.00
2021-07-08;CEMARGOS;5,550.00;5,555.00;5,536.24;5,480.00;10;0,18;840,005.00;4,650,470,050.00
2021-07-09;CEMARGOS;5,620.00;5,660.00;5,598.12;5,550.00;70;1,26;819,248.00;4,586,252,335.00
2021-07-12;CEMARGOS;5,620.00;5,630.00;5,615.96;5,600.00;0;0;223,445.00;1,254,857,975.00
2021-07-13;CEMARGOS;5,620.00;5,670.00;5,618.44;5,605.00;0;0;169,870.00;954,404,010.00
2021-07-14;CEMARGOS;5,580.00;5,615.00;5,597.86;5,560.00;-40;-0,71;973,147.00;5,447,544,780.00
2021-07-15;CEMARGOS;5,600.00;5,620.00;5,577.76;5,540.00;20;0,36;658,990.00;3,675,691,030.00
2021-07-16;CEMARGOS;5,585.00;5,620.00;5,601.39;5,580.00;-15;-0,27;272,065.00;1,523,943,335.00
2021-07-19;CEMARGOS;5,535.00;5,545.00;5,529.99;5,470.00;-50;-0,9;38,218.00;211,345,310.00
2021-07-21;CEMARGOS;5,535.00;5,570.00;5,532.74;5,500.00;0;0;406,606.00;2,249,646,960.00
2021-07-22;CEMARGOS;5,575.00;5,580.00;5,557.54;5,500.00;40;0,72;392,811.00;2,183,063,650.00
2021-07-23;CEMARGOS;5,695.00;5,695.00;5,636.92;5,505.00;120;2,15;1,546,911.00;8,719,806,910.00
2021-07-26;CEMARGOS;5,695.00;5,790.00;5,716.41;5,680.00;0;0;547,399.00;3,129,156,520.00
2021-07-27;CEMARGOS;5,660.00;5,740.00;5,665.50;5,640.00;-35;-0,61;1,810,387.00;10,256,747,775.00
2021-07-28;CEMARGOS;5,530.00;5,660.00;5,582.84;5,530.00;-130;-2,3;773,979.00;4,321,002,215.00
2021-07-29;CEMARGOS;5,550.00;5,680.00;5,561.37;5,525.00;20;0,36;116,426.00;647,487,545.00
2021-07-30;CEMARGOS;5,595.00;5,595.00;5,517.32;5,500.00;45;0,81;164,556.00;907,907,425.00
2021-08-02;CEMARGOS;5,465.00;5,550.00;5,490.75;5,430.00;-130;-2,32;150,069.00;823,991,770.00
2021-08-03;CEMARGOS;5,365.00;5,485.00;5,416.50;5,330.00;-100;-1,83;1,189,977.00;6,445,510,110.00
2021-08-04;CEMARGOS;5,360.00;5,360.00;5,305.08;5,250.00;-5;-0,09;75,955.00;402,947,365.00
2021-08-05;CEMARGOS;5,310.00;5,350.00;5,302.76;5,300.00;-50;-0,93;590,622.00;3,131,925,675.00
2021-08-06;CEMARGOS;5,380.00;5,380.00;5,323.13;5,300.00;70;1,32;61,525.00;327,505,630.00
2021-08-09;CEMARGOS;5,425.00;5,480.00;5,412.07;5,355.00;45;0,84;57,182.00;309,473,040.00
2021-08-10;CEMARGOS;5,550.00;5,595.00;5,550.48;5,500.00;125;2,3;1,262,139.00;7,005,482,430.00
2021-08-11;CEMARGOS;5,610.00;5,630.00;5,553.16;5,490.00;60;1,08;272,695.00;1,514,318,055.00
2021-08-12;CEMARGOS;5,625.00;5,680.00;5,636.23;5,605.00;15;0,27;499,718.00;2,816,525,050.00
2021-08-13;CEMARGOS;5,700.00;5,710.00;5,683.82;5,620.00;75;1,33;611,394.00;3,475,054,310.00
2021-08-17;CEMARGOS;5,845.00;5,845.00;5,749.23;5,695.00;145;2,54;765,343.00;4,400,135,515.00
2021-08-18;CEMARGOS;5,840.00;5,940.00;5,891.81;5,840.00;-5;-0,09;529,644.00;3,120,561,245.00
2021-08-19;CEMARGOS;5,820.00;5,870.00;5,826.15;5,795.00;-20;-0,34;644,400.00;3,754,367,870.00
2021-08-20;CEMARGOS;5,820.00;5,845.00;5,821.05;5,810.00;0;0;217,557.00;1,266,409,345.00
2021-08-23;CEMARGOS;5,800.00;5,880.00;5,841.59;5,800.00;-20;-0,34;961,221.00;5,615,057,185.00
2021-08-24;CEMARGOS;5,790.00;5,810.00;5,794.92;5,755.00;-10;-0,17;141,687.00;821,064,220.00
2021-08-25;CEMARGOS;5,760.00;5,800.00;5,772.46;5,755.00;-30;-0,52;442,365.00;2,553,535,995.00
2021-08-26;CEMARGOS;5,785.00;5,800.00;5,765.52;5,750.00;25;0,43;119,516.00;689,071,660.00
2021-08-27;CEMARGOS;5,840.00;5,870.00;5,842.09;5,810.00;55;0,95;187,106.00;1,093,090,580.00
2021-08-30;CEMARGOS;5,880.00;5,890.00;5,868.20;5,840.00;40;0,68;340,350.00;1,997,241,195.00
2021-08-31;CEMARGOS;5,900.00;5,900.00;5,885.34;5,835.00;20;0,34;925,246.00;5,445,383,260.00
2021-09-01;CEMARGOS;5,825.00;5,890.00;5,845.08;5,785.00;-75;-1,27;270,619.00;1,581,790,160.00
2021-09-02;CEMARGOS;5,835.00;5,870.00;5,838.68;5,760.00;10;0,17;170,305.00;994,356,900.00
2021-09-03;CEMARGOS;5,800.00;5,810.00;5,761.24;5,735.00;-35;-0,6;378,280.00;2,179,361,590.00
2021-09-06;CEMARGOS;5,805.00;5,855.00;5,799.47;5,745.00;5;0,09;136,257.00;790,218,415.00
2021-09-07;CEMARGOS;5,835.00;5,835.00;5,804.56;5,770.00;30;0,52;153,263.00;889,623,855.00
2021-09-08;CEMARGOS;5,830.00;5,840.00;5,820.27;5,780.00;-5;-0,09;141,972.00;826,315,820.00
2021-09-09;CEMARGOS;5,815.00;5,865.00;5,831.32;5,775.00;-15;-0,26;555,653.00;3,240,192,855.00
2021-09-10;CEMARGOS;5,870.00;5,870.00;5,847.42;5,805.00;55;0,95;87,608.00;512,281,115.00
2021-09-13;CEMARGOS;5,890.00;5,920.00;5,881.61;5,850.00;20;0,34;345,204.00;2,030,355,990.00
2021-09-14;CEMARGOS;5,885.00;5,910.00;5,859.40;5,800.00;-5;-0,08;867,596.00;5,083,588,955.00
2021-09-15;CEMARGOS;5,900.00;5,900.00;5,882.98;5,865.00;15;0,25;1,038,155.00;6,107,446,030.00
2021-09-16;CEMARGOS;5,895.00;5,925.00;5,897.67;5,850.00;-5;-0,08;571,641.00;3,371,349,285.00
2021-09-17;CEMARGOS;5,925.00;5,930.00;5,917.32;5,860.00;30;0,51;1,273,664.00;7,536,672,090.00
2021-09-20;CEMARGOS;5,875.00;5,900.00;5,850.03;5,800.00;-50;-0,84;101,145.00;591,700,920.00
2021-09-21;CEMARGOS;5,775.00;5,850.00;5,794.95;5,765.00;-100;-1,7;298,622.00;1,730,498,320.00
2021-09-22;CEMARGOS;5,800.00;5,855.00;5,801.87;5,780.00;25;0,43;520,737.00;3,021,246,810.00
2021-09-23;CEMARGOS;5,790.00;5,865.00;5,832.02;5,790.00;-10;-0,17;395,646.00;2,307,413,575.00
2021-09-24;CEMARGOS;5,790.00;5,790.00;5,750.95;5,720.00;0;0;289,516.00;1,664,991,680.00
2021-09-27;CEMARGOS;5,860.00;5,860.00;5,823.58;5,760.00;70;1,21;372,597.00;2,169,847,830.00
2021-09-28;CEMARGOS;5,895.00;5,895.00;5,849.01;5,815.00;35;0,6;355,386.00;2,078,656,870.00
2021-09-29;CEMARGOS;5,940.00;5,945.00;5,907.31;5,880.00;45;0,76;445,446.00;2,631,388,035.00
2021-09-30;CEMARGOS;5,895.00;6,000.00;5,946.41;5,895.00;-45;-0,76;334,683.00;1,990,161,245.00
2021-10-01;CEMARGOS;5,930.00;5,965.00;5,936.13;5,880.00;35;0,59;161,428.00;958,257,035.00
2021-10-04;CEMARGOS;5,990.00;5,990.00;5,946.43;5,925.00;60;1,01;174,482.00;1,037,545,585.00
2021-10-05;CEMARGOS;6,045.00;6,080.00;6,044.27;5,960.00;55;0,92;1,460,643.00;8,828,514,040.00
2021-10-06;CEMARGOS;6,100.00;6,100.00;6,037.35;5,970.00;55;0,91;901,289.00;5,441,395,120.00
2021-10-07;CEMARGOS;6,250.00;6,395.00;6,241.28;6,100.00;150;2,46;800,889.00;4,998,568,555.00
2021-10-08;CEMARGOS;6,325.00;6,345.00;6,305.38;6,250.00;75;1,2;217,531.00;1,371,615,415.00
2021-10-11;CEMARGOS;6,380.00;6,450.00;6,412.82;6,345.00;55;0,87;440,335.00;2,823,787,695.00
2021-10-12;CEMARGOS;6,250.00;6,395.00;6,271.05;6,240.00;-130;-2,04;377,308.00;2,366,116,805.00
2021-10-13;CEMARGOS;6,370.00;6,370.00;6,260.97;6,250.00;120;1,92;1,414,053.00;8,853,343,195.00
2021-10-14;CEMARGOS;6,325.00;6,410.00;6,338.20;6,305.00;-45;-0,71;415,411.00;2,632,959,020.00
2021-10-15;CEMARGOS;6,400.00;6,400.00;6,338.96;6,300.00;75;1,19;189,668.00;1,202,297,280.00
2021-10-19;CEMARGOS;6,300.00;6,400.00;6,329.36;6,300.00;-100;-1,56;322,781.00;2,042,998,095.00
2021-10-20;CEMARGOS;6,250.00;6,300.00;6,251.09;6,220.00;-50;-0,79;339,720.00;2,123,619,410.00
2021-10-21;CEMARGOS;6,180.00;6,340.00;6,205.78;6,180.00;-70;-1,12;1,083,048.00;6,721,156,570.00
2021-10-22;CEMARGOS;6,200.00;6,220.00;6,193.29;6,160.00;20;0,32;172,959.00;1,071,185,330.00
2021-10-25;CEMARGOS;6,250.00;6,280.00;6,228.65;6,205.00;50;0,81;177,805.00;1,107,484,665.00
2021-10-26;CEMARGOS;6,280.00;6,320.00;6,287.96;6,195.00;30;0,48;387,812.00;2,438,546,735.00
2021-10-27;CEMARGOS;6,270.00;6,315.00;6,280.24;6,245.00;-10;-0,16;104,504.00;656,310,570.00
2021-10-28;CEMARGOS;6,320.00;6,320.00;6,297.90;6,215.00;50;0,8;619,807.00;3,903,484,150.00
2021-10-29;CEMARGOS;6,350.00;6,360.00;6,340.65;6,310.00;30;0,47;220,987.00;1,401,200,920.00
2021-11-02;CEMARGOS;6,310.00;6,380.00;6,363.14;6,310.00;-40;-0,63;402,930.00;2,563,898,675.00
2021-11-03;CEMARGOS;6,360.00;6,360.00;6,310.24;6,300.00;50;0,79;385,369.00;2,431,772,105.00
2021-11-04;CEMARGOS;6,415.00;6,430.00;6,374.49;6,335.00;55;0,86;714,075.00;4,551,866,225.00
2021-11-05;CEMARGOS;6,400.00;6,475.00;6,381.88;6,345.00;-15;-0,23;1,073,895.00;6,853,466,265.00
2021-11-08;CEMARGOS;6,375.00;6,415.00;6,368.63;6,330.00;-25;-0,39;155,053.00;987,475,895.00
2021-11-09;CEMARGOS;6,280.00;6,400.00;6,297.56;6,270.00;-95;-1,49;483,145.00;3,042,633,220.00
2021-11-10;CEMARGOS;6,170.00;6,260.00;6,140.87;6,100.00;-110;-1,75;963,774.00;5,918,408,805.00
2021-11-11;CEMARGOS;6,255.00;6,330.00;6,250.02;6,200.00;85;1,38;914,448.00;5,715,319,745.00
2021-11-12;CEMARGOS;6,235.00;6,290.00;6,268.43;6,230.00;-20;-0,32;163,022.00;1,021,892,115.00
2021-11-16;CEMARGOS;6,180.00;6,240.00;6,137.56;5,945.00;-55;-0,88;70,617.00;433,416,260.00
2021-11-17;CEMARGOS;6,100.00;6,210.00;6,074.57;6,005.00;-80;-1,29;71,842.00;436,408,940.00
2021-11-18;CEMARGOS;6,275.00;6,275.00;6,150.89;6,095.00;175;2,87;67,375.00;414,416,030.00
2021-11-19;CEMARGOS;6,100.00;6,150.00;6,125.61;6,100.00;-175;-2,79;746,347.00;4,571,827,850.00
2021-11-22;CEMARGOS;6,095.00;6,115.00;6,057.08;5,955.00;-5;-0,08;122,607.00;742,639,845.00
2021-11-23;CEMARGOS;6,150.00;6,150.00;6,095.91;6,000.00;55;0,9;567,560.00;3,459,794,015.00
2021-11-24;CEMARGOS;6,120.00;6,150.00;6,110.71;6,055.00;-30;-0,49;972,863.00;5,944,886,125.00
2021-11-25;CEMARGOS;6,140.00;6,150.00;6,134.54;6,110.00;20;0,33;76,919.00;471,862,355.00
2021-11-26;CEMARGOS;6,020.00;6,080.00;6,020.50;5,950.00;-120;-1,95;288,611.00;1,737,581,100.00
2021-11-29;CEMARGOS;6,010.00;6,055.00;6,036.73;6,010.00;-10;-0,17;81,246.00;490,459,995.00
2021-11-30;CEMARGOS;6,010.00;6,135.00;6,031.92;6,005.00;0;0;1,581,472.00;9,539,311,805.00
2021-12-01;CEMARGOS;6,290.00;6,445.00;6,336.68;6,120.00;280;4,66;837,446.00;5,306,624,115.00
2021-12-02;CEMARGOS;6,165.00;6,310.00;6,213.33;6,100.00;-125;-1,99;906,716.00;5,633,725,660.00
2021-12-03;CEMARGOS;6,370.00;6,370.00;6,268.67;6,200.00;205;3,33;526,066.00;3,297,736,735.00
2021-12-06;CEMARGOS;6,370.00;6,600.00;6,498.31;6,355.00;0;0;332,153.00;2,158,433,425.00
2021-12-07;CEMARGOS;6,345.00;6,440.00;6,362.94;6,250.00;-25;-0,39;883,229.00;5,619,935,545.00
2021-12-09;CEMARGOS;6,400.00;6,400.00;6,320.35;6,255.00;55;0,87;251,879.00;1,591,963,050.00
2021-12-10;CEMARGOS;6,395.00;6,400.00;6,326.10;6,200.00;-5;-0,08;184,591.00;1,167,741,435.00
2021-12-13;CEMARGOS;6,200.00;6,375.00;6,230.59;6,200.00;-195;-3,05;162,844.00;1,014,613,710.00
2021-12-14;CEMARGOS;6,155.00;6,200.00;6,189.95;6,130.00;-45;-0,73;611,141.00;3,782,933,055.00
2021-12-15;CEMARGOS;6,275.00;6,285.00;6,246.72;6,185.00;120;1,95;299,783.00;1,872,660,515.00
2021-12-16;CEMARGOS;6,350.00;6,385.00;6,314.56;6,245.00;75;1,2;395,276.00;2,495,994,835.00
2021-12-17;CEMARGOS;6,255.00;6,390.00;6,298.00;6,255.00;-95;-1,5;660,541.00;4,160,088,450.00
2021-12-20;CEMARGOS;6,200.00;6,300.00;6,195.02;6,100.00;-55;-0,88;569,957.00;3,530,895,890.00
2021-12-21;CEMARGOS;6,265.00;6,345.00;6,263.39;6,170.00;65;1,05;188,335.00;1,179,616,455.00
2021-12-22;CEMARGOS;6,300.00;6,315.00;6,289.56;6,205.00;35;0,56;120,037.00;754,979,710.00
2021-12-23;CEMARGOS;6,385.00;6,385.00;6,348.13;6,200.00;85;1,35;165,902.00;1,053,166,995.00
2021-12-24;CEMARGOS;6,315.00;6,390.00;6,363.52;6,315.00;-70;-1,1;15,114.00;96,178,185.00
2021-12-27;CEMARGOS;6,260.00;6,395.00;6,323.55;6,255.00;-55;-0,87;35,163.00;222,355,130.00
2021-12-28;CEMARGOS;6,150.00;6,265.00;6,205.43;6,150.00;-110;-1,76;123,866.00;768,642,135.00
2021-12-29;CEMARGOS;6,160.00;6,240.00;6,197.02;6,160.00;10;0,16;59,137.00;366,473,090.00
2021-12-30;CEMARGOS;6,110.00;6,200.00;6,122.19;6,045.00;-50;-0,81;73,402.00;449,380,890.00
2021-01-04;CEMARGOS;6,100.00;6,160.00;6,045.39;5,900.00;-80;-1,29;454,985.00;2,750,562,135.00
2021-01-05;CEMARGOS;5,860.00;6,000.00;5,907.45;5,860.00;-240;-3,93;457,026.00;2,699,856,245.00
2021-01-06;CEMARGOS;5,865.00;5,955.00;5,897.60;5,860.00;5;0,09;338,976.00;1,999,145,955.00
2021-01-07;CEMARGOS;5,700.00;5,985.00;5,825.88;5,700.00;-165;-2,81;539,179.00;3,141,193,840.00
2021-01-08;CEMARGOS;5,870.00;5,870.00;5,834.37;5,790.00;170;2,98;154,796.00;903,137,405.00
2021-01-12;CEMARGOS;5,900.00;5,950.00;5,903.33;5,850.00;30;0,51;404,930.00;2,390,437,180.00
2021-01-13;CEMARGOS;5,915.00;5,920.00;5,910.41;5,870.00;15;0,25;431,279.00;2,549,035,865.00
2021-01-14;CEMARGOS;5,930.00;6,000.00;5,934.16;5,900.00;15;0,25;450,706.00;2,674,561,730.00
2021-01-15;CEMARGOS;5,865.00;5,980.00;5,917.26;5,865.00;-65;-1,1;208,320.00;1,232,684,020.00
2021-01-18;CEMARGOS;5,860.00;5,860.00;5,852.32;5,850.00;-5;-0,09;83,762.00;490,202,035.00
2021-01-19;CEMARGOS;5,950.00;5,950.00;5,936.92;5,865.00;90;1,54;112,083.00;665,427,990.00
2021-01-20;CEMARGOS;5,970.00;5,975.00;5,939.83;5,910.00;20;0,34;93,777.00;557,019,625.00
2021-01-21;CEMARGOS;6,000.00;6,045.00;6,011.04;5,980.00;30;0,5;527,820.00;3,172,748,455.00
2021-01-22;CEMARGOS;6,000.00;6,000.00;5,918.10;5,890.00;0;0;376,794.00;2,229,906,455.00
2021-01-25;CEMARGOS;5,870.00;6,000.00;5,902.71;5,800.00;-130;-2,17;100,033.00;590,465,710.00
2021-01-26;CEMARGOS;5,830.00;5,945.00;5,843.07;5,765.00;-40;-0,68;108,137.00;631,852,510.00
2021-01-27;CEMARGOS;5,830.00;5,885.00;5,806.99;5,755.00;0;0;630,624.00;3,662,024,455.00
2021-01-28;CEMARGOS;5,810.00;5,810.00;5,808.10;5,790.00;-20;-0,34;180,126.00;1,046,188,990.00
2021-01-29;CEMARGOS;5,840.00;5,895.00;5,838.22;5,785.00;30;0,52;1,111,066.00;6,486,646,795.00
2021-02-01;CEMARGOS;5,820.00;5,930.00;5,824.78;5,805.00;-20;-0,34;445,787.00;2,596,609,085.00
2021-02-02;CEMARGOS;5,930.00;5,930.00;5,890.16;5,850.00;110;1,89;173,624.00;1,022,673,605.00
2021-02-03;CEMARGOS;6,000.00;6,030.00;5,989.70;5,930.00;70;1,18;550,674.00;3,298,370,330.00
2021-02-04;CEMARGOS;5,900.00;5,980.00;5,941.29;5,900.00;-100;-1,67;432,052.00;2,566,945,975.00
2021-02-05;CEMARGOS;5,870.00;5,950.00;5,888.85;5,865.00;-30;-0,51;644,633.00;3,796,147,240.00
2021-02-08;CEMARGOS;5,870.00;5,970.00;5,888.31;5,850.00;0;0;1,065,634.00;6,274,780,760.00
2021-02-09;CEMARGOS;5,810.00;5,870.00;5,827.07;5,810.00;-60;-1,02;265,727.00;1,548,410,440.00
2021-02-10;CEMARGOS;5,750.00;5,880.00;5,794.52;5,750.00;-60;-1,03;468,559.00;2,715,073,920.00
2021-02-11;CEMARGOS;5,930.00;5,930.00;5,825.44;5,740.00;180;3,13;153,784.00;895,858,985.00
2021-02-12;CEMARGOS;5,865.00;5,940.00;5,864.75;5,790.00;-65;-1,1;123,168.00;722,348,930.00
2021-02-15;CEMARGOS;5,815.00;5,890.00;5,840.99;5,800.00;-50;-0,85;102,953.00;601,347,820.00
2021-02-16;CEMARGOS;5,910.00;5,910.00;5,813.08;5,760.00;95;1,63;408,929.00;2,377,136,135.00
2021-02-17;CEMARGOS;5,895.00;5,895.00;5,853.66;5,805.00;-15;-0,25;41,192.00;241,123,920.00
2021-02-18;CEMARGOS;5,770.00;5,870.00;5,795.89;5,760.00;-125;-2,12;154,066.00;892,949,520.00
2021-02-19;CEMARGOS;5,740.00;5,775.00;5,747.17;5,735.00;-30;-0,52;73,751.00;423,859,355.00
2021-02-22;CEMARGOS;5,770.00;5,770.00;5,693.91;5,605.00;30;0,52;454,570.00;2,588,280,960.00
2021-02-23;CEMARGOS;5,815.00;5,815.00;5,751.04;5,700.00;45;0,78;339,707.00;1,953,667,010.00
2021-02-24;CEMARGOS;5,845.00;5,845.00;5,813.45;5,730.00;30;0,52;500,472.00;2,909,469,270.00
2021-02-25;CEMARGOS;5,700.00;5,845.00;5,747.68;5,700.00;-145;-2,48;189,026.00;1,086,461,565.00
2021-02-26;CEMARGOS;5,770.00;5,770.00;5,714.68;5,560.00;70;1,23;189,984.00;1,085,698,680.00
2021-03-01;CEMARGOS;5,610.00;5,705.00;5,666.80;5,610.00;-160;-2,77;62,121.00;352,027,540.00
2021-03-02;CEMARGOS;5,580.00;5,610.00;5,589.77;5,525.00;-30;-0,53;105,635.00;590,475,605.00
2021-03-03;CEMARGOS;5,430.00;5,550.00;5,451.51;5,430.00;-150;-2,69;269,888.00;1,471,297,280.00
2021-03-04;CEMARGOS;5,395.00;5,430.00;5,352.20;5,215.00;-35;-0,64;200,905.00;1,075,283,280.00
2021-03-05;CEMARGOS;5,405.00;5,405.00;5,326.34;5,245.00;10;0,19;290,287.00;1,546,168,270.00
2021-03-08;CEMARGOS;5,370.00;5,485.00;5,416.04;5,370.00;-35;-0,65;111,837.00;605,713,685.00
2021-03-09;CEMARGOS;5,405.00;5,435.00;5,391.92;5,365.00;35;0,65;112,335.00;605,701,295.00
2021-03-10;CEMARGOS;5,450.00;5,530.00;5,443.11;5,395.00;45;0,83;96,047.00;522,794,110.00
2021-03-11;CEMARGOS;5,500.00;5,500.00;5,473.30;5,450.00;50;0,92;191,282.00;1,046,942,895.00
2021-03-12;CEMARGOS;5,480.00;5,520.00;5,482.13;5,420.00;-20;-0,36;99,025.00;542,867,760.00
2021-03-15;CEMARGOS;5,435.00;5,500.00;5,436.62;5,415.00;-45;-0,82;134,340.00;730,356,060.00
2021-03-16;CEMARGOS;5,300.00;5,490.00;5,370.90;5,300.00;-135;-2,48;225,084.00;1,208,903,795.00
2021-03-17;CEMARGOS;5,195.00;5,310.00;5,260.46;5,195.00;-105;-1,98;186,323.00;980,145,585.00
2021-03-18;CEMARGOS;5,020.00;5,195.00;5,040.24;5,020.00;-175;-3,37;1,155,430.00;5,823,640,315.00
2021-03-19;CEMARGOS;4,850.00;5,025.00;4,860.96;4,850.00;-170;-3,39;3,581,241.00;17,408,260,869.00
2021-03-23;CEMARGOS;4,987.00;5,115.00;4,992.94;4,935.00;137;2,82;1,320,125.00;6,591,305,797.00
2021-03-24;CEMARGOS;5,025.00;5,060.00;5,015.11;5,000.00;38;0,76;660,946.00;3,314,715,462.00
2021-03-25;CEMARGOS;5,030.00;5,045.00;5,002.72;4,950.00;5;0,1;317,061.00;1,586,167,588.00
2021-03-26;CEMARGOS;5,020.00;5,085.00;5,017.65;4,980.00;-10;-0,2;203,464.00;1,020,910,462.00
2021-03-29;CEMARGOS;5,045.00;5,045.00;5,020.62;5,015.00;25;0,5;117,536.00;590,103,255.00
2021-03-30;CEMARGOS;5,100.00;5,100.00;5,088.61;5,010.00;55;1,09;583,700.00;2,970,221,460.00
2021-03-31;CEMARGOS;5,150.00;5,170.00;5,136.61;5,100.00;50;0,98;212,444.00;1,091,242,020.00
2021-04-05;CEMARGOS;5,195.00;5,230.00;5,200.96;5,180.00;45;0,87;870,931.00;4,529,674,675.00
2021-04-06;CEMARGOS;5,300.00;5,300.00;5,278.98;5,230.00;105;2,02;405,781.00;2,142,110,935.00
2021-04-07;CEMARGOS;5,300.00;5,390.00;5,335.45;5,300.00;0;0;715,992.00;3,820,139,485.00
2021-04-08;CEMARGOS;5,300.00;5,360.00;5,344.76;5,280.00;0;0;1,232,867.00;6,589,376,735.00
2021-04-09;CEMARGOS;5,400.00;5,400.00;5,329.68;5,220.00;100;1,89;371,938.00;1,982,310,015.00
2021-04-12;CEMARGOS;5,350.00;5,400.00;5,341.31;5,300.00;-50;-0,93;96,689.00;516,446,190.00
2021-04-13;CEMARGOS;5,315.00;5,315.00;5,269.44;5,220.00;-35;-0,65;150,414.00;792,598,160.00
2021-04-14;CEMARGOS;5,300.00;5,320.00;5,287.49;5,255.00;-15;-0,28;250,186.00;1,322,856,165.00
2021-04-15;CEMARGOS;5,300.00;5,300.00;5,276.11;5,250.00;0;0;85,838.00;452,890,840.00
2021-04-16;CEMARGOS;5,230.00;5,300.00;5,295.23;5,230.00;-70;-1,32;1,310,366.00;6,938,694,900.00
2021-04-19;CEMARGOS;5,390.00;5,390.00;5,314.96;5,290.00;160;3,06;715,513.00;3,802,925,560.00
2021-04-20;CEMARGOS;5,400.00;5,420.00;5,383.16;5,310.00;10;0,19;560,643.00;3,018,028,905.00
2021-04-21;CEMARGOS;5,350.00;5,390.00;5,356.67;5,340.00;-50;-0,93;126,031.00;675,105,970.00
2021-04-22;CEMARGOS;5,325.00;5,350.00;5,308.88;5,200.00;-25;-0,47;323,908.00;1,719,589,680.00
2021-04-23;CEMARGOS;5,235.00;5,320.00;5,280.08;5,230.00;-90;-1,69;1,337,616.00;7,062,718,195.00
2021-04-26;CEMARGOS;5,300.00;5,300.00;5,284.84;5,235.00;65;1,24;219,688.00;1,161,016,135.00
2021-04-27;CEMARGOS;5,375.00;5,405.00;5,371.91;5,310.00;75;1,42;326,084.00;1,751,693,745.00
2021-04-28;CEMARGOS;5,310.00;5,395.00;5,330.36;5,310.00;-65;-1,21;95,049.00;506,645,685.00
2021-04-29;CEMARGOS;5,230.00;5,390.00;5,274.59;5,200.00;-80;-1,51;139,760.00;737,176,165.00
2021-04-30;CEMARGOS;5,130.00;5,210.00;5,121.19;5,090.00;-100;-1,91;439,635.00;2,251,455,940.00
2021-05-03;CEMARGOS;5,010.00;5,165.00;4,977.63;4,860.00;-120;-2,34;409,227.00;2,036,981,724.00
2021-05-04;CEMARGOS;5,110.00;5,110.00;5,084.76;4,999.00;100;2;293,672.00;1,493,251,537.00
2021-05-05;CEMARGOS;5,260.00;5,260.00;5,172.82;5,060.00;150;2,94;194,721.00;1,007,257,345.00
2021-05-06;CEMARGOS;5,350.00;5,350.00;5,255.77;5,150.00;90;1,71;381,971.00;2,007,552,185.00
2021-05-07;CEMARGOS;5,500.00;5,500.00;5,429.90;5,310.00;150;2,8;530,520.00;2,880,670,605.00
2021-05-10;CEMARGOS;5,500.00;5,570.00;5,516.78;5,355.00;0;0;370,462.00;2,043,757,450.00
2021-05-11;CEMARGOS;5,420.00;5,500.00;5,415.04;5,340.00;-80;-1,45;263,417.00;1,426,412,670.00
2021-05-12;CEMARGOS;5,455.00;5,500.00;5,411.05;5,260.00;35;0,65;696,192.00;3,767,126,285.00
2021-05-13;CEMARGOS;5,345.00;5,500.00;5,397.18;5,345.00;-110;-2,02;146,432.00;790,319,540.00
2021-05-14;CEMARGOS;5,405.00;5,435.00;5,405.26;5,385.00;60;1,12;308,674.00;1,668,463,790.00
2021-05-18;CEMARGOS;5,390.00;5,405.00;5,361.08;5,305.00;-15;-0,28;357,967.00;1,919,087,955.00
2021-05-19;CEMARGOS;5,350.00;5,390.00;5,361.91;5,320.00;-40;-0,74;187,646.00;1,006,140,995.00
2021-05-20;CEMARGOS;5,330.00;5,345.00;5,274.89;5,105.00;-20;-0,37;1,163,233.00;6,135,926,530.00
2021-05-21;CEMARGOS;5,215.00;5,300.00;5,269.28;5,215.00;-115;-2,16;1,220,775.00;6,432,606,460.00
2021-05-24;CEMARGOS;5,095.00;5,100.00;5,095.40;5,085.00;-120;-2,3;117,260.00;597,487,175.00
2021-05-25;CEMARGOS;5,040.00;5,070.00;5,028.40;5,000.00;-55;-1,08;657,640.00;3,306,877,010.00
2021-05-26;CEMARGOS;5,090.00;5,090.00;5,032.22;4,980.00;50;0,99;310,912.00;1,564,578,406.00
2021-05-27;CEMARGOS;5,000.00;5,090.00;5,007.97;5,000.00;-90;-1,77;2,382,934.00;11,933,667,515.00
2021-05-28;CEMARGOS;5,080.00;5,235.00;5,084.64;5,000.00;80;1,6;1,049,863.00;5,338,174,165.00
2021-05-31;CEMARGOS;5,070.00;5,300.00;5,148.75;5,065.00;-10;-0,2;104,066.00;535,810,210.00
2021-06-01;CEMARGOS;5,100.00;5,215.00;5,073.95;5,015.00;30;0,59;732,579.00;3,717,072,255.00
2021-06-02;CEMARGOS;5,280.00;5,280.00;5,199.40;5,050.00;180;3,53;764,462.00;3,974,740,820.00
2021-06-03;CEMARGOS;5,260.00;5,265.00;5,194.42;5,120.00;-20;-0,38;242,815.00;1,261,283,495.00
2021-06-04;CEMARGOS;5,185.00;5,275.00;5,207.83;5,185.00;-75;-1,43;237,287.00;1,235,750,775.00
2021-06-08;CEMARGOS;5,250.00;5,250.00;5,192.57;5,140.00;65;1,25;123,590.00;641,749,640.00
2021-06-09;CEMARGOS;5,210.00;5,260.00;5,246.60;5,210.00;-40;-0,76;243,963.00;1,279,976,385.00
2021-06-10;CEMARGOS;5,250.00;5,255.00;5,231.17;5,200.00;40;0,77;78,313.00;409,668,335.00
2021-06-11;CEMARGOS;5,155.00;5,260.00;5,170.50;5,100.00;-95;-1,81;297,739.00;1,539,458,515.00
2021-06-15;CEMARGOS;5,170.00;5,230.00;5,142.15;5,100.00;15;0,29;741,460.00;3,812,701,205.00
2021-06-16;CEMARGOS;5,240.00;5,240.00;5,197.07;5,150.00;70;1,35;283,926.00;1,475,582,195.00
2021-06-17;CEMARGOS;5,230.00;5,240.00;5,196.91;5,135.00;-10;-0,19;57,079.00;296,634,310.00
2021-06-18;CEMARGOS;5,385.00;5,385.00;5,304.41;5,160.00;155;2,96;686,234.00;3,640,066,550.00
2021-06-21;CEMARGOS;5,270.00;5,385.00;5,285.74;5,245.00;-115;-2,14;191,277.00;1,011,040,435.00
2021-06-22;CEMARGOS;5,245.00;5,290.00;5,243.54;5,185.00;-25;-0,47;97,919.00;513,441,830.00
2021-06-23;CEMARGOS;5,265.00;5,295.00;5,241.11;5,180.00;20;0,38;559,786.00;2,933,900,335.00
2021-06-24;CEMARGOS;5,460.00;5,500.00;5,432.48;5,215.00;195;3,7;1,072,605.00;5,826,904,395.00
2021-06-25;CEMARGOS;5,470.00;5,525.00;5,471.45;5,390.00;10;0,18;779,724.00;4,266,217,440.00
2021-06-28;CEMARGOS;5,500.00;5,500.00;5,488.57;5,420.00;30;0,55;326,834.00;1,793,850,940.00
2021-06-29;CEMARGOS;5,400.00;5,500.00;5,458.54;5,400.00;-100;-1,82;317,731.00;1,734,348,425.00
2021-06-30;CEMARGOS;5,350.00;5,460.00;5,376.06;5,350.00;-50;-0,93;589,876.00;3,171,208,045.00
