fecha;Nemotecnico;Precio cierre;Precio maximo;Precio promedio ponderado;Precio minimo;Variacion absoluta;Variacion porcentual;Cantidad;Volumen;;;;;;;;;;;;
2025-01-02;CORFICOLCF;14,680.00;;14,817.95;;;;2,276.00;33,725,660.00;;;;;;;;;;;;
2025-01-03;CORFICOLCF;15,220.00;15,220.00;15,205.81;15,200.00;540;3,68;7,412.00;112,705,500.00;;;;;;;;;;;;
2025-01-07;CORFICOLCF;15,100.00;15,680.00;15,397.85;15,100.00;-120;-0,79;37,348.00;575,078,840.00;;;;;;;;;;;;
2025-01-08;CORFICOLCF;15,200.00;15,500.00;15,386.51;15,200.00;100;0,66;16,145.00;248,415,220.00;;;;;;;;;;;;
2025-01-09;CORFICOLCF;15,200.00;15,260.00;15,181.78;15,080.00;0;0;31,865.00;483,767,420.00;;;;;;;;;;;;
2025-01-10;CORFICOLCF;15,120.00;15,120.00;15,113.07;15,100.00;-80;-0,53;14,266.00;215,603,020.00;;;;;;;;;;;;
2025-01-13;CORFICOLCF;15,180.00;15,180.00;15,063.35;15,000.00;60;0,4;18,879.00;284,380,900.00;;;;;;;;;;;;
2025-01-14;CORFICOLCF;15,380.00;15,380.00;15,190.36;15,120.00;200;1,32;40,055.00;608,449,860.00;;;;;;;;;;;;
2025-01-15;CORFICOLCF;15,500.00;15,500.00;15,441.77;15,340.00;120;0,78;42,554.00;657,108,940.00;;;;;;;;;;;;
2025-01-16;CORFICOLCF;15,560.00;15,560.00;15,519.48;15,480.00;60;0,39;33,811.00;524,728,980.00;;;;;;;;;;;;
2025-01-17;CORFICOLCF;15,680.00;15,800.00;15,684.28;15,580.00;120;0,77;118,355.00;1,856,313,460.00;;;;;;;;;;;;
2025-01-20;CORFICOLCF;15,680.00;15,680.00;15,726.80;15,680.00;0;;6,893.00;108,404,860.00;;;;;;;;;;;;
2025-01-21;CORFICOLCF;15,900.00;15,900.00;15,795.21;15,700.00;220;1,4;8,593.00;135,728,220.00;;;;;;;;;;;;
2025-01-22;CORFICOLCF;16,300.00;16,320.00;16,217.95;15,900.00;400;2,52;69,338.00;1,124,520,280.00;;;;;;;;;;;;
2025-01-23;CORFICOLCF;16,320.00;16,440.00;16,316.29;16,160.00;20;0,12;48,326.00;788,501,000.00;;;;;;;;;;;;
2025-01-24;CORFICOLCF;16,700.00;16,700.00;16,629.62;16,320.00;380;2,33;106,369.00;1,768,876,120.00;;;;;;;;;;;;
2025-01-27;CORFICOLCF;17,020.00;17,180.00;16,919.32;16,500.00;320;1,92;89,160.00;1,508,526,220.00;;;;;;;;;;;;
2025-01-28;CORFICOLCF;17,000.00;17,200.00;16,968.11;16,760.00;-20;-0,12;91,090.00;1,545,625,280.00;;;;;;;;;;;;
2025-01-29;CORFICOLCF;17,300.00;17,600.00;17,331.39;17,080.00;300;1,76;52,299.00;906,414,520.00;;;;;;;;;;;;
2025-01-30;CORFICOLCF;17,500.00;17,800.00;17,568.54;17,340.00;200;1,16;167,358.00;2,940,236,060.00;;;;;;;;;;;;
2025-01-31;CORFICOLCF;17,580.00;17,760.00;17,512.67;17,340.00;80;0,46;71,299.00;1,248,636,000.00;;;;;;;;;;;;
2025-02-03;CORFICOLCF;17,520.00;17,560.00;17,502.35;17,220.00;-60;-0,34;102,472.00;1,793,500,300.00;;;;;;;;;;;;
2025-02-04;CORFICOLCF;17,520.00;17,700.00;17,535.34;17,520.00;0;0;60,967.00;1,069,076,900.00;;;;;;;;;;;;
2025-02-05;CORFICOLCF;17,520.00;17,700.00;17,615.13;17,520.00;0;0;62,143.00;1,094,656,740.00;;;;;;;;;;;;
2025-02-06;CORFICOLCF;17,660.00;17,680.00;17,585.84;17,520.00;140;0,8;48,673.00;855,955,540.00;;;;;;;;;;;;
2025-02-07;CORFICOLCF;17,600.00;17,780.00;17,602.47;17,540.00;-60;-0,34;164,003.00;2,886,857,120.00;;;;;;;;;;;;
2025-02-10;CORFICOLCF;17,700.00;17,700.00;17,592.26;17,500.00;100;0,57;35,864.00;630,928,780.00;;;;;;;;;;;;
2025-02-11;CORFICOLCF;17,320.00;17,600.00;17,488.62;17,320.00;-380;-2,15;122,127.00;2,135,833,060.00;;;;;;;;;;;;
2025-02-12;CORFICOLCF;17,220.00;17,440.00;17,228.38;17,140.00;-100;-0,58;87,624.00;1,509,619,200.00;;;;;;;;;;;;
2025-02-13;CORFICOLCF;17,500.00;17,500.00;17,286.66;17,160.00;280;1,63;96,464.00;1,667,540,760.00;;;;;;;;;;;;
2025-02-14;CORFICOLCF;;;17,514.16;;;;1,610.00;28,197,800.00;;;;;;;;;;;;
2025-02-17;CORFICOLCF;17,780.00;17,780.00;17,535.55;17,500.00;280;1,6;31,883.00;559,085,820.00;;;;;;;;;;;;
2025-02-18;CORFICOLCF;18,140.00;18,200.00;18,099.60;17,980.00;360;2,02;107,530.00;1,946,250,120.00;;;;;;;;;;;;
2025-02-19;CORFICOLCF;18,400.00;18,400.00;18,214.52;17,720.00;260;1,43;93,196.00;1,697,520,080.00;;;;;;;;;;;;
2025-02-20;CORFICOLCF;18,800.00;18,800.00;18,593.70;18,500.00;400;2,17;134,356.00;2,498,175,020.00;;;;;;;;;;;;
2025-02-21;CORFICOLCF;19,460.00;19,460.00;18,831.43;18,500.00;660;3,51;94,014.00;1,770,417,660.00;;;;;;;;;;;;
2025-02-24;CORFICOLCF;19,700.00;19,800.00;19,355.43;19,000.00;240;1,23;61,051.00;1,181,668,120.00;;;;;;;;;;;;
2025-02-25;CORFICOLCF;19,220.00;19,860.00;19,441.90;19,220.00;-480;-2,44;153,178.00;2,978,070,860.00;;;;;;;;;;;;
2025-02-26;CORFICOLCF;19,200.00;19,280.00;19,080.80;18,560.00;-20;-0,1;139,599.00;2,663,660,540.00;;;;;;;;;;;;
2025-02-27;CORFICOLCF;18,580.00;18,820.00;18,687.76;18,540.00;-620;-3,23;347,492.00;6,493,847,120.00;;;;;;;;;;;;
2025-02-28;CORFICOLCF;18,200.00;18,560.00;18,156.55;17,900.00;-380;-2,05;182,542.00;3,314,333,320.00;;;;;;;;;;;;
2025-03-03;CORFICOLCF;18,160.00;18,400.00;18,202.47;18,000.00;-40;-0,22;86,571.00;1,575,805,640.00;;;;;;;;;;;;
2025-03-04;CORFICOLCF;17,660.00;17,900.00;17,746.00;17,500.00;-500;-2,75;65,789.00;1,167,491,900.00;;;;;;;;;;;;
2025-03-05;CORFICOLCF;18,000.00;18,160.00;18,009.68;17,900.00;340;1,93;45,297.00;815,784,500.00;;;;;;;;;;;;
2025-03-06;CORFICOLCF;18,000.00;18,000.00;17,917.13;17,860.00;0;0;298,796.00;5,353,567,640.00;;;;;;;;;;;;
2025-03-07;CORFICOLCF;17,900.00;18,000.00;17,912.13;17,700.00;-100;-0,56;85,132.00;1,524,895,820.00;;;;;;;;;;;;
2025-03-10;CORFICOLCF;17,320.00;17,740.00;17,453.95;17,220.00;-580;-3,24;134,141.00;2,341,290,100.00;;;;;;;;;;;;
2025-03-11;CORFICOLCF;17,300.00;17,340.00;17,261.94;17,200.00;-20;-0,12;32,510.00;561,185,620.00;;;;;;;;;;;;
2025-03-12;CORFICOLCF;17,500.00;17,500.00;17,258.18;17,200.00;200;1,16;100,045.00;1,726,594,480.00;;;;;;;;;;;;
2025-03-13;CORFICOLCF;16,980.00;17,300.00;17,062.61;16,980.00;-520;-2,97;41,060.00;700,590,840.00;;;;;;;;;;;;
2025-03-14;CORFICOLCF;17,100.00;17,100.00;16,986.57;16,800.00;120;0,71;87,069.00;1,479,003,580.00;;;;;;;;;;;;
2025-03-17;CORFICOLCF;17,240.00;17,240.00;17,138.07;16,980.00;140;0,82;95,024.00;1,628,528,120.00;;;;;;;;;;;;
2025-03-18;CORFICOLCF;17,200.00;17,240.00;17,096.49;16,720.00;-40;-0,23;34,866.00;596,086,220.00;;;;;;;;;;;;
2025-03-19;CORFICOLCF;17,200.00;17,200.00;17,094.65;16,980.00;0;0;16,032.00;274,061,440.00;;;;;;;;;;;;
2025-03-20;CORFICOLCF;16,880.00;17,060.00;16,987.89;16,880.00;-320;-1,86;5,974.00;101,485,660.00;;;;;;;;;;;;
2025-03-21;CORFICOLCF;16,040.00;16,980.00;16,387.20;16,040.00;-840;-4,98;357,369.00;5,856,278,980.00;;;;;;;;;;;;
2025-03-25;CORFICOLCF;16,440.00;16,500.00;16,471.34;16,400.00;400;2,49;62,288.00;1,025,966,620.00;;;;;;;;;;;;
2025-03-26;CORFICOLCF;16,420.00;16,500.00;16,373.50;16,200.00;-20;-0,12;31,518.00;516,059,960.00;;;;;;;;;;;;
2025-03-27;CORFICOLCF;16,200.00;16,440.00;16,357.30;16,200.00;-220;-1,34;54,368.00;889,313,540.00;;;;;;;;;;;;
2025-03-28;CORFICOLCF;16,240.00;16,280.00;16,044.20;16,000.00;40;0,25;327,978.00;5,262,145,380.00;;;;;;;;;;;;
2025-03-31;CORFICOLCF;16,340.00;16,340.00;16,282.93;16,200.00;100;0,62;67,749.00;1,103,151,960.00;;;;;;;;;;;;
2025-04-01;CORFICOLCF;16,200.00;16,440.00;16,314.74;16,200.00;-140;-0,86;155,035.00;2,529,356,080.00;;;;;;;;;;;;
2025-04-02;CORFICOLCF;16,440.00;16,440.00;16,267.38;16,000.00;240;1,48;227,596.00;3,702,391,320.00;;;;;;;;;;;;
2025-04-03;CORFICOLCF;16,880.00;17,000.00;16,773.89;16,260.00;440;2,68;132,598.00;2,224,184,900.00;;;;;;;;;;;;
2025-04-04;CORFICOLCF;16,500.00;16,700.00;16,502.56;16,320.00;-380;-2,25;70,712.00;1,166,928,720.00;;;;;;;;;;;;
2025-04-07;CORFICOLCF;16,100.00;16,400.00;16,186.14;16,000.00;-400;-2,42;56,157.00;908,965,180.00;;;;;;;;;;;;
2025-04-08;CORFICOLCF;15,700.00;16,400.00;16,113.53;15,700.00;-400;-2,48;60,830.00;980,185,820.00;;;;;;;;;;;;
2025-04-09;CORFICOLCF;16,360.00;16,360.00;16,040.87;15,820.00;660;4,2;104,554.00;1,677,137,540.00;;;;;;;;;;;;
2025-04-10;CORFICOLCF;15,900.00;16,100.00;15,925.46;15,900.00;-460;-2,81;60,131.00;957,613,820.00;;;;;;;;;;;;
2025-04-11;CORFICOLCF;15,900.00;15,960.00;15,875.39;15,700.00;0;0;152,485.00;2,420,759,140.00;;;;;;;;;;;;
2025-04-14;CORFICOLCF;15,960.00;15,960.00;15,920.25;15,900.00;60;0,38;5,575.00;88,755,420.00;;;;;;;;;;;;
2025-04-15;CORFICOLCF;16,180.00;16,220.00;16,127.88;15,980.00;220;1,38;32,859.00;529,945,940.00;;;;;;;;;;;;
2025-04-16;CORFICOLCF;16,260.00;16,300.00;16,247.27;16,180.00;80;0,49;11,110.00;180,507,120.00;;;;;;;;;;;;
2025-04-21;CORFICOLCF;16,000.00;16,040.00;15,994.40;15,900.00;-260;-1,6;20,070.00;321,007,540.00;;;;;;;;;;;;
2025-04-22;CORFICOLCF;16,100.00;16,220.00;16,155.25;16,000.00;100;0,63;24,081.00;389,034,660.00;;;;;;;;;;;;
2025-04-23;CORFICOLCF;16,160.00;16,200.00;16,005.49;16,000.00;60;0,37;480,120.00;7,684,557,880.00;;;;;;;;;;;;
2025-04-24;CORFICOLCF;16,300.00;16,600.00;16,305.13;16,080.00;140;0,87;314,988.00;5,135,919,680.00;;;;;;;;;;;;
2025-04-25;CORFICOLCF;16,200.00;16,300.00;16,256.23;16,200.00;-100;-0,61;8,229.00;133,772,540.00;;;;;;;;;;;;
2025-04-28;CORFICOLCF;16,140.00;16,280.00;16,238.85;16,120.00;-60;-0,37;43,816.00;711,521,620.00;;;;;;;;;;;;
2025-04-29;CORFICOLCF;16,560.00;16,560.00;16,401.26;16,280.00;420;2,6;82,176.00;1,347,790,240.00;;;;;;;;;;;;
2025-04-30;CORFICOLCF;16,560.00;16,560.00;16,508.97;16,420.00;0;0;30,225.00;498,983,580.00;;;;;;;;;;;;
2025-05-02;CORFICOLCF;16,660.00;16,760.00;16,703.67;16,620.00;100;0,6;25,320.00;422,936,900.00;;;;;;;;;;;;
2025-05-05;CORFICOLCF;16,680.00;16,680.00;16,696.81;16,660.00;20;0,12;17,120.00;285,849,340.00;;;;;;;;;;;;
2025-05-06;CORFICOLCF;16,960.00;17,100.00;16,920.69;16,780.00;280;1,68;38,143.00;645,405,940.00;;;;;;;;;;;;
2025-05-07;CORFICOLCF;17,280.00;17,320.00;17,245.73;16,980.00;320;1,89;139,973.00;2,413,937,180.00;;;;;;;;;;;;
2025-05-08;CORFICOLCF;17,320.00;17,500.00;17,389.38;17,260.00;40;0,23;73,001.00;1,269,441,900.00;;;;;;;;;;;;
2025-05-09;CORFICOLCF;17,200.00;17,500.00;17,386.46;17,200.00;-120;-0,69;79,907.00;1,389,299,940.00;;;;;;;;;;;;
2025-05-12;CORFICOLCF;17,600.00;17,700.00;17,306.10;17,020.00;400;2,33;105,989.00;1,834,256,420.00;;;;;;;;;;;;
2025-05-13;CORFICOLCF;18,200.00;18,300.00;17,938.01;17,500.00;600;3,41;127,390.00;2,285,123,400.00;;;;;;;;;;;;
2025-05-14;CORFICOLCF;18,380.00;18,600.00;18,374.86;18,040.00;180;0,99;199,292.00;3,661,963,440.00;;;;;;;;;;;;
2025-05-15;CORFICOLCF;18,400.00;18,680.00;18,449.62;17,100.00;20;0,11;223,624.00;4,125,777,860.00;;;;;;;;;;;;
2025-05-16;CORFICOLCF;18,320.00;18,320.00;18,192.41;18,100.00;-80;-0,43;13,839.00;251,764,740.00;;;;;;;;;;;;
2025-05-19;CORFICOLCF;18,000.00;18,100.00;17,988.04;17,920.00;-320;-1,75;26,388.00;474,668,340.00;;;;;;;;;;;;
2025-05-20;CORFICOLCF;18,080.00;18,240.00;18,162.07;18,000.00;80;0,44;46,488.00;844,318,540.00;;;;;;;;;;;;
2025-05-21;CORFICOLCF;18,100.00;18,100.00;17,995.63;17,940.00;20;0,11;12,434.00;223,757,620.00;;;;;;;;;;;;
2025-05-22;CORFICOLCF;18,100.00;18,100.00;17,984.51;17,580.00;0;0;15,833.00;284,748,720.00;;;;;;;;;;;;
2025-05-23;CORFICOLCF;18,140.00;18,160.00;18,060.67;17,980.00;40;0,22;27,048.00;488,504,980.00;;;;;;;;;;;;
2025-05-26;CORFICOLCF;17,980.00;17,980.00;17,975.86;17,940.00;-160;-0,88;7,564.00;135,969,380.00;;;;;;;;;;;;
2025-05-27;CORFICOLCF;17,700.00;17,780.00;17,617.29;17,480.00;-280;-1,56;39,060.00;688,131,200.00;;;;;;;;;;;;
2025-05-28;CORFICOLCF;18,400.00;18,400.00;18,094.28;17,780.00;700;3,95;28,540.00;516,410,820.00;;;;;;;;;;;;
2025-05-29;CORFICOLCF;18,420.00;18,420.00;18,388.51;18,160.00;20;0,11;36,384.00;669,047,420.00;;;;;;;;;;;;
2025-05-30;CORFICOLCF;18,500.00;18,500.00;18,378.62;18,080.00;80;0,43;71,850.00;1,320,504,160.00;;;;;;;;;;;;
2025-06-03;CORFICOLCF;18,520.00;18,520.00;18,406.71;18,100.00;20;0,11;9,747.00;179,410,180.00;;;;;;;;;;;;
2025-06-04;CORFICOLCF;18,640.00;18,680.00;18,625.20;18,460.00;120;0,65;17,824.00;331,975,500.00;;;;;;;;;;;;
2025-06-05;CORFICOLCF;18,300.00;18,620.00;18,350.28;18,280.00;-340;-1,82;96,006.00;1,761,737,000.00;;;;;;;;;;;;
2025-06-06;CORFICOLCF;18,440.00;18,500.00;17,986.58;17,820.00;140;0,77;99,746.00;1,794,089,800.00;;;;;;;;;;;;
2025-06-09;CORFICOLCF;18,280.00;18,460.00;18,254.37;18,060.00;-160;-0,87;13,730.00;250,632,560.00;;;;;;;;;;;;
2025-06-10;CORFICOLCF;18,380.00;18,400.00;18,177.87;18,060.00;100;0,55;15,768.00;286,628,620.00;;;;;;;;;;;;
2025-06-11;CORFICOLCF;18,100.00;18,100.00;18,093.22;18,000.00;-280;-1,52;11,350.00;205,358,060.00;;;;;;;;;;;;
2025-06-12;CORFICOLCF;17,900.00;18,020.00;17,967.37;17,900.00;-200;-1,1;40,086.00;720,239,840.00;;;;;;;;;;;;
2025-06-13;CORFICOLCF;17,400.00;17,740.00;17,482.88;17,400.00;-500;-2,79;58,021.00;1,014,374,360.00;;;;;;;;;;;;
2025-06-16;CORFICOLCF;17,320.00;17,400.00;17,363.26;17,160.00;-80;-0,46;42,050.00;730,125,220.00;;;;;;;;;;;;
2025-06-17;CORFICOLCF;17,000.00;17,300.00;17,074.18;17,000.00;-320;-1,85;24,401.00;416,627,080.00;;;;;;;;;;;;
2025-06-18;CORFICOLCF;17,260.00;17,300.00;17,030.94;16,840.00;260;1,53;23,592.00;401,794,020.00;;;;;;;;;;;;
2025-06-19;CORFICOLCF;17,680.00;17,680.00;17,521.49;17,480.00;420;2,43;27,103.00;474,885,020.00;;;;;;;;;;;;
2025-06-20;CORFICOLCF;17,600.00;17,700.00;17,627.27;17,600.00;-80;-0,45;74,251.00;1,308,842,360.00;;;;;;;;;;;;
2025-06-24;CORFICOLCF;17,700.00;17,720.00;17,605.41;17,420.00;100;0,57;41,269.00;726,557,460.00;;;;;;;;;;;;
2025-06-25;CORFICOLCF;17,880.00;17,960.00;17,844.95;17,760.00;180;1,02;69,691.00;1,243,632,740.00;;;;;;;;;;;;
2025-06-26;CORFICOLCF;18,060.00;18,240.00;18,052.33;17,920.00;180;1,01;58,566.00;1,057,252,660.00;;;;;;;;;;;;
2025-06-27;CORFICOLCF;18,040.00;18,040.00;17,984.07;17,800.00;-20;-0,11;22,299.00;401,026,700.00;;;;;;;;;;;;
2024-07-02;CORFICOLCF;14,180.00;14,520.00;14,327.60;14,180.00;-80;-0,56;96,136.00;1,377,398,200.00;;;;;;;;;;;;
2024-07-03;CORFICOLCF;14,120.00;14,200.00;14,156.69;14,120.00;-60;-0,42;9,761.00;138,183,480.00;;;;;;;;;;;;
2024-07-04;CORFICOLCF;14,120.00;;14,309.53;;;;1,777.00;25,428,040.00;;;;;;;;;;;;
2024-07-05;CORFICOLCF;14,300.00;14,300.00;14,276.55;14,160.00;180;1,27;14,540.00;207,580,980.00;;;;;;;;;;;;
2024-07-08;CORFICOLCF;14,300.00;14,300.00;14,276.24;14,200.00;0;0;21,940.00;313,220,680.00;;;;;;;;;;;;
2024-07-09;CORFICOLCF;13,900.00;14,280.00;14,074.01;13,900.00;-400;-2,8;20,260.00;285,139,540.00;;;;;;;;;;;;
2024-07-10;CORFICOLCF;13,900.00;13,920.00;13,821.29;13,500.00;0;0;17,369.00;240,062,000.00;;;;;;;;;;;;
2024-07-11;CORFICOLCF;13,900.00;13,900.00;13,766.35;13,700.00;0;0;33,983.00;467,822,040.00;;;;;;;;;;;;
2024-07-12;CORFICOLCF;13,980.00;13,980.00;13,791.59;13,700.00;80;0,58;52,316.00;721,521,080.00;;;;;;;;;;;;
2024-07-15;CORFICOLCF;13,720.00;13,800.00;13,713.09;13,600.00;-260;-1,86;57,819.00;792,876,900.00;;;;;;;;;;;;
2024-07-16;CORFICOLCF;13,640.00;13,880.00;13,705.68;13,640.00;-80;-0,58;46,748.00;640,713,280.00;;;;;;;;;;;;
2024-07-17;CORFICOLCF;13,740.00;13,860.00;13,783.34;13,700.00;100;0,73;60,816.00;838,247,360.00;;;;;;;;;;;;
2024-07-18;CORFICOLCF;13,800.00;13,800.00;13,741.81;13,520.00;60;0,44;14,413.00;198,060,680.00;;;;;;;;;;;;
2024-07-19;CORFICOLCF;13,680.00;13,720.00;13,670.70;13,580.00;-120;-0,87;7,048.00;96,351,060.00;;;;;;;;;;;;
2024-07-22;CORFICOLCF;13,680.00;;13,745.61;;;;2,060.00;28,315,960.00;;;;;;;;;;;;
2024-07-23;CORFICOLCF;13,600.00;13,600.00;13,603.19;13,600.00;-80;-0,58;7,164.00;97,453,260.00;;;;;;;;;;;;
2024-07-24;CORFICOLCF;13,800.00;13,800.00;13,745.77;13,600.00;200;1,47;5,215.00;71,684,200.00;;;;;;;;;;;;
2024-07-25;CORFICOLCF;13,700.00;13,700.00;13,633.75;13,600.00;-100;-0,72;9,036.00;123,194,540.00;;;;;;;;;;;;
2024-07-26;CORFICOLCF;13,500.00;13,520.00;13,551.00;13,500.00;-200;-1,46;9,937.00;134,656,300.00;;;;;;;;;;;;
2024-07-29;CORFICOLCF;13,440.00;13,500.00;13,361.55;13,180.00;-60;-0,44;10,452.00;139,654,960.00;;;;;;;;;;;;
2024-07-30;CORFICOLCF;13,100.00;13,200.00;13,142.89;13,100.00;-340;-2,53;18,678.00;245,482,960.00;;;;;;;;;;;;
2024-07-31;CORFICOLCF;13,200.00;13,200.00;13,091.75;13,020.00;100;0,76;60,905.00;797,352,980.00;;;;;;;;;;;;
2024-08-01;CORFICOLCF;13,200.00;;13,281.96;;;;2,314.00;30,734,460.00;;;;;;;;;;;;
2024-08-02;CORFICOLCF;13,340.00;13,340.00;13,220.70;13,340.00;140;1,06;8,028.00;106,135,780.00;;;;;;;;;;;;
2024-08-05;CORFICOLCF;12,900.00;13,020.00;12,815.61;12,600.00;-440;-3,3;34,516.00;442,343,680.00;;;;;;;;;;;;
2024-08-06;CORFICOLCF;13,140.00;13,280.00;13,067.16;13,000.00;240;1,86;16,660.00;217,698,940.00;;;;;;;;;;;;
2024-08-08;CORFICOLCF;13,000.00;13,160.00;13,089.23;13,000.00;-140;-1,07;19,419.00;254,179,740.00;;;;;;;;;;;;
2024-08-09;CORFICOLCF;13,100.00;13,100.00;12,985.02;12,900.00;100;0,77;6,680.00;86,739,940.00;;;;;;;;;;;;
2024-08-12;CORFICOLCF;13,080.00;13,100.00;13,085.60;13,080.00;-20;-0,15;5,833.00;76,328,280.00;;;;;;;;;;;;
2024-08-13;CORFICOLCF;13,160.00;13,160.00;13,096.40;13,000.00;80;0,61;11,070.00;144,977,120.00;;;;;;;;;;;;
2024-08-14;CORFICOLCF;13,300.00;13,300.00;13,168.81;13,100.00;140;1,06;16,159.00;212,794,780.00;;;;;;;;;;;;
2024-08-15;CORFICOLCF;13,920.00;13,920.00;13,659.55;13,320.00;620;4,66;17,242.00;235,517,960.00;;;;;;;;;;;;
2024-08-16;CORFICOLCF;13,840.00;13,940.00;13,738.12;13,600.00;-80;-0,57;25,162.00;345,678,500.00;;;;;;;;;;;;
2024-08-20;CORFICOLCF;13,580.00;13,580.00;13,515.98;13,340.00;-260;-1,88;16,615.00;224,568,020.00;;;;;;;;;;;;
2024-08-21;CORFICOLCF;13,300.00;13,400.00;13,367.87;13,200.00;-280;-2,06;31,065.00;415,272,780.00;;;;;;;;;;;;
2024-08-22;CORFICOLCF;13,200.00;13,200.00;13,150.30;13,100.00;-100;-0,75;8,984.00;118,142,300.00;;;;;;;;;;;;
2024-08-23;CORFICOLCF;13,040.00;13,120.00;13,093.58;13,040.00;-160;-1,21;8,396.00;109,933,720.00;;;;;;;;;;;;
2024-08-26;CORFICOLCF;12,860.00;12,860.00;12,867.17;12,860.00;-180;-1,38;8,392.00;107,981,300.00;;;;;;;;;;;;
2024-08-27;CORFICOLCF;12,800.00;12,860.00;12,800.50;12,800.00;-60;-0,47;13,653.00;174,765,240.00;;;;;;;;;;;;
2024-08-28;CORFICOLCF;12,800.00;12,920.00;12,722.39;12,700.00;0;0;50,268.00;639,529,320.00;;;;;;;;;;;;
2024-08-29;CORFICOLCF;12,700.00;12,700.00;12,694.70;12,700.00;-100;-0,78;18,255.00;231,741,720.00;;;;;;;;;;;;
2024-08-30;CORFICOLCF;12,680.00;12,680.00;12,677.96;12,680.00;-20;-0,16;38,991.00;494,326,260.00;;;;;;;;;;;;
2024-09-02;CORFICOLCF;12,680.00;12,680.00;12,659.02;12,600.00;0;0;22,678.00;287,081,300.00;;;;;;;;;;;;
2024-09-03;CORFICOLCF;12,660.00;12,660.00;12,660.01;12,660.00;-20;-0,16;58,184.00;736,610,100.00;;;;;;;;;;;;
2024-09-04;CORFICOLCF;12,500.00;12,900.00;12,589.03;12,500.00;-160;-1,26;181,133.00;2,280,289,440.00;;;;;;;;;;;;
2024-09-05;CORFICOLCF;12,780.00;12,780.00;12,575.56;12,500.00;280;2,24;24,435.00;307,283,860.00;;;;;;;;;;;;
2024-09-06;CORFICOLCF;12,600.00;12,700.00;12,663.59;12,600.00;-180;-1,41;10,445.00;132,271,160.00;;;;;;;;;;;;
2024-09-09;CORFICOLCF;12,480.00;12,580.00;12,509.88;12,420.00;-120;-0,95;15,424.00;192,952,380.00;;;;;;;;;;;;
2024-09-10;CORFICOLCF;12,600.00;12,600.00;12,431.83;12,200.00;120;0,96;34,353.00;427,070,600.00;;;;;;;;;;;;
2024-09-11;CORFICOLCF;12,260.00;12,580.00;12,333.57;12,220.00;-340;-2,7;21,637.00;266,861,380.00;;;;;;;;;;;;
2024-09-12;CORFICOLCF;12,500.00;12,500.00;12,325.08;12,260.00;240;1,96;9,002.00;110,950,400.00;;;;;;;;;;;;
2024-09-13;CORFICOLCF;12,220.00;12,500.00;12,265.27;12,220.00;-280;-2,24;19,694.00;241,552,320.00;;;;;;;;;;;;
2024-09-16;CORFICOLCF;12,260.00;12,400.00;12,099.84;11,880.00;40;0,33;24,247.00;293,384,860.00;;;;;;;;;;;;
2024-09-17;CORFICOLCF;12,220.00;12,220.00;12,103.71;12,000.00;-40;-0,33;18,451.00;223,325,580.00;;;;;;;;;;;;
2024-09-18;CORFICOLCF;12,180.00;12,200.00;12,165.93;12,100.00;-40;-0,33;9,299.00;113,130,940.00;;;;;;;;;;;;
2024-09-19;CORFICOLCF;12,000.00;12,200.00;12,106.26;12,000.00;-180;-1,48;12,631.00;152,914,200.00;;;;;;;;;;;;
2024-09-20;CORFICOLCF;11,800.00;12,040.00;11,810.19;11,800.00;-200;-1,67;256,979.00;3,034,971,040.00;;;;;;;;;;;;
2024-09-23;CORFICOLCF;12,060.00;12,200.00;12,065.76;12,000.00;260;2,2;33,148.00;399,955,720.00;;;;;;;;;;;;
2024-09-24;CORFICOLCF;12,040.00;12,040.00;12,019.61;11,880.00;-20;-0,17;18,892.00;227,074,540.00;;;;;;;;;;;;
2024-09-25;CORFICOLCF;12,160.00;12,160.00;12,101.95;12,060.00;120;1;10,115.00;122,411,240.00;;;;;;;;;;;;
2024-09-26;CORFICOLCF;12,160.00;;11,664.08;;;;98.00;1,143,080.00;;;;;;;;;;;;
2024-09-27;CORFICOLCF;12,280.00;12,380.00;12,208.48;12,100.00;120;0,99;27,373.00;334,182,620.00;;;;;;;;;;;;
2024-09-30;CORFICOLCF;12,400.00;12,440.00;12,248.50;12,180.00;120;0,98;22,381.00;274,133,640.00;;;;;;;;;;;;
2024-10-01;CORFICOLCF;12,520.00;12,520.00;12,436.19;12,300.00;120;0,97;30,511.00;379,440,580.00;;;;;;;;;;;;
2024-10-02;CORFICOLCF;12,340.00;12,480.00;12,435.98;12,340.00;-180;-1,44;15,787.00;196,326,740.00;;;;;;;;;;;;
2024-10-03;CORFICOLCF;12,300.00;12,300.00;12,293.68;12,200.00;-40;-0,32;133,261.00;1,638,268,440.00;;;;;;;;;;;;
2024-10-04;CORFICOLCF;12,300.00;12,320.00;12,295.38;12,240.00;0;0;16,341.00;200,918,740.00;;;;;;;;;;;;
2024-10-07;CORFICOLCF;12,420.00;12,420.00;12,411.90;12,420.00;120;0,98;4,332.00;53,768,340.00;;;;;;;;;;;;
2024-10-08;CORFICOLCF;12,480.00;12,480.00;12,421.93;12,420.00;60;0,48;106,164.00;1,318,761,940.00;;;;;;;;;;;;
2024-10-09;CORFICOLCF;12,700.00;12,800.00;12,493.70;12,400.00;220;1,76;304,404.00;3,803,133,560.00;;;;;;;;;;;;
2024-10-10;CORFICOLCF;13,300.00;13,300.00;12,917.65;12,740.00;600;4,72;118,865.00;1,535,456,440.00;;;;;;;;;;;;
2024-10-11;CORFICOLCF;13,400.00;13,520.00;13,289.25;12,360.00;100;0,75;79,999.00;1,063,126,320.00;;;;;;;;;;;;
2024-10-15;CORFICOLCF;13,240.00;13,700.00;13,529.91;13,000.00;-160;-1,19;184,491.00;2,496,146,520.00;;;;;;;;;;;;
2024-10-16;CORFICOLCF;13,800.00;13,800.00;13,636.47;13,420.00;560;4,23;74,494.00;1,015,834,900.00;;;;;;;;;;;;
2024-10-17;CORFICOLCF;13,940.00;13,940.00;13,756.33;13,720.00;140;1,01;111,754.00;1,537,325,360.00;;;;;;;;;;;;
2024-10-18;CORFICOLCF;14,520.00;14,700.00;14,514.51;13,920.00;580;4,16;152,232.00;2,209,572,860.00;;;;;;;;;;;;
2024-10-21;CORFICOLCF;14,440.00;14,860.00;14,528.46;14,420.00;-80;-0,55;43,430.00;630,971,100.00;;;;;;;;;;;;
2024-10-22;CORFICOLCF;14,400.00;14,520.00;14,438.16;14,400.00;-40;-0,28;16,821.00;242,864,360.00;;;;;;;;;;;;
2024-10-23;CORFICOLCF;14,200.00;14,420.00;14,274.62;14,200.00;-200;-1,39;52,848.00;754,384,940.00;;;;;;;;;;;;
2024-10-24;CORFICOLCF;14,100.00;14,120.00;14,113.91;14,100.00;-100;-0,7;3,959.00;55,876,980.00;;;;;;;;;;;;
2024-10-25;CORFICOLCF;14,100.00;14,100.00;14,100.94;14,100.00;0;;12,508.00;176,374,500.00;;;;;;;;;;;;
2024-10-28;CORFICOLCF;14,480.00;14,500.00;14,382.83;14,200.00;380;2,7;26,901.00;386,912,500.00;;;;;;;;;;;;
2024-10-29;CORFICOLCF;14,700.00;14,700.00;14,599.83;14,460.00;220;1,52;45,684.00;666,978,540.00;;;;;;;;;;;;
2024-10-30;CORFICOLCF;14,960.00;14,980.00;14,795.79;14,460.00;260;1,77;130,816.00;1,935,526,020.00;;;;;;;;;;;;
2024-10-31;CORFICOLCF;15,080.00;15,260.00;15,100.04;14,960.00;120;0,8;243,148.00;3,671,544,500.00;;;;;;;;;;;;
2024-11-01;CORFICOLCF;15,200.00;15,200.00;15,104.19;15,000.00;120;0,8;18,245.00;275,575,980.00;;;;;;;;;;;;
2024-11-05;CORFICOLCF;15,460.00;15,480.00;15,415.92;15,240.00;260;1,71;129,254.00;1,992,569,600.00;;;;;;;;;;;;
2024-11-06;CORFICOLCF;15,300.00;15,420.00;15,287.11;15,200.00;-160;-1,03;65,689.00;1,004,194,680.00;;;;;;;;;;;;
2024-11-07;CORFICOLCF;15,300.00;15,320.00;15,208.46;15,100.00;0;0;112,263.00;1,707,347,400.00;;;;;;;;;;;;
2024-11-08;CORFICOLCF;15,300.00;15,300.00;15,269.52;15,160.00;0;0;54,097.00;826,035,360.00;;;;;;;;;;;;
2024-11-12;CORFICOLCF;15,500.00;15,500.00;15,421.46;15,300.00;200;1,31;50,611.00;780,495,560.00;;;;;;;;;;;;
2024-11-13;CORFICOLCF;15,300.00;15,500.00;15,394.86;15,300.00;-200;-1,29;90,488.00;1,393,049,860.00;;;;;;;;;;;;
2024-11-14;CORFICOLCF;15,500.00;15,520.00;15,203.96;14,800.00;200;1,31;107,060.00;1,627,736,200.00;;;;;;;;;;;;
2024-11-15;CORFICOLCF;15,500.00;15,500.00;15,431.19;15,080.00;0;0;82,170.00;1,267,980,760.00;;;;;;;;;;;;
2024-11-18;CORFICOLCF;15,500.00;15,500.00;15,414.36;15,300.00;0;0;59,907.00;923,428,140.00;;;;;;;;;;;;
2024-11-19;CORFICOLCF;15,540.00;15,580.00;15,485.77;15,340.00;40;0,26;125,735.00;1,947,103,880.00;;;;;;;;;;;;
2024-11-20;CORFICOLCF;15,740.00;15,740.00;15,670.22;15,500.00;200;1,29;89,962.00;1,409,724,040.00;;;;;;;;;;;;
2024-11-21;CORFICOLCF;15,600.00;15,740.00;15,626.51;15,600.00;-140;-0,89;24,981.00;390,365,940.00;;;;;;;;;;;;
2024-11-22;CORFICOLCF;15,600.00;15,600.00;15,595.89;15,540.00;0;0;126,751.00;1,976,794,640.00;;;;;;;;;;;;
2024-11-25;CORFICOLCF;15,400.00;15,620.00;15,406.66;15,400.00;-200;-1,28;1,255,306.00;19,340,074,020.00;;;;;;;;;;;;
2024-11-26;CORFICOLCF;15,560.00;15,560.00;15,519.41;15,480.00;160;1,04;4,726.00;73,344,720.00;;;;;;;;;;;;
2024-11-27;CORFICOLCF;15,400.00;15,560.00;15,406.52;15,400.00;-160;-1,03;90,956.00;1,401,315,080.00;;;;;;;;;;;;
2024-11-28;CORFICOLCF;15,400.00;15,420.00;15,406.36;15,400.00;0;0;32,116.00;494,790,780.00;;;;;;;;;;;;
2024-11-29;CORFICOLCF;15,400.00;15,500.00;15,401.81;15,400.00;0;0;104,505.00;1,609,566,520.00;;;;;;;;;;;;
2024-12-02;CORFICOLCF;15,480.00;15,540.00;15,399.73;15,300.00;80;0,52;148,723.00;2,290,294,040.00;;;;;;;;;;;;
2024-12-03;CORFICOLCF;15,420.00;15,500.00;15,444.38;15,400.00;-60;-0,39;13,798.00;213,101,620.00;;;;;;;;;;;;
2024-12-04;CORFICOLCF;15,400.00;15,420.00;15,373.62;15,340.00;-20;-0,13;22,265.00;342,293,660.00;;;;;;;;;;;;
2024-12-05;CORFICOLCF;15,340.00;15,560.00;15,387.96;15,340.00;-60;-0,39;72,112.00;1,109,656,240.00;;;;;;;;;;;;
2024-12-06;CORFICOLCF;15,540.00;15,540.00;15,417.69;15,360.00;200;1,3;24,881.00;383,607,660.00;;;;;;;;;;;;
2024-12-09;CORFICOLCF;15,520.00;15,520.00;15,441.85;15,400.00;-20;-0,13;32,673.00;504,531,580.00;;;;;;;;;;;;
2024-12-10;CORFICOLCF;15,400.00;15,560.00;15,416.09;15,340.00;-120;-0,77;105,336.00;1,623,869,480.00;;;;;;;;;;;;
2024-12-11;CORFICOLCF;15,400.00;15,400.00;15,368.69;15,340.00;0;0;18,197.00;279,664,020.00;;;;;;;;;;;;
2024-12-12;CORFICOLCF;15,400.00;15,400.00;15,394.54;15,400.00;0;;13,456.00;207,148,900.00;;;;;;;;;;;;
2024-12-13;CORFICOLCF;15,500.00;15,500.00;15,422.99;15,400.00;100;0,65;33,978.00;524,042,500.00;;;;;;;;;;;;
2024-12-16;CORFICOLCF;15,400.00;15,500.00;15,418.93;15,400.00;-100;-0,65;10,853.00;167,341,600.00;;;;;;;;;;;;
2024-12-17;CORFICOLCF;15,300.00;15,400.00;15,384.20;15,300.00;-100;-0,65;16,212.00;249,408,660.00;;;;;;;;;;;;
2024-12-18;CORFICOLCF;15,320.00;15,320.00;15,320.18;15,320.00;20;0,13;7,050.00;108,007,240.00;;;;;;;;;;;;
2024-12-19;CORFICOLCF;15,200.00;15,300.00;15,108.72;14,800.00;-120;-0,78;104,162.00;1,573,754,520.00;;;;;;;;;;;;
2024-12-20;CORFICOLCF;14,540.00;15,080.00;14,763.09;14,500.00;-660;-4,34;59,976.00;885,431,360.00;;;;;;;;;;;;
2024-12-23;CORFICOLCF;14,600.00;14,840.00;14,666.18;14,560.00;60;0,41;26,755.00;392,393,680.00;;;;;;;;;;;;
2024-12-24;CORFICOLCF;14,600.00;;14,560.00;;;;250.00;3,640,000.00;;;;;;;;;;;;
2024-12-26;CORFICOLCF;14,600.00;14,600.00;14,600.06;14,600.00;0;;1,712.00;24,995,300.00;;;;;;;;;;;;
2024-12-27;CORFICOLCF;15,000.00;15,160.00;14,918.98;14,620.00;400;2,74;15,817.00;235,973,560.00;;;;;;;;;;;;
2024-12-30;CORFICOLCF;14,680.00;15,000.00;14,810.09;14,680.00;-320;-2,13;17,084.00;253,015,660.00;;;;;;;;;;;;
2024-01-02;CORFICOLCF;13,840.00;13,920.00;13,507.58;13,240.00;340.00;2,52;8,229.00;111,153,840.00;;;;;;;;;;;;
2024-01-03;CORFICOLCF;13,700.00;13,840.00;13,686.96;13,520.00;-140.00;-1,01;18,496.00;253,154,040.00;;;;;;;;;;;;
2024-01-04;CORFICOLCF;14,480.00;14,500.00;14,278.15;13,980.00;780.00;5,69;47,241.00;674,514,020.00;;;;;;;;;;;;
2024-01-05;CORFICOLCF;15,080.00;15,080.00;14,804.85;14,500.00;600.00;4,14;64,029.00;947,939,880.00;;;;;;;;;;;;
2024-01-09;CORFICOLCF;16,080.00;16,080.00;15,722.35;14,980.00;1,000.00;6,63;45,073.00;708,653,680.00;;;;;;;;;;;;
2024-01-10;CORFICOLCF;16,640.00;16,800.00;16,672.52;16,480.00;560.00;3,48;26,880.00;448,157,400.00;;;;;;;;;;;;
2024-01-11;CORFICOLCF;16,480.00;16,480.00;16,440.30;16,320.00;-160.00;-0,96;20,493.00;336,911,100.00;;;;;;;;;;;;
2024-01-12;CORFICOLCF;16,920.00;16,920.00;16,598.30;16,300.00;440.00;2,67;66,034.00;1,096,051,840.00;;;;;;;;;;;;
2024-01-15;CORFICOLCF;16,940.00;16,940.00;16,889.17;16,940.00;20.00;0,12;2,677.00;45,212,300.00;;;;;;;;;;;;
2024-01-16;CORFICOLCF;17,000.00;17,240.00;16,982.40;16,780.00;60.00;0,35;160,370.00;2,723,467,100.00;;;;;;;;;;;;
2024-01-17;CORFICOLCF;16,140.00;16,440.00;16,317.83;16,140.00;-860.00;-5,06;21,524.00;351,225,040.00;;;;;;;;;;;;
2024-01-18;CORFICOLCF;15,840.00;16,260.00;16,039.08;15,840.00;-300.00;-1,86;94,697.00;1,518,852,460.00;;;;;;;;;;;;
2024-01-19;CORFICOLCF;16,100.00;16,100.00;15,941.64;15,840.00;260.00;1,64;15,516.00;247,350,520.00;;;;;;;;;;;;
2024-01-22;CORFICOLCF;16,440.00;16,440.00;15,911.58;15,620.00;340.00;2,11;28,181.00;448,404,320.00;;;;;;;;;;;;
2024-01-23;CORFICOLCF;16,120.00;16,400.00;16,222.28;16,120.00;-320.00;-1,95;107,247.00;1,739,791,380.00;;;;;;;;;;;;
2024-01-24;CORFICOLCF;15,980.00;16,100.00;15,902.14;15,720.00;-140.00;-0,87;16,338.00;259,809,120.00;;;;;;;;;;;;
2024-01-25;CORFICOLCF;16,080.00;16,080.00;15,990.51;15,820.00;100.00;0,63;54,597.00;873,033,860.00;;;;;;;;;;;;
2024-01-26;CORFICOLCF;16,160.00;16,340.00;16,324.52;16,160.00;80.00;0,5;61,761.00;1,008,218,460.00;;;;;;;;;;;;
2024-01-29;CORFICOLCF;16,480.00;16,480.00;16,397.18;16,380.00;320.00;1,98;3,543.00;58,095,200.00;;;;;;;;;;;;
2024-01-30;CORFICOLCF;16,500.00;16,500.00;16,481.06;16,400.00;20.00;0,12;24,805.00;408,812,640.00;;;;;;;;;;;;
2024-01-31;CORFICOLCF;16,500.00;16,500.00;16,447.44;16,280.00;0.00;0;13,642.00;224,375,920.00;;;;;;;;;;;;
2024-02-01;CORFICOLCF;16,300.00;16,500.00;16,412.43;16,300.00;-200.00;-1,21;7,334.00;120,368,740.00;;;;;;;;;;;;
2024-02-02;CORFICOLCF;16,300.00;16,300.00;16,247.46;16,100.00;0.00;0;5,609.00;91,132,020.00;;;;;;;;;;;;
2024-02-05;CORFICOLCF;16,300.00;16,300.00;16,297.05;16,300.00;0.00;;3,769.00;61,423,600.00;;;;;;;;;;;;
2024-02-06;CORFICOLCF;16,200.00;16,200.00;16,151.31;16,200.00;-100.00;-0,61;1,376.00;22,224,200.00;;;;;;;;;;;;
2024-02-07;CORFICOLCF;16,200.00;16,200.00;16,199.89;16,200.00;0.00;;35,699.00;578,320,020.00;;;;;;;;;;;;
2024-02-08;CORFICOLCF;16,000.00;16,640.00;16,258.02;16,000.00;-200.00;-1,23;29,149.00;473,905,020.00;;;;;;;;;;;;
2024-02-09;CORFICOLCF;15,340.00;16,060.00;15,926.19;15,340.00;-660.00;-4,12;127,721.00;2,034,108,460.00;;;;;;;;;;;;
2024-02-12;CORFICOLCF;15,200.00;15,360.00;15,250.09;15,200.00;-140.00;-0,91;21,672.00;330,499,900.00;;;;;;;;;;;;
2024-02-13;CORFICOLCF;15,420.00;15,420.00;15,341.15;15,220.00;220.00;1,45;10,838.00;166,267,360.00;;;;;;;;;;;;
2024-02-14;CORFICOLCF;14,840.00;15,360.00;14,950.64;14,840.00;-580.00;-3,76;16,973.00;253,757,220.00;;;;;;;;;;;;
2024-02-15;CORFICOLCF;14,820.00;15,100.00;14,976.87;14,820.00;-20.00;-0,13;16,803.00;251,656,420.00;;;;;;;;;;;;
2024-02-16;CORFICOLCF;15,000.00;15,280.00;14,999.52;14,800.00;180.00;1,21;28,313.00;424,681,480.00;;;;;;;;;;;;
2024-02-19;CORFICOLCF;14,920.00;14,920.00;14,852.28;14,920.00;-80.00;-0,53;2,160.00;32,080,920.00;;;;;;;;;;;;
2024-02-20;CORFICOLCF;14,780.00;14,780.00;14,540.57;14,420.00;-140.00;-0,94;7,598.00;110,479,260.00;;;;;;;;;;;;
2024-02-21;CORFICOLCF;14,660.00;14,780.00;14,570.28;14,400.00;-120.00;-0,81;49,452.00;720,529,400.00;;;;;;;;;;;;
2024-02-22;CORFICOLCF;14,160.00;14,720.00;14,367.88;14,160.00;-500.00;-3,41;51,636.00;741,899,840.00;;;;;;;;;;;;
2024-02-23;CORFICOLCF;14,420.00;14,440.00;14,406.31;14,160.00;260.00;1,84;19,594.00;282,277,220.00;;;;;;;;;;;;
2024-02-26;CORFICOLCF;14,500.00;14,500.00;14,379.72;14,140.00;80.00;0,55;13,744.00;197,634,820.00;;;;;;;;;;;;
2024-02-27;CORFICOLCF;14,600.00;14,600.00;14,528.74;14,500.00;100.00;0,69;15,681.00;227,825,160.00;;;;;;;;;;;;
2024-02-28;CORFICOLCF;14,540.00;14,820.00;14,587.07;14,520.00;-60.00;-0,41;10,268.00;149,780,040.00;;;;;;;;;;;;
2024-02-29;CORFICOLCF;14,000.00;14,600.00;14,213.69;14,000.00;-540.00;-3,71;67,244.00;955,785,500.00;;;;;;;;;;;;
2024-03-01;CORFICOLCF;14,300.00;14,680.00;14,451.14;14,300.00;300.00;2,14;124,488.00;1,798,993,480.00;;;;;;;;;;;;
2024-03-04;CORFICOLCF;14,540.00;14,580.00;14,396.24;14,280.00;240.00;1,68;222,818.00;3,207,740,520.00;;;;;;;;;;;;
2024-03-05;CORFICOLCF;14,460.00;14,500.00;14,399.02;14,180.00;-80.00;-0,55;117,789.00;1,696,045,900.00;;;;;;;;;;;;
2024-03-06;CORFICOLCF;14,260.00;14,380.00;14,297.78;14,220.00;-200.00;-1,38;71,921.00;1,028,310,380.00;;;;;;;;;;;;
2024-03-07;CORFICOLCF;14,200.00;14,260.00;14,120.00;14,040.00;-60.00;-0,42;105,276.00;1,486,497,520.00;;;;;;;;;;;;
2024-03-08;CORFICOLCF;13,900.00;14,180.00;13,933.45;13,700.00;-300.00;-2,11;146,002.00;2,034,311,520.00;;;;;;;;;;;;
2024-03-11;CORFICOLCF;13,860.00;13,900.00;13,858.45;13,860.00;-40.00;-0,29;20,053.00;277,903,540.00;;;;;;;;;;;;
2024-03-12;CORFICOLCF;13,640.00;13,800.00;13,679.47;13,600.00;-220.00;-1,59;13,247.00;181,211,920.00;;;;;;;;;;;;
2024-03-13;CORFICOLCF;13,480.00;13,600.00;13,508.05;13,480.00;-160.00;-1,17;10,725.00;144,873,820.00;;;;;;;;;;;;
2024-03-14;CORFICOLCF;13,200.00;13,300.00;13,244.71;13,200.00;-280.00;-2,08;9,867.00;130,685,560.00;;;;;;;;;;;;
2024-03-15;CORFICOLCF;13,040.00;13,100.00;13,040.50;13,000.00;-160.00;-1,21;135,828.00;1,771,264,380.00;;;;;;;;;;;;
2024-03-18;CORFICOLCF;13,900.00;13,900.00;13,458.55;13,200.00;860.00;6,6;62,695.00;843,783,760.00;;;;;;;;;;;;
2024-03-19;CORFICOLCF;13,800.00;13,860.00;13,736.88;13,340.00;-100.00;-0,72;12,359.00;169,774,100.00;;;;;;;;;;;;
2024-03-20;CORFICOLCF;13,280.00;13,720.00;13,504.23;13,280.00;-520.00;-3,77;15,429.00;208,356,780.00;;;;;;;;;;;;
2024-03-21;CORFICOLCF;13,480.00;13,480.00;13,307.06;13,220.00;200.00;1,51;17,454.00;232,261,400.00;;;;;;;;;;;;
2024-03-22;CORFICOLCF;13,540.00;13,540.00;13,420.27;13,300.00;60.00;0,45;45,699.00;613,293,000.00;;;;;;;;;;;;
2024-03-26;CORFICOLCF;13,280.00;13,360.00;13,320.19;13,280.00;-260.00;-1,92;36,144.00;481,445,100.00;;;;;;;;;;;;
2024-03-27;CORFICOLCF;13,300.00;13,320.00;13,308.83;13,300.00;20.00;0,15;7,203.00;95,863,480.00;;;;;;;;;;;;
2024-04-01;CORFICOLCF;13,900.00;13,900.00;13,663.41;13,400.00;600.00;4,51;36,921.00;504,466,740.00;;;;;;;;;;;;
2024-04-02;CORFICOLCF;13,660.00;14,080.00;13,812.52;13,660.00;-240.00;-1,73;68,495.00;946,088,800.00;;;;;;;;;;;;
2024-04-03;CORFICOLCF;13,620.00;13,860.00;13,633.59;13,520.00;-40.00;-0,29;73,043.00;995,838,580.00;;;;;;;;;;;;
2024-04-04;CORFICOLCF;14,300.00;14,300.00;13,916.80;13,620.00;680.00;4,99;45,191.00;628,913,940.00;;;;;;;;;;;;
2024-04-05;CORFICOLCF;14,500.00;14,500.00;14,268.82;13,900.00;200.00;1,4;129,177.00;1,843,202,880.00;;;;;;;;;;;;
2024-04-08;CORFICOLCF;15,400.00;15,400.00;14,951.86;14,620.00;900.00;6,21;276,043.00;4,127,357,380.00;;;;;;;;;;;;
2024-04-09;CORFICOLCF;16,080.00;16,300.00;16,003.02;15,380.00;680.00;4,42;110,741.00;1,772,190,220.00;;;;;;;;;;;;
2024-04-10;CORFICOLCF;16,100.00;16,180.00;15,901.52;15,720.00;20.00;0,12;143,496.00;2,281,804,420.00;;;;;;;;;;;;
2024-04-11;CORFICOLCF;15,960.00;16,200.00;15,965.32;15,900.00;-140.00;-0,87;515,539.00;8,230,746,640.00;;;;;;;;;;;;
2024-04-12;CORFICOLCF;16,060.00;16,100.00;15,886.59;15,720.00;100.00;0,63;300,283.00;4,770,472,880.00;;;;;;;;;;;;
2024-04-15;CORFICOLCF;15,940.00;15,940.00;15,760.80;15,500.00;-120.00;-0,75;25,686.00;404,831,960.00;;;;;;;;;;;;
2024-04-16;CORFICOLCF;15,320.00;15,440.00;15,427.69;15,320.00;-620.00;-3,89;27,636.00;426,359,540.00;;;;;;;;;;;;
2024-04-17;CORFICOLCF;14,840.00;15,580.00;14,918.14;14,600.00;-480.00;-3,13;112,386.00;1,676,590,140.00;;;;;;;;;;;;
2024-04-18;CORFICOLCF;14,700.00;15,300.00;14,842.36;14,700.00;-140.00;-0,94;105,207.00;1,561,519,980.00;;;;;;;;;;;;
2024-04-19;CORFICOLCF;15,160.00;15,160.00;14,822.03;14,700.00;460.00;3,13;95,486.00;1,415,296,480.00;;;;;;;;;;;;
2024-04-22;CORFICOLCF;15,000.00;15,300.00;15,033.80;15,000.00;-160.00;-1,06;162,395.00;2,441,414,440.00;;;;;;;;;;;;
2024-04-23;CORFICOLCF;15,120.00;15,200.00;15,150.34;15,000.00;120.00;0,8;33,971.00;514,672,260.00;;;;;;;;;;;;
2024-04-24;CORFICOLCF;14,700.00;15,020.00;14,895.60;14,700.00;-420.00;-2,78;179,543.00;2,674,400,640.00;;;;;;;;;;;;
2024-04-25;CORFICOLCF;14,500.00;14,700.00;14,526.71;14,500.00;-200.00;-1,36;79,444.00;1,154,059,760.00;;;;;;;;;;;;
2024-04-26;CORFICOLCF;14,900.00;14,900.00;14,827.59;14,740.00;400.00;2,76;81,288.00;1,205,304,940.00;;;;;;;;;;;;
2024-04-29;CORFICOLCF;15,040.00;15,180.00;15,023.21;14,900.00;140.00;0,94;71,728.00;1,077,584,640.00;;;;;;;;;;;;
2024-04-30;CORFICOLCF;14,800.00;15,080.00;14,915.02;14,800.00;-240.00;-1,6;31,115.00;464,080,720.00;;;;;;;;;;;;
2024-05-02;CORFICOLCF;14,780.00;15,000.00;14,811.32;14,760.00;-20.00;-0,14;51,651.00;765,019,740.00;;;;;;;;;;;;
2024-05-03;CORFICOLCF;14,800.00;14,800.00;14,786.91;14,700.00;20.00;0,14;78,665.00;1,163,212,120.00;;;;;;;;;;;;
2024-05-06;CORFICOLCF;14,800.00;14,880.00;14,802.01;14,780.00;0.00;0;82,394.00;1,219,596,640.00;;;;;;;;;;;;
2024-05-07;CORFICOLCF;14,800.00;14,860.00;14,799.42;14,760.00;0.00;0;69,401.00;1,027,094,240.00;;;;;;;;;;;;
2024-05-08;CORFICOLCF;14,800.00;14,900.00;14,822.69;14,700.00;0.00;0;36,226.00;536,966,940.00;;;;;;;;;;;;
2024-05-09;CORFICOLCF;14,800.00;14,960.00;14,831.45;14,800.00;0.00;0;406,594.00;6,030,377,600.00;;;;;;;;;;;;
2024-05-10;CORFICOLCF;14,900.00;14,960.00;14,869.74;14,720.00;100.00;0,68;107,304.00;1,595,582,180.00;;;;;;;;;;;;
2024-05-14;CORFICOLCF;15,000.00;15,000.00;14,989.21;14,880.00;100.00;0,67;87,804.00;1,316,112,240.00;;;;;;;;;;;;
2024-05-15;CORFICOLCF;15,260.00;15,260.00;15,153.35;15,000.00;260.00;1,73;109,928.00;1,665,777,560.00;;;;;;;;;;;;
2024-05-16;CORFICOLCF;15,500.00;15,500.00;15,317.51;15,160.00;240.00;1,57;119,065.00;1,823,779,560.00;;;;;;;;;;;;
2024-05-17;CORFICOLCF;15,900.00;15,900.00;15,693.76;15,500.00;400.00;2,58;409,120.00;6,420,632,200.00;;;;;;;;;;;;
2024-05-20;CORFICOLCF;16,200.00;16,300.00;16,157.69;15,960.00;300.00;1,89;244,740.00;3,954,432,980.00;;;;;;;;;;;;
2024-05-21;CORFICOLCF;15,860.00;16,200.00;16,008.70;15,800.00;-340.00;-2,1;54,474.00;872,058,060.00;;;;;;;;;;;;
2024-05-22;CORFICOLCF;15,760.00;15,760.00;15,753.93;15,520.00;-100.00;-0,63;392,217.00;6,178,959,580.00;;;;;;;;;;;;
2024-05-23;CORFICOLCF;15,320.00;15,660.00;15,532.84;15,320.00;-440.00;-2,79;22,241.00;345,465,820.00;;;;;;;;;;;;
2024-05-24;CORFICOLCF;15,320.00;15,320.00;15,239.20;15,000.00;0.00;0;37,959.00;578,464,780.00;;;;;;;;;;;;
2024-05-27;CORFICOLCF;15,620.00;15,620.00;15,581.36;15,400.00;300.00;1,96;10,025.00;156,203,120.00;;;;;;;;;;;;
2024-05-28;CORFICOLCF;15,960.00;15,960.00;15,777.01;15,640.00;340.00;2,18;18,290.00;288,561,440.00;;;;;;;;;;;;
2024-05-29;CORFICOLCF;15,780.00;15,780.00;15,663.90;15,500.00;-180.00;-1,13;12,005.00;188,045,160.00;;;;;;;;;;;;
2024-05-30;CORFICOLCF;15,400.00;15,420.00;15,400.93;15,400.00;-380.00;-2,41;48,222.00;742,663,500.00;;;;;;;;;;;;
2024-05-31;CORFICOLCF;15,020.00;15,620.00;15,041.85;15,020.00;-380.00;-2,47;250,104.00;3,762,027,780.00;;;;;;;;;;;;
2024-06-04;CORFICOLCF;15,120.00;15,420.00;15,199.71;15,120.00;100.00;0,67;17,207.00;261,541,400.00;;;;;;;;;;;;
2024-06-05;CORFICOLCF;15,200.00;15,200.00;15,106.04;15,060.00;80.00;0,53;83,013.00;1,253,997,880.00;;;;;;;;;;;;
2024-06-06;CORFICOLCF;15,060.00;15,140.00;15,071.06;14,980.00;-140.00;-0,92;114,510.00;1,725,786,700.00;;;;;;;;;;;;
2024-06-07;CORFICOLCF;15,200.00;15,200.00;15,073.02;15,000.00;140.00;0,93;18,011.00;271,480,140.00;;;;;;;;;;;;
2024-06-11;CORFICOLCF;14,800.00;14,980.00;14,957.35;14,780.00;-400.00;-2,63;53,002.00;792,769,220.00;;;;;;;;;;;;
2024-06-12;CORFICOLCF;14,600.00;14,800.00;14,707.72;14,600.00;-200.00;-1,35;38,627.00;568,115,180.00;;;;;;;;;;;;
2024-06-13;CORFICOLCF;14,780.00;14,780.00;14,623.47;14,500.00;180.00;1,23;32,063.00;468,872,180.00;;;;;;;;;;;;
2024-06-14;CORFICOLCF;14,420.00;14,560.00;14,227.18;14,000.00;-360.00;-2,44;30,669.00;436,333,380.00;;;;;;;;;;;;
2024-06-17;CORFICOLCF;14,200.00;14,500.00;14,395.87;14,200.00;-220.00;-1,53;18,162.00;261,457,800.00;;;;;;;;;;;;
2024-06-18;CORFICOLCF;14,200.00;14,200.00;14,183.47;14,100.00;0.00;0;46,303.00;656,737,140.00;;;;;;;;;;;;
2024-06-19;CORFICOLCF;14,000.00;14,260.00;14,072.47;13,980.00;-200.00;-1,41;53,359.00;750,893,080.00;;;;;;;;;;;;
2024-06-20;CORFICOLCF;14,120.00;14,180.00;14,119.85;14,100.00;120.00;0,86;60,048.00;847,868,680.00;;;;;;;;;;;;
2024-06-21;CORFICOLCF;14,040.00;14,220.00;14,126.77;14,040.00;-80.00;-0,57;49,586.00;700,490,240.00;;;;;;;;;;;;
2024-06-24;CORFICOLCF;14,100.00;14,200.00;14,111.17;14,100.00;60.00;0,43;33,552.00;473,457,820.00;;;;;;;;;;;;
2024-06-25;CORFICOLCF;14,000.00;14,120.00;14,095.01;14,000.00;-100.00;-0,71;35,191.00;496,017,620.00;;;;;;;;;;;;
2024-06-26;CORFICOLCF;14,260.00;14,260.00;14,221.57;14,000.00;260.00;1,86;46,745.00;664,787,340.00;;;;;;;;;;;;
2024-06-27;CORFICOLCF;14,100.00;14,260.00;14,143.82;14,100.00;-160.00;-1,12;15,094.00;213,486,840.00;;;;;;;;;;;;
2024-06-28;CORFICOLCF;14,260.00;14,260.00;14,176.00;14,100.00;160.00;1,13;19,988.00;283,349,920.00;;;;;;;;;;;;
2023-07-04;CORFICOLCF;15,000.00;15,000.00;14,946.71;15,000.00;150.00;1,01;956.00;14,289,050.00;;;;;;;;;;;;
2023-07-05;CORFICOLCF;14,810.00;14,810.00;14,798.67;14,810.00;-190.00;-1,27;3,447.00;51,011,030.00;;;;;;;;;;;;
2023-07-06;CORFICOLCF;14,880.00;14,880.00;14,707.72;14,650.00;70.00;0,47;34,147.00;502,224,560.00;;;;;;;;;;;;
2023-07-07;CORFICOLCF;15,000.00;15,000.00;14,959.00;14,960.00;120.00;0,81;7,436.00;111,235,120.00;;;;;;;;;;;;
2023-07-10;CORFICOLCF;14,980.00;14,980.00;14,772.03;14,650.00;-20.00;-0,13;3,190.00;47,122,780.00;;;;;;;;;;;;
2023-07-11;CORFICOLCF;15,600.00;15,600.00;15,319.35;15,000.00;620.00;4,14;61,592.00;943,549,360.00;;;;;;;;;;;;
2023-07-12;CORFICOLCF;15,840.00;15,950.00;15,825.84;15,600.00;240.00;1,54;13,562.00;214,630,030.00;;;;;;;;;;;;
2023-07-13;CORFICOLCF;15,760.00;15,900.00;15,802.97;15,700.00;-80.00;-0,51;26,472.00;418,336,200.00;;;;;;;;;;;;
2023-07-14;CORFICOLCF;15,470.00;15,760.00;15,599.58;15,470.00;-290.00;-1,84;18,079.00;282,024,740.00;;;;;;;;;;;;
2023-07-17;CORFICOLCF;15,110.00;15,600.00;15,421.80;15,070.00;-360.00;-2,33;5,021.00;77,432,870.00;;;;;;;;;;;;
2023-07-18;CORFICOLCF;15,300.00;15,300.00;15,298.24;15,300.00;190.00;1,26;6,659.00;101,870,950.00;;;;;;;;;;;;
2023-07-19;CORFICOLCF;15,690.00;15,790.00;15,619.63;15,470.00;390.00;2,55;16,559.00;258,645,450.00;;;;;;;;;;;;
2023-07-21;CORFICOLCF;15,790.00;15,790.00;15,577.00;15,500.00;100.00;0,64;86,839.00;1,352,691,450.00;;;;;;;;;;;;
2023-07-24;CORFICOLCF;15,590.00;15,700.00;15,600.35;15,580.00;-200.00;-1,27;20,190.00;314,970,970.00;;;;;;;;;;;;
2023-07-25;CORFICOLCF;15,500.00;15,590.00;15,496.26;15,400.00;-90.00;-0,58;45,229.00;700,880,510.00;;;;;;;;;;;;
2023-07-26;CORFICOLCF;15,500.00;15,790.00;15,495.09;15,240.00;0.00;0;22,655.00;351,041,340.00;;;;;;;;;;;;
2023-07-27;CORFICOLCF;15,500.00;15,600.00;15,500.85;15,460.00;0.00;0;19,901.00;308,482,330.00;;;;;;;;;;;;
2023-07-28;CORFICOLCF;15,490.00;15,490.00;15,489.21;15,490.00;-10.00;-0,06;2,900.00;44,918,710.00;;;;;;;;;;;;
2023-07-31;CORFICOLCF;;15,680.00;15,521.65;15,500.00;60.00;0,39;43,732.00;678,792,980.00;;;;;;;;;;;;
2023-08-01;CORFICOLCF;15,650.00;15,690.00;15,477.25;15,360.00;290.00;1,89;30,803.00;476,745,710.00;;;;;;;;;;;;
2023-08-02;CORFICOLCF;15,650.00;15,780.00;15,694.58;15,600.00;0.00;0;9,552.00;149,914,670.00;;;;;;;;;;;;
2023-08-03;CORFICOLCF;15,500.00;15,510.00;15,506.99;15,500.00;-150.00;-0,96;13,392.00;207,669,630.00;;;;;;;;;;;;
2023-08-04;CORFICOLCF;;;15,420.00;;;;9.00;138,780.00;;;;;;;;;;;;
2023-08-08;CORFICOLCF;15,430.00;;15,151.14;;;;1,602.00;24,272,130.00;;;;;;;;;;;;
2023-08-09;CORFICOLCF;15,510.00;15,600.00;15,529.90;15,510.00;80.00;0,52;9,669.00;150,158,630.00;;;;;;;;;;;;
2023-08-10;CORFICOLCF;15,500.00;15,500.00;15,498.16;15,490.00;-10.00;-0,06;18,608.00;288,389,710.00;;;;;;;;;;;;
2023-08-11;CORFICOLCF;15,540.00;15,540.00;15,343.79;15,200.00;40.00;0,26;26,515.00;406,840,620.00;;;;;;;;;;;;
2023-08-14;CORFICOLCF;15,540.00;;15,294.23;;;;858.00;13,122,450.00;;;;;;;;;;;;
2023-08-15;CORFICOLCF;14,400.00;15,240.00;15,103.38;14,400.00;-1,140.00;-7,34;70,190.00;1,060,106,130.00;;;;;;;;;;;;
2023-08-16;CORFICOLCF;14,010.00;14,930.00;14,458.22;14,000.00;-390.00;-2,71;30,051.00;434,484,070.00;;;;;;;;;;;;
2023-08-17;CORFICOLCF;14,480.00;14,480.00;14,347.24;14,480.00;470.00;3,35;3,314.00;47,546,740.00;;;;;;;;;;;;
2023-08-18;CORFICOLCF;14,600.00;14,690.00;14,508.92;14,080.00;120.00;0,83;7,764.00;112,647,230.00;;;;;;;;;;;;
2023-08-22;CORFICOLCF;14,290.00;14,550.00;14,266.77;13,540.00;-310.00;-2,12;183,186.00;2,613,472,250.00;;;;;;;;;;;;
2023-08-23;CORFICOLCF;13,500.00;14,000.00;13,691.25;13,500.00;-790.00;-5,53;58,048.00;794,749,940.00;;;;;;;;;;;;
2023-08-24;CORFICOLCF;13,100.00;13,500.00;13,227.26;13,100.00;-400.00;-2,96;31,360.00;414,807,020.00;;;;;;;;;;;;
2023-08-25;CORFICOLCF;12,610.00;13,000.00;12,674.44;12,610.00;-490.00;-3,74;38,310.00;485,557,890.00;;;;;;;;;;;;
2023-08-28;CORFICOLCF;12,700.00;12,990.00;12,697.23;12,500.00;90.00;0,71;25,513.00;323,944,500.00;;;;;;;;;;;;
2023-08-29;CORFICOLCF;12,940.00;12,990.00;12,871.82;12,500.00;240.00;1,89;32,354.00;416,454,790.00;;;;;;;;;;;;
2023-08-30;CORFICOLCF;12,670.00;12,700.00;12,670.24;12,640.00;-270.00;-2,09;25,873.00;327,817,120.00;;;;;;;;;;;;
2023-08-31;CORFICOLCF;11,750.00;12,310.00;11,759.22;11,750.00;-920.00;-7,26;885,069.00;10,407,724,080.00;;;;;;;;;;;;
2023-09-01;CORFICOLCF;11,750.00;11,900.00;11,752.19;11,700.00;0.00;0;409,283.00;4,809,973,270.00;;;;;;;;;;;;
2023-09-04;CORFICOLCF;11,700.00;11,750.00;11,690.41;11,700.00;-50.00;-0,43;8,693.00;101,624,720.00;;;;;;;;;;;;
2023-09-05;CORFICOLCF;11,500.00;11,560.00;11,513.54;11,500.00;-200.00;-1,71;16,381.00;188,603,350.00;;;;;;;;;;;;
2023-09-06;CORFICOLCF;11,460.00;11,500.00;11,463.23;11,250.00;-40.00;-0,35;47,513.00;544,652,520.00;;;;;;;;;;;;
2023-09-07;CORFICOLCF;11,350.00;11,460.00;11,193.56;11,000.00;-110.00;-0,96;40,242.00;450,451,210.00;;;;;;;;;;;;
2023-09-08;CORFICOLCF;11,130.00;11,250.00;11,177.92;11,130.00;-220.00;-1,94;16,032.00;179,204,470.00;;;;;;;;;;;;
2023-09-11;CORFICOLCF;11,680.00;11,680.00;11,052.62;11,000.00;550.00;4,94;64,758.00;715,745,400.00;;;;;;;;;;;;
2023-09-12;CORFICOLCF;12,290.00;12,300.00;11,849.04;11,700.00;610.00;5,22;99,133.00;1,174,631,360.00;;;;;;;;;;;;
2023-09-13;CORFICOLCF;12,580.00;12,980.00;12,408.71;12,100.00;290.00;2,36;77,745.00;964,715,320.00;;;;;;;;;;;;
2023-09-14;CORFICOLCF;13,200.00;13,300.00;12,851.71;11,610.00;620.00;4,93;341,192.00;4,384,899,850.00;;;;;;;;;;;;
2023-09-15;CORFICOLCF;13,600.00;13,750.00;13,578.74;13,400.00;400.00;3,03;356,990.00;4,847,473,610.00;;;;;;;;;;;;
2023-09-18;CORFICOLCF;13,400.00;13,580.00;13,142.24;12,770.00;-200.00;-1,47;102,182.00;1,342,900,220.00;;;;;;;;;;;;
2023-09-19;CORFICOLCF;12,750.00;13,400.00;13,036.78;12,750.00;-650.00;-4,85;23,743.00;309,532,380.00;;;;;;;;;;;;
2023-09-20;CORFICOLCF;13,120.00;13,480.00;13,076.90;12,510.00;370.00;2,9;24,900.00;325,614,710.00;;;;;;;;;;;;
2023-09-21;CORFICOLCF;13,060.00;13,090.00;12,697.33;12,500.00;-60.00;-0,46;4,902.00;62,242,300.00;;;;;;;;;;;;
2023-09-22;CORFICOLCF;13,060.00;;12,654.53;;;;117.00;1,480,580.00;;;;;;;;;;;;
2023-09-25;CORFICOLCF;12,730.00;12,730.00;12,734.30;12,730.00;-330.00;-2,53;4,784.00;60,920,910.00;;;;;;;;;;;;
2023-09-26;CORFICOLCF;12,480.00;12,510.00;12,173.42;12,000.00;-250.00;-1,96;32,602.00;396,877,860.00;;;;;;;;;;;;
2023-09-27;CORFICOLCF;13,100.00;13,100.00;12,770.18;12,480.00;620.00;4,97;43,529.00;555,873,200.00;;;;;;;;;;;;
2023-09-28;CORFICOLCF;13,500.00;13,500.00;13,296.12;13,100.00;400.00;3,05;23,150.00;307,805,250.00;;;;;;;;;;;;
2023-09-29;CORFICOLCF;13,750.00;13,750.00;13,535.31;12,920.00;250.00;1,85;32,108.00;434,591,620.00;;;;;;;;;;;;
2023-10-02;CORFICOLCF;13,120.00;13,250.00;13,223.19;13,120.00;-630.00;-4,58;7,341.00;97,071,420.00;;;;;;;;;;;;
2023-10-03;CORFICOLCF;13,160.00;13,160.00;13,087.32;12,700.00;40.00;0,3;27,701.00;362,531,910.00;;;;;;;;;;;;
2023-10-04;CORFICOLCF;13,160.00;13,160.00;13,150.18;13,160.00;0.00;;4,569.00;60,083,160.00;;;;;;;;;;;;
2023-10-05;CORFICOLCF;13,160.00;13,160.00;13,173.81;13,160.00;0.00;;9,649.00;127,114,130.00;;;;;;;;;;;;
2023-10-06;CORFICOLCF;13,400.00;13,400.00;13,357.19;13,160.00;240.00;1,82;25,693.00;343,186,400.00;;;;;;;;;;;;
2023-10-09;CORFICOLCF;13,400.00;;13,048.69;;;;773.00;10,086,640.00;;;;;;;;;;;;
2023-10-10;CORFICOLCF;13,400.00;;13,054.01;;;;836.00;10,913,150.00;;;;;;;;;;;;
2023-10-11;CORFICOLCF;13,400.00;13,400.00;13,320.89;13,290.00;0.00;0;4,551.00;60,623,360.00;;;;;;;;;;;;
2023-10-12;CORFICOLCF;13,750.00;13,750.00;13,604.49;13,500.00;350.00;2,61;33,300.00;453,029,390.00;;;;;;;;;;;;
2023-10-13;CORFICOLCF;13,450.00;13,510.00;13,488.25;13,450.00;-300.00;-2,18;14,068.00;189,752,700.00;;;;;;;;;;;;
2023-10-17;CORFICOLCF;13,000.00;13,200.00;13,130.10;13,000.00;-450.00;-3,35;19,006.00;249,550,760.00;;;;;;;;;;;;
2023-10-18;CORFICOLCF;13,010.00;13,010.00;13,040.23;13,010.00;10.00;0,08;5,838.00;76,128,860.00;;;;;;;;;;;;
2023-10-19;CORFICOLCF;13,000.00;13,200.00;13,069.34;13,000.00;-10.00;-0,08;12,703.00;166,019,870.00;;;;;;;;;;;;
2023-10-20;CORFICOLCF;13,000.00;13,000.00;13,011.98;13,000.00;0.00;;9,554.00;124,316,450.00;;;;;;;;;;;;
2023-10-23;CORFICOLCF;13,000.00;13,000.00;12,992.32;13,000.00;0.00;;4,641.00;60,297,340.00;;;;;;;;;;;;
2023-10-24;CORFICOLCF;13,000.00;13,000.00;13,004.80;13,000.00;0.00;;6,031.00;78,431,960.00;;;;;;;;;;;;
2023-10-25;CORFICOLCF;13,000.00;;12,959.91;;;;699.00;9,058,980.00;;;;;;;;;;;;
2023-10-26;CORFICOLCF;12,620.00;13,000.00;12,902.38;12,620.00;-380.00;-2,92;14,553.00;187,768,270.00;;;;;;;;;;;;
2023-10-27;CORFICOLCF;13,000.00;13,000.00;12,947.54;12,620.00;380.00;3,01;24,376.00;315,609,290.00;;;;;;;;;;;;
2023-10-30;CORFICOLCF;12,980.00;13,100.00;13,075.41;12,980.00;-20.00;-0,15;40,334.00;527,383,690.00;;;;;;;;;;;;
2023-10-31;CORFICOLCF;12,620.00;12,620.00;12,665.94;12,620.00;-360.00;-2,77;1,591.00;20,151,510.00;;;;;;;;;;;;
2023-11-01;CORFICOLCF;12,550.00;12,620.00;12,480.16;12,300.00;-70.00;-0,55;44,769.00;558,724,070.00;;;;;;;;;;;;
2023-11-02;CORFICOLCF;12,380.00;12,380.00;12,300.48;12,300.00;-170.00;-1,35;709,717.00;8,729,858,920.00;;;;;;;;;;;;
2023-11-03;CORFICOLCF;13,000.00;13,000.00;12,723.79;12,300.00;620.00;5,01;66,746.00;849,261,930.00;;;;;;;;;;;;
2023-11-07;CORFICOLCF;12,610.00;12,610.00;12,655.80;12,600.00;-390.00;-3;2,671.00;33,803,640.00;;;;;;;;;;;;
2023-11-08;CORFICOLCF;12,700.00;12,700.00;12,554.55;12,320.00;80.00;0,63;9,159.00;114,987,140.00;;;;;;;;;;;;
2023-11-09;CORFICOLCF;12,800.00;12,800.00;12,763.72;12,700.00;100.00;0,79;4,313.00;55,049,920.00;;;;;;;;;;;;
2023-11-10;CORFICOLCF;12,520.00;12,600.00;12,466.97;12,320.00;-280.00;-2,19;8,331.00;103,862,340.00;;;;;;;;;;;;
2023-11-14;CORFICOLCF;12,760.00;12,760.00;12,667.43;12,740.00;240.00;1,92;6,023.00;76,295,940.00;;;;;;;;;;;;
2023-11-15;CORFICOLCF;12,540.00;12,600.00;12,571.97;12,540.00;-220.00;-1,72;4,436.00;55,769,240.00;;;;;;;;;;;;
2023-11-16;CORFICOLCF;12,560.00;12,560.00;12,476.74;12,360.00;20.00;0,16;19,423.00;242,335,680.00;;;;;;;;;;;;
2023-11-17;CORFICOLCF;12,700.00;12,840.00;12,661.97;12,520.00;140.00;1,11;37,104.00;469,809,680.00;;;;;;;;;;;;
2023-11-20;CORFICOLCF;12,400.00;12,700.00;12,466.10;12,400.00;-300.00;-2,36;18,868.00;235,210,320.00;;;;;;;;;;;;
2023-11-21;CORFICOLCF;12,420.00;13,000.00;12,775.66;12,420.00;20.00;0,16;23,075.00;294,798,440.00;;;;;;;;;;;;
2023-11-22;CORFICOLCF;12,100.00;12,520.00;12,311.81;12,100.00;-320.00;-2,58;220,294.00;2,712,218,560.00;;;;;;;;;;;;
2023-11-23;CORFICOLCF;12,100.00;12,120.00;12,112.10;12,100.00;0.00;0;9,580.00;116,033,880.00;;;;;;;;;;;;
2023-11-24;CORFICOLCF;12,040.00;12,040.00;12,093.61;12,000.00;-60.00;-0,5;5,671.00;68,582,840.00;;;;;;;;;;;;
2023-11-27;CORFICOLCF;12,000.00;12,100.00;12,009.43;12,000.00;-40.00;-0,33;44,632.00;536,004,940.00;;;;;;;;;;;;
2023-11-28;CORFICOLCF;11,920.00;12,000.00;11,815.90;11,800.00;-80.00;-0,67;11,296.00;133,472,460.00;;;;;;;;;;;;
2023-11-29;CORFICOLCF;11,800.00;12,000.00;11,792.44;11,620.00;-120.00;-1,01;27,935.00;329,421,800.00;;;;;;;;;;;;
2023-11-30;CORFICOLCF;11,940.00;11,940.00;11,792.60;11,620.00;140.00;1,19;34,897.00;411,526,500.00;;;;;;;;;;;;
2023-12-01;CORFICOLCF;11,940.00;;11,805.58;;;;889.00;10,495,160.00;;;;;;;;;;;;
2023-12-04;CORFICOLCF;11,400.00;11,620.00;11,494.72;11,400.00;-540.00;-4,52;13,340.00;153,339,540.00;;;;;;;;;;;;
2023-12-05;CORFICOLCF;11,420.00;11,700.00;11,501.67;11,420.00;20.00;0,18;6,707.00;77,141,700.00;;;;;;;;;;;;
2023-12-06;CORFICOLCF;11,300.00;11,300.00;11,284.98;11,280.00;-120.00;-1,05;11,669.00;131,684,480.00;;;;;;;;;;;;
2023-12-07;CORFICOLCF;11,700.00;11,700.00;11,571.28;11,380.00;400.00;3,54;21,192.00;245,218,500.00;;;;;;;;;;;;
2023-12-11;CORFICOLCF;11,500.00;11,500.00;11,419.50;11,320.00;-200.00;-1,71;29,160.00;332,992,720.00;;;;;;;;;;;;
2023-12-12;CORFICOLCF;11,320.00;11,500.00;11,396.01;11,320.00;-180.00;-1,57;33,726.00;384,341,800.00;;;;;;;;;;;;
2023-12-13;CORFICOLCF;11,320.00;11,400.00;11,346.06;11,320.00;0.00;0;20,250.00;229,757,640.00;;;;;;;;;;;;
2023-12-14;CORFICOLCF;11,600.00;11,600.00;11,471.19;11,320.00;280.00;2,47;56,762.00;651,127,560.00;;;;;;;;;;;;
2023-12-15;CORFICOLCF;11,980.00;11,980.00;11,756.44;11,600.00;380.00;3,28;47,406.00;557,325,960.00;;;;;;;;;;;;
2023-12-18;CORFICOLCF;11,980.00;11,980.00;11,958.81;11,900.00;0.00;0;30,484.00;364,552,340.00;;;;;;;;;;;;
2023-12-19;CORFICOLCF;11,900.00;11,980.00;11,896.42;11,840.00;-80.00;-0,67;93,563.00;1,113,065,120.00;;;;;;;;;;;;
2023-12-20;CORFICOLCF;12,820.00;13,000.00;12,395.47;11,980.00;920.00;7,73;150,408.00;1,864,377,140.00;;;;;;;;;;;;
2023-12-21;CORFICOLCF;12,500.00;12,800.00;12,528.75;12,420.00;-320.00;-2,5;25,670.00;321,613,040.00;;;;;;;;;;;;
2023-12-22;CORFICOLCF;12,300.00;12,860.00;12,707.19;12,300.00;-200.00;-1,6;36,204.00;460,051,160.00;;;;;;;;;;;;
2023-12-26;CORFICOLCF;12,480.00;12,760.00;12,617.92;12,480.00;180.00;1,46;10,469.00;132,097,000.00;;;;;;;;;;;;
2023-12-27;CORFICOLCF;12,980.00;13,000.00;12,905.34;12,620.00;500.00;4,01;30,418.00;392,554,700.00;;;;;;;;;;;;
2023-12-28;CORFICOLCF;13,500.00;13,500.00;13,229.21;13,040.00;520.00;4,01;51,060.00;675,483,660.00;;;;;;;;;;;;
2023-01-02;CORFICOLCF;15,000.00;;15,318.16;;;;1,047.00;16,038,110.00;;;;;;;;;;;;
2023-01-03;CORFICOLCF;15,000.00;15,480.00;15,070.35;15,000.00;0;0;82,180.00;1,238,481,060.00;;;;;;;;;;;;
2023-01-04;CORFICOLCF;15,300.00;15,300.00;15,192.44;15,000.00;300;2;22,266.00;338,274,780.00;;;;;;;;;;;;
2023-01-05;CORFICOLCF;15,300.00;15,500.00;15,378.63;15,300.00;0;0;25,540.00;392,770,210.00;;;;;;;;;;;;
2023-01-06;CORFICOLCF;15,500.00;15,500.00;15,443.73;15,300.00;200;1,31;20,169.00;311,484,540.00;;;;;;;;;;;;
2023-01-10;CORFICOLCF;15,800.00;15,850.00;15,713.55;15,500.00;300;1,94;30,754.00;483,254,450.00;;;;;;;;;;;;
2023-01-11;CORFICOLCF;16,500.00;16,500.00;16,169.37;16,000.00;700;4,43;114,082.00;1,844,634,100.00;;;;;;;;;;;;
2023-01-12;CORFICOLCF;16,890.00;16,890.00;16,732.25;16,500.00;390;2,36;91,618.00;1,532,975,350.00;;;;;;;;;;;;
2023-01-13;CORFICOLCF;16,990.00;17,480.00;17,100.56;16,800.00;100;0,59;53,347.00;912,263,670.00;;;;;;;;;;;;
2023-01-16;CORFICOLCF;16,990.00;16,990.00;16,982.46;16,990.00;0;;2,429.00;41,250,390.00;;;;;;;;;;;;
2023-01-17;CORFICOLCF;16,880.00;16,880.00;16,809.42;16,880.00;-110;-0,65;3,557.00;59,791,100.00;;;;;;;;;;;;
2023-01-18;CORFICOLCF;17,460.00;17,470.00;16,976.00;16,400.00;580;3,44;56,559.00;960,145,330.00;;;;;;;;;;;;
2023-01-19;CORFICOLCF;17,480.00;17,480.00;17,357.96;17,200.00;20;0,11;26,592.00;461,582,920.00;;;;;;;;;;;;
2023-01-20;CORFICOLCF;17,480.00;17,500.00;17,401.98;16,840.00;0;0;18,341.00;319,169,670.00;;;;;;;;;;;;
2023-01-23;CORFICOLCF;17,260.00;17,260.00;17,057.18;16,800.00;-220;-1,26;97,736.00;1,667,100,680.00;;;;;;;;;;;;
2023-01-24;CORFICOLCF;16,970.00;17,090.00;16,902.37;16,510.00;-290;-1,68;32,942.00;556,797,840.00;;;;;;;;;;;;
2023-01-25;CORFICOLCF;16,660.00;16,940.00;16,629.86;16,430.00;-310;-1,83;21,967.00;365,308,090.00;;;;;;;;;;;;
2023-01-26;CORFICOLCF;16,390.00;16,650.00;16,457.27;16,330.00;-270;-1,62;27,243.00;448,345,410.00;;;;;;;;;;;;
2023-01-27;CORFICOLCF;16,390.00;16,450.00;16,199.58;15,910.00;0;0;43,628.00;706,755,360.00;;;;;;;;;;;;
2023-01-30;CORFICOLCF;16,090.00;16,490.00;15,958.93;15,820.00;-300;-1,83;17,234.00;275,036,170.00;;;;;;;;;;;;
2023-01-31;CORFICOLCF;16,000.00;16,320.00;15,951.71;15,590.00;-90;-0,56;67,619.00;1,078,638,350.00;;;;;;;;;;;;
2023-02-01;CORFICOLCF;15,800.00;16,320.00;15,603.85;15,330.00;-200;-1,25;111,819.00;1,744,807,430.00;;;;;;;;;;;;
2023-02-02;CORFICOLCF;15,480.00;15,780.00;15,414.05;15,180.00;-320;-2,03;124,612.00;1,920,775,450.00;;;;;;;;;;;;
2023-02-03;CORFICOLCF;15,080.00;15,580.00;15,235.85;15,080.00;-400;-2,58;26,081.00;397,366,310.00;;;;;;;;;;;;
2023-02-06;CORFICOLCF;15,440.00;15,600.00;15,212.32;14,950.00;360;2,39;38,487.00;585,476,740.00;;;;;;;;;;;;
2023-02-07;CORFICOLCF;15,300.00;15,680.00;15,311.57;15,160.00;-140;-0,91;25,745.00;394,196,380.00;;;;;;;;;;;;
2023-02-08;CORFICOLCF;15,200.00;15,420.00;15,327.48;15,200.00;-100;-0,65;21,837.00;334,706,250.00;;;;;;;;;;;;
2023-02-09;CORFICOLCF;15,000.00;15,400.00;14,994.17;14,910.00;-200;-1,32;28,844.00;432,491,910.00;;;;;;;;;;;;
2023-02-10;CORFICOLCF;14,590.00;14,990.00;14,644.81;14,470.00;-410;-2,73;41,430.00;606,734,390.00;;;;;;;;;;;;
2023-02-13;CORFICOLCF;14,480.00;14,480.00;14,439.59;14,480.00;-110;-0,75;2,798.00;40,401,970.00;;;;;;;;;;;;
2023-02-14;CORFICOLCF;13,980.00;14,480.00;14,034.10;13,710.00;-500;-3,45;42,607.00;597,950,840.00;;;;;;;;;;;;
2023-02-15;CORFICOLCF;13,380.00;13,630.00;13,476.34;13,200.00;-600;-4,29;38,280.00;515,874,410.00;;;;;;;;;;;;
2023-02-16;CORFICOLCF;13,000.00;13,760.00;13,324.85;13,000.00;-380;-2,84;46,460.00;619,072,460.00;;;;;;;;;;;;
2023-02-17;CORFICOLCF;12,940.00;13,100.00;12,917.49;12,800.00;-60;-0,46;50,169.00;648,057,670.00;;;;;;;;;;;;
2023-02-20;CORFICOLCF;12,940.00;;12,934.05;;;;1,176.00;15,210,440.00;;;;;;;;;;;;
2023-02-21;CORFICOLCF;12,620.00;13,000.00;12,880.92;12,620.00;-320;-2,47;29,057.00;374,280,820.00;;;;;;;;;;;;
2023-02-22;CORFICOLCF;12,620.00;12,870.00;12,705.56;12,620.00;0;0;20,251.00;257,300,240.00;;;;;;;;;;;;
2023-02-23;CORFICOLCF;12,350.00;12,600.00;12,322.49;11,800.00;-270;-2,14;49,599.00;611,182,970.00;;;;;;;;;;;;
2023-02-24;CORFICOLCF;11,700.00;12,010.00;11,867.69;11,700.00;-650;-5,26;54,439.00;646,065,360.00;;;;;;;;;;;;
2023-02-27;CORFICOLCF;11,400.00;11,700.00;11,506.72;11,220.00;-300;-2,56;79,074.00;909,882,650.00;;;;;;;;;;;;
2023-02-28;CORFICOLCF;10,500.00;11,900.00;10,528.29;10,200.00;-900;-7,89;3,120,498.00;32,853,502,540.00;;;;;;;;;;;;
2023-03-01;CORFICOLCF;11,000.00;11,000.00;10,764.36;10,550.00;500;4,76;770,528.00;8,294,241,760.00;;;;;;;;;;;;
2023-03-02;CORFICOLCF;11,080.00;11,230.00;11,091.33;11,080.00;80;0,73;263,827.00;2,926,191,150.00;;;;;;;;;;;;
2023-03-03;CORFICOLCF;11,180.00;11,400.00;11,212.24;11,130.00;100;0,9;147,471.00;1,653,480,100.00;;;;;;;;;;;;
2023-03-06;CORFICOLCF;11,490.00;11,550.00;11,397.72;11,300.00;310;2,77;72,796.00;829,708,400.00;;;;;;;;;;;;
2023-03-07;CORFICOLCF;11,330.00;11,750.00;11,402.73;11,330.00;-160;-1,39;119,437.00;1,361,908,110.00;;;;;;;;;;;;
2023-03-08;CORFICOLCF;11,490.00;11,500.00;11,384.66;11,270.00;160;1,41;65,228.00;742,598,380.00;;;;;;;;;;;;
2023-03-09;CORFICOLCF;11,400.00;11,600.00;11,482.05;11,400.00;-90;-0,78;160,806.00;1,846,383,050.00;;;;;;;;;;;;
2023-03-10;CORFICOLCF;11,350.00;11,560.00;11,401.27;11,220.00;-50;-0,44;50,846.00;579,708,770.00;;;;;;;;;;;;
2023-03-13;CORFICOLCF;11,130.00;11,260.00;11,156.72;11,120.00;-220;-1,94;27,684.00;308,862,660.00;;;;;;;;;;;;
2023-03-14;CORFICOLCF;11,300.00;11,300.00;11,092.19;11,000.00;170;1,53;74,811.00;829,817,590.00;;;;;;;;;;;;
2023-03-15;CORFICOLCF;11,590.00;11,600.00;11,292.38;10,900.00;290;2,57;85,161.00;961,670,340.00;;;;;;;;;;;;
2023-03-16;CORFICOLCF;11,900.00;12,000.00;11,745.41;11,590.00;310;2,67;168,106.00;1,974,474,240.00;;;;;;;;;;;;
2023-03-17;CORFICOLCF;11,750.00;12,200.00;11,814.08;11,720.00;-150;-1,26;170,343.00;2,012,446,540.00;;;;;;;;;;;;
2023-03-21;CORFICOLCF;11,400.00;11,700.00;11,552.26;11,400.00;-350;-2,98;39,177.00;452,582,840.00;;;;;;;;;;;;
2023-03-22;CORFICOLCF;11,300.00;11,400.00;11,316.45;11,210.00;-100;-0,88;18,498.00;209,331,670.00;;;;;;;;;;;;
2023-03-23;CORFICOLCF;10,910.00;11,140.00;10,970.85;10,850.00;-390;-3,45;25,630.00;281,182,880.00;;;;;;;;;;;;
2023-03-24;CORFICOLCF;11,240.00;11,240.00;10,878.53;10,600.00;330;3,02;46,194.00;502,522,870.00;;;;;;;;;;;;
2023-03-27;CORFICOLCF;11,000.00;11,360.00;11,118.83;11,000.00;-240;-2,14;13,602.00;151,238,270.00;;;;;;;;;;;;
2023-03-28;CORFICOLCF;11,400.00;11,400.00;11,154.63;10,980.00;400;3,64;144,316.00;1,609,791,370.00;;;;;;;;;;;;
2023-03-29;CORFICOLCF;11,420.00;11,420.00;11,274.38;11,200.00;20;0,18;29,929.00;337,430,780.00;;;;;;;;;;;;
2023-03-30;CORFICOLCF;11,310.00;11,440.00;11,334.30;11,260.00;-110;-0,96;99,116.00;1,123,410,330.00;;;;;;;;;;;;
2023-03-31;CORFICOLCF;11,480.00;11,490.00;11,409.91;11,310.00;170;1,5;15,256.00;174,069,560.00;;;;;;;;;;;;
2023-04-03;CORFICOLCF;11,480.00;11,480.00;11,466.05;11,480.00;0;;6,634.00;76,065,790.00;;;;;;;;;;;;
2023-04-04;CORFICOLCF;11,500.00;11,700.00;11,608.47;11,470.00;20;0,17;105,719.00;1,227,235,970.00;;;;;;;;;;;;
2023-04-05;CORFICOLCF;11,600.00;11,600.00;11,567.09;11,550.00;100;0,87;13,346.00;154,374,340.00;;;;;;;;;;;;
2023-04-10;CORFICOLCF;11,680.00;11,680.00;11,496.72;11,450.00;80;0,69;107,920.00;1,240,725,580.00;;;;;;;;;;;;
2023-04-11;CORFICOLCF;11,700.00;11,700.00;11,678.61;11,500.00;20;0,17;68,837.00;803,920,210.00;;;;;;;;;;;;
2023-04-12;CORFICOLCF;12,400.00;12,400.00;11,915.73;11,700.00;700;5,98;255,733.00;3,047,246,500.00;;;;;;;;;;;;
2023-04-13;CORFICOLCF;13,280.00;13,350.00;12,985.99;12,800.00;880;7,1;82,377.00;1,069,746,650.00;;;;;;;;;;;;
2023-04-14;CORFICOLCF;13,000.00;13,340.00;13,137.64;13,000.00;-280;-2,11;80,411.00;1,056,410,800.00;;;;;;;;;;;;
2023-04-17;CORFICOLCF;13,400.00;13,400.00;13,296.26;12,950.00;400;3,08;29,972.00;398,515,520.00;;;;;;;;;;;;
2023-04-18;CORFICOLCF;13,280.00;13,660.00;13,316.87;13,080.00;-120;-0,9;140,533.00;1,871,459,860.00;;;;;;;;;;;;
2023-04-19;CORFICOLCF;13,100.00;13,120.00;12,977.85;12,870.00;-180;-1,36;12,187.00;158,161,040.00;;;;;;;;;;;;
2023-04-20;CORFICOLCF;12,860.00;12,860.00;12,849.64;12,800.00;-240;-1,83;14,843.00;190,727,260.00;;;;;;;;;;;;
2023-04-21;CORFICOLCF;12,700.00;12,740.00;12,699.17;12,440.00;-160;-1,24;16,986.00;215,708,170.00;;;;;;;;;;;;
2023-04-24;CORFICOLCF;13,000.00;13,120.00;12,856.95;12,580.00;300;2,36;66,720.00;857,815,810.00;;;;;;;;;;;;
2023-04-25;CORFICOLCF;13,150.00;13,150.00;13,065.47;12,940.00;150;1,15;49,046.00;640,808,830.00;;;;;;;;;;;;
2023-04-26;CORFICOLCF;13,200.00;13,290.00;13,186.13;13,140.00;50;0,38;38,211.00;503,855,350.00;;;;;;;;;;;;
2023-04-27;CORFICOLCF;12,810.00;13,000.00;12,857.53;12,710.00;-390;-2,95;205,655.00;2,644,215,260.00;;;;;;;;;;;;
2023-04-28;CORFICOLCF;13,290.00;13,290.00;13,150.64;12,910.00;480;3,75;29,150.00;383,341,250.00;;;;;;;;;;;;
2023-05-02;CORFICOLCF;13,110.00;13,260.00;13,094.59;13,000.00;-180;-1,35;99,183.00;1,298,760,470.00;;;;;;;;;;;;
2023-05-03;CORFICOLCF;13,100.00;13,200.00;13,083.99;13,000.00;-10;-0,08;25,567.00;334,518,420.00;;;;;;;;;;;;
2023-05-04;CORFICOLCF;13,080.00;13,100.00;12,911.20;12,580.00;-20;-0,15;77,089.00;995,311,520.00;;;;;;;;;;;;
2023-05-05;CORFICOLCF;13,290.00;13,290.00;13,246.64;13,250.00;210;1,61;3,658.00;48,456,210.00;;;;;;;;;;;;
2023-05-08;CORFICOLCF;12,900.00;13,400.00;13,184.55;12,900.00;-390;-2,93;131,651.00;1,735,759,770.00;;;;;;;;;;;;
2023-05-09;CORFICOLCF;13,030.00;13,030.00;13,012.15;13,000.00;130;1,01;15,274.00;198,747,540.00;;;;;;;;;;;;
2023-05-10;CORFICOLCF;13,460.00;13,480.00;13,294.71;13,200.00;430;3,3;230,003.00;3,057,823,000.00;;;;;;;;;;;;
2023-05-11;CORFICOLCF;13,460.00;13,790.00;13,553.43;13,400.00;0;0;46,134.00;625,273,830.00;;;;;;;;;;;;
2023-05-12;CORFICOLCF;13,220.00;13,400.00;13,368.31;13,220.00;-240;-1,78;31,702.00;423,802,060.00;;;;;;;;;;;;
2023-05-15;CORFICOLCF;13,390.00;13,420.00;13,279.15;13,110.00;170;1,29;9,281.00;123,243,780.00;;;;;;;;;;;;
2023-05-16;CORFICOLCF;13,290.00;13,520.00;13,470.96;13,290.00;-100;-0,75;46,140.00;621,550,020.00;;;;;;;;;;;;
2023-05-17;CORFICOLCF;13,470.00;13,520.00;13,466.84;13,470.00;180;1,35;3,849.00;51,833,860.00;;;;;;;;;;;;
2023-05-18;CORFICOLCF;13,450.00;13,450.00;13,307.35;13,450.00;-20;-0,15;2,739.00;36,448,830.00;;;;;;;;;;;;
2023-05-19;CORFICOLCF;13,000.00;13,200.00;13,091.37;13,000.00;-450;-3,35;16,738.00;219,123,300.00;;;;;;;;;;;;
2023-05-23;CORFICOLCF;13,400.00;13,500.00;13,350.69;13,200.00;400;3,08;49,630.00;662,594,630.00;;;;;;;;;;;;
2023-05-24;CORFICOLCF;13,560.00;13,560.00;13,478.05;13,400.00;160;1,19;29,096.00;392,157,300.00;;;;;;;;;;;;
2023-05-25;CORFICOLCF;13,520.00;13,580.00;13,431.37;13,120.00;-40;-0,29;11,518.00;154,702,470.00;;;;;;;;;;;;
2023-05-26;CORFICOLCF;13,550.00;13,780.00;13,610.82;13,500.00;30;0,22;36,933.00;502,688,380.00;;;;;;;;;;;;
2023-05-29;CORFICOLCF;13,700.00;13,870.00;13,763.56;13,700.00;150;1,11;32,449.00;446,613,770.00;;;;;;;;;;;;
2023-05-30;CORFICOLCF;13,760.00;13,780.00;13,511.35;13,300.00;60;0,44;36,640.00;495,055,710.00;;;;;;;;;;;;
2023-05-31;CORFICOLCF;14,400.00;14,400.00;14,367.99;13,850.00;640;4,65;1,043,278.00;14,989,809,260.00;;;;;;;;;;;;
2023-06-01;CORFICOLCF;14,400.00;14,400.00;14,332.51;14,000.00;0;0;85,999.00;1,232,581,390.00;;;;;;;;;;;;
2023-06-02;CORFICOLCF;14,490.00;14,490.00;14,419.58;14,350.00;90;0,63;25,202.00;363,402,340.00;;;;;;;;;;;;
2023-06-05;CORFICOLCF;14,680.00;14,680.00;14,564.28;14,450.00;190;1,31;29,295.00;426,660,530.00;;;;;;;;;;;;
2023-06-06;CORFICOLCF;15,360.00;15,360.00;15,076.36;14,700.00;680;4,63;103,770.00;1,564,473,660.00;;;;;;;;;;;;
2023-06-07;CORFICOLCF;15,290.00;15,430.00;15,132.94;14,910.00;-70;-0,46;57,873.00;875,788,700.00;;;;;;;;;;;;
2023-06-08;CORFICOLCF;15,110.00;15,260.00;15,180.64;15,110.00;-180;-1,18;33,322.00;505,849,320.00;;;;;;;;;;;;
2023-06-09;CORFICOLCF;15,280.00;15,280.00;15,121.48;15,020.00;170;1,13;22,670.00;342,803,880.00;;;;;;;;;;;;
2023-06-13;CORFICOLCF;15,400.00;15,400.00;15,256.27;15,050.00;120;0,79;124,109.00;1,893,441,010.00;;;;;;;;;;;;
2023-06-14;CORFICOLCF;15,500.00;15,500.00;15,405.85;15,350.00;100;0,65;177,312.00;2,731,641,560.00;;;;;;;;;;;;
2023-06-15;CORFICOLCF;15,490.00;15,500.00;15,314.70;14,430.00;-10;-0,06;12,622.00;193,302,170.00;;;;;;;;;;;;
2023-06-16;CORFICOLCF;15,000.00;15,280.00;15,089.53;15,000.00;-490;-3,16;8,685.00;131,052,530.00;;;;;;;;;;;;
2023-06-20;CORFICOLCF;14,980.00;14,990.00;14,984.45;14,980.00;-20;-0,13;8,254.00;123,681,640.00;;;;;;;;;;;;
2023-06-21;CORFICOLCF;14,450.00;14,960.00;14,674.45;14,450.00;-530;-3,54;11,101.00;162,901,120.00;;;;;;;;;;;;
2023-06-22;CORFICOLCF;14,400.00;14,400.00;14,391.75;14,380.00;-50;-0,35;5,631.00;81,039,950.00;;;;;;;;;;;;
2023-06-23;CORFICOLCF;14,400.00;14,400.00;14,313.60;14,250.00;0;0;3,912.00;55,994,800.00;;;;;;;;;;;;
2023-06-26;CORFICOLCF;14,200.00;14,350.00;14,263.48;14,200.00;-200;-1,39;11,573.00;165,071,240.00;;;;;;;;;;;;
2023-06-27;CORFICOLCF;14,730.00;14,730.00;14,527.81;14,500.00;530;3,73;63,081.00;916,428,880.00;;;;;;;;;;;;
2023-06-28;CORFICOLCF;14,700.00;14,800.00;14,803.29;14,700.00;-30;-0,2;10,975.00;162,466,070.00;;;;;;;;;;;;
2023-06-29;CORFICOLCF;14,700.00;14,980.00;14,717.38;14,700.00;0;0;23,615.00;347,550,990.00;;;;;;;;;;;;
2023-06-30;CORFICOLCF;14,850.00;14,970.00;14,794.26;14,700.00;150;1,02;10,040.00;148,534,420.00;;;;;;;;;;;;
2022-07-01;CORFICOLCF;20,780.00;21,000.00;20,761.15;20,550.00;280.00;1,37;48,206.00;1,000,811,970.00;;;;;;;;;;;;
2022-07-05;CORFICOLCF;20,710.00;21,020.00;20,742.94;20,510.00;-70.00;-0,34;25,359.00;526,020,140.00;;;;;;;;;;;;
2022-07-06;CORFICOLCF;21,000.00;21,160.00;20,784.59;20,500.00;290.00;1,4;57,997.00;1,205,443,620.00;;;;;;;;;;;;
2022-07-07;CORFICOLCF;21,500.00;21,600.00;21,251.35;21,010.00;500.00;2,38;53,898.00;1,145,405,020.00;;;;;;;;;;;;
2022-07-08;CORFICOLCF;21,160.00;21,600.00;21,372.00;21,120.00;-340.00;-1,58;28,047.00;599,420,600.00;;;;;;;;;;;;
2022-07-11;CORFICOLCF;20,560.00;21,160.00;20,869.35;20,560.00;-600.00;-2,84;27,491.00;573,719,350.00;;;;;;;;;;;;
2022-07-12;CORFICOLCF;20,500.00;20,600.00;20,506.37;20,250.00;-60.00;-0,29;22,903.00;469,657,480.00;;;;;;;;;;;;
2022-07-13;CORFICOLCF;20,500.00;20,990.00;20,601.21;20,500.00;0.00;0;5,960.00;122,783,240.00;;;;;;;;;;;;
2022-07-14;CORFICOLCF;19,150.00;20,300.00;19,516.08;19,040.00;-1,350.00;-6,59;103,479.00;2,019,504,090.00;;;;;;;;;;;;
2022-07-15;CORFICOLCF;18,800.00;19,630.00;19,015.93;18,800.00;-350.00;-1,83;125,233.00;2,381,422,010.00;;;;;;;;;;;;
2022-07-18;CORFICOLCF;19,670.00;19,670.00;19,111.61;19,000.00;870.00;4,63;32,518.00;621,471,480.00;;;;;;;;;;;;
2022-07-19;CORFICOLCF;19,800.00;20,890.00;20,110.09;19,800.00;130.00;0,66;19,065.00;383,398,900.00;;;;;;;;;;;;
2022-07-21;CORFICOLCF;20,400.00;20,400.00;20,207.79;19,200.00;600.00;3,03;136,726.00;2,762,930,840.00;;;;;;;;;;;;
2022-07-22;CORFICOLCF;19,690.00;20,400.00;19,908.45;19,680.00;-710.00;-3,48;9,253.00;184,212,910.00;;;;;;;;;;;;
2022-07-25;CORFICOLCF;19,850.00;19,850.00;19,531.44;19,210.00;160.00;0,81;30,572.00;597,115,170.00;;;;;;;;;;;;
2022-07-26;CORFICOLCF;19,640.00;19,970.00;19,578.06;19,430.00;-210.00;-1,06;9,228.00;180,666,320.00;;;;;;;;;;;;
2022-07-27;CORFICOLCF;19,940.00;19,940.00;19,754.43;19,500.00;300.00;1,53;15,354.00;303,309,570.00;;;;;;;;;;;;
2022-07-28;CORFICOLCF;19,930.00;19,930.00;19,918.11;19,930.00;-10.00;-0,05;2,836.00;56,487,750.00;;;;;;;;;;;;
2022-07-29;CORFICOLCF;19,600.00;20,200.00;19,669.83;19,400.00;-330.00;-1,66;63,070.00;1,240,576,400.00;;;;;;;;;;;;
2022-08-01;CORFICOLCF;19,270.00;19,760.00;19,260.00;19,160.00;-330.00;-1,68;59,009.00;1,136,513,550.00;;;;;;;;;;;;
2022-08-02;CORFICOLCF;19,400.00;19,680.00;19,426.80;19,340.00;130.00;0,67;15,290.00;297,035,820.00;;;;;;;;;;;;
2022-08-03;CORFICOLCF;19,580.00;19,720.00;19,557.19;19,400.00;180.00;0,93;17,912.00;350,308,310.00;;;;;;;;;;;;
2022-08-04;CORFICOLCF;19,540.00;19,550.00;19,304.64;19,020.00;-40.00;-0,2;16,834.00;324,974,260.00;;;;;;;;;;;;
2022-08-05;CORFICOLCF;19,400.00;19,400.00;19,075.25;19,000.00;-140.00;-0,72;26,444.00;504,425,870.00;;;;;;;;;;;;
2022-08-08;CORFICOLCF;19,990.00;20,140.00;19,871.16;19,480.00;590.00;3,04;147,914.00;2,939,222,210.00;;;;;;;;;;;;
2022-08-09;CORFICOLCF;19,700.00;20,140.00;19,771.93;19,580.00;-290.00;-1,45;18,116.00;358,188,220.00;;;;;;;;;;;;
2022-08-10;CORFICOLCF;19,610.00;20,300.00;19,592.49;19,200.00;-90.00;-0,46;46,145.00;904,095,360.00;;;;;;;;;;;;
2022-08-11;CORFICOLCF;19,450.00;19,500.00;19,277.85;19,120.00;-160.00;-0,82;31,108.00;599,695,250.00;;;;;;;;;;;;
2022-08-12;CORFICOLCF;19,000.00;19,500.00;19,113.45;19,000.00;-450.00;-2,31;26,072.00;498,325,900.00;;;;;;;;;;;;
2022-08-16;CORFICOLCF;19,000.00;19,400.00;19,069.48;18,900.00;0.00;0;38,029.00;725,193,400.00;;;;;;;;;;;;
2022-08-17;CORFICOLCF;18,810.00;19,090.00;18,846.07;18,700.00;-190.00;-1;47,297.00;891,362,560.00;;;;;;;;;;;;
2022-08-18;CORFICOLCF;18,770.00;18,980.00;18,738.63;18,600.00;-40.00;-0,21;30,692.00;575,125,960.00;;;;;;;;;;;;
2022-08-19;CORFICOLCF;18,880.00;18,880.00;18,726.00;18,500.00;110.00;0,59;23,149.00;433,488,180.00;;;;;;;;;;;;
2022-08-22;CORFICOLCF;19,190.00;19,480.00;19,139.48;18,900.00;310.00;1,64;57,395.00;1,098,510,390.00;;;;;;;;;;;;
2022-08-23;CORFICOLCF;19,500.00;19,800.00;19,474.32;18,880.00;310.00;1,62;51,131.00;995,741,370.00;;;;;;;;;;;;
2022-08-24;CORFICOLCF;19,400.00;19,500.00;19,400.81;19,040.00;-100.00;-0,51;17,799.00;345,315,040.00;;;;;;;;;;;;
2022-08-25;CORFICOLCF;19,800.00;19,800.00;19,579.82;19,350.00;400.00;2,06;54,589.00;1,068,842,660.00;;;;;;;;;;;;
2022-08-26;CORFICOLCF;19,800.00;19,800.00;19,797.20;19,800.00;0.00;;5,296.00;104,845,950.00;;;;;;;;;;;;
2022-08-29;CORFICOLCF;19,990.00;20,000.00;19,920.26;19,740.00;190.00;0,96;35,981.00;716,750,820.00;;;;;;;;;;;;
2022-08-30;CORFICOLCF;19,980.00;19,990.00;19,887.29;19,320.00;-10.00;-0,05;214,042.00;4,256,714,900.00;;;;;;;;;;;;
2022-08-31;CORFICOLCF;19,500.00;20,000.00;19,501.17;19,100.00;-480.00;-2,4;579,904.00;11,308,804,310.00;;;;;;;;;;;;
2022-09-01;CORFICOLCF;19,500.00;19,500.00;19,495.42;19,500.00;0.00;;10,353.00;201,836,060.00;;;;;;;;;;;;
2022-09-02;CORFICOLCF;19,500.00;19,770.00;19,556.62;19,500.00;0.00;0;5,270.00;103,063,380.00;;;;;;;;;;;;
2022-09-05;CORFICOLCF;19,700.00;19,700.00;19,651.99;19,500.00;200.00;1,03;2,474.00;48,619,030.00;;;;;;;;;;;;
2022-09-06;CORFICOLCF;19,260.00;19,780.00;19,310.03;19,170.00;-440.00;-2,23;11,313.00;218,454,360.00;;;;;;;;;;;;
2022-09-07;CORFICOLCF;18,960.00;19,150.00;18,847.07;18,540.00;-300.00;-1,56;11,179.00;210,691,380.00;;;;;;;;;;;;
2022-09-08;CORFICOLCF;18,490.00;18,810.00;18,547.96;18,490.00;-470.00;-2,48;7,587.00;140,723,410.00;;;;;;;;;;;;
2022-09-09;CORFICOLCF;18,510.00;19,280.00;18,594.48;18,490.00;20.00;0,11;19,992.00;371,740,930.00;;;;;;;;;;;;
2022-09-12;CORFICOLCF;18,970.00;18,970.00;18,915.86;18,970.00;460.00;2,49;1,153.00;21,809,990.00;;;;;;;;;;;;
2022-09-13;CORFICOLCF;18,510.00;18,510.00;18,521.85;18,510.00;-460.00;-2,42;4,983.00;92,294,380.00;;;;;;;;;;;;
2022-09-14;CORFICOLCF;18,010.00;18,800.00;18,303.76;18,010.00;-500.00;-2,7;10,370.00;189,810,030.00;;;;;;;;;;;;
2022-09-15;CORFICOLCF;17,700.00;18,000.00;17,608.51;17,500.00;-310.00;-1,72;20,458.00;360,234,910.00;;;;;;;;;;;;
2022-09-16;CORFICOLCF;16,800.00;17,200.00;16,847.14;16,800.00;-900.00;-5,08;43,146.00;726,886,520.00;;;;;;;;;;;;
2022-09-19;CORFICOLCF;16,690.00;17,190.00;16,804.30;16,680.00;-110.00;-0,65;288,368.00;4,845,822,980.00;;;;;;;;;;;;
2022-09-20;CORFICOLCF;17,000.00;17,270.00;16,936.79;16,410.00;310.00;1,86;114,744.00;1,943,394,770.00;;;;;;;;;;;;
2022-09-21;CORFICOLCF;17,510.00;17,510.00;17,430.63;17,210.00;510.00;3;19,650.00;342,511,830.00;;;;;;;;;;;;
2022-09-22;CORFICOLCF;17,990.00;17,990.00;17,953.18;17,980.00;480.00;2,74;9,590.00;172,170,990.00;;;;;;;;;;;;
2022-09-23;CORFICOLCF;17,010.00;17,850.00;17,146.41;17,010.00;-980.00;-5,45;15,348.00;263,163,060.00;;;;;;;;;;;;
2022-09-26;CORFICOLCF;16,500.00;16,600.00;16,578.71;16,500.00;-510.00;-3;39,520.00;655,190,540.00;;;;;;;;;;;;
2022-09-27;CORFICOLCF;17,100.00;17,100.00;16,941.50;16,750.00;600.00;3,64;23,768.00;402,665,560.00;;;;;;;;;;;;
2022-09-28;CORFICOLCF;16,800.00;17,100.00;16,954.60;16,500.00;-300.00;-1,75;18,466.00;313,083,560.00;;;;;;;;;;;;
2022-09-29;CORFICOLCF;17,400.00;17,400.00;17,249.41;17,000.00;600.00;3,57;5,193.00;89,576,200.00;;;;;;;;;;;;
2022-09-30;CORFICOLCF;16,700.00;16,700.00;16,638.62;16,700.00;-700.00;-4,02;3,643.00;60,614,510.00;;;;;;;;;;;;
2022-10-03;CORFICOLCF;17,100.00;17,370.00;17,259.34;17,100.00;400.00;2,4;4,388.00;75,733,990.00;;;;;;;;;;;;
2022-10-04;CORFICOLCF;17,950.00;17,950.00;17,525.94;17,070.00;850.00;4,97;28,609.00;501,399,610.00;;;;;;;;;;;;
2022-10-05;CORFICOLCF;18,270.00;18,270.00;17,937.01;17,060.00;320.00;1,78;29,441.00;528,083,580.00;;;;;;;;;;;;
2022-10-06;CORFICOLCF;17,900.00;18,270.00;18,190.61;17,900.00;-370.00;-2,03;2,407.00;43,784,800.00;;;;;;;;;;;;
2022-10-07;CORFICOLCF;17,990.00;17,990.00;17,734.01;17,600.00;90.00;0,5;17,360.00;307,862,330.00;;;;;;;;;;;;
2022-10-10;CORFICOLCF;17,500.00;17,500.00;17,626.61;17,500.00;-490.00;-2,72;892.00;15,722,940.00;;;;;;;;;;;;
2022-10-11;CORFICOLCF;16,850.00;17,250.00;16,844.86;16,150.00;-650.00;-3,71;18,392.00;309,810,680.00;;;;;;;;;;;;
2022-10-12;CORFICOLCF;16,500.00;16,870.00;16,667.13;16,500.00;-350.00;-2,08;17,837.00;297,291,590.00;;;;;;;;;;;;
2022-10-13;CORFICOLCF;16,500.00;16,500.00;16,518.78;16,500.00;0.00;;20,478.00;338,271,500.00;;;;;;;;;;;;
2022-10-14;CORFICOLCF;16,000.00;16,210.00;16,101.28;15,850.00;-500.00;-3,03;25,230.00;406,235,420.00;;;;;;;;;;;;
2022-10-18;CORFICOLCF;16,000.00;16,000.00;15,951.36;15,510.00;0.00;0;29,090.00;464,024,980.00;;;;;;;;;;;;
2022-10-19;CORFICOLCF;15,630.00;16,290.00;15,860.76;15,630.00;-370.00;-2,31;30,448.00;482,928,300.00;;;;;;;;;;;;
2022-10-20;CORFICOLCF;15,870.00;15,890.00;15,804.16;15,710.00;240.00;1,54;16,890.00;266,932,240.00;;;;;;;;;;;;
2022-10-21;CORFICOLCF;16,000.00;16,000.00;15,849.51;15,600.00;130.00;0,82;16,606.00;263,197,040.00;;;;;;;;;;;;
2022-10-24;CORFICOLCF;15,600.00;15,990.00;15,820.49;15,600.00;-400.00;-2,5;80,360.00;1,271,334,920.00;;;;;;;;;;;;
2022-10-25;CORFICOLCF;15,700.00;15,700.00;15,697.70;15,600.00;100.00;0,64;8,737.00;137,150,790.00;;;;;;;;;;;;
2022-10-26;CORFICOLCF;15,750.00;16,190.00;15,792.29;15,480.00;50.00;0,32;269,998.00;4,263,888,030.00;;;;;;;;;;;;
2022-10-27;CORFICOLCF;16,410.00;16,410.00;15,721.28;15,650.00;660.00;4,19;322,155.00;5,064,689,740.00;;;;;;;;;;;;
2022-10-28;CORFICOLCF;16,000.00;16,000.00;15,931.39;15,750.00;-410.00;-2,5;17,364.00;276,632,620.00;;;;;;;;;;;;
2022-10-31;CORFICOLCF;16,100.00;16,190.00;16,047.81;16,000.00;100.00;0,63;7,576.00;121,578,230.00;;;;;;;;;;;;
2022-11-01;CORFICOLCF;16,000.00;16,400.00;15,563.32;15,500.00;-100.00;-0,62;1,093,235.00;17,014,362,440.00;;;;;;;;;;;;
2022-11-02;CORFICOLCF;15,860.00;16,300.00;16,067.31;15,860.00;-140.00;-0,88;36,017.00;578,696,320.00;;;;;;;;;;;;
2022-11-03;CORFICOLCF;15,350.00;15,850.00;15,434.53;15,350.00;-510.00;-3,22;23,717.00;366,060,680.00;;;;;;;;;;;;
2022-11-04;CORFICOLCF;15,950.00;15,960.00;15,553.05;15,350.00;600.00;3,91;34,152.00;531,167,790.00;;;;;;;;;;;;
2022-11-08;CORFICOLCF;15,990.00;16,000.00;15,937.60;15,700.00;40.00;0,25;11,533.00;183,808,320.00;;;;;;;;;;;;
2022-11-09;CORFICOLCF;16,200.00;16,200.00;16,075.29;15,800.00;210.00;1,31;41,928.00;674,004,710.00;;;;;;;;;;;;
2022-11-10;CORFICOLCF;16,500.00;16,690.00;16,402.61;16,100.00;300.00;1,85;126,439.00;2,073,929,220.00;;;;;;;;;;;;
2022-11-11;CORFICOLCF;16,220.00;16,500.00;15,889.44;14,900.00;-280.00;-1,7;133,820.00;2,126,324,260.00;;;;;;;;;;;;
2022-11-15;CORFICOLCF;16,800.00;16,800.00;16,750.50;16,450.00;580.00;3,58;103,129.00;1,727,462,690.00;;;;;;;;;;;;
2022-11-16;CORFICOLCF;16,670.00;16,900.00;16,675.55;16,500.00;-130.00;-0,77;24,015.00;400,463,450.00;;;;;;;;;;;;
2022-11-17;CORFICOLCF;16,690.00;16,800.00;16,711.99;16,400.00;20.00;0,12;99,041.00;1,655,171,710.00;;;;;;;;;;;;
2022-11-18;CORFICOLCF;17,000.00;17,000.00;16,990.05;16,780.00;310.00;1,86;94,739.00;1,609,620,290.00;;;;;;;;;;;;
2022-11-21;CORFICOLCF;17,000.00;17,000.00;16,978.44;16,790.00;0.00;0;32,725.00;555,619,340.00;;;;;;;;;;;;
2022-11-22;CORFICOLCF;16,970.00;17,000.00;16,906.58;16,220.00;-30.00;-0,18;5,938.00;100,391,250.00;;;;;;;;;;;;
2022-11-23;CORFICOLCF;16,600.00;16,890.00;16,531.29;16,500.00;-370.00;-2,18;87,471.00;1,446,008,190.00;;;;;;;;;;;;
2022-11-24;CORFICOLCF;16,220.00;16,700.00;16,390.72;16,220.00;-380.00;-2,29;25,309.00;414,832,720.00;;;;;;;;;;;;
2022-11-25;CORFICOLCF;16,470.00;16,500.00;16,326.10;16,130.00;250.00;1,54;4,405.00;71,916,490.00;;;;;;;;;;;;
2022-11-28;CORFICOLCF;16,410.00;16,500.00;16,427.61;16,100.00;-60.00;-0,36;167,125.00;2,745,464,980.00;;;;;;;;;;;;
2022-11-29;CORFICOLCF;16,380.00;16,400.00;16,352.18;16,200.00;-30.00;-0,18;47,631.00;778,870,680.00;;;;;;;;;;;;
2022-11-30;CORFICOLCF;15,820.00;16,360.00;15,885.97;15,820.00;-560.00;-3,42;140,651.00;2,234,377,510.00;;;;;;;;;;;;
2022-12-01;CORFICOLCF;15,800.00;16,070.00;15,932.64;15,800.00;-20.00;-0,13;247,702.00;3,946,546,250.00;;;;;;;;;;;;
2022-12-02;CORFICOLCF;15,850.00;15,980.00;15,626.43;15,500.00;50.00;0,32;61,645.00;963,291,500.00;;;;;;;;;;;;
2022-12-05;CORFICOLCF;15,820.00;16,170.00;15,769.12;15,400.00;-30.00;-0,19;107,281.00;1,691,727,370.00;;;;;;;;;;;;
2022-12-06;CORFICOLCF;15,800.00;15,900.00;15,853.07;15,800.00;-20.00;-0,13;21,993.00;348,656,620.00;;;;;;;;;;;;
2022-12-07;CORFICOLCF;15,910.00;15,910.00;15,873.35;15,890.00;110.00;0,7;8,758.00;139,018,780.00;;;;;;;;;;;;
2022-12-09;CORFICOLCF;15,900.00;15,900.00;15,862.89;15,500.00;-10.00;-0,06;10,217.00;162,071,160.00;;;;;;;;;;;;
2022-12-12;CORFICOLCF;15,740.00;15,900.00;15,858.94;15,620.00;-160.00;-1,01;33,154.00;525,787,400.00;;;;;;;;;;;;
2022-12-13;CORFICOLCF;15,800.00;15,830.00;15,520.86;14,710.00;60.00;0,38;34,342.00;533,017,480.00;;;;;;;;;;;;
2022-12-14;CORFICOLCF;15,650.00;15,680.00;15,593.94;15,460.00;-150.00;-0,95;7,666.00;119,543,160.00;;;;;;;;;;;;
2022-12-15;CORFICOLCF;15,560.00;15,570.00;15,538.23;15,440.00;-90.00;-0,58;9,130.00;141,864,080.00;;;;;;;;;;;;
2022-12-16;CORFICOLCF;14,800.00;15,300.00;14,878.54;14,800.00;-760.00;-4,88;104,992.00;1,562,127,780.00;;;;;;;;;;;;
2022-12-19;CORFICOLCF;14,980.00;15,410.00;15,009.75;14,900.00;180.00;1,22;27,151.00;407,529,660.00;;;;;;;;;;;;
2022-12-20;CORFICOLCF;14,750.00;15,000.00;14,867.44;14,750.00;-230.00;-1,54;28,673.00;426,294,050.00;;;;;;;;;;;;
2022-12-21;CORFICOLCF;14,740.00;14,980.00;14,735.18;14,440.00;-10.00;-0,07;31,491.00;464,025,510.00;;;;;;;;;;;;
2022-12-22;CORFICOLCF;14,750.00;14,750.00;14,558.00;14,510.00;10.00;0,07;14,340.00;208,761,660.00;;;;;;;;;;;;
2022-12-23;CORFICOLCF;14,900.00;14,900.00;14,657.25;14,630.00;150.00;1,02;46,120.00;675,992,220.00;;;;;;;;;;;;
2022-12-26;CORFICOLCF;14,980.00;14,980.00;14,772.69;14,750.00;80.00;0,54;11,718.00;173,106,370.00;;;;;;;;;;;;
2022-12-27;CORFICOLCF;15,000.00;15,000.00;14,995.37;14,980.00;20.00;0,13;27,518.00;412,642,470.00;;;;;;;;;;;;
2022-12-28;CORFICOLCF;14,860.00;15,000.00;14,978.00;14,330.00;-140.00;-0,93;81,357.00;1,218,565,070.00;;;;;;;;;;;;
2022-12-29;CORFICOLCF;15,000.00;15,390.00;15,125.43;15,000.00;140.00;0,94;14,973.00;226,473,080.00;;;;;;;;;;;;
2022-01-03;CORFICOLCF;28,830.00;28,900.00;28,809.48;28,750.00;230.00;0,8;11,989.00;345,396,880.00;;;;;;;;;;;;
2022-01-04;CORFICOLCF;29,000.00;29,000.00;28,869.50;28,800.00;170.00;0,59;18,739.00;540,985,490.00;;;;;;;;;;;;
2022-01-05;CORFICOLCF;28,980.00;29,020.00;28,968.97;28,700.00;-20.00;-0,07;26,671.00;772,631,410.00;;;;;;;;;;;;
2022-01-06;CORFICOLCF;28,200.00;28,600.00;28,453.03;28,200.00;-780.00;-2,69;4,799.00;136,546,110.00;;;;;;;;;;;;
2022-01-07;CORFICOLCF;28,870.00;28,870.00;28,325.41;28,280.00;670.00;2,38;10,252.00;290,392,100.00;;;;;;;;;;;;
2022-01-11;CORFICOLCF;28,600.00;28,870.00;28,663.97;28,410.00;-270.00;-0,94;9,313.00;266,947,560.00;;;;;;;;;;;;
2022-01-12;CORFICOLCF;29,080.00;29,250.00;29,019.44;28,740.00;480.00;1,68;23,865.00;692,548,840.00;;;;;;;;;;;;
2022-01-13;CORFICOLCF;28,830.00;29,370.00;29,049.20;28,770.00;-250.00;-0,86;55,607.00;1,615,338,900.00;;;;;;;;;;;;
2022-01-14;CORFICOLCF;28,630.00;29,500.00;28,847.42;28,630.00;-200.00;-0,69;144,581.00;4,170,788,290.00;;;;;;;;;;;;
2022-01-17;CORFICOLCF;29,500.00;29,570.00;29,487.27;28,850.00;870.00;3,04;542,753.00;16,004,303,560.00;;;;;;;;;;;;
2022-01-18;CORFICOLCF;30,090.00;30,500.00;30,108.23;29,600.00;590.00;2;310,958.00;9,362,394,380.00;;;;;;;;;;;;
2022-01-19;CORFICOLCF;30,200.00;30,300.00;30,115.07;29,730.00;110.00;0,37;186,223.00;5,608,117,920.00;;;;;;;;;;;;
2022-01-20;CORFICOLCF;29,760.00;30,190.00;30,012.85;29,760.00;-440.00;-1,46;122,568.00;3,678,615,390.00;;;;;;;;;;;;
2022-01-21;CORFICOLCF;30,490.00;30,490.00;30,002.74;29,760.00;730.00;2,45;44,846.00;1,345,502,710.00;;;;;;;;;;;;
2022-01-24;CORFICOLCF;29,950.00;30,010.00;29,974.01;29,810.00;-540.00;-1,77;29,627.00;888,040,060.00;;;;;;;;;;;;
2022-01-25;CORFICOLCF;30,180.00;30,180.00;29,995.55;29,780.00;230.00;0,77;113,889.00;3,416,162,900.00;;;;;;;;;;;;
2022-01-26;CORFICOLCF;30,000.00;30,180.00;30,003.61;29,920.00;-180.00;-0,6;90,854.00;2,725,947,720.00;;;;;;;;;;;;
2022-01-27;CORFICOLCF;29,800.00;30,000.00;29,959.44;29,800.00;-200.00;-0,67;71,187.00;2,132,722,330.00;;;;;;;;;;;;
2022-01-28;CORFICOLCF;29,700.00;30,000.00;29,877.20;29,700.00;-100.00;-0,34;82,184.00;2,455,427,760.00;;;;;;;;;;;;
2022-01-31;CORFICOLCF;29,770.00;29,770.00;29,505.76;29,110.00;70.00;0,24;53,277.00;1,571,978,400.00;;;;;;;;;;;;
2022-02-01;CORFICOLCF;29,420.00;29,700.00;29,234.42;29,010.00;-350.00;-1,18;72,538.00;2,120,606,560.00;;;;;;;;;;;;
2022-02-02;CORFICOLCF;29,110.00;29,420.00;29,149.75;29,050.00;-310.00;-1,05;57,224.00;1,668,065,090.00;;;;;;;;;;;;
2022-02-03;CORFICOLCF;29,500.00;29,500.00;29,387.89;29,110.00;390.00;1,34;7,102.00;208,712,780.00;;;;;;;;;;;;
2022-02-04;CORFICOLCF;29,320.00;29,700.00;29,450.89;29,220.00;-180.00;-0,61;12,157.00;358,034,410.00;;;;;;;;;;;;
2022-02-07;CORFICOLCF;29,400.00;29,460.00;29,317.86;28,850.00;80.00;0,27;27,199.00;797,416,410.00;;;;;;;;;;;;
2022-02-08;CORFICOLCF;29,400.00;29,400.00;29,379.89;29,200.00;0.00;0;17,075.00;501,661,630.00;;;;;;;;;;;;
2022-02-09;CORFICOLCF;29,250.00;29,440.00;29,261.67;29,070.00;-150.00;-0,51;33,990.00;994,604,220.00;;;;;;;;;;;;
2022-02-10;CORFICOLCF;28,850.00;29,280.00;28,990.70;28,800.00;-400.00;-1,37;46,333.00;1,343,226,200.00;;;;;;;;;;;;
2022-02-11;CORFICOLCF;29,000.00;29,430.00;28,884.03;28,710.00;150.00;0,52;13,681.00;395,162,370.00;;;;;;;;;;;;
2022-02-14;CORFICOLCF;28,730.00;29,000.00;28,838.31;28,730.00;-270.00;-0,93;5,865.00;169,136,670.00;;;;;;;;;;;;
2022-02-15;CORFICOLCF;28,420.00;28,990.00;28,145.98;28,000.00;-310.00;-1,08;42,023.00;1,182,778,690.00;;;;;;;;;;;;
2022-02-16;CORFICOLCF;28,110.00;28,990.00;28,373.28;28,100.00;-310.00;-1,09;40,929.00;1,161,290,090.00;;;;;;;;;;;;
2022-02-17;CORFICOLCF;28,470.00;28,970.00;28,505.92;28,210.00;360.00;1,28;41,273.00;1,176,524,870.00;;;;;;;;;;;;
2022-02-18;CORFICOLCF;28,160.00;28,480.00;28,312.68;28,160.00;-310.00;-1,09;54,024.00;1,529,564,010.00;;;;;;;;;;;;
2022-02-21;CORFICOLCF;28,230.00;28,240.00;28,140.55;27,960.00;70.00;0,25;46,571.00;1,310,533,780.00;;;;;;;;;;;;
2022-02-22;CORFICOLCF;28,240.00;28,390.00;28,274.35;28,200.00;10.00;0,04;47,791.00;1,351,259,630.00;;;;;;;;;;;;
2022-02-23;CORFICOLCF;28,190.00;28,400.00;28,225.00;28,150.00;-50.00;-0,18;21,638.00;610,732,630.00;;;;;;;;;;;;
2022-02-24;CORFICOLCF;27,700.00;28,400.00;27,874.83;27,510.00;-490.00;-1,74;37,810.00;1,053,947,400.00;;;;;;;;;;;;
2022-02-25;CORFICOLCF;27,700.00;28,260.00;27,869.90;27,110.00;0.00;0;81,873.00;2,281,792,580.00;;;;;;;;;;;;
2022-02-28;CORFICOLCF;27,700.00;28,150.00;27,714.84;27,700.00;0.00;0;120,382.00;3,336,367,610.00;;;;;;;;;;;;
2022-03-01;CORFICOLCF;27,800.00;27,990.00;27,571.74;27,500.00;100.00;0,36;26,739.00;737,240,730.00;;;;;;;;;;;;
2022-03-02;CORFICOLCF;27,500.00;27,800.00;27,656.54;27,500.00;-300.00;-1,08;35,291.00;976,026,970.00;;;;;;;;;;;;
2022-03-03;CORFICOLCF;27,400.00;27,980.00;27,456.93;27,400.00;-100.00;-0,36;57,431.00;1,576,878,760.00;;;;;;;;;;;;
2022-03-04;CORFICOLCF;27,800.00;27,830.00;27,310.50;27,180.00;400.00;1,46;47,982.00;1,310,412,520.00;;;;;;;;;;;;
2022-03-07;CORFICOLCF;27,690.00;27,800.00;27,627.88;27,510.00;-110.00;-0,4;64,297.00;1,776,389,960.00;;;;;;;;;;;;
2022-03-08;CORFICOLCF;27,730.00;28,100.00;27,796.44;27,700.00;40.00;0,14;28,967.00;805,179,400.00;;;;;;;;;;;;
2022-03-09;CORFICOLCF;27,660.00;27,900.00;27,610.00;27,500.00;-70.00;-0,25;46,909.00;1,295,157,500.00;;;;;;;;;;;;
2022-03-10;CORFICOLCF;27,300.00;27,900.00;27,467.13;27,240.00;-360.00;-1,3;54,922.00;1,508,549,970.00;;;;;;;;;;;;
2022-03-11;CORFICOLCF;27,600.00;27,600.00;27,324.20;27,250.00;300.00;1,1;203,063.00;5,548,533,630.00;;;;;;;;;;;;
2022-03-14;CORFICOLCF;27,700.00;27,700.00;27,655.71;27,500.00;100.00;0,36;12,421.00;343,511,570.00;;;;;;;;;;;;
2022-03-15;CORFICOLCF;27,890.00;27,910.00;27,723.45;27,570.00;190.00;0,69;18,786.00;520,812,700.00;;;;;;;;;;;;
2022-03-16;CORFICOLCF;28,300.00;28,300.00;28,143.73;27,820.00;410.00;1,47;16,498.00;464,315,250.00;;;;;;;;;;;;
2022-03-17;CORFICOLCF;28,390.00;28,390.00;28,050.45;27,730.00;90.00;0,32;79,738.00;2,236,686,500.00;;;;;;;;;;;;
2022-03-18;CORFICOLCF;27,990.00;28,480.00;28,127.51;27,990.00;-400.00;-1,41;38,773.00;1,090,588,000.00;;;;;;;;;;;;
2022-03-22;CORFICOLCF;28,000.00;28,360.00;28,006.51;28,000.00;10.00;0,04;53,044.00;1,485,577,200.00;;;;;;;;;;;;
2022-03-23;CORFICOLCF;27,900.00;28,220.00;27,645.18;27,560.00;-100.00;-0,36;15,448.00;427,062,770.00;;;;;;;;;;;;
2022-03-24;CORFICOLCF;28,200.00;28,290.00;28,177.09;27,920.00;300.00;1,08;15,397.00;433,842,610.00;;;;;;;;;;;;
2022-03-25;CORFICOLCF;28,000.00;28,100.00;27,925.49;27,700.00;-200.00;-0,71;45,613.00;1,273,765,340.00;;;;;;;;;;;;
2022-03-28;CORFICOLCF;28,190.00;28,240.00;28,136.11;27,780.00;190.00;0,68;20,198.00;568,293,220.00;;;;;;;;;;;;
2022-03-29;CORFICOLCF;28,260.00;28,260.00;27,977.70;27,900.00;70.00;0,25;29,880.00;835,973,670.00;;;;;;;;;;;;
2022-03-30;CORFICOLCF;28,170.00;28,500.00;28,140.59;27,850.00;-90.00;-0,32;90,136.00;2,536,480,140.00;;;;;;;;;;;;
2022-03-31;CORFICOLCF;28,080.00;28,120.00;28,096.15;27,950.00;-90.00;-0,32;24,280.00;682,174,500.00;;;;;;;;;;;;
2022-04-01;CORFICOLCF;27,970.00;28,200.00;28,007.36;27,960.00;-110.00;-0,39;29,073.00;814,257,860.00;;;;;;;;;;;;
2022-04-04;CORFICOLCF;28,250.00;28,360.00;28,128.86;28,000.00;280.00;1;37,627.00;1,058,404,670.00;;;;;;;;;;;;
2022-04-05;CORFICOLCF;28,100.00;28,380.00;28,138.74;28,030.00;-150.00;-0,53;31,792.00;894,586,850.00;;;;;;;;;;;;
2022-04-06;CORFICOLCF;28,010.00;28,300.00;28,124.93;28,000.00;-90.00;-0,32;309,355.00;8,700,586,500.00;;;;;;;;;;;;
2022-04-07;CORFICOLCF;28,150.00;28,150.00;27,988.34;27,900.00;140.00;0,5;52,482.00;1,468,883,930.00;;;;;;;;;;;;
2022-04-08;CORFICOLCF;28,290.00;28,290.00;28,275.52;27,910.00;140.00;0,5;212,138.00;5,998,313,200.00;;;;;;;;;;;;
2022-04-11;CORFICOLCF;28,100.00;28,100.00;28,120.47;28,100.00;-190.00;-0,67;4,223.00;118,752,740.00;;;;;;;;;;;;
2022-04-12;CORFICOLCF;28,080.00;28,100.00;27,908.58;27,850.00;-20.00;-0,07;28,507.00;795,589,840.00;;;;;;;;;;;;
2022-04-13;CORFICOLCF;28,140.00;28,190.00;28,022.89;27,880.00;60.00;0,21;10,408.00;291,662,190.00;;;;;;;;;;;;
2022-04-18;CORFICOLCF;27,810.00;28,190.00;27,917.53;27,810.00;-330.00;-1,17;23,803.00;664,521,080.00;;;;;;;;;;;;
2022-04-19;CORFICOLCF;28,110.00;28,140.00;28,077.35;27,810.00;300.00;1,08;153,760.00;4,317,173,730.00;;;;;;;;;;;;
2022-04-20;CORFICOLCF;28,200.00;28,200.00;28,193.94;27,980.00;90.00;0,32;258,220.00;7,280,239,550.00;;;;;;;;;;;;
2022-04-21;CORFICOLCF;28,250.00;28,480.00;28,262.39;28,210.00;50.00;0,18;158,424.00;4,477,440,450.00;;;;;;;;;;;;
2022-04-22;CORFICOLCF;28,800.00;28,800.00;28,515.60;28,310.00;550.00;1,95;165,895.00;4,730,595,150.00;;;;;;;;;;;;
2022-04-25;CORFICOLCF;28,970.00;29,180.00;28,919.96;28,300.00;170.00;0,59;44,557.00;1,288,586,680.00;;;;;;;;;;;;
2022-04-26;CORFICOLCF;29,000.00;29,510.00;29,161.24;29,000.00;30.00;0,1;157,527.00;4,593,683,000.00;;;;;;;;;;;;
2022-04-27;CORFICOLCF;28,910.00;29,250.00;28,901.60;28,600.00;-90.00;-0,31;39,839.00;1,151,410,780.00;;;;;;;;;;;;
2022-04-28;CORFICOLCF;29,140.00;29,140.00;28,863.19;28,400.00;230.00;0,8;54,628.00;1,576,738,110.00;;;;;;;;;;;;
2022-04-29;CORFICOLCF;29,000.00;29,200.00;29,007.28;28,900.00;-140.00;-0,48;37,718.00;1,094,096,480.00;;;;;;;;;;;;
2022-05-02;CORFICOLCF;29,170.00;29,170.00;28,809.49;28,700.00;170.00;0,59;32,684.00;941,609,480.00;;;;;;;;;;;;
2022-05-03;CORFICOLCF;29,000.00;29,000.00;28,920.44;28,720.00;-170.00;-0,58;20,385.00;589,543,170.00;;;;;;;;;;;;
2022-05-04;CORFICOLCF;28,680.00;29,150.00;28,861.64;28,610.00;-320.00;-1,1;39,909.00;1,151,839,110.00;;;;;;;;;;;;
2022-05-05;CORFICOLCF;28,000.00;28,970.00;28,411.77;28,000.00;-680.00;-2,37;45,368.00;1,288,985,350.00;;;;;;;;;;;;
2022-05-06;CORFICOLCF;28,060.00;28,440.00;28,110.01;28,010.00;60.00;0,21;3,420.00;96,136,250.00;;;;;;;;;;;;
2022-05-09;CORFICOLCF;27,960.00;28,030.00;27,582.69;27,500.00;-100.00;-0,36;18,337.00;505,783,860.00;;;;;;;;;;;;
2022-05-10;CORFICOLCF;28,000.00;28,000.00;27,715.02;27,500.00;40.00;0,14;17,280.00;478,915,530.00;;;;;;;;;;;;
2022-05-11;CORFICOLCF;27,560.00;27,980.00;27,645.36;27,550.00;-440.00;-1,57;10,222.00;282,590,870.00;;;;;;;;;;;;
2022-05-12;CORFICOLCF;27,300.00;27,980.00;27,694.21;27,300.00;-260.00;-0,94;37,002.00;1,024,741,190.00;;;;;;;;;;;;
2022-05-13;CORFICOLCF;27,300.00;27,900.00;27,394.60;27,300.00;0.00;0;43,123.00;1,181,337,470.00;;;;;;;;;;;;
2022-05-16;CORFICOLCF;27,400.00;27,700.00;27,534.38;27,340.00;100.00;0,37;31,166.00;858,136,520.00;;;;;;;;;;;;
2022-05-17;CORFICOLCF;25,350.00;27,400.00;25,686.20;25,350.00;-2,050.00;-7,48;39,626.00;1,017,841,250.00;;;;;;;;;;;;
2022-05-18;CORFICOLCF;25,000.00;25,130.00;24,983.33;24,700.00;-350.00;-1,38;75,666.00;1,890,388,880.00;;;;;;;;;;;;
2022-05-19;CORFICOLCF;24,500.00;24,500.00;24,149.34;24,000.00;-500.00;-2;44,012.00;1,062,860,620.00;;;;;;;;;;;;
2022-05-20;CORFICOLCF;23,650.00;24,750.00;23,590.53;22,700.00;-850.00;-3,47;35,459.00;836,496,470.00;;;;;;;;;;;;
2022-05-23;CORFICOLCF;24,450.00;24,450.00;24,023.06;23,650.00;800.00;3,38;31,460.00;755,765,380.00;;;;;;;;;;;;
2022-05-24;CORFICOLCF;24,140.00;24,200.00;24,190.09;24,030.00;-310.00;-1,27;81,873.00;1,980,515,600.00;;;;;;;;;;;;
2022-05-25;CORFICOLCF;23,700.00;24,210.00;23,990.53;23,700.00;-440.00;-1,82;23,728.00;569,247,390.00;;;;;;;;;;;;
2022-05-26;CORFICOLCF;23,660.00;23,940.00;23,741.99;23,660.00;-40.00;-0,17;17,312.00;411,021,380.00;;;;;;;;;;;;
2022-05-27;CORFICOLCF;24,000.00;24,000.00;23,842.76;23,700.00;340.00;1,44;26,421.00;629,949,580.00;;;;;;;;;;;;
2022-05-31;CORFICOLCF;25,600.00;25,800.00;25,522.96;24,990.00;1,600.00;6,67;113,435.00;2,895,197,330.00;;;;;;;;;;;;
2022-06-01;CORFICOLCF;25,900.00;26,000.00;25,708.23;25,500.00;300.00;1,17;67,703.00;1,740,524,300.00;;;;;;;;;;;;
2022-06-02;CORFICOLCF;25,800.00;26,000.00;25,878.55;25,720.00;-100.00;-0,39;174,361.00;4,512,209,230.00;;;;;;;;;;;;
2022-06-03;CORFICOLCF;25,300.00;25,880.00;25,574.86;25,200.00;-500.00;-1,94;58,629.00;1,499,428,430.00;;;;;;;;;;;;
2022-06-06;CORFICOLCF;24,480.00;25,500.00;25,000.46;24,480.00;-820.00;-3,24;56,605.00;1,415,151,090.00;;;;;;;;;;;;
2022-06-07;CORFICOLCF;24,990.00;24,990.00;24,540.26;24,000.00;510.00;2,08;38,538.00;945,732,540.00;;;;;;;;;;;;
2022-06-08;CORFICOLCF;24,800.00;24,800.00;24,773.58;24,400.00;-190.00;-0,76;20,832.00;516,083,290.00;;;;;;;;;;;;
2022-06-09;CORFICOLCF;23,500.00;24,300.00;23,656.04;23,500.00;-1,300.00;-5,24;39,502.00;934,460,760.00;;;;;;;;;;;;
2022-06-10;CORFICOLCF;23,400.00;24,000.00;23,514.74;23,340.00;-100.00;-0,43;66,051.00;1,553,172,130.00;;;;;;;;;;;;
2022-06-13;CORFICOLCF;23,410.00;23,500.00;22,878.38;22,810.00;10.00;0,04;103,060.00;2,357,846,050.00;;;;;;;;;;;;
2022-06-14;CORFICOLCF;23,000.00;23,460.00;22,907.05;22,750.00;-410.00;-1,75;43,391.00;993,959,900.00;;;;;;;;;;;;
2022-06-15;CORFICOLCF;22,500.00;23,490.00;23,122.10;22,200.00;-500.00;-2,17;38,101.00;880,975,090.00;;;;;;;;;;;;
2022-06-16;CORFICOLCF;23,300.00;23,300.00;22,887.52;22,450.00;800.00;3,56;22,089.00;505,562,320.00;;;;;;;;;;;;
2022-06-17;CORFICOLCF;23,300.00;23,600.00;23,073.25;22,820.00;0.00;0;14,548.00;335,669,620.00;;;;;;;;;;;;
2022-06-21;CORFICOLCF;21,830.00;22,800.00;22,025.64;21,560.00;-1,470.00;-6,31;22,139.00;487,625,580.00;;;;;;;;;;;;
2022-06-22;CORFICOLCF;21,750.00;22,500.00;22,099.60;21,750.00;-80.00;-0,37;25,265.00;558,346,500.00;;;;;;;;;;;;
2022-06-23;CORFICOLCF;21,600.00;22,800.00;21,855.13;21,600.00;-150.00;-0,69;36,512.00;797,974,350.00;;;;;;;;;;;;
2022-06-24;CORFICOLCF;22,000.00;22,250.00;21,823.18;21,200.00;400.00;1,85;35,090.00;765,775,310.00;;;;;;;;;;;;
2022-06-28;CORFICOLCF;21,500.00;22,000.00;21,441.98;21,150.00;-500.00;-2,27;276,680.00;5,932,565,950.00;;;;;;;;;;;;
2022-06-29;CORFICOLCF;20,850.00;21,500.00;21,076.68;20,850.00;-650.00;-3,02;22,769.00;479,894,920.00;;;;;;;;;;;;
2022-06-30;CORFICOLCF;20,500.00;21,470.00;20,992.91;20,500.00;-350.00;-1,68;338,109.00;7,097,891,360.00;;;;;;;;;;;;
2021-07-01;CORFICOLCF;29,300.00;29,300.00;29,101.12;29,000.00;100.00;0,34;36,175.00;1,052,733,120.00;;;;;;;;;;;;
2021-07-02;CORFICOLCF;29,730.00;29,830.00;29,469.69;29,110.00;430.00;1,47;13,081.00;385,492,960.00;;;;;;;;;;;;
2021-07-06;CORFICOLCF;30,000.00;30,000.00;29,925.19;29,520.00;270.00;0,91;21,643.00;647,670,900.00;;;;;;;;;;;;
2021-07-07;CORFICOLCF;29,970.00;29,970.00;29,837.14;29,330.00;-30.00;-0,1;16,227.00;484,167,300.00;;;;;;;;;;;;
2021-07-08;CORFICOLCF;29,980.00;29,980.00;29,769.56;29,400.00;10.00;0,03;59,412.00;1,768,669,220.00;;;;;;;;;;;;
2021-07-09;CORFICOLCF;29,910.00;30,390.00;30,002.13;29,900.00;-70.00;-0,23;35,071.00;1,052,204,720.00;;;;;;;;;;;;
2021-07-12;CORFICOLCF;30,450.00;30,470.00;29,995.83;29,950.00;540.00;1,81;58,748.00;1,762,194,910.00;;;;;;;;;;;;
2021-07-13;CORFICOLCF;30,260.00;30,420.00;30,208.41;30,160.00;-190.00;-0,62;4,940.00;149,229,570.00;;;;;;;;;;;;
2021-07-14;CORFICOLCF;30,060.00;30,280.00;30,184.02;30,060.00;-200.00;-0,66;16,866.00;509,083,760.00;;;;;;;;;;;;
2021-07-15;CORFICOLCF;30,090.00;30,100.00;29,918.92;29,710.00;30.00;0,1;17,081.00;511,045,110.00;;;;;;;;;;;;
2021-07-16;CORFICOLCF;29,990.00;30,120.00;30,043.42;29,990.00;-100.00;-0,33;7,983.00;239,836,650.00;;;;;;;;;;;;
2021-07-19;CORFICOLCF;29,030.00;29,510.00;29,396.36;29,030.00;-960.00;-3,2;6,731.00;197,866,930.00;;;;;;;;;;;;
2021-07-21;CORFICOLCF;29,020.00;29,480.00;29,347.03;29,020.00;-10.00;-0,03;790,876.00;23,209,863,000.00;;;;;;;;;;;;
2021-07-22;CORFICOLCF;29,670.00;29,930.00;29,290.44;29,000.00;650.00;2,24;18,790.00;550,367,430.00;;;;;;;;;;;;
2021-07-23;CORFICOLCF;29,610.00;29,640.00;29,480.12;29,020.00;-60.00;-0,2;2,797.00;82,455,900.00;;;;;;;;;;;;
2021-07-26;CORFICOLCF;29,480.00;29,600.00;29,498.67;29,450.00;-130.00;-0,44;106,644.00;3,145,855,690.00;;;;;;;;;;;;
2021-07-27;CORFICOLCF;29,430.00;29,510.00;29,188.55;29,130.00;-50.00;-0,17;23,214.00;677,583,050.00;;;;;;;;;;;;
2021-07-28;CORFICOLCF;29,420.00;29,420.00;29,133.89;29,070.00;-10.00;-0,03;16,178.00;471,328,120.00;;;;;;;;;;;;
2021-07-29;CORFICOLCF;29,460.00;29,460.00;29,424.87;29,400.00;40.00;0,14;72,396.00;2,130,243,200.00;;;;;;;;;;;;
2021-07-30;CORFICOLCF;29,280.00;29,420.00;29,163.23;29,020.00;-180.00;-0,61;14,502.00;422,925,170.00;;;;;;;;;;;;
2021-08-02;CORFICOLCF;28,830.00;29,540.00;29,106.80;28,650.00;-450.00;-1,54;123,603.00;3,597,688,160.00;;;;;;;;;;;;
2021-08-03;CORFICOLCF;28,500.00;28,830.00;28,451.07;28,000.00;-330.00;-1,14;20,405.00;580,544,080.00;;;;;;;;;;;;
2021-08-04;CORFICOLCF;28,500.00;28,940.00;28,557.37;28,500.00;0.00;0;140,807.00;4,021,077,650.00;;;;;;;;;;;;
2021-08-05;CORFICOLCF;28,550.00;28,610.00;28,568.46;28,500.00;50.00;0,18;14,725.00;420,670,630.00;;;;;;;;;;;;
2021-08-06;CORFICOLCF;28,500.00;28,500.00;28,500.83;28,500.00;-50.00;-0,18;26,558.00;756,925,000.00;;;;;;;;;;;;
2021-08-09;CORFICOLCF;28,490.00;28,500.00;28,493.18;28,490.00;-10.00;-0,04;10,270.00;292,624,970.00;;;;;;;;;;;;
2021-08-10;CORFICOLCF;28,210.00;28,350.00;28,342.90;28,210.00;-280.00;-0,98;9,270.00;262,738,700.00;;;;;;;;;;;;
2021-08-11;CORFICOLCF;28,300.00;28,300.00;28,053.68;28,000.00;90.00;0,32;275,772.00;7,736,418,150.00;;;;;;;;;;;;
2021-08-12;CORFICOLCF;28,300.00;28,610.00;28,111.34;28,100.00;0.00;0;483,124.00;13,581,264,620.00;;;;;;;;;;;;
2021-08-13;CORFICOLCF;28,280.00;28,340.00;28,234.49;28,180.00;-20.00;-0,07;83,336.00;2,352,949,690.00;;;;;;;;;;;;
2021-08-17;CORFICOLCF;29,000.00;29,000.00;28,415.38;28,000.00;720.00;2,55;57,326.00;1,628,940,290.00;;;;;;;;;;;;
2021-08-18;CORFICOLCF;29,490.00;29,490.00;29,222.86;29,000.00;490.00;1,69;256,178.00;7,486,253,410.00;;;;;;;;;;;;
2021-08-19;CORFICOLCF;30,000.00;30,000.00;29,922.59;29,500.00;510.00;1,73;78,391.00;2,345,661,950.00;;;;;;;;;;;;
2021-08-20;CORFICOLCF;29,900.00;30,200.00;29,971.47;29,890.00;-100.00;-0,33;16,457.00;493,240,490.00;;;;;;;;;;;;
2021-08-23;CORFICOLCF;28,600.00;29,700.00;28,935.34;28,600.00;-1,300.00;-4,35;807,154.00;23,355,276,770.00;;;;;;;;;;;;
2021-08-24;CORFICOLCF;28,520.00;28,580.00;28,513.57;28,420.00;-80.00;-0,28;72,219.00;2,059,221,470.00;;;;;;;;;;;;
2021-08-25;CORFICOLCF;28,750.00;28,750.00;28,508.71;28,500.00;230.00;0,81;528,396.00;15,063,890,150.00;;;;;;;;;;;;
2021-08-26;CORFICOLCF;28,880.00;29,000.00;28,924.82;28,780.00;130.00;0,45;29,800.00;861,959,640.00;;;;;;;;;;;;
2021-08-27;CORFICOLCF;28,660.00;28,880.00;28,753.12;28,660.00;-220.00;-0,76;37,985.00;1,092,187,090.00;;;;;;;;;;;;
2021-08-30;CORFICOLCF;28,770.00;28,770.00;28,691.30;28,620.00;110.00;0,38;9,556.00;274,174,100.00;;;;;;;;;;;;
2021-08-31;CORFICOLCF;28,560.00;28,690.00;28,568.20;28,500.00;-210.00;-0,73;38,126.00;1,089,191,050.00;;;;;;;;;;;;
2021-09-01;CORFICOLCF;28,890.00;28,890.00;28,757.17;28,600.00;330.00;1,16;47,969.00;1,379,452,630.00;;;;;;;;;;;;
2021-09-02;CORFICOLCF;28,860.00;28,880.00;28,824.71;28,740.00;-30.00;-0,1;27,895.00;804,065,290.00;;;;;;;;;;;;
2021-09-03;CORFICOLCF;28,790.00;28,800.00;28,652.80;28,650.00;-70.00;-0,24;540,705.00;15,492,711,840.00;;;;;;;;;;;;
2021-09-06;CORFICOLCF;28,840.00;28,840.00;28,768.27;28,710.00;50.00;0,17;7,774.00;223,644,540.00;;;;;;;;;;;;
2021-09-07;CORFICOLCF;28,700.00;28,890.00;28,783.25;28,700.00;-140.00;-0,49;39,877.00;1,147,789,550.00;;;;;;;;;;;;
2021-09-08;CORFICOLCF;28,680.00;28,870.00;28,722.73;28,680.00;-20.00;-0,07;77,290.00;2,219,980,060.00;;;;;;;;;;;;
2021-09-09;CORFICOLCF;28,600.00;28,850.00;28,634.29;28,500.00;-80.00;-0,28;165,450.00;4,737,542,750.00;;;;;;;;;;;;
2021-09-10;CORFICOLCF;28,740.00;28,800.00;28,700.89;28,620.00;140.00;0,49;14,531.00;417,052,610.00;;;;;;;;;;;;
2021-09-13;CORFICOLCF;28,520.00;28,850.00;28,546.97;28,500.00;-220.00;-0,77;78,377.00;2,237,425,990.00;;;;;;;;;;;;
2021-09-14;CORFICOLCF;28,530.00;28,640.00;28,578.68;28,530.00;10.00;0,04;429,266.00;12,267,855,210.00;;;;;;;;;;;;
2021-09-15;CORFICOLCF;28,500.00;28,650.00;28,577.75;28,410.00;-30.00;-0,11;242,931.00;6,942,420,420.00;;;;;;;;;;;;
2021-09-16;CORFICOLCF;28,670.00;28,860.00;28,631.85;28,520.00;170.00;0,6;348,669.00;9,983,038,280.00;;;;;;;;;;;;
2021-09-17;CORFICOLCF;29,000.00;29,300.00;28,996.69;28,690.00;330.00;1,15;1,824,857.00;52,914,813,800.00;;;;;;;;;;;;
2021-09-20;CORFICOLCF;28,870.00;29,000.00;28,941.05;28,680.00;-130.00;-0,45;129,838.00;3,757,648,690.00;;;;;;;;;;;;
2021-09-21;CORFICOLCF;28,850.00;28,950.00;28,868.99;28,810.00;-20.00;-0,07;430,169.00;12,418,544,250.00;;;;;;;;;;;;
2021-09-22;CORFICOLCF;28,780.00;28,960.00;28,861.14;28,700.00;-70.00;-0,24;181,676.00;5,243,376,220.00;;;;;;;;;;;;
2021-09-23;CORFICOLCF;28,640.00;28,930.00;28,702.45;28,610.00;-140.00;-0,49;103,906.00;2,982,357,280.00;;;;;;;;;;;;
2021-09-24;CORFICOLCF;28,500.00;28,840.00;28,584.83;28,300.00;-140.00;-0,49;105,222.00;3,007,753,290.00;;;;;;;;;;;;
2021-09-27;CORFICOLCF;28,550.00;28,800.00;28,636.40;28,540.00;50.00;0,18;192,689.00;5,517,920,030.00;;;;;;;;;;;;
2021-09-28;CORFICOLCF;28,600.00;28,790.00;28,460.65;28,400.00;50.00;0,18;322,799.00;9,187,070,320.00;;;;;;;;;;;;
2021-09-29;CORFICOLCF;28,790.00;28,840.00;28,775.34;28,700.00;190.00;0,66;74,902.00;2,155,330,520.00;;;;;;;;;;;;
2021-09-30;CORFICOLCF;28,800.00;28,870.00;28,691.86;28,610.00;10.00;0,03;127,684.00;3,663,491,620.00;;;;;;;;;;;;
2021-10-01;CORFICOLCF;29,000.00;29,080.00;28,886.57;28,710.00;200.00;0,69;492,983.00;14,240,589,600.00;;;;;;;;;;;;
2021-10-04;CORFICOLCF;29,000.00;29,290.00;29,075.93;29,000.00;0.00;0;113,989.00;3,314,335,620.00;;;;;;;;;;;;
2021-10-05;CORFICOLCF;29,320.00;29,450.00;29,272.96;29,100.00;320.00;1,1;369,931.00;10,828,975,590.00;;;;;;;;;;;;
2021-10-06;CORFICOLCF;29,200.00;29,290.00;29,191.23;29,100.00;-120.00;-0,41;97,261.00;2,839,167,930.00;;;;;;;;;;;;
2021-10-07;CORFICOLCF;29,310.00;29,650.00;29,412.89;29,200.00;110.00;0,38;149,470.00;4,396,345,000.00;;;;;;;;;;;;
2021-10-08;CORFICOLCF;29,400.00;29,520.00;29,374.87;29,300.00;90.00;0,31;121,625.00;3,572,718,440.00;;;;;;;;;;;;
2021-10-11;CORFICOLCF;29,590.00;29,790.00;29,598.93;29,490.00;190.00;0,65;84,777.00;2,509,308,140.00;;;;;;;;;;;;
2021-10-12;CORFICOLCF;29,410.00;29,600.00;29,469.69;29,360.00;-180.00;-0,61;103,522.00;3,050,761,560.00;;;;;;;;;;;;
2021-10-13;CORFICOLCF;29,500.00;29,590.00;29,494.62;29,330.00;90.00;0,31;237,123.00;6,993,852,320.00;;;;;;;;;;;;
2021-10-14;CORFICOLCF;29,590.00;29,600.00;29,548.38;29,410.00;90.00;0,31;44,829.00;1,324,624,480.00;;;;;;;;;;;;
2021-10-15;CORFICOLCF;29,600.00;29,670.00;29,603.29;29,550.00;10.00;0,03;47,846.00;1,416,398,920.00;;;;;;;;;;;;
2021-10-19;CORFICOLCF;29,560.00;29,900.00;29,551.42;29,450.00;-40.00;-0,14;13,605.00;402,047,040.00;;;;;;;;;;;;
2021-10-20;CORFICOLCF;29,560.00;29,800.00;29,541.63;29,480.00;0.00;0;59,055.00;1,744,581,050.00;;;;;;;;;;;;
2021-10-21;CORFICOLCF;29,490.00;29,590.00;29,513.16;29,470.00;-70.00;-0,24;23,828.00;703,239,660.00;;;;;;;;;;;;
2021-10-22;CORFICOLCF;29,430.00;29,500.00;29,369.86;29,300.00;-60.00;-0,2;36,385.00;1,068,622,410.00;;;;;;;;;;;;
2021-10-25;CORFICOLCF;29,320.00;29,590.00;29,381.28;29,160.00;-110.00;-0,37;104,034.00;3,056,651,910.00;;;;;;;;;;;;
2021-10-26;CORFICOLCF;29,800.00;29,800.00;29,500.64;29,400.00;480.00;1,64;356,256.00;10,509,779,710.00;;;;;;;;;;;;
2021-10-27;CORFICOLCF;29,650.00;29,890.00;29,681.71;29,620.00;-150.00;-0,5;291,555.00;8,653,850,100.00;;;;;;;;;;;;
2021-10-28;CORFICOLCF;29,670.00;29,790.00;29,609.12;29,490.00;20.00;0,07;50,939.00;1,508,259,190.00;;;;;;;;;;;;
2021-10-29;CORFICOLCF;29,670.00;29,670.00;29,542.59;29,400.00;0.00;0;98,995.00;2,924,568,310.00;;;;;;;;;;;;
2021-11-02;CORFICOLCF;29,500.00;29,790.00;29,674.53;29,500.00;-170.00;-0,57;196,633.00;5,834,992,760.00;;;;;;;;;;;;
2021-11-03;CORFICOLCF;29,990.00;29,990.00;29,839.04;29,410.00;490.00;1,66;109,055.00;3,254,096,980.00;;;;;;;;;;;;
2021-11-04;CORFICOLCF;29,700.00;29,940.00;29,738.46;29,380.00;-290.00;-0,97;88,440.00;2,630,069,050.00;;;;;;;;;;;;
2021-11-05;CORFICOLCF;29,640.00;29,850.00;29,644.06;29,420.00;-60.00;-0,2;29,055.00;861,308,120.00;;;;;;;;;;;;
2021-11-08;CORFICOLCF;29,600.00;29,790.00;29,674.67;29,600.00;-40.00;-0,13;20,447.00;606,757,900.00;;;;;;;;;;;;
2021-11-09;CORFICOLCF;29,500.00;29,840.00;29,496.50;29,310.00;-100.00;-0,34;101,596.00;2,996,726,750.00;;;;;;;;;;;;
2021-11-10;CORFICOLCF;29,380.00;29,500.00;29,310.44;29,200.00;-120.00;-0,41;100,428.00;2,943,588,920.00;;;;;;;;;;;;
2021-11-11;CORFICOLCF;29,300.00;29,380.00;28,968.82;28,500.00;-80.00;-0,27;96,660.00;2,800,126,250.00;;;;;;;;;;;;
2021-11-12;CORFICOLCF;28,900.00;29,400.00;28,967.39;28,870.00;-400.00;-1,37;40,429.00;1,171,122,620.00;;;;;;;;;;;;
2021-11-16;CORFICOLCF;28,840.00;28,970.00;28,722.53;28,500.00;-60.00;-0,21;140,870.00;4,046,142,730.00;;;;;;;;;;;;
2021-11-17;CORFICOLCF;29,200.00;29,200.00;28,999.95;28,500.00;360.00;1,25;108,465.00;3,145,479,540.00;;;;;;;;;;;;
2021-11-18;CORFICOLCF;28,900.00;29,000.00;28,903.13;28,900.00;-300.00;-1,03;25,560.00;738,763,920.00;;;;;;;;;;;;
2021-11-19;CORFICOLCF;28,500.00;28,910.00;28,597.00;28,500.00;-400.00;-1,38;41,816.00;1,195,812,250.00;;;;;;;;;;;;
2021-11-22;CORFICOLCF;28,900.00;28,900.00;28,691.69;28,500.00;400.00;1,4;15,341.00;440,159,250.00;;;;;;;;;;;;
2021-11-23;CORFICOLCF;28,500.00;28,900.00;28,555.49;28,350.00;-400.00;-1,38;43,071.00;1,229,913,580.00;;;;;;;;;;;;
2021-11-24;CORFICOLCF;28,500.00;28,800.00;28,628.35;28,500.00;0.00;0;18,760.00;537,067,760.00;;;;;;;;;;;;
2021-11-25;CORFICOLCF;28,300.00;28,600.00;28,467.69;28,300.00;-200.00;-0,7;46,816.00;1,332,743,460.00;;;;;;;;;;;;
2021-11-26;CORFICOLCF;28,300.00;28,300.00;28,174.21;28,000.00;0.00;0;48,288.00;1,360,476,320.00;;;;;;;;;;;;
2021-11-29;CORFICOLCF;28,590.00;28,590.00;28,294.68;27,980.00;290.00;1,02;99,909.00;2,826,892,870.00;;;;;;;;;;;;
2021-11-30;CORFICOLCF;28,780.00;29,000.00;28,775.08;28,270.00;190.00;0,66;535,924.00;15,421,255,870.00;;;;;;;;;;;;
2021-12-01;CORFICOLCF;28,550.00;29,200.00;28,963.57;28,550.00;-230.00;-0,8;68,610.00;1,987,190,760.00;;;;;;;;;;;;
2021-12-02;CORFICOLCF;28,600.00;28,970.00;28,648.17;28,570.00;50.00;0,18;30,494.00;873,597,380.00;;;;;;;;;;;;
2021-12-03;CORFICOLCF;28,860.00;28,990.00;28,755.51;28,670.00;260.00;0,91;61,886.00;1,779,563,430.00;;;;;;;;;;;;
2021-12-06;CORFICOLCF;28,790.00;28,900.00;28,806.10;28,760.00;-70.00;-0,24;53,508.00;1,541,356,900.00;;;;;;;;;;;;
2021-12-07;CORFICOLCF;28,650.00;28,900.00;28,781.55;28,650.00;-140.00;-0,49;61,264.00;1,763,272,720.00;;;;;;;;;;;;
2021-12-09;CORFICOLCF;28,500.00;28,680.00;28,439.12;28,250.00;-150.00;-0,52;39,414.00;1,120,899,330.00;;;;;;;;;;;;
2021-12-10;CORFICOLCF;28,500.00;28,500.00;28,379.19;28,200.00;0.00;0;14,480.00;410,930,650.00;;;;;;;;;;;;
2021-12-13;CORFICOLCF;27,800.00;28,500.00;27,855.59;27,800.00;-700.00;-2,46;33,961.00;946,003,600.00;;;;;;;;;;;;
2021-12-14;CORFICOLCF;28,100.00;28,100.00;27,980.83;27,800.00;300.00;1,08;22,651.00;633,793,780.00;;;;;;;;;;;;
2021-12-15;CORFICOLCF;28,340.00;28,420.00;28,225.50;28,100.00;240.00;0,85;11,229.00;316,944,180.00;;;;;;;;;;;;
2021-12-16;CORFICOLCF;28,650.00;28,650.00;28,524.91;28,350.00;310.00;1,09;75,960.00;2,166,752,450.00;;;;;;;;;;;;
2021-12-17;CORFICOLCF;28,500.00;28,830.00;28,719.09;28,360.00;-150.00;-0,52;159,146.00;4,570,528,060.00;;;;;;;;;;;;
2021-12-20;CORFICOLCF;28,860.00;28,860.00;28,574.00;28,400.00;360.00;1,26;31,211.00;891,823,080.00;;;;;;;;;;;;
2021-12-21;CORFICOLCF;28,970.00;29,000.00;28,931.62;28,660.00;110.00;0,38;25,755.00;745,133,980.00;;;;;;;;;;;;
2021-12-22;CORFICOLCF;28,980.00;28,980.00;28,937.77;28,700.00;10.00;0,03;19,858.00;574,646,160.00;;;;;;;;;;;;
2021-12-23;CORFICOLCF;28,850.00;28,900.00;28,740.57;28,600.00;-130.00;-0,45;9,514.00;273,437,760.00;;;;;;;;;;;;
2021-12-24;CORFICOLCF;28,650.00;28,650.00;28,618.13;28,600.00;-200.00;-0,69;3,919.00;112,154,460.00;;;;;;;;;;;;
2021-12-27;CORFICOLCF;28,600.00;28,600.00;28,594.92;28,580.00;-50.00;-0,17;12,177.00;348,200,340.00;;;;;;;;;;;;
2021-12-28;CORFICOLCF;28,530.00;28,530.00;28,493.10;28,400.00;-70.00;-0,24;12,484.00;355,707,900.00;;;;;;;;;;;;
2021-12-29;CORFICOLCF;28,410.00;28,410.00;28,461.14;28,410.00;-120.00;-0,42;682.00;19,410,500.00;;;;;;;;;;;;
2021-12-30;CORFICOLCF;28,600.00;28,600.00;28,573.01;28,500.00;190.00;0,67;2,971.00;84,890,420.00;;;;;;;;;;;;
2021-01-04;CORFICOLCF;32,900.00;32,900.00;32,561.54;32,300.00;500.00;1,54;8,738.00;284,522,700.00;;;;;;;;;;;;
2021-01-05;CORFICOLCF;32,600.00;32,900.00;32,421.10;32,000.00;-300.00;-0,91;43,409.00;1,407,367,500.00;;;;;;;;;;;;
2021-01-06;CORFICOLCF;32,600.00;32,600.00;32,564.79;32,220.00;0.00;0;56,345.00;1,834,862,890.00;;;;;;;;;;;;
2021-01-07;CORFICOLCF;32,130.00;32,600.00;32,389.85;32,130.00;-470.00;-1,44;32,164.00;1,041,787,140.00;;;;;;;;;;;;
2021-01-08;CORFICOLCF;32,540.00;32,550.00;32,463.62;32,130.00;410.00;1,28;16,719.00;542,759,310.00;;;;;;;;;;;;
2021-01-12;CORFICOLCF;32,300.00;32,850.00;32,419.65;31,610.00;-240.00;-0,74;198,870.00;6,447,296,740.00;;;;;;;;;;;;
2021-01-13;CORFICOLCF;31,770.00;32,300.00;31,791.85;31,760.00;-530.00;-1,64;62,455.00;1,985,559,930.00;;;;;;;;;;;;
2021-01-14;CORFICOLCF;32,100.00;32,180.00;32,025.47;31,610.00;330.00;1,04;38,447.00;1,231,283,430.00;;;;;;;;;;;;
2021-01-15;CORFICOLCF;31,880.00;31,880.00;31,528.90;31,210.00;-220.00;-0,69;49,052.00;1,546,555,400.00;;;;;;;;;;;;
2021-01-18;CORFICOLCF;31,700.00;31,890.00;31,546.31;31,310.00;-180.00;-0,56;25,556.00;806,197,470.00;;;;;;;;;;;;
2021-01-19;CORFICOLCF;32,250.00;32,390.00;32,129.79;31,690.00;550.00;1,74;40,040.00;1,286,476,720.00;;;;;;;;;;;;
2021-01-20;CORFICOLCF;32,000.00;32,230.00;31,970.13;31,800.00;-250.00;-0,78;99,865.00;3,192,697,250.00;;;;;;;;;;;;
2021-01-21;CORFICOLCF;32,490.00;32,490.00;32,100.16;31,990.00;490.00;1,53;105,780.00;3,395,554,830.00;;;;;;;;;;;;
2021-01-22;CORFICOLCF;32,480.00;32,480.00;32,191.97;32,100.00;-10.00;-0,03;110,296.00;3,550,645,370.00;;;;;;;;;;;;
2021-01-25;CORFICOLCF;32,450.00;32,500.00;32,411.26;32,040.00;-30.00;-0,09;22,051.00;714,700,670.00;;;;;;;;;;;;
2021-01-26;CORFICOLCF;32,400.00;32,440.00;32,254.71;32,140.00;-50.00;-0,15;46,607.00;1,503,295,280.00;;;;;;;;;;;;
2021-01-27;CORFICOLCF;32,400.00;32,400.00;32,211.40;31,870.00;0.00;0;146,395.00;4,715,587,350.00;;;;;;;;;;;;
2021-01-28;CORFICOLCF;32,450.00;32,500.00;32,324.26;32,000.00;50.00;0,15;72,712.00;2,350,361,630.00;;;;;;;;;;;;
2021-01-29;CORFICOLCF;32,220.00;32,490.00;32,213.49;31,820.00;-230.00;-0,71;145,905.00;4,700,109,610.00;;;;;;;;;;;;
2021-02-01;CORFICOLCF;32,340.00;32,360.00;32,240.20;32,040.00;120.00;0,37;30,052.00;968,882,570.00;;;;;;;;;;;;
2021-02-02;CORFICOLCF;32,200.00;32,400.00;32,303.88;32,180.00;-140.00;-0,43;76,055.00;2,456,871,580.00;;;;;;;;;;;;
2021-02-03;CORFICOLCF;32,390.00;32,400.00;32,355.61;31,900.00;190.00;0,59;67,138.00;2,172,291,190.00;;;;;;;;;;;;
2021-02-04;CORFICOLCF;32,350.00;32,450.00;32,299.67;32,010.00;-40.00;-0,12;53,796.00;1,737,593,080.00;;;;;;;;;;;;
2021-02-05;CORFICOLCF;32,400.00;32,490.00;32,384.49;32,260.00;50.00;0,15;25,161.00;814,826,240.00;;;;;;;;;;;;
2021-02-08;CORFICOLCF;32,300.00;32,500.00;32,233.89;32,100.00;-100.00;-0,31;79,747.00;2,570,556,320.00;;;;;;;;;;;;
2021-02-09;CORFICOLCF;32,400.00;32,490.00;32,285.81;32,130.00;100.00;0,31;82,257.00;2,655,734,100.00;;;;;;;;;;;;
2021-02-10;CORFICOLCF;32,760.00;32,800.00;32,452.77;32,300.00;360.00;1,11;60,129.00;1,951,352,820.00;;;;;;;;;;;;
2021-02-11;CORFICOLCF;32,750.00;32,760.00;32,727.07;32,540.00;-10.00;-0,03;43,920.00;1,437,372,730.00;;;;;;;;;;;;
2021-02-12;CORFICOLCF;32,790.00;32,790.00;32,664.71;32,520.00;40.00;0,12;29,449.00;961,942,990.00;;;;;;;;;;;;
2021-02-15;CORFICOLCF;32,660.00;32,800.00;32,662.00;32,660.00;-130.00;-0,4;16,125.00;526,674,700.00;;;;;;;;;;;;
2021-02-16;CORFICOLCF;32,600.00;32,890.00;32,770.25;32,500.00;-60.00;-0,18;61,271.00;2,007,866,180.00;;;;;;;;;;;;
2021-02-17;CORFICOLCF;32,850.00;32,850.00;32,665.24;32,600.00;250.00;0,77;11,413.00;372,808,350.00;;;;;;;;;;;;
2021-02-18;CORFICOLCF;32,500.00;32,680.00;32,594.37;32,490.00;-350.00;-1,07;33,829.00;1,102,635,000.00;;;;;;;;;;;;
2021-02-19;CORFICOLCF;32,590.00;32,600.00;32,473.21;32,300.00;90.00;0,28;31,313.00;1,016,833,760.00;;;;;;;;;;;;
2021-02-22;CORFICOLCF;32,590.00;32,590.00;32,517.64;32,270.00;0.00;0;25,737.00;836,906,520.00;;;;;;;;;;;;
2021-02-23;CORFICOLCF;32,460.00;32,560.00;32,513.77;32,300.00;-130.00;-0,4;111,538.00;3,626,521,240.00;;;;;;;;;;;;
2021-02-24;CORFICOLCF;32,600.00;32,880.00;32,549.50;32,430.00;140.00;0,43;170,083.00;5,536,117,400.00;;;;;;;;;;;;
2021-02-25;CORFICOLCF;32,520.00;32,880.00;32,477.31;32,410.00;-80.00;-0,25;49,604.00;1,611,004,300.00;;;;;;;;;;;;
2021-02-26;CORFICOLCF;32,540.00;32,580.00;32,570.20;32,500.00;20.00;0,06;112,502.00;3,664,213,150.00;;;;;;;;;;;;
2021-03-01;CORFICOLCF;32,540.00;32,780.00;32,539.37;32,500.00;0.00;0;45,708.00;1,487,309,630.00;;;;;;;;;;;;
2021-03-02;CORFICOLCF;32,490.00;32,650.00;32,501.17;32,300.00;-50.00;-0,15;17,150.00;557,395,070.00;;;;;;;;;;;;
2021-03-03;CORFICOLCF;32,430.00;32,500.00;32,438.39;32,390.00;-60.00;-0,18;62,615.00;2,031,130,020.00;;;;;;;;;;;;
2021-03-04;CORFICOLCF;32,430.00;32,660.00;32,392.97;32,200.00;0.00;0;532,762.00;17,257,741,810.00;;;;;;;;;;;;
2021-03-05;CORFICOLCF;32,150.00;32,530.00;32,059.60;31,790.00;-280.00;-0,86;44,251.00;1,418,669,300.00;;;;;;;;;;;;
2021-03-08;CORFICOLCF;32,210.00;32,210.00;32,027.12;31,950.00;60.00;0,19;35,131.00;1,125,144,900.00;;;;;;;;;;;;
2021-03-09;CORFICOLCF;31,980.00;32,200.00;31,752.79;31,500.00;-230.00;-0,71;32,121.00;1,019,931,430.00;;;;;;;;;;;;
2021-03-10;CORFICOLCF;32,200.00;32,370.00;32,159.86;31,700.00;220.00;0,69;37,134.00;1,194,224,390.00;;;;;;;;;;;;
2021-03-11;CORFICOLCF;32,370.00;32,400.00;32,294.83;32,010.00;170.00;0,53;3,315.00;107,057,360.00;;;;;;;;;;;;
2021-03-12;CORFICOLCF;32,380.00;32,600.00;32,404.49;32,380.00;10.00;0,03;17,022.00;551,589,200.00;;;;;;;;;;;;
2021-03-15;CORFICOLCF;32,200.00;32,200.00;32,195.73;32,010.00;-180.00;-0,56;22,309.00;718,254,600.00;;;;;;;;;;;;
2021-03-16;CORFICOLCF;32,490.00;32,490.00;32,219.38;31,720.00;290.00;0,9;327,486.00;10,551,396,010.00;;;;;;;;;;;;
2021-03-17;CORFICOLCF;32,350.00;32,350.00;32,301.97;32,250.00;-140.00;-0,43;8,785.00;283,772,820.00;;;;;;;;;;;;
2021-03-18;CORFICOLCF;31,100.00;32,010.00;31,384.57;31,100.00;-1,250.00;-3,86;102,270.00;3,209,700,470.00;;;;;;;;;;;;
2021-03-19;CORFICOLCF;32,000.00;32,000.00;31,818.73;31,110.00;900.00;2,89;313,842.00;9,986,055,150.00;;;;;;;;;;;;
2021-03-23;CORFICOLCF;32,300.00;32,500.00;32,275.75;31,520.00;300.00;0,94;50,679.00;1,635,702,630.00;;;;;;;;;;;;
2021-03-24;CORFICOLCF;32,160.00;32,400.00;32,324.63;32,160.00;-140.00;-0,43;8,345.00;269,749,050.00;;;;;;;;;;;;
2021-03-25;CORFICOLCF;32,130.00;32,440.00;32,149.72;31,830.00;-30.00;-0,09;5,339.00;171,647,330.00;;;;;;;;;;;;
2021-03-26;CORFICOLCF;32,290.00;32,390.00;32,285.86;32,000.00;160.00;0,5;20,322.00;656,113,320.00;;;;;;;;;;;;
2021-03-29;CORFICOLCF;32,900.00;32,900.00;32,533.55;32,320.00;610.00;1,89;3,682.00;119,788,530.00;;;;;;;;;;;;
2021-03-30;CORFICOLCF;32,640.00;32,640.00;32,458.09;32,060.00;-260.00;-0,79;16,912.00;548,931,240.00;;;;;;;;;;;;
2021-03-31;CORFICOLCF;32,730.00;32,730.00;32,658.56;32,300.00;90.00;0,28;19,076.00;622,994,630.00;;;;;;;;;;;;
2021-04-05;CORFICOLCF;32,230.00;32,500.00;32,390.94;32,230.00;-500.00;-1,53;8,590.00;278,238,210.00;;;;;;;;;;;;
2021-04-06;CORFICOLCF;32,200.00;32,530.00;32,317.39;32,160.00;-30.00;-0,09;65,562.00;2,118,792,740.00;;;;;;;;;;;;
2021-04-07;CORFICOLCF;32,600.00;32,730.00;32,587.43;32,340.00;400.00;1,24;15,845.00;516,347,890.00;;;;;;;;;;;;
2021-04-08;CORFICOLCF;32,400.00;32,590.00;32,339.78;32,140.00;-200.00;-0,61;41,018.00;1,326,513,150.00;;;;;;;;;;;;
2021-04-09;CORFICOLCF;32,310.00;32,500.00;32,091.38;32,000.00;-90.00;-0,28;49,808.00;1,598,407,390.00;;;;;;;;;;;;
2021-04-12;CORFICOLCF;32,300.00;32,630.00;32,255.07;32,120.00;-10.00;-0,03;17,362.00;560,012,440.00;;;;;;;;;;;;
2021-04-13;CORFICOLCF;32,660.00;32,790.00;32,515.11;32,170.00;360.00;1,11;110,738.00;3,600,658,400.00;;;;;;;;;;;;
2021-04-14;CORFICOLCF;32,580.00;32,660.00;32,556.69;32,420.00;-80.00;-0,24;27,265.00;887,658,150.00;;;;;;;;;;;;
2021-04-15;CORFICOLCF;32,410.00;32,650.00;32,561.60;32,400.00;-170.00;-0,52;21,129.00;687,993,970.00;;;;;;;;;;;;
2021-04-16;CORFICOLCF;32,600.00;32,600.00;32,553.20;32,300.00;190.00;0,59;112,116.00;3,649,734,560.00;;;;;;;;;;;;
2021-04-19;CORFICOLCF;32,570.00;32,840.00;32,587.83;32,410.00;-30.00;-0,09;14,214.00;463,203,410.00;;;;;;;;;;;;
2021-04-20;CORFICOLCF;32,500.00;32,500.00;32,428.06;32,390.00;-70.00;-0,21;26,476.00;858,565,230.00;;;;;;;;;;;;
2021-04-21;CORFICOLCF;32,460.00;32,500.00;32,421.03;32,390.00;-40.00;-0,12;94,344.00;3,058,730,090.00;;;;;;;;;;;;
2021-04-22;CORFICOLCF;32,600.00;32,600.00;32,436.81;32,400.00;140.00;0,43;203,963.00;6,615,910,060.00;;;;;;;;;;;;
2021-04-23;CORFICOLCF;32,350.00;32,500.00;32,479.97;32,350.00;-250.00;-0,77;75,941.00;2,466,561,540.00;;;;;;;;;;;;
2021-04-26;CORFICOLCF;32,310.00;32,600.00;32,383.23;32,210.00;-40.00;-0,12;96,336.00;3,119,670,800.00;;;;;;;;;;;;
2021-04-27;CORFICOLCF;32,730.00;32,750.00;32,513.30;32,310.00;420.00;1,3;37,901.00;1,232,286,560.00;;;;;;;;;;;;
2021-04-28;CORFICOLCF;32,200.00;32,790.00;32,392.04;32,200.00;-530.00;-1,62;124,290.00;4,026,007,040.00;;;;;;;;;;;;
2021-04-29;CORFICOLCF;32,640.00;32,750.00;32,584.86;32,500.00;440.00;1,37;32,998.00;1,075,235,210.00;;;;;;;;;;;;
2021-04-30;CORFICOLCF;32,020.00;32,500.00;32,249.52;32,020.00;-620.00;-1,9;75,913.00;2,448,157,790.00;;;;;;;;;;;;
2021-05-03;CORFICOLCF;31,650.00;32,010.00;31,698.64;31,210.00;-370.00;-1,16;28,721.00;910,416,700.00;;;;;;;;;;;;
2021-05-04;CORFICOLCF;31,800.00;31,800.00;31,757.75;31,640.00;150.00;0,47;22,114.00;702,290,950.00;;;;;;;;;;;;
2021-05-05;CORFICOLCF;32,660.00;32,660.00;32,294.77;31,800.00;860.00;2,7;52,978.00;1,710,912,440.00;;;;;;;;;;;;
2021-05-06;CORFICOLCF;32,800.00;32,800.00;32,793.70;32,690.00;140.00;0,43;54,774.00;1,796,242,230.00;;;;;;;;;;;;
2021-05-07;CORFICOLCF;32,970.00;33,000.00;32,803.69;32,600.00;170.00;0,52;36,883.00;1,209,898,540.00;;;;;;;;;;;;
2021-05-10;CORFICOLCF;33,080.00;33,250.00;33,009.95;32,900.00;110.00;0,33;82,030.00;2,707,806,530.00;;;;;;;;;;;;
2021-05-11;CORFICOLCF;31,450.00;32,300.00;31,374.01;30,710.00;-1,630.00;-4,93;34,043.00;1,068,065,320.00;;;;;;;;;;;;
2021-05-12;CORFICOLCF;31,090.00;31,450.00;31,082.25;30,930.00;-360.00;-1,14;36,670.00;1,139,785,990.00;;;;;;;;;;;;
2021-05-13;CORFICOLCF;31,000.00;31,000.00;30,656.91;30,030.00;-90.00;-0,29;48,888.00;1,498,755,180.00;;;;;;;;;;;;
2021-05-14;CORFICOLCF;30,700.00;31,000.00;30,704.04;30,600.00;-300.00;-0,97;32,447.00;996,253,890.00;;;;;;;;;;;;
2021-05-18;CORFICOLCF;30,600.00;30,980.00;30,597.55;30,400.00;-100.00;-0,33;76,734.00;2,347,872,620.00;;;;;;;;;;;;
2021-05-19;CORFICOLCF;30,270.00;30,990.00;30,497.02;30,270.00;-330.00;-1,08;120,545.00;3,676,263,140.00;;;;;;;;;;;;
2021-05-20;CORFICOLCF;29,500.00;30,200.00;29,725.36;29,360.00;-770.00;-2,54;32,816.00;975,467,490.00;;;;;;;;;;;;
2021-05-21;CORFICOLCF;29,460.00;29,860.00;29,414.53;29,310.00;-40.00;-0,14;49,398.00;1,453,018,760.00;;;;;;;;;;;;
2021-05-24;CORFICOLCF;29,100.00;29,390.00;29,144.69;29,010.00;-360.00;-1,22;34,882.00;1,016,625,110.00;;;;;;;;;;;;
2021-05-25;CORFICOLCF;28,100.00;28,900.00;28,620.74;28,010.00;-1,000.00;-3,44;94,793.00;2,713,045,960.00;;;;;;;;;;;;
2021-05-26;CORFICOLCF;27,980.00;28,960.00;27,666.33;27,110.00;-120.00;-0,43;71,214.00;1,970,229,900.00;;;;;;;;;;;;
2021-05-27;CORFICOLCF;28,210.00;29,000.00;28,165.78;27,900.00;230.00;0,82;269,037.00;7,577,636,020.00;;;;;;;;;;;;
2021-05-28;CORFICOLCF;28,580.00;28,890.00;28,734.66;28,210.00;370.00;1,31;61,331.00;1,762,325,330.00;;;;;;;;;;;;
2021-05-31;CORFICOLCF;28,230.00;28,600.00;28,424.85;28,030.00;-350.00;-1,22;12,276.00;348,943,450.00;;;;;;;;;;;;
2021-06-01;CORFICOLCF;28,280.00;28,280.00;28,297.88;28,250.00;50.00;0,18;18,855.00;533,556,540.00;;;;;;;;;;;;
2021-06-02;CORFICOLCF;28,230.00;28,880.00;28,431.88;28,000.00;-50.00;-0,18;87,746.00;2,494,783,930.00;;;;;;;;;;;;
2021-06-03;CORFICOLCF;28,560.00;28,560.00;28,393.16;28,300.00;330.00;1,17;123,932.00;3,518,821,380.00;;;;;;;;;;;;
2021-06-04;CORFICOLCF;28,560.00;28,700.00;28,481.43;28,390.00;0.00;0;42,588.00;1,212,967,040.00;;;;;;;;;;;;
2021-06-08;CORFICOLCF;28,500.00;28,950.00;28,730.22;28,400.00;-60.00;-0,21;43,120.00;1,238,847,260.00;;;;;;;;;;;;
2021-06-09;CORFICOLCF;29,000.00;29,000.00;28,975.27;28,600.00;500.00;1,75;32,096.00;929,990,180.00;;;;;;;;;;;;
2021-06-10;CORFICOLCF;29,570.00;29,690.00;29,382.03;29,000.00;570.00;1,97;107,859.00;3,169,116,520.00;;;;;;;;;;;;
2021-06-11;CORFICOLCF;30,200.00;30,200.00;29,930.88;29,600.00;630.00;2,13;55,904.00;1,673,255,810.00;;;;;;;;;;;;
2021-06-15;CORFICOLCF;30,200.00;30,890.00;29,980.51;29,720.00;0.00;0;57,249.00;1,716,354,270.00;;;;;;;;;;;;
2021-06-16;CORFICOLCF;29,700.00;30,000.00;29,822.69;29,700.00;-500.00;-1,66;31,960.00;953,133,150.00;;;;;;;;;;;;
2021-06-17;CORFICOLCF;29,990.00;29,990.00;29,717.08;29,700.00;290.00;0,98;23,647.00;702,719,680.00;;;;;;;;;;;;
2021-06-18;CORFICOLCF;30,000.00;30,000.00;29,964.11;29,320.00;10.00;0,03;66,129.00;1,981,496,640.00;;;;;;;;;;;;
2021-06-21;CORFICOLCF;29,370.00;29,770.00;29,611.11;29,370.00;-630.00;-2,1;42,291.00;1,252,283,530.00;;;;;;;;;;;;
2021-06-22;CORFICOLCF;29,130.00;29,200.00;29,197.93;29,100.00;-240.00;-0,82;214,203.00;6,254,284,950.00;;;;;;;;;;;;
2021-06-23;CORFICOLCF;28,800.00;29,100.00;28,999.90;28,800.00;-330.00;-1,13;123,070.00;3,569,017,150.00;;;;;;;;;;;;
2021-06-24;CORFICOLCF;29,580.00;29,690.00;29,495.85;28,800.00;780.00;2,71;25,254.00;744,888,120.00;;;;;;;;;;;;
2021-06-25;CORFICOLCF;29,930.00;29,930.00;29,404.46;28,800.00;350.00;1,18;2,846.00;83,685,100.00;;;;;;;;;;;;
2021-06-28;CORFICOLCF;29,630.00;29,630.00;29,466.13;29,500.00;-300.00;-1;9,958.00;293,423,680.00;;;;;;;;;;;;
2021-06-29;CORFICOLCF;29,060.00;29,500.00;29,224.67;29,060.00;-570.00;-1,92;12,476.00;364,607,040.00;;;;;;;;;;;;
2021-06-30;CORFICOLCF;29,200.00;29,460.00;29,199.50;29,030.00;140.00;0,48;70,042.00;2,045,191,680.00;;;;;;;;;;;;
