Fecha,Precio cierre,Precio maximo,Precio minimo,Precio promedio ponderado,Variacion porcentual,Variacion absoluta,Cantidad,Volumen,ticker,sector,MA_30,MA_60,MA_90,Retorno_Log,Retorno_Diario,Volatilidad_EWMA,Vol_Corta,Max_Acumulado,Drawdown,Variacion_Absoluta_Calc,Dia_Semana,RSI_14,Momentum_10d,Vol_MA20,Vol_Rel,Dist_MA20,Target_5d
2021-03-08,194.0,0.0,0.0,191.03,0.0,0.0,24878.0,4752559.0,ETB,TELECOM,208.09499999999997,208.09499999999997,208.09499999999997,-0.09343400664609693,-8.920187793427225,109.15544909092156,8.726233880949007,230.0,-0.15652173913043477,-19.0,Lunes,48.27784156142366,-0.08920187793427226,89512884.72,0.05309357434816452,-6.773348710925285,1
2021-03-09,202.1,0.0,0.0,197.21,0.0,0.0,26264.0,5179458.0,ETB,TELECOM,207.8095238095238,207.8095238095238,207.8095238095238,0.04090446534624727,4.17525773195877,105.97021581085615,6.847542942458053,230.0,-0.12130434782608701,8.099999999999994,Martes,52.89730349971314,-0.023671497584541124,65411637.53000001,0.07918251546025773,-2.7664180899687274,1
2021-03-11,201.0,0.0,0.0,199.22,0.0,0.0,21326.0,4248492.0,ETB,TELECOM,207.5,207.5,207.5,-0.0054577163504995205,-0.5442850074220629,100.16292079552088,5.693454373067302,230.0,-0.12608695652173918,-1.0999999999999943,Jueves,45.76271186440678,0.03608247422680422,64409253.96,0.06596089441803558,-2.6162790697674443,1
2021-03-12,190.1,190.1,190.1,190.63,-0.99,-1.9,157831.0,30086813.3,ETB,TELECOM,206.74347826086958,206.74347826086958,206.74347826086958,-0.05575465856469226,-5.422885572139302,98.35751832582451,5.279926488478024,230.0,-0.1734782608695652,-10.900000000000006,Viernes,36.54753877275792,-0.059376546264225616,65289391.589999996,0.4608223873326494,-7.430853135956365,1
2021-04-01,213.0,216.0,213.0,214.64,-1.84,-4.0,317066.0,68056593.7,ETB,TELECOM,207.0041666666667,207.0041666666667,207.0041666666667,0.11374191621504173,12.046291425565503,111.10074950393829,8.238076013181955,230.0,-0.07391304347826089,22.900000000000006,Jueves,50.0,0.05970149253731338,67773163.0,1.0041820491689315,3.6168608469340606,0
2021-04-02,212.1,212.1,212.1,211.33,-0.89,-1.9,106118.0,22426412.5,ETB,TELECOM,207.208,207.208,207.208,-0.004234304138788344,-0.42253521126760507,105.3429021108924,6.578285406226122,230.0,-0.07782608695652171,-0.9000000000000057,Viernes,51.710261569416495,0.10468750000000004,67570087.04,0.3318985291039222,2.9261901295676234,0
2021-04-03,219.0,221.4,219.0,220.28,-3.52,-8.0,722399.0,159132031.5,ETB,TELECOM,207.66153846153844,207.66153846153844,207.66153846153844,0.03201386824586418,3.2531824611032656,100.8632935320286,6.5134861985179615,230.0,-0.047826086956521685,6.900000000000006,,58.74125874125874,0.02336448598130847,75257951.99000001,2.114487935057612,5.786880494638209,0
2021-04-05,210.0,0.0,0.0,208.54,0.0,0.0,25436.0,5304447.4,ETB,TELECOM,207.74814814814815,207.74814814814815,207.74814814814815,-0.04196419909903219,-4.109589041095896,98.52408385037967,7.008184858301385,230.0,-0.08695652173913049,-9.0,Lunes,52.7449617790132,-0.07488986784140972,74575647.08,0.07112841266143796,1.0003847633705332,1
2021-04-06,213.0,0.0,0.0,213.82,0.0,0.0,8438.0,1804212.0,ETB,TELECOM,207.93571428571428,207.93571428571428,207.93571428571428,0.014184634991956381,1.4285714285714235,93.71545594799595,6.021966239080181,230.0,-0.07391304347826089,3.0,Martes,54.115226337448554,0.014285714285714235,36999556.05,0.04876307157744938,2.467888584211298,0
2021-04-08,197.0,197.0,185.9,190.32,1.55,3.0,157631.0,30000523.4,ETB,TELECOM,207.55862068965516,207.55862068965516,207.55862068965516,-0.07808843697143658,-7.511737089201875,97.20731664388451,4.338125730481745,230.0,-0.14347826086956517,-16.0,Jueves,51.63612565445026,-0.07511737089201875,38164763.675,0.7860791083491493,-4.4709533507904045,1
2021-04-10,195.0,199.9,195.0,195.6,-2.5,-5.0,920451.0,180042914.0,ETB,TELECOM,207.14,207.14,207.14,-0.010204170174241736,-1.0152284263959421,92.36857634141766,4.310273966440769,230.0,-0.15217391304347827,-2.0,,42.846385542168676,0.005154639175257714,44427519.525,4.052508803663623,-5.026300409117472,1
2021-04-11,201.0,0.0,0.0,197.22,0.0,0.0,62724.0,12370671.5,ETB,TELECOM,206.94,206.94193548387096,206.94193548387096,0.030305349495328843,3.076923076923066,89.47300959426576,4.2611925965139035,230.0,-0.12608695652173918,6.0,,39.66613672496025,-0.005442850074220629,43741223.89,0.28281493748573755,-1.9607843137254815,1
2021-05-01,215.0,215.0,213.0,213.3,0.94,2.0,372131.0,79376879.0,ETB,TELECOM,206.44,207.19375,207.19375,0.06733312006858695,6.965174129353224,91.38193064383752,5.379259424963646,230.0,-0.06521739130434778,14.0,,52.03583061889251,0.06965174129353224,47645364.94,1.6659937246773033,4.333478914931823,0
2021-05-02,212.1,0.0,0.0,214.34,0.0,0.0,38769.0,8309580.3,ETB,TELECOM,206.48000000000002,207.34242424242424,207.34242424242424,-0.013580166557026117,-1.3488372093023338,87.31624202286044,5.414143980696714,230.0,-0.07782608695652171,-2.9000000000000057,,49.63325183374083,0.11572856391372954,47496267.135,0.1749522815420724,2.6770586241951886,0
2021-05-03,239.0,239.0,216.9,226.55,9.13,20.0,1042603.0,236198765.9,ETB,TELECOM,207.48333333333332,208.2735294117647,208.2735294117647,0.119405690360874,12.682696841112694,100.0453749731542,5.89003615695859,239.0,0.0,26.900000000000006,Lunes,67.2281776416539,0.1220657276995305,57832629.92999999,4.084178191202657,14.644793015781662,0
2021-05-04,221.0,0.0,0.0,221.27,0.0,0.0,1840.0,407139.2,ETB,TELECOM,208.11666666666667,208.63714285714286,208.63714285714286,-0.07830085041375782,-7.531380753138073,104.82434318910234,7.730435076834843,239.0,-0.07531380753138073,-18.0,Martes,56.72597864768683,0.04196133899104204,56520389.279999994,0.007203404031473438,5.2782012195122014,0
2021-05-05,210.0,0.0,0.0,208.02,0.0,0.0,32429.0,6745831.3,ETB,TELECOM,208.45,208.675,208.675,-0.05105517080028418,-4.977375565610864,103.26118237597927,8.455387522621765,239.0,-0.12133891213389125,-11.0,Miércoles,52.992021276595736,-0.04109589041095896,56855884.875,0.11864789924263754,0.1335113484646336,1
2021-05-08,197.0,0.0,0.0,185.18,0.0,0.0,22307.0,4130819.1,ETB,TELECOM,208.61666666666667,208.35945945945946,208.35945945945946,-0.06390380197948017,-6.190476190476191,102.83165495747365,8.24072776656935,239.0,-0.17573221757322177,-13.0,,52.26229508196722,-0.06190476190476191,47724758.2,0.08655505561052795,-5.388531361060403,1
2021-05-10,195.0,197.0,195.0,196.28,0.0,0.0,343531.0,67426558.2,ETB,TELECOM,207.98333333333332,208.0078947368421,208.0078947368421,-0.010204170174241736,-1.0152284263959421,97.90055586359553,8.24333527311458,239.0,-0.18410041841004188,-2.0,Lunes,43.16109422492401,-0.08450704225352113,46499359.69,1.4500534770697184,-6.010507543259253,1
2021-05-11,201.0,0.0,0.0,195.82,0.0,0.0,80381.0,15739820.4,ETB,TELECOM,207.01666666666668,207.82820512820513,207.82820512820513,0.030305349495328843,3.076923076923066,94.82835582661907,4.328815375304007,239.0,-0.15899581589958156,6.0,Martes,45.94001463057791,0.020304568527918843,47087026.08499999,0.33427085353802083,-2.8375308164547675,0
2021-06-01,218.0,218.2,216.5,217.94,1.4,3.0,712268.0,155233026.3,ETB,TELECOM,207.18333333333334,208.08249999999998,208.08249999999998,0.08119015473001322,8.457711442786064,98.72183721255702,6.021693986308524,239.0,-0.08786610878661083,17.0,Martes,49.65940054495913,0.11794871794871797,54611049.45,2.842520476412489,4.772432354496087,0
2021-06-04,221.0,0.0,0.0,219.07,0.0,0.0,9840.0,2155607.8,ETB,TELECOM,207.65,208.39756097560974,208.39756097560974,0.013667638728663835,1.3761467889908285,94.10531878148751,5.379061783115,239.0,-0.07531380753138073,3.0,Viernes,53.90625,0.09950248756218905,54459856.94,0.03958159130632487,5.7340382269215056,0
2021-06-05,210.0,0.0,0.0,211.05,0.0,0.0,20136.0,4249782.7,ETB,TELECOM,208.18333333333334,208.43571428571425,208.43571428571425,-0.05105517080028418,-4.977375565610864,93.52946732395911,4.978123121655556,239.0,-0.12133891213389125,-11.0,,48.99193548387097,-0.023255813953488413,54459921.475,0.07803505008634426,0.25541259876351496,0
2021-06-07,207.0,0.0,0.0,204.38,0.0,0.0,67631.0,13822472.5,ETB,TELECOM,208.3466666666667,208.40232558139533,208.40232558139533,-0.014388737452099556,-1.4285714285714235,89.35491401297338,5.031069180884693,239.0,-0.13389121338912136,-3.0,Lunes,53.681885125184095,-0.024045261669023987,53646704.435,0.25765743945646713,-1.5738671484950797,1
2021-06-08,197.0,0.0,0.0,194.0,0.0,0.0,5043.0,978342.0,ETB,TELECOM,208.21333333333334,208.1431818181818,208.1431818181818,-0.04951506452738056,-4.8309178743961345,88.1314124135957,5.549455573894905,239.0,-0.17573221757322177,-10.0,Martes,50.695410292072324,-0.17573221757322177,50292791.85,0.019452926831302963,-5.971075366330958,1
2021-06-09,202.1,0.0,0.0,202.53,0.0,0.0,67448.0,13660320.6,ETB,TELECOM,208.55,208.0088888888889,208.0088888888889,0.02555889567158671,2.5888324873096336,85.22788579226489,3.4703249478829172,239.0,-0.1543933054393306,5.099999999999994,Miércoles,50.38488453463961,-0.08552036199095026,49854487.255,0.2740038329976,-3.306061910913352,1
2021-06-10,198.9,198.9,198.9,197.73,2.0,3.9,146937.0,29054226.7,ETB,TELECOM,208.04666666666668,207.8108695652174,207.8108695652174,-0.015960438549648785,-1.5833745670460142,81.44028755565505,3.099421010259164,239.0,-0.16778242677824262,-3.1999999999999886,Jueves,43.90613171839516,-0.052857142857142825,43350597.015,0.6702151458247916,-4.377298622629272,1
2021-06-12,191.0,191.0,191.0,191.69,0.47,0.9,146212.0,28027100.2,ETB,TELECOM,206.8466666666667,207.4531914893617,207.4531914893617,-0.04052875781329673,-3.9718451483157446,79.48850972559543,2.8870359727445347,239.0,-0.20083682008368198,-7.900000000000006,,42.30488694383662,-0.030456852791878153,44486729.655,0.6300103517915021,-7.75397841153317,1
2021-07-01,213.0,216.0,213.0,213.26,-2.29,-5.0,791081.0,168701985.1,ETB,TELECOM,206.9466666666667,207.56875,207.56875,0.10901873766279525,11.518324607329845,93.42133895357917,6.675047838535609,239.0,-0.10878661087866104,22.0,Jueves,40.16641452344932,0.0923076923076922,52831618.31,3.1932011643123936,2.8712177923740034,0
2021-07-04,221.0,0.0,0.0,215.45,0.0,0.0,4657.0,1003362.1,ETB,TELECOM,207.21333333333334,207.84285714285713,207.84285714285713,0.036870535808327796,3.7558685446009488,90.39989196624644,5.946986957722534,239.0,-0.07531380753138073,8.0,,50.0,0.09950248756218905,51381760.245,0.019527592967149038,6.119901082807123,0
2021-07-05,212.0,212.0,210.0,211.82,0.95,2.0,409365.0,86709673.3,ETB,TELECOM,207.81333333333336,207.926,207.926,-0.04157642684574033,-4.072398190045245,89.06016512364396,6.619453221400979,239.0,-0.11297071129707115,-9.0,Lunes,50.83194675540766,-0.02752293577981646,46715098.21,1.8561380928754767,1.3844719160230419,1
2021-07-07,207.0,0.0,0.0,205.19,0.0,0.0,22938.0,4706757.7,ETB,TELECOM,207.97666666666666,207.9078431372549,207.9078431372549,-0.02386748140664343,-2.358490566037741,85.74625505513023,6.707357637226488,239.0,-0.13389121338912136,-5.0,Miércoles,54.45632798573975,-0.06334841628959276,46331902.519999996,0.10158783568121865,-1.1484921563477613,1
2021-07-09,200.0,200.0,193.0,196.22,-1.04,-2.1,436962.0,85739535.9,ETB,TELECOM,207.94333333333333,207.7557692307692,207.7557692307692,-0.034401426717332435,-3.3816425120772986,83.27480092411975,6.602931376015465,239.0,-0.16317991631799167,-7.0,Viernes,52.13310580204777,-0.04761904761904767,46650035.364999995,1.8379307803124967,-4.1479954949558016,1
2021-07-10,198.9,198.9,195.0,197.76,0.0,0.0,448426.0,88682315.0,ETB,TELECOM,208.23666666666665,207.58867924528303,207.58867924528303,-0.005515180688110111,-0.5499999999999949,79.37452798584228,3.1329642873646986,239.0,-0.16778242677824262,-1.0999999999999943,,49.06500445235976,-0.03913043478260869,50668672.1,1.7502395725898645,-4.372701266857363,1
2021-07-12,192.0,193.9,185.0,188.93,0.52,1.0,1079342.0,203919578.8,ETB,TELECOM,207.53666666666666,207.3,207.3,-0.035306813832144956,-3.4690799396681737,77.1014680263073,1.383540092910594,239.0,-0.19665271966527198,-6.900000000000006,Lunes,37.27984344422701,-0.025380710659898442,49054712.745,4.156982426133663,-6.635220890369317,1
2021-08-01,215.2,217.9,215.0,216.56,1.03,2.2,840290.0,181970046.0,ETB,TELECOM,207.64,207.44363636363636,207.44363636363636,0.11407245625984781,12.083333333333336,92.73015202951456,6.600409776172982,239.0,-0.09958158995815902,23.19999999999999,,47.63071895424836,0.06481939633844624,58132858.085,3.130244271388295,4.7941369822989595,0
2021-08-02,213.5,213.5,206.0,208.66,0.66,1.4,457136.0,95388009.1,ETB,TELECOM,207.45666666666665,207.5517857142857,207.5517857142857,-0.007930995618950006,-0.7899628252788005,88.58135288768166,6.468635204566071,239.0,-0.10669456066945604,-1.6999999999999886,Lunes,51.547303271441194,0.07340372046254395,62564966.975,1.5246233429343226,3.8777793996010455,0
2021-08-03,230.0,230.0,230.0,228.03,-3.77,-9.0,114696.0,26153949.1,ETB,TELECOM,208.12333333333333,207.94561403508771,207.94561403508771,0.07444247625451621,7.728337236533966,90.7698968825853,6.589374582776782,239.0,-0.03765690376569042,16.5,Martes,59.08372827804108,0.20418848167539272,63666123.475,0.4107985168952522,11.014576696592346,0
2021-08-04,221.0,0.0,0.0,215.48,0.0,0.0,37981.0,8184212.5,ETB,TELECOM,208.39,208.1706896551724,208.1706896551724,-0.039916607405442554,-3.913043478260869,89.61573635988674,7.186943411187559,239.0,-0.07531380753138073,-9.0,Miércoles,59.554140127388536,0.03755868544600949,60704006.19,0.1348216207408765,6.005372217958577,0
2021-08-06,213.0,0.0,0.0,208.45,0.0,0.0,637.0,132785.4,ETB,TELECOM,208.92333333333332,208.25254237288135,208.25254237288135,-0.036870535808327685,-3.6199095022624417,87.68459024873401,7.217609351664303,239.0,-0.10878661087866104,-8.0,Viernes,54.241245136186784,-0.03619909502262442,59923654.44,0.0022159095809644682,1.8748804285441056,0
2021-08-07,203.0,203.0,200.1,200.54,-1.93,-4.0,888478.0,178178355.3,ETB,TELECOM,209.19,208.165,208.165,-0.048086186667637795,-4.694835680751175,86.75193084124959,5.1286643783211865,239.0,-0.15062761506276146,-10.0,,51.515151515151516,-0.04245283018867929,61070920.89,2.917564574160133,-2.558440935054953,1
2021-08-09,199.9,199.9,199.9,199.46,-0.05,-0.1,90485.0,18048130.8,ETB,TELECOM,209.15333333333334,208.04666666666665,208.0295081967213,-0.015388737535432968,-1.5270935960591148,82.9014913143885,5.129632015353572,239.0,-0.16359832635983262,-3.0999999999999943,Lunes,53.40996168582376,-0.034299516908212535,61865547.04,0.29173153174141886,-3.5580750211072245,1
2021-08-10,198.9,0.0,0.0,197.35,0.0,0.0,4729.0,933289.3,ETB,TELECOM,208.61666666666667,207.52833333333334,207.88225806451615,-0.005015055646427843,-0.5002501250625291,79.03142924121977,1.7605142237004388,239.0,-0.16778242677824262,-1.0,Martes,43.56164383561644,-0.005499999999999949,61699722.370000005,0.015126312796081386,-3.7828947368420884,1
2021-08-11,201.0,0.0,0.0,197.53,0.0,0.0,29230.0,5773842.7,ETB,TELECOM,208.24666666666664,207.36333333333334,207.77301587301588,0.0105027221991492,1.0558069381598756,75.65828746895971,2.3235325289804236,239.0,-0.15899581589958156,2.0999999999999943,Miércoles,40.34749034749034,0.010558069381598756,61297290.879999995,0.09419409270963201,-2.6257145625423832,0
2021-09-02,215.0,215.0,214.5,214.81,0.7,1.5,711717.0,152884585.4,ETB,TELECOM,207.44666666666666,207.46500000000003,207.8859375,0.06733312006858695,6.965174129353224,79.27097222903254,4.298684359706703,239.0,-0.10041841004184104,14.0,Jueves,51.38121546961325,0.11979166666666674,68892603.05,2.219172721475503,3.704418290565313,0
2021-09-03,232.0,232.0,232.0,231.24,0.87,2.0,178575.0,41293270.0,ETB,TELECOM,207.81333333333333,207.96500000000003,208.2569230769231,0.07609934353864725,7.906976744186056,82.86445732676869,4.361350444406367,239.0,-0.029288702928870314,17.0,Viernes,60.36484245439469,0.0780669144981414,70274250.52000001,0.5876017132085665,11.103129564446999,0
2021-09-04,220.0,220.0,213.0,218.3,-0.45,-1.0,324963.0,70939910.8,ETB,TELECOM,208.14666666666665,208.29833333333335,208.4348484848485,-0.05310982531394841,-5.1724137931034475,84.36049862019802,5.434118241309742,239.0,-0.07949790794979084,-12.0,,57.961783439490446,0.030444964871194413,72368534.725,0.9802590458625595,4.826797541335124,0
2021-09-06,212.8,212.8,202.3,208.01,-0.09,-0.2,111193.0,23129043.6,ETB,TELECOM,208.67333333333332,208.645,208.5,-0.03327478888487221,-3.2727272727272716,82.33206372210313,5.882490100592327,239.0,-0.10962343096234306,-7.199999999999989,Lunes,55.27714502657555,-0.07478260869565212,72123631.89500001,0.32068606353146545,0.8722032612817747,0
2021-09-07,200.0,203.0,200.0,201.33,-1.48,-3.0,260928.0,52532149.9,ETB,TELECOM,208.84,208.4116666666667,208.375,-0.062035390919452635,-6.015037593984962,83.84204829334277,6.794212117128198,239.0,-0.16317991631799167,-12.800000000000011,Martes,52.90697674418604,-0.09502262443438914,66315140.135000005,0.7921592232642274,-4.902287099995246,1
2021-09-08,197.0,0.0,0.0,188.68,0.0,0.0,3398.0,641126.0,ETB,TELECOM,208.70666666666665,207.86166666666668,208.21014492753622,-0.015113637810048184,-1.5000000000000013,80.07886094489011,5.600106126675437,239.0,-0.17573221757322177,-3.0,Miércoles,42.24872231686542,-0.07511737089201875,66297028.33,0.009670508862157924,-5.791210367749025,1
2021-09-09,199.9,0.0,0.0,198.87,0.0,0.0,101768.0,20239069.9,ETB,TELECOM,208.10333333333332,207.64333333333335,208.09142857142857,0.014613512768365883,1.4720812182741128,76.9385540386914,3.0033862190811713,239.0,-0.16359832635983262,2.9000000000000057,Jueves,44.2664418212479,-0.015270935960591148,62973498.160000004,0.32139027513728957,-4.1269993525334945,1
2021-09-11,201.0,201.0,196.0,199.81,0.0,0.0,313804.0,62700388.2,ETB,TELECOM,207.43666666666664,207.54333333333335,207.99154929577463,0.0054876665527213144,0.5502751375687787,73.48414026486306,3.0101814574225774,239.0,-0.15899581589958156,1.0999999999999943,,35.94961240310077,0.005502751375687787,65873179.685,0.951834851449831,-3.4605316875195045,0
2021-09-12,191.0,191.0,191.0,191.17,-0.52,-1.0,317932.0,60777607.8,ETB,TELECOM,206.8033333333333,207.49333333333334,207.75555555555556,-0.051031480012445875,-4.975124378109452,73.57066567193364,3.3067119163531498,239.0,-0.20083682008368198,-10.0,,35.604606525911706,-0.039718451483157446,64625083.28000001,0.9404646727752733,-8.064787851074568,1
2021-10-02,230.0,230.0,214.8,222.02,6.98,15.0,4648114.0,1031964405.1,ETB,TELECOM,207.57,207.95833333333334,208.06027397260274,0.18580588087656555,20.418848167539274,114.42071800826939,9.942558849031876,239.0,-0.03765690376569042,39.0,,56.286982248520715,0.14427860696517403,111789187.78500001,9.231343616922405,9.884859777363717,0
2021-10-03,223.0,232.0,223.0,225.1,-3.88,-9.0,229832.0,51735966.4,ETB,TELECOM,208.43666666666664,208.325,208.26216216216216,-0.030907537463076663,-3.04347826086957,110.77052643218002,10.14656986138777,239.0,-0.06694560669456062,-7.0,,57.564296520423596,0.037209302325581506,104180007.16499999,0.496601678266932,5.757374561320315,0
2021-10-05,218.0,218.0,210.0,213.55,2.83,6.0,655791.0,140047018.5,ETB,TELECOM,208.96666666666667,208.75833333333333,208.392,-0.0226767086710297,-2.2421524663677084,106.48522237605751,10.408412505038891,239.0,-0.08786610878661083,-5.0,Martes,56.74869500372856,-0.06034482758620685,102083855.79,1.3718821396019292,3.3175355450236967,0
2021-10-06,203.0,203.0,203.0,204.14,-4.61,-9.8,137731.0,28116259.3,ETB,TELECOM,209.10333333333332,208.575,208.32105263157894,-0.07128908374730171,-6.880733944954132,107.42885814051584,11.193385476901975,239.0,-0.15062761506276146,-15.0,Miércoles,51.38419986495611,-0.07727272727272727,98720268.3,0.28480736310964827,-3.551490675852236,1
2021-10-08,197.0,0.0,0.0,185.12,0.0,0.0,713.0,131992.8,ETB,TELECOM,209.3033333333333,208.075,208.17402597402597,-0.03000225030379879,-2.9556650246305383,103.19890937476856,10.973702272621672,239.0,-0.17573221757322177,-6.0,Viernes,48.684210526315795,-0.0742481203007519,97419170.48500001,0.0013548955440995404,-5.662636178618455,1
2021-10-09,200.0,200.0,200.0,200.16,0.05,0.1,101358.0,20287540.8,ETB,TELECOM,208.86999999999998,207.90833333333333,208.06923076923076,0.015113637810048106,1.522842639593902,98.86391565306525,2.9875548090103026,239.0,-0.16317991631799167,3.0,,44.680851063829785,0.0,98024336.9,0.20696432581529658,-3.7420286367464834,1
2021-10-11,201.0,0.0,0.0,197.61,0.0,0.0,19137.0,3781718.3,ETB,TELECOM,208.20333333333332,207.70833333333334,207.97974683544305,0.004987541511038968,0.49999999999998934,94.34593604164013,3.2959557364685637,239.0,-0.15899581589958156,1.0,Lunes,37.6,0.020304568527918843,98206783.545,0.03850770958471675,-2.980571980209973,1
2021-10-12,186.1,186.1,186.1,187.49,-2.57,-4.9,161963.0,30366701.0,ETB,TELECOM,207.34,207.57666666666668,207.70625,-0.07702074441087069,-7.412935323383085,96.41346963029987,4.09975321082384,239.0,-0.22133891213389123,-14.900000000000006,Martes,36.74745895230649,-0.06903451725862941,90816200.83000001,0.3343753727029807,-9.804681820384829,1
2021-11-02,240.0,240.0,229.3,236.09,4.35,10.0,5273719.0,1245054802.5,ETB,TELECOM,208.44,208.20833333333334,208.10493827160494,0.2543547596937862,28.962923159591615,153.92032118231432,14.318641968179623,240.0,0.0,53.900000000000006,Martes,57.78923253150057,0.19402985074626855,152166534.41500002,8.182185441014203,15.19907840737275,0
2021-11-03,218.1,223.3,218.1,220.56,-2.2,-4.9,525419.0,115887760.0,ETB,TELECOM,209.04333333333335,208.49333333333334,208.22682926829268,-0.09568525013440798,-9.125000000000005,155.5280013507743,15.31248870751036,240.0,-0.09125000000000005,-21.900000000000006,Miércoles,54.92651061513337,0.1418848167539266,157914257.95,0.733865082890066,4.206980577653541,0
2021-11-05,211.9,216.9,206.0,209.44,-2.8,-6.1,505850.0,105946363.9,ETB,TELECOM,209.47666666666666,208.85666666666665,208.2710843373494,-0.02883920793332989,-2.842732691425942,149.09995298945452,15.53277911749111,240.0,-0.11708333333333332,-6.199999999999989,Viernes,53.98608881754949,-0.07869565217391306,162922884.01000002,0.6502853453876813,0.9817003431185676,1
2021-11-06,206.0,206.0,206.0,206.7,1.48,3.0,130177.0,26907447.6,ETB,TELECOM,209.94333333333333,208.73999999999998,208.24404761904762,-0.028238296484672316,-2.784332232184994,142.8318976581401,15.68167271854338,240.0,-0.14166666666666672,-5.900000000000006,,51.60610847814639,-0.07623318385650224,156624027.12,0.171796422903776,-1.618988490376816,1
2021-11-08,193.9,193.9,180.7,187.4,-1.57,-3.1,191055.0,35803799.3,ETB,TELECOM,209.23333333333332,208.43666666666664,208.07529411764708,-0.060533606540974956,-5.87378640776699,138.97081595404498,15.480230872897241,240.0,-0.19208333333333327,-12.099999999999994,Lunes,48.23295171727228,-0.11055045871559632,156349553.585,0.22899841079837258,-6.547461262259913,1
2021-11-10,198.0,198.0,196.0,196.79,-0.45,-0.9,571024.0,112371984.3,ETB,TELECOM,208.71666666666667,208.08666666666664,207.95813953488374,0.02092446844592916,2.1144920061887618,133.12949235230965,4.169460952243608,240.0,-0.17500000000000004,4.099999999999994,Miércoles,51.79487179487179,-0.024630541871921152,158421157.26,0.709324349370682,-4.06279526128352,1
2021-11-11,199.0,199.0,199.0,198.81,-1.0,-2.0,55147.0,10963717.0,ETB,TELECOM,207.68333333333334,207.9033333333333,207.85517241379313,0.005037794029957081,0.5050505050504972,127.00532297410396,3.1339122946928253,240.0,-0.17083333333333328,1.0,Jueves,40.12738853503185,0.010152284263959421,157812890.93,0.06947288612096399,-3.254819028172777,1
2021-12-01,214.3,215.1,214.3,214.75,-0.42,-0.9,520995.0,111884334.1,ETB,TELECOM,207.46,207.925,207.9284090909091,0.07407207775503907,7.688442211055291,126.39036892191737,5.136821906951419,240.0,-0.10708333333333331,15.300000000000011,Miércoles,47.368421052631575,0.07150000000000012,160780500.14,0.6958824857652294,3.822489220483511,0
2021-12-02,245.5,248.0,235.0,242.9,2.29,5.5,4524216.0,1098924392.9,ETB,TELECOM,208.54333333333335,208.73333333333332,208.35056179775282,0.13592004475504388,14.559029398040124,135.44776509353687,7.716159343844569,245.5,0.0,31.19999999999999,Jueves,57.18015665796345,0.22139303482587058,215694663.48499998,5.094814934892547,17.556922929585568,0
2021-12-03,218.1,0.0,0.0,222.73,0.0,0.0,55100.0,12272304.4,ETB,TELECOM,209.04666666666668,209.1183333333333,208.45888888888888,-0.1183432740269919,-11.16089613034623,143.55778189920676,9.523624591822978,245.5,-0.11160896130346232,-27.400000000000006,Viernes,53.702795487984304,0.17195056421278876,215296325.21000004,0.05700192229490956,3.9834084245154924,0
2021-12-04,222.0,222.0,222.0,221.72,0.91,2.0,156349.0,34665215.0,ETB,TELECOM,209.78333333333333,209.4683333333333,208.62555555555554,0.017723708664695994,1.7881705639614776,137.03648002888502,9.530109153686073,245.5,-0.09572301425661911,3.9000000000000057,,56.194251734390484,-0.07499999999999996,213894566.55,0.162066833015586,5.31559097701559,0
2021-12-05,211.9,0.0,0.0,211.37,0.0,0.0,43205.0,9132348.3,ETB,TELECOM,210.21666666666667,209.41666666666666,208.42444444444445,-0.046562916598026034,-4.549549549549548,132.84919706912763,10.070715699713043,245.5,-0.13686354378818733,-10.099999999999994,,52.84825275251317,-0.02842732691425942,211312303.57500002,0.04321730512373456,0.028323262839880226,0
2021-12-07,200.5,200.5,199.6,199.99,0.25,0.5,404799.0,80956241.4,ETB,TELECOM,210.2,209.22333333333336,208.30888888888887,-0.05530021852762951,-5.379896177442189,129.2926237339527,9.809060841731954,245.5,-0.18329938900203668,-11.400000000000006,Martes,49.8860009119927,-0.053798961774421894,163761895.39000002,0.49435334884957327,-4.689468305088779,0
2021-12-08,193.9,0.0,0.0,193.73,0.0,0.0,11136.0,2157407.2,ETB,TELECOM,209.4966666666667,208.4716666666667,208.14222222222222,-0.03347168449801768,-3.2917705735660774,123.99702273102923,4.640672151577255,245.5,-0.21018329938900204,-6.599999999999994,Miércoles,51.8483412322275,-0.0587378640776699,161282967.43,0.013376534635849613,-7.184912163132445,0
2021-12-10,197.9,197.9,195.0,196.2,-0.05,-0.1,293056.0,57498442.3,ETB,TELECOM,208.36,208.08666666666667,208.09666666666666,0.020419290359913928,2.0629190304280565,118.94413561109944,3.5486184454957206,245.5,-0.19389002036659875,4.0,Viernes,36.93358162631906,0.020629190304280565,157155538.62,0.36586965247868525,-4.812294076621545,0
2021-12-11,197.9,197.9,192.1,193.72,-0.55,-1.1,276230.0,53511239.3,ETB,TELECOM,207.62333333333333,207.88500000000002,208.07333333333335,0.0,0.0,113.43172886746275,3.155612176157113,245.5,-0.19389002036659875,0.0,,42.74425287356322,-0.0005050505050504528,158425287.62,0.3377695575238748,-4.695400915001204,0
2022-01-02,187.0,188.0,187.0,187.7,-1.53,-2.9,340848.0,63977877.0,ETB,TELECOM,206.76333333333332,207.71833333333333,208.0177777777778,-0.056653235753933426,-5.507832238504296,110.86777653508612,3.354421906293402,245.5,-0.23828920570264767,-10.900000000000006,,41.34815844336344,-0.06030150753768848,161617581.82999998,0.3958596352920077,-9.72725078445571,0
2022-01-03,182.3,182.3,182.3,182.53,1.28,2.3,123035.0,22457452.8,ETB,TELECOM,206.17333333333332,207.5066666666667,207.66555555555558,-0.02545493516996917,-2.5133689839572093,105.97914612298942,2.9424451064908514,245.5,-0.25743380855397147,-4.699999999999989,Lunes,41.6958654519972,-0.14932337844143728,161726077.43,0.13886104923134782,-11.618548954015466,0
2022-01-04,184.9,184.9,184.0,183.84,2.15,3.9,138644.0,25488168.0,ETB,TELECOM,205.77,207.23833333333334,207.16444444444443,0.014161456708461794,1.4262205156335694,101.71439212420064,3.1158892348173644,245.5,-0.2468431771894093,2.5999999999999943,Martes,46.621621621621614,-0.2468431771894093,162811399.91500002,0.15655026621788629,-10.006813978389943,0
2022-01-06,161.0,161.0,155.0,156.93,5.57,8.5,932513.0,146340734.3,ETB,TELECOM,204.47333333333336,206.28833333333336,206.58666666666664,-0.13841077340861624,-12.925905895078426,114.44864142108382,5.691076019518738,245.5,-0.34419551934826886,-23.900000000000006,Jueves,37.90849673202615,-0.26180651077487394,168610101.58,0.8679238843265039,-21.157660194412472,0
2022-01-07,170.0,161.0,155.0,161.43,5.57,8.5,44815.0,7234571.5,ETB,TELECOM,203.44000000000003,205.43833333333336,206.17555555555555,0.054394072065798764,5.590062111801242,114.57251608584443,7.03920464263605,245.5,-0.3075356415478615,9.0,Viernes,40.993788819875775,-0.23423423423423428,106719090.03,0.0677907907382482,-15.298572531825307,1
2022-01-08,169.0,161.0,155.0,159.79,5.57,8.5,51622.0,8248631.6,ETB,TELECOM,202.70666666666668,204.75500000000002,205.89777777777778,-0.005899722127188271,-0.588235294117645,109.29777502043638,6.906238893494301,245.5,-0.3116089613034623,-1.0,,34.56032719836401,-0.2024539877300614,101337133.61000001,0.08139791709271338,-14.754098360655737,1
2022-01-09,148.1,161.0,155.0,139.97,5.57,8.5,49298.0,6900293.0,ETB,TELECOM,199.97666666666666,203.77333333333337,205.29777777777778,-0.13201099364932037,-12.366863905325442,118.18665922580824,8.403447736546568,245.5,-0.3967413441955193,-20.900000000000006,,14.296187683284444,-0.2613466334164589,96384830.06500001,0.07159106879523032,-24.074643699374555,1
2022-01-11,118.0,161.0,155.0,114.05,5.57,8.5,56278.0,6418598.0,ETB,TELECOM,196.47666666666666,202.45666666666668,204.37555555555554,-0.22720309680808828,-20.32410533423362,147.5155776892921,10.425521676583255,245.5,-0.5193482688391038,-30.099999999999994,Martes,14.018691588785046,-0.39143888602372356,95360387.58500001,0.06730884974936524,-38.10972411622784,1
2022-01-12,120.0,120.0,120.0,119.96,5.57,0.0,339949.0,40779580.0,ETB,TELECOM,193.21,201.08833333333334,203.57555555555555,0.01680711831638119,1.6949152542372836,143.3261373529385,10.785825932391505,245.5,-0.5112016293279023,2.0,Miércoles,12.827988338192412,-0.39363314805457306,95609176.62000002,0.4265237024483434,-35.81686411895274,1
2022-02-02,186.0,187.0,186.0,186.57,-0.53,-1.0,364197.0,67948410.5,ETB,TELECOM,192.64333333333335,200.87333333333336,203.26444444444445,0.4382549309311553,55.00000000000001,260.8135498860231,29.515115776752264,245.5,-0.24236252545824843,66.0,Miércoles,43.293630243397196,-0.06013137948458824,93387997.93000002,0.727592538721426,-0.19585222547152584,0
2022-02-03,182.3,0.0,0.0,182.77,0.0,0.0,89235.0,16309329.5,ETB,TELECOM,192.15333333333334,200.72833333333335,202.76777777777775,-0.020092992028583785,-1.9892473118279463,248.9839627332326,29.584240024382364,245.5,-0.25743380855397147,-3.6999999999999886,Jueves,45.09169363538295,-0.025133689839572093,93655278.55500002,0.17414212793593026,-1.7409583355791463,0
2022-02-05,175.0,175.0,175.0,174.23,-1.13,-2.0,95668.0,16668157.6,ETB,TELECOM,191.32000000000002,200.095,202.37888888888887,-0.040867707761103315,-4.004388370817336,238.3216896406568,28.61983439644024,245.5,-0.28716904276985744,-7.300000000000011,,44.922084900591074,-0.040043883708173356,88894469.73,0.1875050005993213,-4.66592215291586,0
2022-02-06,163.8,163.8,163.8,162.24,1.74,2.8,212970.0,34551555.2,ETB,TELECOM,190.08,199.14166666666668,201.83222222222219,-0.06613980250454495,-6.399999999999995,229.32054143433268,25.962975053308735,245.5,-0.3327902240325865,-11.199999999999989,,41.17951370926022,-0.11411573823688481,35675827.845,0.9684864314884409,-8.736349453978162,1
2022-02-08,169.0,163.8,163.8,160.15,1.74,2.8,1684.0,269689.1,ETB,TELECOM,189.51000000000002,198.425,201.5544444444444,0.031252543504104315,3.1746031746031633,219.34433452880162,25.869146388643223,245.5,-0.3116089613034623,5.199999999999989,Martes,42.72040302267002,0.049689440993788914,35075697.08,0.007688773779317859,-4.533258014404748,1
2022-02-09,140.1,140.1,140.1,142.95,-5.4,-8.0,170002.0,24301047.7,ETB,TELECOM,186.17999999999998,197.31,200.86555555555557,-0.18754226158011217,-17.100591715976332,226.2968460308385,7.4986006958959,245.5,-0.4293279022403259,-28.900000000000006,Miércoles,39.16859122401847,-0.1758823529411765,34557488.715,0.703206413533513,-18.98456022668132,1
2022-02-11,118.0,140.1,140.1,115.83,-5.4,-8.0,64617.0,7484363.0,ETB,TELECOM,182.8433333333333,195.94333333333333,199.94333333333336,-0.17167182887729648,-15.774446823697353,227.19746039840985,8.465477892496438,245.5,-0.5193482688391038,-22.099999999999994,Viernes,36.25480974775545,-0.30177514792899407,34475089.45,0.21709481017749757,-29.86001723779238,1
2022-02-12,120.0,120.0,120.0,120.59,-5.4,0.0,237489.0,28638330.0,ETB,TELECOM,179.78,194.6283333333333,199.16444444444448,0.01680711831638119,1.6949152542372836,217.88922891475275,9.466074818081008,245.5,-0.5112016293279023,2.0,,36.090870124303464,-0.18973666441593517,31859193.880000003,0.8989031583118009,-26.92284270141892,1
2022-03-01,194.8,194.8,194.7,194.81,2.53,4.8,192985.0,37595265.0,ETB,TELECOM,179.40666666666667,194.675,198.96222222222224,0.48448164842638886,62.33333333333335,317.43881758302496,32.4190489719474,245.5,-0.20651731160896125,74.80000000000001,Martes,55.94651653764955,0.6508474576271188,33631086.77,1.1178724391843373,18.596085355088114,0
2022-03-02,186.0,0.0,0.0,185.52,0.0,0.0,40223.0,7462297.4,ETB,TELECOM,179.14333333333335,194.18833333333336,198.67222222222222,-0.04622671749523348,-4.517453798767967,304.147059422641,32.81804106899536,245.5,-0.24236252545824843,-8.800000000000011,Miércoles,52.816901408450704,0.55,31129279.525,0.23971956671875466,13.650250519369406,0
2022-03-03,192.0,192.0,180.0,188.02,5.32,9.7,2489232.0,468025005.4,ETB,TELECOM,178.94333333333333,193.83,198.37222222222223,0.03174869831458027,3.2258064516129004,290.13871834175046,30.524067476961847,245.5,-0.2179226069246436,6.0,Jueves,53.97923875432525,0.032258064516129004,51854967.83,9.02565414627893,17.52823432191717,0
2022-03-05,175.0,192.0,180.0,173.58,5.32,9.7,50888.0,8833214.4,ETB,TELECOM,178.14333333333335,192.91333333333336,197.98333333333332,-0.09270939810426745,-8.854166666666663,281.08822194166623,29.226970910842805,245.5,-0.28716904276985744,-17.0,,54.71764293230446,-0.040043883708173356,49097734.7,0.1799108340532053,7.5169723220594005,1
2022-03-06,165.0,165.0,163.9,164.53,0.73,1.2,853537.0,140436538.0,ETB,TELECOM,176.5,191.98000000000002,197.45,-0.058840500022933465,-5.714285714285716,269.62135983053577,29.980638338651733,245.5,-0.32790224032586557,-10.0,,58.867924528301884,-0.05714285714285716,54996688.96,2.553545325285706,1.914762198888199,1
2022-03-08,169.0,165.0,163.9,161.9,0.73,1.2,20192.0,3269084.8,ETB,TELECOM,173.95,191.2466666666667,197.13888888888889,0.023953241022492796,2.4242424242424176,257.3505445787476,5.282874305394785,245.5,-0.3116089613034623,4.0,Martes,59.17602996254682,0.03174603174603163,53885734.8,0.060666980085423275,4.9005307097855315,1
2022-03-10,144.0,165.0,163.9,140.59,0.73,1.2,13798.0,1939910.6,ETB,TELECOM,171.48,190.26333333333335,196.57222222222222,-0.16008541534707282,-14.792899408284022,256.6426492753322,7.643899576033658,245.5,-0.4134419551934827,-25.0,Jueves,40.70796460176991,-0.14792899408284022,46665693.614999995,0.04157037964558282,-10.143209260241504,1
2022-03-11,118.0,165.0,163.9,108.97,0.73,1.2,1515.0,165086.0,ETB,TELECOM,168.01333333333332,188.89833333333337,195.65,-0.19912867511033588,-18.055555555555557,259.58236795101743,8.013913836414279,245.5,-0.5193482688391038,-26.0,Viernes,37.05195328231977,-0.15774446823697352,46312219.339999996,0.0035646315886532077,-25.153024008119008,1
2022-04-01,195.9,195.9,195.0,195.53,0.56,1.1,235688.0,46084126.1,ETB,TELECOM,167.48000000000002,188.84833333333333,195.43777777777774,0.5069197004848303,66.01694915254237,352.7970854739356,34.50744912938361,245.5,-0.2020366598778004,77.9,Viernes,53.27688930699279,0.6601694915254237,48203994.065,0.9560229809558625,23.207547169811324,0
2022-04-02,183.1,185.1,183.1,184.1,-1.56,-2.9,433721.0,79848047.9,ETB,TELECOM,166.9,188.55,195.11555555555557,-0.06757187327003007,-6.533945890760595,338.75963811638997,34.57874083638842,245.5,-0.2541751527494909,-12.800000000000011,,53.01092043681747,0.5258333333333334,51851381.81,1.539940597775942,13.903576982892687,0
2022-04-03,192.0,0.0,0.0,188.08,0.0,0.0,20226.0,3804037.5,ETB,TELECOM,166.83666666666664,188.16666666666666,194.59333333333336,0.047462920347316605,4.860731840524313,323.4598974017281,34.53620985089961,245.5,-0.2179226069246436,8.900000000000006,,53.54719309068476,-0.014373716632443578,51720653.785000004,0.07354967931792163,16.752812404986326,0
2022-04-04,184.9,0.0,0.0,180.85,0.0,0.0,83143.0,15036666.5,ETB,TELECOM,166.40333333333334,187.38166666666666,194.19222222222223,-0.037680233634702395,-3.6979166666666674,309.34287286615074,33.17170599318292,245.5,-0.2468431771894093,-7.099999999999994,Lunes,57.407407407407405,-0.005913978494623606,50433508.11,0.29814833557093995,10.259697665404463,1
2022-04-05,175.0,0.0,0.0,172.36,0.0,0.0,20693.0,3566573.5,ETB,TELECOM,165.64000000000001,186.63166666666666,193.8033333333333,-0.05502916446956514,-5.354245538128721,296.4658873268293,31.046206147443645,245.5,-0.28716904276985744,-9.900000000000006,Martes,59.82081323225361,-0.08854166666666663,47214416.260000005,0.07553992577944031,4.699512399413694,1
2022-04-08,169.0,0.0,0.0,161.18,0.0,0.0,12919.0,2082319.1,ETB,TELECOM,165.04000000000002,185.90166666666667,193.4922222222222,-0.03488725900044055,-3.4285714285714253,283.2308164831477,4.481906706967328,245.5,-0.3116089613034623,-6.0,Viernes,58.32766825288919,-0.03428571428571425,46503065.739999995,0.04477810369841651,1.5136953387794392,1
2022-04-10,144.0,0.0,0.0,133.48,0.0,0.0,1236.0,164984.0,ETB,TELECOM,163.76333333333335,184.96833333333333,192.92555555555555,-0.16008541534707282,-14.792899408284022,280.20592815238115,7.001546148455359,245.5,-0.4134419551934827,-25.0,,39.60720130932897,-0.12727272727272732,45677907.059999995,0.003611899288277067,-12.690232219729586,1
2022-04-11,105.0,105.0,105.0,105.1,-11.02,-13.0,97073.0,10201930.3,ETB,TELECOM,161.1,183.435,191.85888888888888,-0.3158529494184773,-27.083333333333336,301.99766830001397,10.191890080436721,245.5,-0.5723014256619144,-39.0,Lunes,35.25127458120903,-0.37869822485207105,44460425.815000005,0.2294609219994939,-35.18118402370516,1
2022-05-01,195.9,0.0,0.0,192.36,0.0,0.0,75826.0,14586094.4,ETB,TELECOM,162.26333333333332,183.36833333333334,191.61333333333334,0.6236439747929716,86.57142857142857,424.0777280127377,45.35810930376142,245.5,-0.2020366598778004,90.9,,50.54242002781641,0.3604166666666666,45176246.08,0.32287088161708544,19.937551657636167,0
2022-05-04,184.9,0.0,0.0,182.23,0.0,0.0,101080.0,18420167.1,ETB,TELECOM,162.75999999999996,183.1,191.21222222222224,-0.05778918655741589,-5.615109749872382,405.9086011721818,45.37628103536749,245.5,-0.2468431771894093,-11.0,Miércoles,51.40028288543141,0.5669491525423729,44882202.05,0.41041139379657515,11.671447984297158,0
2022-05-05,175.0,0.0,0.0,171.48,0.0,0.0,8115.0,1391594.9,ETB,TELECOM,162.95999999999998,182.83333333333334,190.82333333333335,-0.05502916446956514,-5.354245538128721,388.2658676485089,45.49631853507868,245.5,-0.28716904276985744,-9.900000000000006,Jueves,51.41482739105829,-0.10668708524757531,44577563.644999996,0.031217383504450157,3.9038147543416883,0
2022-05-07,170.0,0.0,0.0,159.61,0.0,0.0,6704.0,1070030.0,ETB,TELECOM,163.69000000000003,181.83333333333334,190.41222222222225,-0.028987536873252298,-2.857142857142858,370.5464835364695,44.38322759674651,245.5,-0.3075356415478615,-5.0,,50.1410835214447,-0.07154560349535766,43199148.644999996,0.02476970110668717,-0.5411730291063398,1
2022-05-08,169.0,0.0,0.0,155.31,0.0,0.0,3447.0,535350.3,ETB,TELECOM,165.39000000000001,180.93333333333334,190.10111111111112,-0.005899722127188271,-0.588235294117645,353.3229328950665,40.379453944028604,245.5,-0.3116089613034623,-1.0,,53.78329297820824,-0.11979166666666663,41346152.91,0.012948007548980936,-0.3743331270079824,1
2022-05-09,140.3,140.3,140.3,141.72,0.14,0.2,182771.0,25902681.5,ETB,TELECOM,166.06666666666666,179.63833333333335,189.41444444444443,-0.18611572781465813,-16.98224852071005,348.1232120511042,6.323554349281129,245.5,-0.4285132382892056,-28.69999999999999,Lunes,53.347343140198134,-0.24121146565711193,42268172.114999995,0.6128176404109923,-16.163728712279642,1
2022-05-10,144.0,140.3,140.3,138.3,0.14,0.2,44171.0,6108838.0,ETB,TELECOM,164.66666666666666,178.65500000000003,188.80444444444447,0.026030312467585307,2.6372059871703435,332.49036384036106,7.506559409504863,245.5,-0.4134419551934827,3.6999999999999886,Martes,39.97682502896871,-0.17714285714285716,19172363.745,0.3186272741979004,-12.700818429827216,1
2022-05-12,120.0,120.0,120.0,118.82,0.14,0.0,276962.0,32907695.0,ETB,TELECOM,162.59,177.3716666666667,188.01555555555558,-0.1823215567939546,-16.666666666666664,326.8996893182408,9.276051292626407,245.5,-0.5112016293279023,-24.0,Jueves,38.31914105886708,-0.2899408284023669,20376087.775000002,1.615015373087241,-26.017262638717625,1
2022-06-01,190.0,194.0,190.0,192.15,-3.01,-5.9,405019.0,77822610.6,ETB,TELECOM,163.09,177.205,187.76000000000002,0.45953232937844013,58.33333333333333,385.95869067596425,30.956898991950037,245.5,-0.22606924643584525,70.0,Miércoles,49.69806763285024,0.3194444444444444,17245391.405,4.5126613117888805,16.24349954114409,0
2022-06-04,184.6,184.6,177.0,180.07,-0.16,-0.3,399521.0,71942274.9,ETB,TELECOM,163.78333333333333,176.93166666666667,187.35555555555555,-0.02883275009173443,-2.8421052631579014,368.62103100062626,31.081084960548402,245.5,-0.24806517311608967,-5.400000000000006,,49.95447647951442,0.7580952380952379,20679050.91,3.4789930743489816,12.40333678377885,0
2022-06-05,175.0,184.6,177.0,168.41,-0.16,-0.3,46274.0,7792888.5,ETB,TELECOM,163.98333333333332,176.74666666666664,186.94444444444446,-0.05340534814523774,-5.200433369447454,352.82902568488777,29.40941860837861,245.5,-0.28716904276985744,-9.599999999999994,,50.0,-0.10668708524757531,20971699.805,0.3715906947200363,5.561587646278199,0
2022-06-06,165.0,184.6,177.0,164.31,-0.16,-0.3,18632.0,3061375.3,ETB,TELECOM,164.81333333333336,175.49666666666664,186.4777777777778,-0.058840500022933465,-5.714285714285716,337.80760449862987,29.96889565313521,245.5,-0.32790224032586557,-10.0,Lunes,49.39975990396159,-0.10762574364521371,21116514.270000003,0.14497540933397618,-1.8616546719800127,1
2022-06-07,170.0,184.6,177.0,154.17,-0.16,-0.3,20133.0,3103847.0,ETB,TELECOM,166.54666666666668,174.695,186.14444444444445,0.02985296314968113,3.0303030303030276,322.37229130593244,27.50660800123815,245.5,-0.3075356415478615,5.0,Martes,54.15070242656449,-0.02857142857142858,18967500.315,0.16364027670770068,1.8970839452153276,1
2022-06-09,140.3,184.6,177.0,140.54,-0.16,-0.3,20580.0,2892416.0,ETB,TELECOM,167.22333333333336,173.50166666666667,185.4933333333333,-0.1920154499418465,-17.470588235294116,320.67810765654866,7.469336033207875,245.5,-0.4285132382892056,-29.69999999999999,Jueves,55.807831523527476,-0.17470588235294116,15119718.719999999,0.19130091330164642,-14.81222866510822,1
2022-06-10,144.0,144.0,144.0,143.62,-0.16,0.0,175239.0,25168266.0,ETB,TELECOM,165.53000000000003,172.46833333333333,184.95999999999998,0.026030312467585307,2.6372059871703435,306.33523935977325,8.334220744646123,245.5,-0.4134419551934827,3.6999999999999886,Viernes,38.024919243193345,-0.14792899408284022,16187930.145,1.5547550412288984,-11.272682460950731,1
2022-06-12,120.0,144.0,144.0,119.94,-0.16,0.0,98573.0,11823042.0,ETB,TELECOM,163.33,171.23666666666668,183.90222222222218,-0.1823215567939546,-16.666666666666664,302.9144410547444,9.975974650309958,245.5,-0.5112016293279023,-24.0,,35.872877666521546,-0.14468995010691388,16027248.919999998,0.7376838070597584,-24.552027664256528,1
2022-07-01,190.0,190.0,190.0,189.96,0.0,0.0,235911.0,44813931.4,ETB,TELECOM,163.26333333333335,171.10333333333335,183.64111111111112,0.45953232937844013,58.33333333333333,367.44499678081536,30.91742158417324,245.5,-0.22606924643584525,70.0,Viernes,52.5879917184265,0.3194444444444444,18089616.814999998,2.4773289483301864,18.898623279098864,0
2022-07-02,183.1,0.0,0.0,185.06,0.0,0.0,58374.0,10802492.0,ETB,TELECOM,163.53333333333333,170.83833333333334,183.12,-0.036991620480021095,-3.631578947368419,351.28518456702864,31.218009235689017,245.5,-0.2541751527494909,-6.900000000000006,,52.24545766198149,0.5258333333333334,18525625.46,0.5831107847518795,14.077443070309315,0
2022-07-03,192.0,0.0,0.0,187.57,0.0,0.0,49987.0,9376159.1,ETB,TELECOM,164.43333333333334,170.46666666666667,182.79777777777778,0.047462920347316605,4.860731840524313,335.32616002523173,28.76488400618953,245.5,-0.2179226069246436,8.900000000000006,,53.83845126835781,0.010526315789473717,18986184.215,0.49384115279953844,17.860102513734976,0
2022-07-04,184.6,0.0,0.0,178.21,0.0,0.0,137055.0,24424495.6,ETB,TELECOM,164.95333333333335,169.45166666666665,182.48222222222225,-0.039304049959029794,-3.8541666666666696,320.76807929555883,29.27189395905447,245.5,-0.24806517311608967,-7.400000000000006,Lunes,57.9590370104204,0.0,19697312.48,1.2399912741801618,10.615094226563187,0
2022-07-06,165.0,165.0,161.0,164.62,0.0,0.0,449910.0,74064874.8,ETB,TELECOM,165.65333333333334,168.56666666666666,182.06,-0.11224584816817108,-10.617551462621877,311.2269125377837,28.10935957866611,245.5,-0.32790224032586557,-19.599999999999994,Miércoles,53.569000679809655,-0.05714285714285716,22671251.5,3.266907201836652,-0.20563686948107135,1
2022-07-07,170.0,165.0,161.0,161.34,0.0,0.0,53031.0,8555971.0,ETB,TELECOM,167.38666666666668,167.7,181.7277777777778,0.02985296314968113,3.0303030303030276,297.07506179392743,6.179133353789617,245.5,-0.3075356415478615,5.0,Jueves,59.0843023255814,0.030303030303030276,22178041.695,0.3857856846724627,3.283817855949452,1
2022-07-09,140.3,140.3,140.3,140.21,0.0,0.0,81542.0,11433029.0,ETB,TELECOM,165.53333333333333,166.50666666666666,181.07666666666665,-0.1920154499418465,-17.470588235294116,297.506020513634,9.353143474665973,245.5,-0.4285132382892056,-29.69999999999999,,39.42103022562793,-0.17470588235294116,22680113.4,0.5040992872637048,-13.852388554586748,1
2022-07-10,144.0,140.3,140.3,142.51,0.0,0.0,2476.0,352851.7,ETB,TELECOM,164.23000000000002,165.565,180.44333333333333,0.026030312467585307,2.6372059871703435,284.31300816443724,8.815796189099428,245.5,-0.4134419551934827,3.6999999999999886,,41.295025728987994,0.026372059871703435,22644254.485,0.015582394211023195,-10.869026986877941,1
2022-07-12,120.0,140.3,140.3,119.25,0.0,0.0,36925.0,4403140.0,ETB,TELECOM,161.83,164.33333333333334,179.38777777777779,-0.1823215567939546,-16.666666666666664,282.62163948350013,10.078515009915376,245.5,-0.5112016293279023,-24.0,Martes,38.89337641357027,-0.16666666666666663,22837643.97,0.19280184969097758,-24.58047891395889,1
2022-08-02,188.0,188.0,183.1,185.27,2.68,4.9,322532.0,59754069.0,ETB,TELECOM,161.93333333333334,164.16833333333335,178.89888888888888,0.4489502200479032,56.666666666666664,349.4776787059872,30.21272358515123,245.5,-0.2342158859470469,68.0,Martes,53.76308900523561,0.5666666666666667,24530213.345,2.4359375990580077,16.412272825784097,0
2022-08-03,192.0,0.0,0.0,183.98,0.0,0.0,247503.0,45535729.0,ETB,TELECOM,162.5,164.07000000000002,178.58777777777777,0.021053409197832263,2.127659574468077,333.2211844561874,30.234899610823067,245.5,-0.2179226069246436,4.0,Miércoles,53.6112934996717,0.010526315789473717,26501557.895,1.718228384173262,17.148174135879692,0
2022-08-04,184.6,0.0,0.0,177.99,0.0,0.0,61626.0,10968591.0,ETB,TELECOM,163.01999999999998,164.03000000000003,178.27444444444444,-0.039304049959029794,-3.8541666666666696,318.7940154048654,28.197908714352884,245.5,-0.24806517311608967,-7.400000000000006,Jueves,57.846262840949336,0.008192244675040872,25404602.695,0.4317560534870628,10.456245325355269,0
2022-08-06,165.0,0.0,0.0,162.92,0.0,0.0,13648.0,2223546.9,ETB,TELECOM,163.71999999999997,163.74166666666667,177.88555555555556,-0.11224584816817108,-10.617551462621877,309.43223963380404,29.44500214155935,245.5,-0.32790224032586557,-19.599999999999994,,53.52112676056338,-0.140625,21624649.509999998,0.10282464457848224,-0.5275056518462697,1
2022-08-07,159.0,159.0,154.5,155.53,-6.47,-11.0,412111.0,64096631.0,ETB,TELECOM,165.51999999999998,163.31,177.46333333333334,-0.0370412716803491,-3.6363636363636376,295.55122719272714,27.501700350723418,245.5,-0.3523421588594705,-6.0,,56.95931477516061,-0.13867822318526546,21232367.315,3.0188169811247443,-3.399252711200218,1
2022-08-08,169.0,159.0,154.5,162.67,-6.47,-11.0,42363.0,6891356.3,ETB,TELECOM,164.62333333333333,163.44333333333333,177.12,0.06099451270284193,6.2893081761006275,283.3816033844417,6.444162759425285,245.5,-0.3116089613034623,10.0,Lunes,45.23160762942779,0.024242424242424176,21187290.705000002,0.3252589675551912,2.863751179281161,0
2022-08-09,140.3,159.0,154.5,139.73,-6.47,-11.0,15510.0,2167210.0,ETB,TELECOM,163.13666666666666,162.94833333333332,176.44555555555556,-0.18611572781465813,-16.98224852071005,284.2718960095609,8.701472971366712,245.5,-0.4285132382892056,-28.69999999999999,Martes,41.15702479338844,-0.17470588235294116,21142582.44,0.10250450748626712,-13.958052250705254,1
2022-08-11,101.5,101.5,101.5,101.88,-3.33,-3.5,300252.0,30589320.4,ETB,TELECOM,160.68666666666667,161.82333333333332,175.45111111111112,-0.3237241886265733,-27.65502494654313,307.23462822815,12.896865339963984,245.5,-0.5865580448065173,-38.80000000000001,Jueves,33.35785215152629,-0.2765502494654313,22516856.11,1.358507610945514,-36.417452313089235,1
2022-09-02,187.4,187.4,180.0,183.23,-0.32,-0.6,518273.0,94961012.4,ETB,TELECOM,161.2666666666667,162.47833333333332,174.9777777777778,0.6131865713224798,84.63054187192118,424.05417922694267,44.453808693063664,245.5,-0.23665987780040731,85.9,Viernes,50.39954337899544,0.30138888888888893,27120285.93,3.501475340086874,15.686153466263347,0
2022-09-03,191.0,191.0,180.0,187.79,-0.52,-1.0,855155.0,160586991.1,ETB,TELECOM,162.0,163.695,174.62222222222223,0.019028058242308007,1.9210245464247544,404.3207725052031,44.14197007232489,245.5,-0.22199592668024437,3.5999999999999943,,53.88755980861244,0.5916666666666666,33891222.185,4.738306285427339,16.222465620055978,0
2022-09-05,170.0,174.0,170.0,171.79,-2.86,-5.0,381139.0,65474451.2,ETB,TELECOM,162.99000000000004,164.5283333333333,174.0888888888889,-0.11647499099636806,-10.994764397905755,390.54718958229904,45.13562206680893,245.5,-0.3075356415478615,-21.0,Lunes,50.0,-0.0957446808510638,36573792.644999996,1.790201301667603,1.8940302085830716,0
2022-09-06,165.0,174.0,170.0,159.14,-2.86,-5.0,84823.0,13498669.3,ETB,TELECOM,163.69000000000003,164.1783333333333,173.66666666666666,-0.02985296314968116,-2.941176470588236,372.7314194974536,43.749467423933964,245.5,-0.32790224032586557,-5.0,Martes,53.79183297513048,-0.140625,35008029.54000001,0.38558780592253805,-0.35630170904040304,1
2022-09-08,169.0,174.0,170.0,152.1,-2.86,-5.0,616.0,93693.6,ETB,TELECOM,165.32333333333335,163.95666666666665,173.35555555555555,0.023953241022492796,2.4242424242424176,355.53431664864826,39.29133145573321,245.5,-0.3116089613034623,4.0,Jueves,53.83435582822086,-0.08450704225352113,34472589.62,0.002717915916175955,2.4956788064408584,1
2022-09-09,140.3,174.0,170.0,137.16,-2.86,-5.0,22773.0,3123644.8,ETB,TELECOM,163.66666666666666,163.37833333333336,172.69222222222223,-0.18611572781465813,-16.98224852071005,350.4474866443297,8.459837077079243,245.5,-0.4285132382892056,-28.69999999999999,Viernes,53.0692470517085,-0.14969696969696966,34159963.905,0.0914416891272766,-13.555144793592113,1
2022-09-11,102.0,102.0,101.0,101.75,0.49,0.5,357224.0,36346751.6,ETB,TELECOM,160.91333333333333,162.34833333333336,171.59222222222223,-0.31881017382414417,-27.29864575908767,363.3950041660111,11.688268253392751,245.5,-0.584521384928717,-38.30000000000001,,35.71428571428572,-0.3584905660377359,34756076.705,1.0457668139157712,-35.51242334197383,1
2022-09-12,120.0,102.0,101.0,119.24,0.49,0.5,4573.0,545280.0,ETB,TELECOM,159.07999999999998,161.5316666666667,170.85777777777778,0.16251892949777494,17.647058823529417,359.3285329227348,17.40780086388168,245.5,-0.5112016293279023,18.0,Lunes,38.57142857142857,-0.2899408284023669,31080096.965000004,0.017544346808636153,-23.037455105182154,1
2022-10-02,187.4,0.0,0.0,182.16,0.0,0.0,79805.0,14537112.1,ETB,TELECOM,159.82666666666668,162.32000000000002,170.27333333333334,0.4457536270222759,56.16666666666668,406.6253374185821,32.79234664879287,245.5,-0.23665987780040731,67.4,,50.37333333333334,0.3357091945830364,31379154.02,0.4632729133084513,19.52292875821161,0
2022-10-03,184.5,185.0,184.5,185.24,-3.4,-6.5,267884.0,49623482.4,ETB,TELECOM,160.31,163.42833333333334,169.9,-0.01559590632373991,-1.547491995731054,388.05903395507113,32.96014579742373,245.5,-0.24847250509164964,-2.9000000000000057,Lunes,52.721183365894504,0.8177339901477831,33288676.690000005,1.4907015638415873,16.037735849056602,0
2022-10-05,160.0,162.0,160.0,161.16,-5.88,-10.0,350498.0,56486209.8,ETB,TELECOM,160.96666666666667,164.095,169.32333333333332,-0.1424756482467549,-13.279132791327907,377.41796768142876,32.36212158397555,245.5,-0.34826883910386963,-24.5,Miércoles,50.13269639065817,-0.1462113127001068,36095344.595,1.5649167623634375,0.12515644555693906,1
2022-10-06,165.0,162.0,160.0,163.07,-5.88,-10.0,39543.0,6448153.3,ETB,TELECOM,161.66666666666666,163.59833333333333,168.86777777777777,0.030771658666753687,3.125,360.1004757472125,26.8469097056849,245.5,-0.32790224032586557,5.0,Jueves,49.46207638515331,-0.1361256544502618,36197595.26,0.17813761532179748,1.8204257945078608,1
2022-10-08,169.0,162.0,160.0,152.1,-5.88,-10.0,13300.0,2022930.0,ETB,TELECOM,163.3,163.315,168.59111111111113,0.023953241022492796,2.4242424242424176,343.45827927708626,26.96917742274064,245.5,-0.3116089613034623,4.0,,54.13425525785076,-0.00588235294117645,33311038.309999995,0.06072851831198294,4.903786468032282,1
2022-10-10,144.0,162.0,160.0,134.15,-5.88,-10.0,15812.0,2121219.0,ETB,TELECOM,161.76666666666668,162.515,167.9911111111111,-0.16008541534707282,-14.792899408284022,336.62404158893725,8.621584185833234,245.5,-0.4134419551934827,-25.0,Lunes,56.37563756375637,-0.12727272727272732,31140312.809999995,0.06811810186180337,-9.262759924385627,1
2022-10-11,108.9,108.9,108.9,106.15,6.76,6.9,296488.0,31471527.8,ETB,TELECOM,159.29333333333335,161.41333333333333,166.99,-0.2793832696370857,-24.374999999999993,345.042946135789,11.885578496247787,245.5,-0.5564154786150712,-35.099999999999994,Martes,36.10619469026548,-0.35562130177514795,32165459.65,0.9784261795867109,-29.703385727657093,1
2022-11-01,190.0,0.0,0.0,188.38,0.0,0.0,19198.0,3616588.9,ETB,TELECOM,159.22666666666666,161.82999999999998,166.72,0.5565940422215714,74.47199265381084,429.2927863784106,38.86158693682938,245.5,-0.22606924643584525,81.1,Martes,49.861111111111114,0.35424091233071975,32235111.75,0.1121940860031298,21.66618640540455,0
2022-11-02,187.4,0.0,0.0,182.35,0.0,0.0,49824.0,9085548.5,ETB,TELECOM,159.32000000000002,162.13666666666666,166.07444444444442,-0.013778702356164284,-1.3684210526315743,409.6273662513199,39.05889475218332,245.5,-0.23665987780040731,-2.5999999999999943,Miércoles,52.54683840749415,0.8372549019607844,29484557.625,0.30814600020643856,18.91994796459056,0
2022-11-03,182.0,182.0,182.0,182.82,-1.36,-2.5,94016.0,17187785.5,ETB,TELECOM,159.88666666666668,162.76999999999998,165.67333333333335,-0.029238682727526492,-2.8815368196371427,391.1711081025304,39.294885651942494,245.5,-0.25865580448065173,-5.400000000000006,Jueves,52.48538011695907,0.5166666666666666,29999379.085,0.5729380415274685,15.018801150188022,0
2022-11-04,184.6,182.0,182.0,182.21,-1.36,-2.5,6059.0,1103984.2,ETB,TELECOM,160.37333333333333,163.88,165.2577777777778,0.014184634991956381,1.4285714285714235,372.96736179713264,37.76717613639272,245.5,-0.24806517311608967,2.5999999999999943,Viernes,52.29007633587786,-0.014941302027748238,29946217.795000006,0.03686556371016334,15.051417887192276,0
2022-11-05,165.0,165.0,158.0,162.91,3.13,5.0,293571.0,47825518.2,ETB,TELECOM,161.19666666666666,163.36499999999998,164.73666666666665,-0.11224584816817108,-10.617551462621877,360.4163556052536,35.09280546449426,245.5,-0.32790224032586557,-19.599999999999994,,53.72549019607843,-0.10569105691056913,30808027.684999995,1.552371956069281,0.8403361344537815,1
2022-11-07,159.0,159.0,159.0,159.28,3.13,0.0,186737.0,29744140.6,ETB,TELECOM,161.69666666666666,162.9633333333333,164.27555555555554,-0.0370412716803491,-3.6363636363636376,344.1230530072247,4.468193201656532,245.5,-0.3523421588594705,-6.0,Lunes,59.525401069518715,-0.006249999999999978,27547184.095,1.0797524893079278,-1.97589470114977,1
2022-11-08,169.0,159.0,159.0,155.77,3.13,0.0,37453.0,5834120.2,ETB,TELECOM,163.32999999999998,162.57999999999998,163.99888888888887,0.06099451270284193,6.2893081761006275,329.41718709199176,6.287226614394677,245.5,-0.3116089613034623,10.0,Martes,58.41346153846153,0.024242424242424176,19809540.55,0.294510626598051,4.90053070978555,0
2022-11-10,144.0,159.0,159.0,139.85,3.13,0.0,1341.0,187536.0,ETB,TELECOM,161.86333333333332,161.89833333333334,163.4,-0.16008541534707282,-14.792899408284022,323.32014539981645,8.593557664110156,245.5,-0.4134419551934827,-25.0,Jueves,41.27813504823151,-0.14792899408284022,16545194.790000001,0.011334771356898603,-9.890178655236074,1
2022-11-11,108.9,159.0,159.0,105.1,3.13,0.0,25820.0,2713560.0,ETB,TELECOM,159.09333333333333,160.79666666666665,162.4111111111111,-0.2793832696370857,-24.374999999999993,332.8515020377254,11.556240783482828,245.5,-0.5564154786150712,-35.099999999999994,Viernes,36.54804270462633,-0.2437499999999999,16005939.325,0.16953456744407597,-30.636942675159233,1
2022-12-01,188.0,188.0,188.0,187.83,-1.05,-2.0,58396.0,10968566.2,ETB,TELECOM,159.20666666666668,161.11333333333332,162.42222222222222,0.5460119328910344,72.63544536271809,417.88449356440435,38.34292304997737,245.5,-0.2342158859470469,79.1,Jueves,54.17163289630513,0.7263544536271809,16549682.954999998,0.6627659411859712,19.02500791389681,0
2022-12-04,182.9,182.9,182.9,181.29,-0.92,-1.7,123099.0,22316830.3,ETB,TELECOM,159.80333333333334,161.76166666666666,162.42888888888888,-0.02750240743312916,-2.7127659574468055,398.9926201631569,38.27969443354648,245.5,-0.25498981670061094,-5.099999999999994,,52.666070896633904,-0.037368421052631495,17509342.23,1.2745670286667303,14.255372313843093,0
2022-12-05,170.0,170.0,169.0,168.18,3.03,5.0,299933.0,50443388.6,ETB,TELECOM,160.17000000000002,162.84499999999997,162.26333333333332,-0.07314111834655826,-7.053034445051942,382.5714910849109,38.838216573773195,245.5,-0.3075356415478615,-12.900000000000006,Lunes,50.145095763203706,-0.09284951974386346,18214174.080000002,2.7694579165897593,3.9882554440910267,0
2022-12-07,159.0,170.0,169.0,157.88,3.03,5.0,48307.0,7626618.0,ETB,TELECOM,159.83666666666667,162.23,162.2411111111111,-0.06689423483003024,-6.470588235294117,366.33698452645706,37.9602206670017,245.5,-0.3523421588594705,-11.0,Miércoles,52.26860254083485,-0.12637362637362637,18568240.98,0.4107345444414843,-3.8868403554373487,0
2022-12-08,169.0,170.0,169.0,158.81,3.03,5.0,15171.0,2409282.0,ETB,TELECOM,160.79333333333335,161.965,162.23,0.06099451270284193,6.2893081761006275,350.49132343240245,34.01642988217323,245.5,-0.3116089613034623,10.0,Jueves,59.83633387888706,-0.08450704225352113,17961849.475,0.1341332919727076,2.7293173667254327,0
2022-12-09,140.3,170.0,169.0,142.95,3.03,5.0,70746.0,10113169.0,ETB,TELECOM,162.08666666666667,161.38666666666668,161.9111111111111,-0.18611572781465813,-16.98224852071005,345.87576010319594,8.394750091550184,245.5,-0.4285132382892056,-28.69999999999999,Viernes,40.181746345318054,-0.14969696969696966,15986333.805000002,0.632613401131217,-13.555144793592113,0
2022-12-10,144.0,170.0,169.0,139.38,3.03,5.0,743.0,103562.0,ETB,TELECOM,160.64,160.95333333333335,161.86555555555555,0.026030312467585307,2.6372059871703435,330.2776232843999,9.129445417615207,245.5,-0.4134419551934827,3.6999999999999886,,41.46341463414633,-0.09433962264150941,13167201.415000001,0.007865148920865048,-10.8359133126935,0
2022-12-12,120.0,170.0,169.0,119.85,3.03,5.0,12594.0,1509374.0,ETB,TELECOM,158.27333333333334,160.13666666666668,161.88777777777779,-0.1823215567939546,-16.666666666666664,325.14517994900797,10.723255005745504,245.5,-0.5112016293279023,-24.0,Lunes,38.63636363636363,-0.2899408284023669,12920262.45,0.11682223993832262,-24.646781789638933,0
2023-01-02,119.0,170.0,169.0,109.89,3.03,5.0,4004.0,439981.4,ETB,TELECOM,156.57333333333332,159.78166666666667,161.87666666666667,-0.00836824967051658,-0.8333333333333304,310.1107641013574,10.985901511534118,245.5,-0.5152749490835031,-1.0,Lunes,37.905604719764014,-0.17361111111111116,12841115.02,0.03426348874803553,-24.082934609250398,0
2023-01-03,119.0,170.0,169.0,107.1,3.03,5.0,1560.0,167076.0,ETB,TELECOM,155.04,159.36499999999998,161.13222222222223,0.0,0.0,295.8822157482292,9.630712534225493,245.5,-0.5152749490835031,0.0,Martes,40.85850556438792,0.09274563820018367,12743407.870000001,0.013110778663321556,-23.47266881028939,0
2023-01-06,110.0,170.0,169.0,100.05,3.03,5.0,2178.0,217918.4,ETB,TELECOM,153.07333333333332,159.19833333333332,160.32888888888888,-0.0786431273191131,-7.563025210084029,283.38355185330124,7.778864865865545,245.5,-0.5519348268839104,-9.0,Viernes,40.3770620581304,-0.4148936170212766,11180727.4,0.019490538692500455,-29.285461733791912,0
2023-01-08,84.9,170.0,169.0,84.23,3.03,5.0,94308.0,7943413.4,ETB,TELECOM,151.22666666666666,157.44666666666666,159.32777777777778,-0.25900627247511454,-22.818181818181817,291.24656239208423,9.972700195301364,245.5,-0.6541751527494908,-25.099999999999994,,34.40860215053763,-0.5358119190814652,11397068.625,0.6969698666704308,-43.51297405189621,1
2023-01-09,85.0,170.0,169.0,83.95,3.03,5.0,7412.0,622265.2,ETB,TELECOM,150.66,155.7866666666667,158.45222222222222,0.0011771631730148311,0.11778563015312216,278.6302386148892,9.812943731999294,245.5,-0.6537678207739308,0.09999999999999432,Lunes,37.949346405228766,-0.5,10973904.459999999,0.05670408397195031,-41.451990632318505,1
2023-01-11,78.7,170.0,169.0,66.0,3.03,5.0,1221.0,80586.0,ETB,TELECOM,149.28333333333333,154.1816666666667,157.44888888888892,-0.07700810106695889,-7.4117647058823515,266.13293412178007,9.339873817828929,245.5,-0.6794297352342158,-6.299999999999997,Miércoles,43.00925925925926,-0.5050314465408805,10118544.485,0.007964188932455932,-43.791736599650044,1
2023-01-12,78.5,170.0,169.0,65.0,3.03,5.0,407.0,26455.0,ETB,TELECOM,145.6533333333333,152.74000000000004,156.76444444444445,-0.002544530634994873,-0.2541296060991183,254.57113984567798,9.28917226042631,245.5,-0.680244399185336,-0.20000000000000284,Jueves,10.065645514223178,-0.5355029585798816,10064668.025,0.0026285019967163792,-41.72667211045951,1
2023-02-01,108.0,170.0,169.0,65.0,3.03,5.0,0.0,0.0,ETB,TELECOM,143.10333333333332,151.70666666666668,156.65333333333334,0.3190326023358569,37.579617834394895,295.75025742685676,22.23456425920521,245.5,-0.560081466395112,29.5,Miércoles,26.8111455108359,-0.23022095509622242,7673392.114999999,0.0,-18.094949188533302,0
2023-02-02,119.0,170.0,169.0,107.88,3.03,5.0,74796.0,8069065.1,ETB,TELECOM,141.73666666666665,151.35166666666666,156.64222222222224,0.0969922659873097,10.185185185185187,286.347494552816,17.65999635129621,245.5,-0.5152749490835031,11.0,Jueves,34.02255639097743,-0.17361111111111116,6589638.34,1.2245080357475278,-8.362852302479604,0
2023-02-03,119.0,170.0,169.0,107.08,3.03,5.0,1888.0,202168.2,ETB,TELECOM,140.20333333333332,150.935,155.8,0.0,0.0,273.0216416059768,17.67328503589299,245.5,-0.5152749490835031,0.0,Viernes,36.54104979811574,-0.008333333333333304,6308040.74,0.03204928571846859,-6.5640703517588035,0
2023-02-05,105.0,170.0,169.0,105.0,3.03,5.0,8239.0,865095.0,ETB,TELECOM,138.07,150.685,154.9,-0.12516314295400605,-11.764705882352944,266.8346414197537,18.700826995372136,245.5,-0.5723014256619144,-14.0,,29.030144167758834,-0.11764705882352944,6341918.6899999995,0.13640903365161247,-16.274619248863733,1
2023-02-06,100.0,100.0,100.0,99.96,-9.09,-10.0,223442.0,22335856.0,ETB,TELECOM,136.60333333333332,149.185,153.87777777777777,-0.048790164169432056,-4.761904761904767,255.02329675239835,19.2476283131187,245.5,-0.5926680244399185,-5.0,Lunes,34.36772692009309,-0.15966386554621848,7323033.489999999,3.0500824597485217,-19.977593726243352,1
2023-02-08,84.9,84.9,84.9,84.89,-9.09,0.0,3564609.0,302605386.1,ETB,TELECOM,135.80333333333334,147.54833333333332,152.87666666666667,-0.16369609267078963,-15.09999999999999,252.951121060043,10.011057556183058,245.5,-0.6541751527494908,-15.099999999999994,Miércoles,28.937990021382745,-0.22818181818181815,21904874.485000003,13.814522713070911,-29.13780151907187,1
2023-02-10,85.0,84.9,84.9,80.0,-9.09,0.0,15000.0,1200000.0,ETB,TELECOM,132.30333333333334,145.765,151.98777777777778,0.0011771631730148311,0.11778563015312216,241.56962611666626,6.9019327756885325,245.5,-0.6537678207739308,0.09999999999999432,Viernes,34.96563573883161,0.0011778563015312216,20849032.970000003,0.05755662633018513,-26.032284732193368,1
2023-02-11,78.7,84.9,84.9,77.9,-9.09,0.0,380.0,29602.0,ETB,TELECOM,128.68,144.0,150.98444444444442,-0.07700810106695889,-7.4117647058823515,231.58342184981313,5.938849007582186,245.5,-0.6794297352342158,-6.299999999999997,,33.44289235825801,-0.07411764705882351,18328343.640000004,0.0016150941176919134,-28.681468056184862,1
2023-03-01,108.0,84.9,84.9,108.0,-9.09,0.0,5800.0,626400.0,ETB,TELECOM,126.21333333333334,143.05,150.58444444444442,0.31648807170086213,37.2299872935197,273.9283011507745,20.44143040652452,245.5,-0.560081466395112,29.299999999999997,Miércoles,46.35761589403973,0.37229987293519695,17978332.740000002,0.03484194052134336,0.18552875695733104,0
2023-03-02,119.0,84.9,84.9,118.7,-9.09,0.0,1376.0,163331.2,ETB,TELECOM,124.02666666666667,142.2,150.59555555555553,0.0969922659873097,10.185185185185187,264.9837580406389,20.295049006964486,245.5,-0.5152749490835031,11.0,Jueves,52.94117647058823,0.515923566878981,17866035.200000003,0.009141994749903995,13.01044634377968,0
2023-03-03,119.0,84.9,84.9,107.1,-9.09,0.0,5777.0,618716.7,ETB,TELECOM,122.49333333333334,141.845,149.7411111111111,0.0,0.0,252.69559941763887,17.484393388293377,245.5,-0.5152749490835031,0.0,Viernes,63.330727130570764,0.10185185185185186,17391312.585,0.035576193399780694,14.1651076893558,0
2023-03-04,114.0,84.9,84.9,119.31,-9.09,0.0,49604.0,5918076.0,ETB,TELECOM,120.99333333333334,141.345,148.97333333333333,-0.042925044717033886,-4.201680672268903,242.1616575704593,18.06962641411499,245.5,-0.5356415478615071,-5.0,,60.918674698795186,-0.04201680672268904,17682038.285000004,0.33469421933219157,10.965104394802177,0
2023-03-05,105.0,84.9,84.9,103.8,-9.09,0.0,16336.0,1695692.0,ETB,TELECOM,118.86,141.095,148.00666666666666,-0.08223809823697212,-7.8947368421052655,234.41836349824837,18.1680217068609,245.5,-0.5723014256619144,-9.0,,59.70479704797048,-0.11764705882352944,17691354.185000002,0.09584862652502482,2.9563171054566855,1
2023-03-08,83.0,83.0,82.3,82.66,-2.24,-1.9,681875.0,56360506.6,ETB,TELECOM,116.82666666666667,139.345,146.87444444444446,-0.23511974236092548,-20.952380952380956,248.37232524421165,11.381699045509237,245.5,-0.6619144602851323,-22.0,Miércoles,51.430387794024156,-0.20952380952380956,20487380.445,2.7509864792770484,-17.15326645705445,1
2023-03-10,85.0,83.0,82.3,69.0,-2.24,-1.9,10175.0,702075.0,ETB,TELECOM,116.03,137.56166666666667,145.87444444444446,0.023810648693718607,2.4096385542168752,237.89100547897982,9.179297246851934,245.5,-0.6537678207739308,2.0,Viernes,41.1402157164869,-0.15000000000000002,20514130.395000003,0.03422397081823755,-13.692440473168501,1
2023-03-11,78.7,83.0,82.3,66.18,-2.24,-1.9,201490.0,13333669.7,ETB,TELECOM,112.38666666666667,135.79666666666668,144.8711111111111,-0.07700810106695889,-7.4117647058823515,228.37315197186214,8.516884685809272,245.5,-0.6794297352342158,-6.299999999999997,,33.892885691446835,-0.07302709069493529,21169917.96,0.6298404049176579,-18.799009492364835,1
2023-04-01,108.0,83.0,82.3,109.91,-2.24,-1.9,4863.0,534484.0,ETB,TELECOM,109.89,134.84666666666666,144.4711111111111,0.31648807170086213,37.2299872935197,270.1144227601883,22.055927888872652,245.5,-0.560081466395112,29.299999999999997,,46.43782383419689,0.2705882352941176,20799471.490000002,0.0256969990923553,10.119806270711187,0
2023-04-04,107.0,107.0,107.0,106.73,-6.14,-7.0,153984.0,16434567.1,ETB,TELECOM,107.78999999999999,133.98,144.49333333333334,-0.009302392662313561,-0.92592592592593,257.64020731153676,21.594267292479163,245.5,-0.5641547861507128,-1.0,Martes,50.707213578500706,0.3595933926302415,21590086.585,0.7612089481576296,7.890093269473157,0
2023-04-05,110.0,110.0,110.0,109.94,4.76,5.0,101432.0,11151808.8,ETB,TELECOM,106.15666666666667,132.99666666666667,143.5388888888889,0.02765153133050995,2.8037383177569986,245.89114273216833,17.484932526538834,245.5,-0.5519348268839104,3.0,Miércoles,53.58680057388809,0.0185185185185186,22143647.725,0.5036120940187148,9.191979352789364,0
2023-04-07,90.0,90.0,90.0,89.53,4.76,0.0,200501.0,17950404.0,ETB,TELECOM,103.52333333333333,132.15833333333333,142.48444444444445,-0.2006706954621511,-18.181818181818176,253.6757760905671,20.879273206769398,245.5,-0.6334012219959266,-20.0,Viernes,51.76715176715176,-0.24369747899159666,23039845.175000004,0.7791026312745175,-11.168138972511473,1
2023-04-08,90.0,90.0,90.0,89.53,4.76,0.0,0.0,0.0,ETB,TELECOM,101.84666666666665,131.96666666666667,141.54,0.0,0.0,241.9391246453712,20.234805492454402,245.5,-0.6334012219959266,0.0,,51.73370319001387,-0.24369747899159666,23039845.175000004,0.0,-10.371956381018766,1
2023-04-09,85.0,90.0,90.0,89.53,4.76,0.0,0.0,0.0,ETB,TELECOM,99.87999999999998,130.26,140.59555555555556,-0.05715841383994864,-5.555555555555558,231.67832188392882,8.285422633432857,245.5,-0.6537678207739308,-5.0,,52.20433869839049,-0.2543859649122807,22636391.920000006,0.0,-13.893531884718637,1
2023-04-10,85.0,90.0,90.0,78.13,4.76,0.0,30000.0,2343750.0,ETB,TELECOM,98.71333333333332,128.4933333333333,139.66222222222223,0.0,0.0,221.0138143135492,8.391368185607847,245.5,-0.6537678207739308,0.0,Lunes,39.87676056338028,-0.19047619047619047,22743471.01,0.10305155263985362,-12.384682781013245,1
2023-04-12,78.5,90.0,90.0,65.69,4.76,0.0,18315.0,1203142.5,ETB,TELECOM,97.36333333333332,126.96833333333332,138.97555555555556,-0.07955263170195365,-7.647058823529407,212.94698248941293,7.465314747954321,245.5,-0.680244399185336,-6.5,Miércoles,31.439046746104495,-0.054216867469879526,22760373.385,0.05286128130010904,-17.964259588253732,1
2023-05-01,108.0,90.0,90.0,108.11,4.76,0.0,56615.0,6120636.1,ETB,TELECOM,96.99666666666666,126.01833333333333,138.57555555555555,0.3190326023358569,37.579617834394895,257.5892526091251,18.592483180498725,245.5,-0.560081466395112,29.5,Lunes,46.03174603174603,0.2705882352941176,21949612.39,0.2788493933855749,12.394630034342798,0
2023-05-04,107.0,90.0,90.0,108.67,4.76,0.0,59491.0,6464903.0,ETB,TELECOM,96.89666666666666,124.98499999999999,138.4311111111111,-0.009302392662313561,-0.92592592592593,245.78273201663637,18.657680148688208,245.5,-0.5641547861507128,-1.0,Jueves,47.399702823179794,0.3595933926302415,7142588.234999999,0.9051204951617935,10.0879674880395,0
2023-05-05,110.0,90.0,90.0,107.92,4.76,0.0,104103.0,11235113.7,ETB,TELECOM,97.73333333333333,124.48,137.54222222222222,0.02765153133050995,2.8037383177569986,234.5063330733789,17.867872892771455,245.5,-0.5519348268839104,3.0,Viernes,51.944012441679625,0.0185185185185186,7644343.92,1.4697289679243002,11.737518411295639,0
2023-05-06,100.0,90.0,90.0,99.99,4.76,0.0,57056.0,5705275.2,ETB,TELECOM,98.23333333333333,124.44666666666667,136.60222222222222,-0.0953101798043249,-9.090909090909093,229.0251732556297,19.097338212145388,245.5,-0.5926680244399185,-10.0,,57.289879931389365,-0.06542056074766356,7928127.58,0.7196245446897817,0.492412822831871,1
2023-05-07,90.0,90.0,90.0,66.1,4.76,0.0,1303.0,86128.3,ETB,TELECOM,98.60999999999999,123.94666666666667,135.6577777777778,-0.10536051565782628,-9.999999999999998,223.968520451314,19.497638032733857,245.5,-0.6334012219959266,-10.0,,52.006420545746394,-0.18181818181818177,7901113.995,0.010900779314727506,-8.731365987222391,1
2023-05-09,85.0,90.0,90.0,80.0,4.76,0.0,2888.0,231040.0,ETB,TELECOM,98.82666666666665,122.24,134.7688888888889,-0.05715841383994864,-5.555555555555558,214.7499269338137,5.443914214659958,245.5,-0.6537678207739308,-5.0,Martes,52.554744525547434,-0.05555555555555558,7904499.4350000005,0.029228922324541856,-12.289753379424205,1
2023-05-10,85.0,90.0,90.0,73.6,4.76,0.0,13082.0,962844.35,ETB,TELECOM,98.05999999999999,120.58166666666666,133.82444444444445,0.0,0.0,204.84633905926177,5.611346440256734,245.5,-0.6537678207739308,0.0,Miércoles,37.765957446808514,-0.05555555555555558,7921705.8175,0.1215450778130338,-10.723663480726822,1
2023-05-12,78.5,90.0,90.0,70.77,4.76,0.0,23070.0,1632550.0,ETB,TELECOM,96.71,119.22333333333333,133.13777777777779,-0.07955263170195365,-7.647058823529407,197.86459459851596,3.9815826834042984,245.5,-0.680244399185336,-6.5,Viernes,35.678391959799,-0.07647058823529407,7707429.5175,0.21181510596927752,-15.984374163857229,1
2023-06-01,108.0,90.0,90.0,106.87,4.76,0.0,8424.0,900271.0,ETB,TELECOM,96.34333333333332,118.27333333333333,132.73777777777778,0.3190326023358569,37.579617834394895,245.82175213244633,19.749871753316214,245.5,-0.560081466395112,29.5,Jueves,49.20634920634921,0.2705882352941176,7667658.467499999,0.11741146320168962,15.403109472671892,0
2023-06-02,119.0,90.0,90.0,116.0,4.76,0.0,2000.0,232000.0,ETB,TELECOM,96.80999999999999,117.44,132.72666666666666,0.0969922659873097,10.185185185185187,237.67668546022148,18.482413284612154,245.5,-0.5152749490835031,11.0,Viernes,62.39316239316239,0.515923566878981,4861233.1375,0.04772451627763553,24.75756146144571,0
2023-06-03,119.0,90.0,90.0,107.1,4.76,0.0,14704.0,1574798.4,ETB,TELECOM,97.44333333333333,117.02333333333333,131.93777777777777,0.0,0.0,226.8150222723567,17.6957374995382,245.5,-0.5152749490835031,0.0,,62.39316239316239,0.10185185185185186,4904869.3075,0.32106837130032945,22.573003038574434,0
2023-06-06,100.0,90.0,90.0,99.97,4.76,0.0,131450.0,13140884.0,ETB,TELECOM,97.94666666666666,116.875,131.01444444444445,-0.173953307123438,-15.966386554621847,234.23412216726192,20.692456759124628,245.5,-0.5926680244399185,-19.0,Martes,55.72519083969466,-0.06542056074766356,4895230.0225,2.6844262556816347,1.8848700967906207,1
2023-06-07,90.0,90.0,90.0,99.97,4.76,0.0,0.0,0.0,ETB,TELECOM,98.11333333333332,115.20833333333333,129.8811111111111,-0.10536051565782628,-9.999999999999998,228.80299603170724,21.070459068155934,245.5,-0.6334012219959266,-10.0,Miércoles,51.773049645390074,-0.18181818181818177,4868505.8225,0.0,-7.455012853470437,1
2023-06-09,85.0,90.0,90.0,84.81,4.76,0.0,21006.0,1781420.0,ETB,TELECOM,98.32333333333332,113.50166666666665,128.77444444444444,-0.05715841383994864,-5.555555555555558,219.3295651969492,9.980935016116263,245.5,-0.6537678207739308,-5.0,Viernes,52.32974910394265,-0.15000000000000002,4135848.4675000003,0.43072661244690535,-11.596463858554348,1
2023-06-10,85.0,90.0,90.0,68.26,4.76,0.0,6488.0,442892.0,ETB,TELECOM,97.55666666666666,111.88499999999999,127.88555555555557,0.0,0.0,209.21213276573468,6.838551203708875,245.5,-0.6537678207739308,0.0,,39.54545454545455,-0.05555555555555558,3600402.6275000004,0.12301179779649518,-10.432033719704958,1
2023-06-12,78.5,90.0,90.0,65.67,4.76,0.0,9990.0,656024.0,ETB,TELECOM,96.20666666666666,110.11666666666666,126.8688888888889,-0.07955263170195365,-7.647058823529407,201.96895102878898,5.86142216027905,245.5,-0.680244399185336,-6.5,Lunes,37.662337662337656,-0.07647058823529407,2735683.6275,0.23980258294688353,-16.77710045056984,1
2023-07-02,119.0,90.0,90.0,111.45,4.76,0.0,7751.0,863846.3,ETB,TELECOM,96.20666666666666,109.35,126.63222222222223,0.4160248683231667,51.5923566878981,279.7981018631722,25.932207200316174,245.5,-0.5152749490835031,40.5,,52.94117647058823,0.3999999999999999,2778875.9425,0.3108617721246115,24.249543200208816,0
2023-07-03,111.1,111.1,107.1,109.16,-6.64,-7.9,433507.0,47321464.6,ETB,TELECOM,96.11,108.55166666666668,126.26666666666667,-0.06869279646594517,-6.638655462184884,270.08387841935803,25.463495527665945,245.5,-0.5474541751527495,-7.900000000000006,Lunes,53.6779324055666,0.41528662420382156,5144949.1725,9.197654439996317,14.441697569015242,0
2023-07-06,95.0,95.0,95.0,95.08,-5.0,-5.0,668773.0,63589740.0,ETB,TELECOM,95.77666666666667,107.31833333333334,125.9888888888889,-0.1565538050450435,-14.491449144914492,269.47499829403245,26.787198496920826,245.5,-0.6130346232179227,-16.099999999999994,Jueves,51.59235668789809,-0.12037037037037035,8207248.672499999,7.7479972323818975,-2.643984423037506,1
2023-07-07,90.0,95.0,95.0,89.1,-5.0,-5.0,43824.0,3904724.0,ETB,TELECOM,96.01,106.41833333333334,124.9,-0.05406722127027582,-5.263157894736848,258.0759374075841,27.11276758225943,245.5,-0.6334012219959266,-5.0,Viernes,51.59235668789809,-0.24369747899159666,8342327.7475,0.4680616871196597,-8.308287911975958,1
2023-07-09,85.0,95.0,95.0,84.5,-5.0,-5.0,46055.0,3891647.5,ETB,TELECOM,96.01,106.02,123.71111111111111,-0.05715841383994864,-5.555555555555558,247.1842885228578,26.912991378917248,245.5,-0.6537678207739308,-5.0,,50.0,-0.2857142857142857,8230878.317500001,0.47281071957118015,-12.375650739652592,1
2023-07-11,78.7,95.0,95.0,68.18,-5.0,-5.0,1325.0,90335.3,ETB,TELECOM,96.01,104.19833333333332,122.53444444444443,-0.07700810106695889,-7.4117647058823515,237.66376253321542,3.7987509191667814,245.5,-0.6794297352342158,-6.299999999999997,Martes,50.06180469715698,-0.21299999999999997,7912149.9325,0.011417288697846601,-17.669212260696725,1
2023-07-12,78.5,95.0,95.0,73.65,-5.0,-5.0,215142.0,15845789.5,ETB,TELECOM,95.02666666666667,102.45833333333333,121.57333333333332,-0.002544530634994873,-0.2541296060991183,226.71069897141032,5.149803369019693,245.5,-0.680244399185336,-0.20000000000000284,Miércoles,38.867924528301884,-0.12777777777777777,8142683.722499999,1.9460155938778085,-16.502685741636974,1
2023-08-02,119.0,95.0,95.0,110.41,-5.0,-5.0,4889.0,539782.1,ETB,TELECOM,95.42666666666668,101.60833333333333,121.12888888888887,0.4160248683231667,51.5923566878981,295.9029698134341,25.278995862646127,245.5,-0.5152749490835031,40.5,Miércoles,50.0,0.3999999999999999,7884409.0675,0.0684619602279407,25.30932448796925,0
2023-08-03,120.0,120.0,120.0,119.42,8.01,8.9,80342.0,9594373.0,ETB,TELECOM,95.76,100.95833333333333,120.58444444444443,0.00836824967051658,0.8403361344537785,282.21750987057857,24.70240956901163,245.5,-0.5112016293279023,1.0,Jueves,50.30674846625767,0.41176470588235303,8359821.302499999,1.1476768046621773,24.397449852278026,0
2023-08-05,110.0,120.0,120.0,107.77,8.01,8.9,35000.0,3772000.0,ETB,TELECOM,96.42666666666668,99.975,120.24777777777777,-0.08701137698962981,-8.333333333333337,273.85610001127134,25.106977311224654,245.5,-0.5519348268839104,-10.0,,53.246753246753244,0.4012738853503184,8536869.302499998,0.4418481607649048,12.572276518446499,1
2023-08-06,95.0,120.0,120.0,99.93,8.01,8.9,5113.0,510950.2,ETB,TELECOM,96.59333333333333,99.22,120.17555555555555,-0.1466034741918754,-13.636363636363635,271.43372200348045,26.15062978674696,245.5,-0.6130346232179227,-15.0,,51.57232704402515,-0.2016806722689075,8514274.595,0.06001100790195973,-3.2734307386855397,1
2023-08-08,83.0,88.9,83.0,84.08,0.0,0.0,728268.0,61236244.0,ETB,TELECOM,96.52666666666667,98.20333333333333,119.01555555555557,-0.13503628380394286,-12.631578947368416,266.12310033595554,27.44921306718704,245.5,-0.6619144602851323,-12.0,Martes,49.397590361445786,-0.2529252925292529,11494459.295,5.327457553974487,-15.684681023973992,1
2023-08-09,85.0,88.9,83.0,83.7,0.0,0.0,6947.0,581495.4,ETB,TELECOM,96.52666666666667,97.61999999999999,117.83777777777779,0.023810648693718607,2.4096385542168752,254.3707523284901,7.498055571434975,245.5,-0.6537678207739308,2.0,Miércoles,50.0,-0.10526315789473684,11478520.515,0.050659438142756155,-12.632336314112441,1
2023-08-11,78.5,88.9,83.0,68.46,0.0,0.0,267888.0,18338496.0,ETB,TELECOM,96.52666666666667,96.945,116.82111111111112,-0.07955263170195365,-7.647058823529407,244.6402553388138,6.360250942721577,245.5,-0.680244399185336,-6.5,Viernes,50.0,-0.12777777777777777,12383845.315000001,1.4808402021775413,-17.59827848632761,1
2023-09-02,119.0,88.9,83.0,68.46,0.0,0.0,0.0,0.0,ETB,TELECOM,96.89333333333335,96.945,116.31000000000002,0.4160248683231667,51.5923566878981,308.9700872484581,27.344400116322902,245.5,-0.5152749490835031,40.5,,50.0,0.3999999999999999,12305105.395,0.0,24.9147115939747,0
2023-09-03,120.0,88.9,83.0,119.9,0.0,0.0,200.0,23980.0,ETB,TELECOM,97.32666666666667,97.11166666666666,115.76555555555557,0.00836824967051658,0.8403361344537785,294.66165641866365,25.72638870699169,245.5,-0.5112016293279023,1.0,,52.76225946617008,0.5247776365946633,11649260.194999998,0.002058499818751795,24.65589778216382,0
2023-09-05,110.0,88.9,83.0,109.78,0.0,0.0,1205.0,132288.5,ETB,TELECOM,97.32666666666667,97.53,115.42888888888888,-0.08701137698962981,-8.333333333333337,285.4427269112119,24.97076130449308,245.5,-0.5519348268839104,-10.0,Martes,54.83870967741936,0.4012738853503184,11655874.62,0.011349512954867389,13.093096180537705,0
2023-09-06,95.0,95.0,94.5,94.79,0.0,0.0,407187.0,38598886.0,ETB,TELECOM,97.16000000000001,97.69666666666667,115.3511111111111,-0.1466034741918754,-13.636363636363635,281.9695432203845,26.796624802598128,245.5,-0.6130346232179227,-15.0,Miércoles,51.515151515151516,-0.2016806722689075,13496747.919999998,2.859865667551121,-2.8282105047818753,1
2023-09-08,85.0,85.0,85.0,85.25,2.41,2.0,130665.0,11138767.0,ETB,TELECOM,96.99333333333334,97.80166666666668,114.96222222222221,-0.11122563511022437,-10.526315789473683,273.54642885228515,27.15318292948889,245.5,-0.6537678207739308,-10.0,Viernes,50.0,-0.29166666666666663,14031541.669999998,0.7938377166220539,-13.056819925331151,1
2023-09-10,80.0,80.0,78.95,79.22,-5.88,-5.0,483134.0,38273399.25,ETB,TELECOM,96.82666666666667,97.82666666666667,113.7688888888889,-0.060624621816434854,-5.882352941176472,261.762164535536,5.470047759680941,245.5,-0.6741344195519348,-5.0,,50.385299347954955,-0.2727272727272727,15912410.4325,2.405254654054751,-18.233851185609158,1
2023-09-11,78.5,80.0,78.95,77.0,-5.88,-5.0,3371.0,259567.0,ETB,TELECOM,96.61,97.33500000000001,112.59111111111112,-0.01892800988551891,-1.8750000000000044,249.58144966139946,4.479095691395006,245.5,-0.680244399185336,-1.5,Lunes,50.0,-0.17368421052631577,15882196.467499997,0.016343268422044536,-18.07128320200386,1
2023-10-01,108.0,80.0,78.95,106.0,-5.88,-5.0,1298.0,137588.0,ETB,TELECOM,97.59333333333333,97.15166666666667,112.01333333333334,0.3190326023358569,37.579617834394895,285.3075871647211,20.860806153490802,245.5,-0.560081466395112,29.5,,46.540880503144656,0.3012048192771084,13523002.6375,0.010174367608156876,12.899853648337867,0
2023-10-02,119.0,80.0,78.95,106.0,-5.88,-5.0,0.0,0.0,ETB,TELECOM,97.96000000000001,97.15166666666667,111.50222222222223,0.0969922659873097,10.185185185185187,274.8472985391102,19.307118138575145,245.5,-0.5152749490835031,11.0,Lunes,49.70414201183432,0.3999999999999999,10343515.6375,0.0,22.857732810241586,0
2023-10-03,120.0,80.0,78.95,115.0,-5.88,-5.0,347.0,39905.0,ETB,TELECOM,97.99333333333334,97.40166666666667,110.95777777777779,0.00836824967051658,0.8403361344537785,262.1199189033644,17.471986235692118,245.5,-0.5112016293279023,1.0,Martes,53.125,0.5286624203821657,10150274.6875,0.003931420698312998,22.00081333875559,0
2023-10-04,107.0,80.0,78.95,113.6,-5.88,-5.0,16949.0,1925482.0,ETB,TELECOM,97.59333333333333,97.51833333333335,110.54666666666668,-0.11466290832013977,-10.833333333333329,257.6835475975683,18.573047953552532,245.5,-0.5641547861507128,-13.0,Miércoles,53.79746835443037,-0.10084033613445376,10051966.4125,0.19155276897917112,7.580937060124665,0
2023-10-05,110.0,80.0,78.95,105.38,-5.88,-5.0,1724.0,181672.8,ETB,TELECOM,97.92666666666668,97.93666666666667,110.55888888888889,0.02765153133050995,2.8037383177569986,245.87472141403074,18.115041691186768,245.5,-0.5519348268839104,3.0,Jueves,59.060402684563755,-0.08333333333333337,10056533.2875,0.0180651517581923,8.883939618906206,1
2023-10-07,90.0,80.0,78.95,87.3,-5.88,-5.0,4487.0,391703.0,ETB,TELECOM,97.92666666666668,98.02,109.44777777777777,-0.2006706954621511,-18.181818181818176,254.1477792096881,11.33713446723937,245.5,-0.6334012219959266,-20.0,,51.49700598802396,-0.18181818181818177,9283828.9625,0.042191966437791856,-11.417322834645665,1
2023-10-08,85.0,80.0,78.95,85.1,-5.88,-5.0,2210.0,188071.0,ETB,TELECOM,97.92666666666668,98.125,108.31000000000002,-0.05715841383994864,-5.555555555555558,243.32724247925944,8.603482047812157,245.5,-0.6537678207739308,-5.0,,51.96374622356495,-0.10526315789473684,9266243.4075,0.02029635869998594,-14.91491491491492,1
2023-10-10,77.0,77.0,77.0,77.32,-3.75,-3.0,321692.0,24872285.25,ETB,TELECOM,97.66000000000001,97.60833333333333,107.14333333333335,-0.0988458346366326,-9.411764705882353,235.35821354888773,7.682910688946326,245.5,-0.6863543788187373,-8.0,Martes,34.21052631578948,-0.09411764705882353,10030139.02,2.479754787087687,-21.22762148337596,1
2023-10-11,78.5,77.0,77.0,77.32,-3.75,-3.0,0.0,0.0,ETB,TELECOM,97.66000000000001,96.93333333333334,105.96444444444444,0.01929320293467885,1.9480519480519431,225.22924942136876,8.665996812989576,245.5,-0.680244399185336,1.5,Miércoles,34.45692883895131,-0.018750000000000044,9841539.02,0.0,-18.37795684949311,1
2023-11-01,119.0,119.0,119.0,118.89,10.19,11.0,167400.0,19902588.3,ETB,TELECOM,97.66000000000001,96.93333333333334,105.45333333333332,0.4160248683231667,51.5923566878981,295.5241274007402,27.533749380513775,245.5,-0.5152749490835031,40.5,Miércoles,52.74390243902439,0.515923566878981,10811120.925,1.840936609447831,22.20795892169448,0
2023-11-04,112.0,112.0,112.0,108.4,4.67,5.0,222042.0,24068624.8,ETB,TELECOM,97.69,96.9,104.93111111111111,-0.060624621816434854,-5.882352941176472,284.36631449918195,25.52389530862925,245.5,-0.5437881873727087,-7.0,,55.448717948717956,0.03703703703703698,8952739.965,2.6884087881580734,13.331646850493293,0
2023-11-05,110.0,112.0,112.0,105.0,4.67,5.0,18709.0,1964445.0,ETB,TELECOM,98.19,96.98333333333333,104.27555555555554,-0.018018505502678365,-1.7857142857142905,271.5429319692134,25.12998015723264,245.5,-0.5519348268839104,-2.0,,58.445945945945944,-0.07563025210084029,9021887.444999998,0.21774213123094446,9.917561828628525,0
2023-11-07,90.0,112.0,112.0,86.86,4.67,5.0,2842.0,246848.0,ETB,TELECOM,98.19,97.1,103.67555555555555,-0.2006706954621511,-18.181818181818176,277.180654349849,26.8355292649288,245.5,-0.6334012219959266,-20.0,Martes,53.06748466257669,-0.25,8117305.044999999,0.030410092836421182,-10.581222056631898,1
2023-11-08,85.0,85.0,85.0,85.09,4.67,0.0,774860.0,65934150.0,ETB,TELECOM,98.19,97.1,103.41000000000001,-0.05715841383994864,-5.555555555555558,265.269085411078,27.292409736440526,245.5,-0.6537678207739308,-5.0,Miércoles,51.95195195195195,-0.20560747663551404,11414012.544999998,5.77659694520688,-14.09802930773118,1
2023-11-09,85.0,85.0,85.0,82.39,4.67,0.0,60618.0,4994604.0,ETB,TELECOM,98.4,97.205,102.26555555555557,0.0,0.0,252.99384519395355,7.105864077125754,245.5,-0.6537678207739308,0.0,Jueves,41.605839416058394,-0.2272727272727273,11662543.745,0.42826025858563677,-12.55144032921811,1
2023-11-10,77.0,85.0,85.0,76.6,4.67,0.0,84235.0,6452401.0,ETB,TELECOM,98.35,96.68833333333333,101.08888888888889,-0.0988458346366326,-9.411764705882353,244.6504685235984,7.230560373817523,245.5,-0.6863543788187373,-8.0,Viernes,34.32835820895522,-0.1444444444444445,11978549.37,0.5386629716750084,-19.413919413919412,1
2023-11-12,78.5,85.0,85.0,75.1,4.67,0.0,467989.0,35146229.5,ETB,TELECOM,97.0,96.21333333333334,100.07222222222222,0.01929320293467885,1.9480519480519431,233.96869513871786,8.048561540774127,245.5,-0.680244399185336,1.5,,34.5724907063197,-0.07647058823529407,11805916.544999998,2.9770013506393127,-17.128529955133274,1
2023-12-01,119.0,85.0,85.0,110.1,4.67,0.0,56793.0,6253082.0,ETB,TELECOM,96.96666666666667,96.36333333333333,99.62777777777778,0.4160248683231667,51.5923566878981,300.95125674243917,24.937096152438155,245.5,-0.5152749490835031,40.5,Viernes,53.70370370370371,0.5454545454545454,11561632.294999998,0.5408476796744556,23.411978221415612,0
2023-12-04,112.0,85.0,85.0,108.71,4.67,0.0,101211.0,11003035.9,ETB,TELECOM,97.03333333333333,96.73,98.99444444444444,-0.060624621816434854,-5.882352941176472,289.61812867231845,24.980961806572235,245.5,-0.5437881873727087,-7.0,Lunes,50.60240963855422,0.4267515923566878,10198114.1275,1.0789284923110898,14.25656720224432,0
2023-12-05,110.0,85.0,85.0,103.5,4.67,0.0,8678.0,898173.0,ETB,TELECOM,97.53333333333333,97.06333333333333,98.65777777777778,-0.018018505502678365,-1.7857142857142905,276.58944751860986,25.129980157232644,245.5,-0.5519348268839104,-2.0,Martes,56.75675675675676,-0.07563025210084029,10230044.4275,0.08779756592117693,10.441767068273098,0
2023-12-07,90.0,85.0,85.0,89.26,4.67,0.0,20495.0,1829341.0,ETB,TELECOM,97.76666666666667,97.14666666666668,98.05777777777779,-0.2006706954621511,-18.181818181818176,281.9492234974892,26.8355292649288,245.5,-0.6334012219959266,-20.0,Jueves,51.533742331288344,-0.1964285714285714,10314632.0775,0.1773539750380883,-8.814589665653498,1
2023-12-09,85.0,85.0,85.0,89.26,4.67,0.0,0.0,0.0,ETB,TELECOM,97.76666666666667,97.14666666666668,97.6688888888889,-0.05715841383994864,-5.555555555555558,269.85875049357276,27.292409736440526,245.5,-0.6537678207739308,-5.0,,52.5,-0.2272727272727273,10314632.0775,0.0,-12.371134020618557,1
2023-12-10,77.0,85.0,85.0,79.92,4.67,0.0,15407.0,1231379.7,ETB,TELECOM,97.71666666666667,97.12166666666667,97.20222222222223,-0.0988458346366326,-9.411764705882353,260.53307740220674,6.217033470583142,245.5,-0.6863543788187373,-8.0,,49.54954954954955,-0.1444444444444445,10374205.812500002,0.11869628598618086,-18.819188191881913,1
2023-12-12,78.5,85.0,85.0,74.83,4.67,0.0,334329.0,25017288.0,ETB,TELECOM,96.36666666666666,96.63000000000001,96.75222222222223,0.01929320293467885,1.9480519480519431,249.06341645511137,7.735985741276922,245.5,-0.680244399185336,1.5,Martes,34.11764705882352,-0.07647058823529407,11528796.1125,2.1699826899423797,-15.975381321915973,1
2024-01-02,106.0,85.0,85.0,102.67,4.67,0.0,106759.0,10960968.0,ETB,TELECOM,95.9,96.61333333333333,96.70777777777779,0.30034046932370434,35.03184713375796,279.7290549632038,20.482396706609823,245.5,-0.5682281059063137,27.5,Martes,47.972972972972975,0.24705882352941178,12067760.8725,0.9082851504770733,13.703405738803976,0
2024-01-03,95.0,85.0,85.0,86.59,4.67,0.0,147144.0,12741375.0,ETB,TELECOM,95.4,96.36333333333333,96.82,-0.10956220251152628,-10.377358490566035,272.7942929829795,18.91483961881613,245.5,-0.6130346232179227,-11.0,Miércoles,45.22292993630573,0.23376623376623384,12685244.4725,1.0044248676185692,1.6314522599625632,0
2024-01-04,95.0,85.0,85.0,81.54,4.67,0.0,32150.0,2621439.5,ETB,TELECOM,95.4,96.28,96.93111111111111,0.0,0.0,260.1005257428183,18.494536686598575,245.5,-0.6130346232179227,0.0,Jueves,51.824817518248175,0.21019108280254772,12806912.8975,0.20468941430153112,1.0907156158552869,1
2024-01-08,81.5,85.0,85.0,77.32,4.67,0.0,52005.0,4021047.0,ETB,TELECOM,95.28333333333333,96.13833333333334,96.96222222222221,-0.1532738713537238,-14.210526315789473,258.3605296069336,19.42898249940116,245.5,-0.6680244399185336,-13.5,Lunes,48.797250859106526,-0.31512605042016806,11764350.985000001,0.3417993058118539,-13.481953290870491,1
2024-01-10,80.0,85.0,85.0,79.55,4.67,0.0,25367.0,2018039.5,ETB,TELECOM,95.28333333333333,96.055,96.97888888888887,-0.01857638557293542,-1.8404907975460127,246.35380988123705,19.528456178864293,245.5,-0.6741344195519348,-1.5,Miércoles,48.29931972789115,-0.2857142857142857,11865252.96,0.1700797704695543,-15.14187218244498,1
2024-01-11,80.0,85.0,85.0,80.0,4.67,0.0,1250.0,100000.0,ETB,TELECOM,95.33333333333333,95.97166666666666,96.66777777777776,0.0,0.0,234.96777570752644,6.5826329530275345,245.5,-0.6741344195519348,0.0,Jueves,51.07913669064748,-0.2727272727272727,10875123.545,0.009195297836039434,-13.349580287029516,1
2024-02-01,95.0,85.0,85.0,93.31,4.67,0.0,211304.0,19716043.5,ETB,TELECOM,94.9,96.24666666666667,96.40111111111109,0.17185025692665923,18.75,239.93238107976555,11.78380310874944,245.5,-0.6130346232179227,15.0,Jueves,55.40983606557377,0.05555555555555558,10657494.48,1.849969853327102,3.853511888494131,0
2024-02-02,106.0,85.0,85.0,102.44,4.67,0.0,103300.0,10581910.0,ETB,TELECOM,94.46666666666667,96.21333333333334,96.25666666666665,0.10956220251152624,11.578947368421044,233.94543678450083,12.749403204017442,245.5,-0.5682281059063137,11.0,Viernes,44.71544715447155,0.24705882352941178,11088367.73,0.9543253125859309,16.132566420158852,0
2024-02-04,95.0,85.0,85.0,88.25,4.67,0.0,284408.0,25098145.5,ETB,TELECOM,93.63333333333334,95.81333333333333,96.14555555555555,-0.10956220251152628,-10.377358490566035,230.4672214315694,11.522902445166777,245.5,-0.6130346232179227,-11.0,,43.30708661417323,0.23376623376623384,12330932.605,2.03538096460142,3.796776836929794,0
2024-02-05,100.0,85.0,85.0,96.44,4.67,0.0,6135.0,591679.5,ETB,TELECOM,93.4,95.49666666666667,96.14555555555555,0.05129329438755048,5.263157894736836,220.8931936515558,11.111573149942918,245.5,-0.5926680244399185,5.0,Lunes,46.15384615384615,0.2738853503184713,9063809.080000002,0.06527934279921967,8.37171498238959,0
2024-02-07,95.0,85.0,85.0,86.91,4.67,0.0,9710.0,843903.5,ETB,TELECOM,92.9,95.41333333333334,96.25777777777779,-0.05129329438755058,-5.000000000000004,212.40071511137145,11.877475794663962,245.5,-0.6130346232179227,-5.0,Miércoles,52.17391304347826,-0.10377358490566035,8856274.055000002,0.09528877434902276,2.3982753974669837,0
2024-02-08,81.5,85.0,85.0,77.18,4.67,0.0,6078.0,469104.0,ETB,TELECOM,92.61666666666666,95.27166666666668,96.2188888888889,-0.1532738713537238,-14.210526315789473,215.16515890979954,10.769290846735228,245.5,-0.6680244399185336,-13.5,Jueves,48.582995951417004,-0.14210526315789473,8557109.205000002,0.05482038253361287,-12.365591397849462,1
2024-02-09,81.5,85.0,85.0,75.52,4.67,0.0,20849.0,1574524.0,ETB,TELECOM,92.5,95.21333333333334,96.25,0.0,0.0,205.22827065139512,7.810105482217086,245.5,-0.6680244399185336,0.0,Viernes,51.94805194805194,-0.14210526315789473,6878523.930000002,0.2289043428536854,-12.50670960815889,1
2024-02-10,80.0,85.0,85.0,75.99,4.67,0.0,156177.0,11868127.5,ETB,TELECOM,92.6,95.13000000000001,95.93888888888888,-0.01857638557293542,-1.8404907975460127,195.71056346158332,7.214152684675891,245.5,-0.6741344195519348,-1.5,,50.649350649350644,-0.018404907975460127,7159276.205,1.6577272841787223,-12.280701754385968,1
2024-02-12,74.0,85.0,85.0,77.72,4.67,0.0,60643.0,4712903.5,ETB,TELECOM,92.45,95.055,95.43888888888888,-0.0779615414697118,-7.499999999999996,189.16699086848035,5.55752527898878,245.5,-0.6985743380855397,-6.0,Lunes,32.97872340425532,-0.07499999999999996,6844769.584999999,0.6885408546590251,-17.13325867861142,1
2024-03-01,95.0,85.0,85.0,92.33,4.67,0.0,8569.0,791196.0,ETB,TELECOM,91.65,94.655,95.17222222222222,0.24981179839637108,28.37837837837838,219.4772978134385,16.2960742249273,245.5,-0.6130346232179227,21.0,Viernes,50.0,0.1875,6839420.734999999,0.11568172666306953,7.284020327498592,0
2024-03-04,95.0,85.0,85.0,84.22,4.67,0.0,47103.0,3966882.0,ETB,TELECOM,91.08333333333333,94.38666666666667,94.96111111111111,0.0,0.0,209.28681927626306,14.075524262475804,245.5,-0.6130346232179227,0.0,Lunes,50.0,0.0,6946297.784999999,0.5710785979498575,6.981981981981986,0
2024-03-05,100.0,85.0,85.0,84.22,4.67,0.0,0.0,0.0,ETB,TELECOM,90.75,94.47,94.90555555555555,0.05129329438755048,5.263157894736836,200.66377198090478,13.91548089849985,245.5,-0.5926680244399185,5.0,Martes,59.68586387434555,-0.05660377358490565,6946297.784999999,0.0,11.669458403126749,0
2024-03-07,95.0,85.0,85.0,89.25,4.67,0.0,4540.0,405206.0,ETB,TELECOM,90.91666666666667,94.55333333333333,95.03888888888889,-0.05129329438755058,-5.000000000000004,193.47413918468678,14.360451587727423,245.5,-0.6130346232179227,-5.0,Jueves,57.57575757575757,0.0,6904989.1,0.05868307598052545,5.030403537866221,0
2024-03-09,81.5,85.0,85.0,72.0,4.67,0.0,107708.0,7754976.0,ETB,TELECOM,90.8,94.49499999999999,95.0,-0.1532738713537238,-14.210526315789473,198.69613364511366,15.95557456584845,245.5,-0.6680244399185336,-13.5,,50.66666666666667,-0.18500000000000005,6041873.5,1.2835382932131896,-10.04415011037527,1
2024-03-10,80.0,85.0,85.0,72.7,4.67,0.0,3624.0,263448.0,ETB,TELECOM,90.63333333333334,94.51666666666667,95.01444444444444,-0.01857638557293542,-1.8404907975460127,189.49432978800525,7.214152684675893,245.5,-0.6741344195519348,-1.5,,42.42424242424243,-0.1578947368421053,5506997.5,0.04783877239820792,-10.414333706606941,1
2024-03-12,74.0,85.0,85.0,76.58,4.67,0.0,42893.0,3284629.5,ETB,TELECOM,90.53333333333333,94.44166666666666,94.63666666666666,-0.0779615414697118,-7.499999999999996,183.4053184495272,7.173081941806279,245.5,-0.6985743380855397,-6.0,Martes,32.97872340425532,-0.09202453987730064,5034160.225,0.6524682078429477,-16.147308781869686,1
2024-04-01,95.0,85.0,85.0,92.49,4.67,0.0,190173.0,17588382.0,ETB,TELECOM,91.08333333333333,94.04166666666667,94.50333333333333,0.24981179839637108,28.37837837837838,214.73060710756863,16.52197675149258,245.5,-0.6130346232179227,21.0,Lunes,50.0,0.16564417177914104,5782507.35,3.0416532025679137,7.64872521246459,0
2024-04-03,95.0,85.0,85.0,83.5,4.67,0.0,86733.0,7242205.5,ETB,TELECOM,90.28333333333333,93.625,94.33666666666666,0.0,0.0,204.76803403487543,16.296074224927303,245.5,-0.6130346232179227,0.0,Miércoles,47.474747474747474,0.1875,5943565.275,1.2184951565119304,6.831599662637057,0
2024-04-04,95.0,85.0,85.0,83.81,4.67,0.0,34854.0,2921020.5,ETB,TELECOM,89.71666666666667,93.375,94.39222222222222,0.0,0.0,195.26503536608934,14.075524262475806,245.5,-0.6130346232179227,0.0,Jueves,50.0,0.28378378378378377,5988714.325,0.48775418920988517,5.938109841092839,0
2024-04-06,90.0,93.0,90.0,90.94,0.0,0.0,951210.0,86505088.0,ETB,TELECOM,89.05,93.29166666666667,94.39222222222222,-0.05406722127027582,-5.263157894736848,188.3016450934407,14.495828436664064,245.5,-0.6334012219959266,-5.0,,54.970760233918135,-0.052631578947368474,10308968.725,8.391245555941873,-0.1940670917660074,1
2024-04-07,95.0,93.0,90.0,85.76,0.0,0.0,28498.0,2443990.5,ETB,TELECOM,89.21666666666667,93.49166666666666,94.50333333333333,0.05406722127027579,5.555555555555558,181.26109705656893,13.223981134706058,245.5,-0.6130346232179227,5.0,,57.4585635359116,0.0,9445366.075,0.2587502147183851,5.350706958691437,1
2024-04-09,81.5,93.0,90.0,72.38,0.0,0.0,141167.0,10217956.0,ETB,TELECOM,89.1,93.43333333333334,94.46444444444444,-0.1532738713537238,-14.210526315789473,188.11844676669554,7.445824764192901,245.5,-0.6680244399185336,-13.5,Martes,50.73170731707317,-0.18500000000000005,9427168.375,1.0838838974274712,-8.375491849353573,1
2024-04-10,80.0,93.0,90.0,75.89,0.0,0.0,6413.0,486691.0,ETB,TELECOM,89.2,93.45833333333333,94.4811111111111,-0.01857638557293542,-1.8404907975460127,179.42167619719794,7.31820804045533,245.5,-0.6741344195519348,-1.5,Miércoles,53.06122448979592,-0.1578947368421053,8196595.65,0.059377212294228515,-9.297052154195013,1
2024-04-12,74.0,93.0,90.0,77.44,0.0,0.0,40513.0,3137424.5,ETB,TELECOM,89.05,92.70833333333333,94.10333333333332,-0.0779615414697118,-7.499999999999996,174.02235727243198,7.279231026282749,245.5,-0.6985743380855397,-6.0,Viernes,37.34939759036145,-0.09202453987730064,8323882.9,0.3769183850484009,-14.844649021864218,1
2024-05-01,91.0,91.0,91.0,91.65,-4.21,-4.0,325156.0,29799117.0,ETB,TELECOM,88.55,92.225,93.92555555555555,0.20679441331268036,22.972972972972983,195.90391098576347,14.276230466388263,245.5,-0.6293279022403259,17.0,Miércoles,47.99999999999999,0.13749999999999996,9771643.575,3.049550136707683,4.959630911188001,1
2024-05-02,106.0,91.0,91.0,101.17,-4.21,-4.0,53371.0,5399279.0,ETB,TELECOM,88.91666666666667,92.15833333333333,93.8811111111111,0.15257958759521717,16.483516483516492,199.2390738968294,15.893736638493273,245.5,-0.5682281059063137,15.0,Jueves,52.72727272727273,0.43243243243243246,10018152.325,0.5389495812043366,20.557293147568956,0
2024-05-03,95.0,91.0,91.0,89.6,-4.21,-4.0,139682.0,12516189.0,ETB,TELECOM,88.91666666666667,92.15833333333333,93.82555555555555,-0.10956220251152628,-10.377358490566035,199.08415638521703,14.906944651382643,245.5,-0.6130346232179227,-11.0,Viernes,50.0,0.0,10565235.575,1.1846578252941606,7.2234762979684035,0
2024-05-04,95.0,91.0,91.0,83.5,-4.21,-4.0,5605.0,468017.5,ETB,TELECOM,89.36666666666666,92.325,93.8811111111111,0.0,0.0,189.8415718782473,14.750182994391395,245.5,-0.6130346232179227,0.0,,56.585365853658544,0.0,9995230.075,0.04682408473723903,6.323447118074993,0
2024-05-06,95.0,95.0,90.0,92.33,5.56,5.0,2365250.0,218392012.5,ETB,TELECOM,89.86666666666666,92.575,93.99222222222221,0.0,0.0,181.0261435575124,13.583392438694782,245.5,-0.6130346232179227,0.0,Lunes,57.42574257425742,0.0,20679185.525,10.560958130385554,5.088495575221232,0
2024-05-07,95.0,95.0,90.0,84.29,5.56,5.0,87585.0,7382898.0,ETB,TELECOM,90.36666666666666,92.85,94.10333333333332,0.0,0.0,172.6183887589161,9.642858132020626,245.5,-0.6130346232179227,0.0,Martes,61.05263157894737,0.05555555555555558,21008770.625,0.35141980136688744,5.088495575221232,1
2024-05-08,81.5,95.0,90.0,76.78,5.56,5.0,80164.0,6154697.0,ETB,TELECOM,89.91666666666667,92.40833333333333,94.13666666666666,-0.1532738713537238,-14.210526315789473,180.39855782605773,6.868693681540589,245.5,-0.6680244399185336,-13.5,Miércoles,42.285714285714285,-0.14210526315789473,21118161.375,0.2914409493662656,-9.1668988576205,1
2024-05-09,81.0,81.5,81.0,80.79,-0.61,-0.5,997951.0,80628777.0,ETB,TELECOM,89.08333333333333,91.775,93.83666666666666,-0.0061538655743782235,-0.6134969325153339,172.01120803744203,6.292159875684398,245.5,-0.670061099796334,-0.5,Jueves,42.04545454545455,-0.006134969325153339,25149600.225,3.2059665473270957,-8.758096310898345,1
2024-05-11,80.0,81.5,81.0,79.49,-0.61,-0.5,2185.0,173690.0,ETB,TELECOM,88.58333333333333,91.10833333333333,93.40333333333332,-0.012422519998557209,-1.2345679012345734,164.01248324829984,6.169763460196284,245.5,-0.6741344195519348,-1.0,,41.573033707865164,0.0,25138024.425,0.006909453068526088,-9.116728202215285,1
2024-05-12,74.0,81.5,81.0,75.59,-0.61,-0.5,33558.0,2536571.5,ETB,TELECOM,87.71666666666667,90.55833333333334,92.90333333333332,-0.0779615414697118,-7.499999999999996,159.60980181058417,6.10508294723492,245.5,-0.6985743380855397,-6.0,,41.111111111111114,0.0,24877104.2,0.10196409837765603,-15.57330290929835,1
2024-06-02,106.0,81.5,81.0,100.24,-0.61,-0.5,63814.0,6396575.0,ETB,TELECOM,88.08333333333333,90.49166666666666,92.97,0.3593740009078974,43.24324324324324,232.26771530265268,22.652652025452657,245.5,-0.5682281059063137,32.0,,54.7008547008547,0.16483516483516492,25183760.55,0.25399602205159943,19.168071950534006,0
2024-06-03,95.0,81.5,81.0,89.52,-0.61,-0.5,359986.0,32227636.0,ETB,TELECOM,88.53333333333333,90.575,93.02555555555554,-0.10956220251152628,-10.377358490566035,229.38318003788208,21.938554083377785,245.5,-0.6130346232179227,-11.0,Lunes,55.89519650655022,-0.10377358490566035,26630910.875,1.2101589822169385,5.555555555555555,0
2024-06-05,100.0,81.5,81.0,98.0,-0.61,-0.5,3907.0,382886.0,ETB,TELECOM,89.15,90.825,93.19222222222221,0.05129329438755048,5.263157894736836,219.70293893833252,21.73899500461645,245.5,-0.5926680244399185,5.0,Miércoles,58.47457627118644,0.05263157894736836,25770636.075,0.014857452446485647,10.80332409972299,0
2024-06-06,95.0,81.5,81.0,95.0,-0.61,-0.5,157.0,14915.0,ETB,TELECOM,89.65,91.125,93.30333333333333,-0.05129329438755058,-5.000000000000004,211.47481807057554,22.109098359365312,245.5,-0.6130346232179227,-5.0,Jueves,58.97435897435897,0.0,25409271.55,0.0005869904601810594,5.263157894736842,1
2024-06-08,81.5,81.5,81.0,78.04,-0.61,-0.5,2472.0,192910.0,ETB,TELECOM,89.9,91.175,93.33666666666666,-0.1532738713537238,-14.210526315789473,214.79825475809696,23.24180227840942,245.5,-0.6680244399185336,-13.5,,45.81497797356828,-0.14210526315789473,25272866.025,0.00763308758924187,-9.014792073681276,1
2024-06-09,81.0,81.5,81.0,80.03,-0.61,-0.5,5386.0,431066.0,ETB,TELECOM,89.43333333333334,90.54166666666667,92.91444444444444,-0.0061538655743782235,-0.6134969325153339,204.80749363698897,7.718854112246404,245.5,-0.670061099796334,-0.5,,37.37373737373737,-0.1473684210526316,20969164.925,0.020557137184136102,-9.1164095371669,1
2024-06-11,80.0,81.5,81.0,77.24,-0.61,-0.5,45034.0,3478346.0,ETB,TELECOM,88.93333333333334,90.00833333333334,92.56888888888889,-0.012422519998557209,-1.2345679012345734,195.28267655060932,7.187511447716994,245.5,-0.6741344195519348,-1.0,Martes,41.573033707865164,-0.018404907975460127,21020882.7,0.1654709771060185,-9.476661951909476,1
2024-06-12,74.0,81.5,81.0,74.0,-0.61,-0.5,89566.0,6627884.0,ETB,TELECOM,88.06666666666666,89.40833333333333,92.33555555555556,-0.0779615414697118,-7.499999999999996,188.9388621054162,5.522023380777077,245.5,-0.6985743380855397,-6.0,Miércoles,38.94736842105262,-0.0864197530864198,20841379.1,0.31801561538698747,-15.909090909090908,1
2024-07-02,106.0,81.5,81.0,100.38,-0.61,-0.5,9392.0,942768.0,ETB,TELECOM,88.43333333333334,89.675,92.51333333333334,0.3593740009078974,43.24324324324324,251.39200037402514,22.65265202545265,245.5,-0.5682281059063137,32.0,Martes,54.330708661417326,0.32499999999999996,20864182.95,0.04518595347152092,18.701007838745802,0
2024-07-03,95.0,81.5,81.0,84.45,-0.61,-0.5,131123.0,11073530.0,ETB,TELECOM,88.88333333333334,89.84166666666667,92.62444444444445,-0.10956220251152628,-10.377358490566035,247.06060332108825,21.93855408337778,245.5,-0.6130346232179227,-11.0,Miércoles,50.0,0.28378378378378377,21260988.225,0.5208379724785817,5.146651909241844,1
2024-07-05,100.0,81.5,81.0,98.53,-0.61,-0.5,18722.0,1844727.5,ETB,TELECOM,89.55,90.09166666666667,92.86111111111111,0.05129329438755048,5.263157894736836,236.47776653346008,21.73899500461644,245.5,-0.5926680244399185,5.0,Viernes,57.14285714285714,-0.05660377358490565,19863268.75,0.09287129541556446,10.132158590308373,0
2024-07-06,95.0,81.5,81.0,88.48,-0.61,-0.5,10073.0,891241.5,ETB,TELECOM,90.25,90.39166666666667,93.04444444444445,-0.05129329438755058,-5.000000000000004,227.34051372766834,22.109098359365305,245.5,-0.6130346232179227,-5.0,,55.223880597014926,0.0,19637866.875,0.04538382430601949,5.263157894736842,0
2024-07-10,80.0,81.5,81.0,77.78,-0.61,-0.5,25678.0,1997112.0,ETB,TELECOM,89.75,90.41666666666667,92.61111111111111,-0.17185025692665928,-15.789473684210531,232.04180942945078,23.55601746539189,245.5,-0.6741344195519348,-15.0,Miércoles,50.0,-0.19999999999999996,19111913.025,0.10449566180986741,-10.614525139664805,1
2024-07-11,80.0,81.5,81.0,79.39,-0.61,-0.5,31593.0,2508079.0,ETB,TELECOM,89.25,89.76666666666667,92.16666666666667,0.0,0.0,221.30141934857286,8.299063369587966,245.5,-0.6741344195519348,0.0,Jueves,52.11267605633803,-0.1578947368421053,19213916.1,0.13053450358305665,-9.859154929577464,1
2024-08-02,106.0,81.5,81.0,97.19,-0.61,-0.5,80118.0,7786446.0,ETB,TELECOM,89.61666666666666,89.66666666666667,92.12222222222222,0.2814124594381855,32.49999999999999,251.14895518880323,18.032173462408583,245.5,-0.5682281059063137,26.0,Viernes,50.0,0.3006134969325154,8683637.775,0.8966801934572863,18.701007838745802,0
2024-08-03,95.0,81.5,81.0,88.78,-0.61,-0.5,33665.0,2988914.5,ETB,TELECOM,89.78333333333333,89.41666666666667,92.12222222222222,-0.10956220251152628,-10.377358490566035,246.6230265618123,18.959770444127567,245.5,-0.6130346232179227,-11.0,,50.0,0.1728395061728396,8463938.6,0.353135182242461,6.382978723404259,0
2024-08-04,95.0,81.5,81.0,86.75,-0.61,-0.5,40726.0,3533026.0,ETB,TELECOM,89.78333333333333,89.5,92.25555555555556,0.0,0.0,235.15811758938506,18.74316705846164,245.5,-0.6130346232179227,0.0,,48.091603053435115,0.1875,8332855.05,0.4239874543359542,5.584884690191727,0
2024-08-05,100.0,81.5,81.0,95.37,-0.61,-0.5,115066.0,10973832.0,ETB,TELECOM,90.4,89.75,92.42222222222222,0.05129329438755048,5.263157894736836,225.27184440960744,16.1372550211115,245.5,-0.5926680244399185,5.0,Lunes,51.90839694656488,0.3513513513513513,4850107.8,2.262595482929266,9.980753368160574,0
2024-08-07,95.0,81.5,81.0,82.31,-0.61,-0.5,32623.0,2685082.0,ETB,TELECOM,90.9,90.05,92.60555555555555,-0.05129329438755058,-5.000000000000004,216.62555113070317,16.706402943736084,245.5,-0.6130346232179227,-5.0,Miércoles,55.510204081632644,-0.10377358490566035,4975677.4,0.5396414968542775,3.6269430051813503,1
2024-08-08,81.5,81.5,81.0,76.79,-0.61,-0.5,35470.0,2723834.0,ETB,TELECOM,91.15,90.1,92.18888888888888,-0.1532738713537238,-14.210526315789473,219.15981020336605,7.810105482217066,245.5,-0.6680244399185336,-13.5,Jueves,50.184501845018445,-0.14210526315789473,4985040.525,0.5464015761436563,-11.461162411732753,1
2024-08-10,80.0,81.5,81.0,76.41,-0.61,-0.5,51025.0,3898860.0,ETB,TELECOM,90.78333333333333,89.66666666666667,91.74444444444444,-0.01857638557293542,-1.8404907975460127,208.99225365646618,7.214152684675869,245.5,-0.6741344195519348,-1.5,,50.0,-0.19999999999999996,4860154.775,0.802209020184959,-11.84573002754821,1
2024-08-11,80.0,81.5,81.0,78.65,-0.61,-0.5,35818.0,2816989.5,ETB,TELECOM,89.91666666666667,89.41666666666667,91.41111111111111,0.0,0.0,199.33902963047115,7.214152684675869,245.5,-0.6741344195519348,0.0,,52.30769230769231,-0.1578947368421053,3389622.45,0.8310629108560453,-11.11111111111111,1
2024-09-01,91.0,81.5,81.0,90.66,-0.61,-0.5,103347.0,9369832.0,ETB,TELECOM,89.78333333333333,89.35,91.36666666666666,0.12883287184296838,13.749999999999996,200.9154977622875,10.10851119564286,245.5,-0.6293279022403259,11.0,,43.11926605504587,0.13749999999999996,3838969.75,2.4407152465840607,1.619207146845341,0
2024-09-02,106.0,81.5,81.0,102.93,-0.61,-0.5,100814.0,10376923.0,ETB,TELECOM,90.15,89.75833333333334,91.6,0.15257958759521717,16.483516483516492,204.06554087479307,12.508663223271656,245.5,-0.5682281059063137,15.0,Lunes,54.86725663716815,0.32499999999999996,4357070.15,2.381628627209502,17.64705882352942,0
2024-09-04,95.0,81.5,81.0,89.65,-0.61,-0.5,229777.0,20598360.5,ETB,TELECOM,90.15,90.00833333333334,91.76666666666667,-0.10956220251152628,-10.377358490566035,203.2176221966528,11.2575856468074,245.5,-0.6130346232179227,-11.0,Miércoles,47.89915966386554,-0.10377358490566035,5377342.675,3.8305835697926764,4.654365188653257,0
2024-09-05,100.0,81.5,81.0,92.0,-0.61,-0.5,4070.0,374440.0,ETB,TELECOM,90.31666666666666,90.34166666666667,92.00555555555556,0.05129329438755048,5.263157894736836,194.9939384374905,10.839317434644187,245.5,-0.5926680244399185,5.0,Jueves,52.100840336134446,0.05263157894736836,5374511.375,0.06966958926568464,9.02153175252113,0
2024-09-07,95.0,81.5,81.0,85.54,-0.61,-0.5,8247.0,705423.0,ETB,TELECOM,90.76666666666667,90.34166666666667,91.86111111111111,-0.05129329438755058,-5.000000000000004,188.02571176420278,11.621121305314091,245.5,-0.6130346232179227,-5.0,,56.88073394495412,0.0,5235865.225,0.134729021792191,2.7304676939713497,0
2024-09-08,81.5,81.5,81.0,76.6,-0.61,-0.5,88329.0,6766118.5,ETB,TELECOM,90.78333333333333,89.93333333333334,91.44444444444444,-0.1532738713537238,-14.210526315789473,193.64484927887594,12.467345927513986,245.5,-0.6680244399185336,-13.5,,50.61224489795919,-0.18500000000000005,5242776.95,1.2905600532938941,-12.22401723209477,1
2024-09-09,85.5,85.5,80.0,82.23,5.56,4.5,370994.0,30505594.0,ETB,TELECOM,90.96666666666667,89.775,91.06111111111112,0.04791335569589745,4.907975460122693,186.67477192248305,8.817817674596787,245.5,-0.6517311608961304,4.0,Lunes,39.800995024875625,-0.09999999999999998,6720918.25,4.538902701278951,-6.8881023686359955,1
2024-09-10,80.0,85.5,80.0,76.7,5.56,4.5,27223.0,2087914.5,ETB,TELECOM,91.16666666666667,89.44166666666666,90.7611111111111,-0.06648974126883297,-6.432748538011701,180.24968317483822,8.249711109403687,245.5,-0.6741344195519348,-5.5,Martes,42.10526315789474,-0.018404907975460127,6271637.475,0.3329137738465982,-12.160307438923965,1
2024-09-12,74.0,85.5,80.0,75.4,5.56,4.5,72840.0,5491862.5,ETB,TELECOM,90.1,89.09166666666667,90.36111111111111,-0.0779615414697118,-7.499999999999996,174.67839467325678,6.877701445106238,245.5,-0.6985743380855397,-6.0,Jueves,39.603960396039604,-0.07499999999999996,6453994.225,0.8509246070792696,-17.57170704539126,1
2024-10-01,91.0,85.5,80.0,88.2,5.56,4.5,96095.0,8475979.0,ETB,TELECOM,89.96666666666667,89.25,90.37222222222222,0.20679441331268036,22.972972972972983,196.75501770498397,14.589390487859198,245.5,-0.6293279022403259,17.0,Martes,46.01769911504425,0.13749999999999996,6833231.1,1.2404057284115564,1.590845660061398,0
2024-10-04,100.0,100.0,100.0,99.12,5.26,5.0,404348.0,40079261.5,ETB,TELECOM,89.96666666666667,89.55833333333334,90.53888888888889,0.09431067947124142,9.8901098901099,192.38169539848113,12.586075987404465,245.5,-0.5926680244399185,9.0,Viernes,52.136752136752136,0.098901098901099,8737338.575,4.5871246897399764,10.40574109853712,0
2024-10-05,100.0,100.0,100.0,98.0,5.26,5.0,2521.0,247058.0,ETB,TELECOM,90.13333333333334,89.89166666666667,90.79444444444445,0.0,0.0,183.5066363900436,12.762547777353182,245.5,-0.5926680244399185,0.0,,58.937198067632856,-0.05660377358490565,8624287.525,0.028646772186552302,9.200109200109196,0
2024-10-07,95.0,100.0,100.0,82.01,5.26,5.0,119117.0,9768582.5,ETB,TELECOM,90.58333333333333,90.24166666666666,90.97777777777777,-0.05129329438755058,-5.000000000000004,177.32866959476834,12.488902394902812,245.5,-0.6130346232179227,-5.0,Lunes,57.00934579439252,0.0,8723394.35,1.1198143873892392,4.366932161494089,0
2024-10-09,85.5,100.0,100.0,84.52,5.26,5.0,11538.0,975139.5,ETB,TELECOM,90.73333333333333,90.08333333333333,90.60555555555555,-0.10536051565782628,-9.999999999999998,176.74779437765739,13.102994075598902,245.5,-0.6517311608961304,-9.5,Miércoles,52.36051502145922,-0.14500000000000002,8622705.6,0.11308973601046986,-5.577029265599114,1
2024-10-10,80.0,100.0,100.0,73.63,5.26,5.0,47066.0,3465628.5,ETB,TELECOM,90.73333333333333,89.83333333333333,90.25,-0.06648974126883297,-6.432748538011701,170.94002806278317,7.70629654893531,245.5,-0.6741344195519348,-5.5,Jueves,45.04504504504504,-0.1578947368421053,8619335.725,0.4020760544165949,-10.913140311804007,1
2024-10-12,74.0,100.0,100.0,75.41,5.26,5.0,176549.0,13312832.5,ETB,TELECOM,90.73333333333333,89.4,89.85,-0.0779615414697118,-7.499999999999996,165.98355965532693,3.715153636140854,245.5,-0.6985743380855397,-6.0,,34.31372549019608,-0.09202453987730064,8736285.75,1.5238549746383925,-16.38418079096045,1
2024-11-01,88.0,88.0,88.0,88.54,-3.3,-3.0,301311.0,26679580.5,ETB,TELECOM,90.13333333333334,89.28333333333333,89.82777777777778,0.17327172127403678,18.918918918918926,181.53446773486712,11.837444720946653,245.5,-0.6415478615071284,14.0,Viernes,46.666666666666664,0.029239766081871288,9936010.675,2.685140080125769,-0.17016449234260428,0
2024-11-03,95.0,88.0,88.0,92.6,-3.3,-3.0,290000.0,26855000.0,ETB,TELECOM,90.13333333333334,89.50833333333334,89.93888888888888,0.0765400771223344,7.954545454545459,176.71193106356,12.420758614889117,245.5,-0.6130346232179227,7.0,,47.66355140186916,0.1875,11142568.975,2.410126431369028,6.951871657754008,0
2024-11-04,100.0,100.0,100.0,99.56,-3.3,0.0,1642896.0,163569146.0,ETB,TELECOM,90.13333333333334,89.84166666666667,90.10555555555555,0.05129329438755048,5.263157894736836,169.73905366896585,10.957362450315536,245.5,-0.5926680244399185,5.0,Lunes,52.33644859813084,0.3513513513513513,19126083.275,8.552150675502066,11.327581408293902,0
2024-11-06,95.0,100.0,100.0,88.7,-3.3,0.0,7975.0,707394.0,ETB,TELECOM,90.13333333333334,90.19166666666666,90.30555555555556,-0.05129329438755058,-5.000000000000004,164.46607382279183,10.642271029404176,245.5,-0.6130346232179227,-5.0,Miércoles,56.85279187817258,0.04395604395604402,19020603.5,0.0371909335053433,4.885454043610264,0
2024-11-07,95.0,100.0,100.0,86.5,-3.3,0.0,37500.0,3243750.0,ETB,TELECOM,90.63333333333334,90.19166666666666,90.4888888888889,0.0,0.0,156.83423951169965,9.036341403585002,245.5,-0.6130346232179227,0.0,Jueves,55.026455026455025,-0.050000000000000044,18714299.4,0.1733300259159047,4.654365188653257,1
2024-11-09,80.0,80.0,80.0,80.05,-6.43,-5.5,516637.0,41355312.0,ETB,TELECOM,90.63333333333334,89.94166666666666,90.05555555555556,-0.17185025692665928,-15.789473684210531,170.90472891213886,9.405008804312102,245.5,-0.6741344195519348,-15.0,,50.0,-0.19999999999999996,20263218.85,2.040905361884299,-10.589550153674205,1
2024-11-10,80.0,80.0,80.0,71.0,-6.43,-5.5,29300.0,2080300.0,ETB,TELECOM,89.76666666666667,89.69166666666666,89.7,0.0,0.0,163.03215927873634,7.965472582502723,245.5,-0.6741344195519348,0.0,,53.06122448979592,-0.1578947368421053,19337315.825,0.10757956372158492,-9.833755987602135,1
2024-11-12,74.0,80.0,80.0,75.6,-6.43,-5.5,137495.0,10394866.0,ETB,TELECOM,89.06666666666666,89.425,89.3,-0.0779615414697118,-7.499999999999996,158.66220676340754,6.5287559105553035,245.5,-0.6985743380855397,-6.0,Martes,40.22988505747126,-0.13450292397660824,19838337.125,0.5239786951145483,-15.356019445238772,1
2024-12-01,88.0,80.0,80.0,91.14,-6.43,-5.5,319136.0,29085130.0,ETB,TELECOM,88.83333333333333,89.30833333333334,89.27777777777777,0.17327172127403678,18.918918918918926,175.30695283450285,12.841949058590346,245.5,-0.6415478615071284,14.0,,43.47826086956522,0.10000000000000009,21257322.475,1.368240522022753,1.0623026126902062,1
2024-12-02,106.0,80.0,80.0,102.0,-6.43,-5.5,345.0,35190.0,ETB,TELECOM,89.03333333333333,89.71666666666667,89.5111111111111,0.1861022796338607,20.45454545454546,188.21915675237548,16.047838255810863,245.5,-0.5682281059063137,18.0,Lunes,52.72727272727273,0.43243243243243246,20920776.05,0.0016820599731050608,20.045300113250285,0
2024-12-03,95.0,80.0,80.0,85.1,-6.43,-5.5,11221.0,954890.0,ETB,TELECOM,89.03333333333333,89.96666666666667,89.71111111111111,-0.10956220251152628,-10.377358490566035,189.09668550634177,14.558820165355591,245.5,-0.6130346232179227,-11.0,Martes,50.0,0.07954545454545459,19443240.85,0.049111668541615576,7.01210926499577,0
2024-12-04,100.0,80.0,80.0,93.94,-6.43,-5.5,114285.0,10736190.0,ETB,TELECOM,89.65,90.4,89.95,0.05129329438755048,5.263157894736836,181.5204118077813,14.35916678898129,245.5,-0.5926680244399185,5.0,Miércoles,56.502242152466366,0.05263157894736836,19875654.625,0.5401678688105097,11.389585073795592,0
2024-12-06,95.0,80.0,80.0,88.02,-6.43,-5.5,81874.0,7206816.5,ETB,TELECOM,90.15,90.46666666666667,89.82777777777778,-0.05129329438755058,-5.000000000000004,175.45982688543168,13.833685515052542,245.5,-0.6130346232179227,-5.0,Viernes,56.75675675675676,-0.050000000000000044,19961402.325,0.36103758556952986,4.596751995595922,0
2024-12-07,95.0,80.0,80.0,82.88,-6.43,-5.5,187138.0,15509844.5,ETB,TELECOM,90.65,90.28333333333333,89.82777777777778,0.0,0.0,167.30930387175997,11.80459956605136,245.5,-0.6130346232179227,0.0,,60.0,0.0,20313095.6,0.7635391870060415,4.366932161494089,0
2024-12-08,81.5,80.0,80.0,79.1,-6.43,-5.5,2522.0,199499.0,ETB,TELECOM,90.33333333333333,90.05833333333334,89.67777777777778,-0.1532738713537238,-14.210526315789473,175.72803195830062,7.810105482217065,245.5,-0.6680244399185336,-13.5,,46.889952153110045,-0.14210526315789473,18319107.475,0.010890213962238899,-9.544950055493889,0
2024-12-09,80.0,80.0,80.0,84.0,-6.43,-5.5,1000.0,84000.0,ETB,TELECOM,89.46666666666667,89.80833333333334,89.66111111111111,-0.01857638557293542,-1.8404907975460127,167.598267230993,7.2141526846758675,245.5,-0.6741344195519348,-1.5,Lunes,42.42424242424243,0.0,18310954.575,0.00458741785721458,-10.213243546576873,0
2024-12-11,80.0,80.0,80.0,75.76,-6.43,-5.5,5652.0,428205.0,ETB,TELECOM,88.96666666666667,89.55833333333334,89.66111111111111,0.0,0.0,159.877962934553,5.951835856406044,245.5,-0.6741344195519348,0.0,Miércoles,39.361702127659576,0.0,17843935.7,0.023997228369299718,-9.451046972269378,0
2024-12-12,74.0,80.0,80.0,70.47,-6.43,-5.5,476275.0,33564250.0,ETB,TELECOM,88.1,89.20833333333333,89.59444444444445,-0.0779615414697118,-7.499999999999996,155.7356662961887,6.136904413730653,245.5,-0.6985743380855397,-6.0,Jueves,38.94736842105262,0.0,19473391.225,1.7235955264386673,-15.693534605525498,0
2025-01-04,51.0,51.0,51.0,50.0,9.68,4.5,518746.0,25935906.0,ETB,TELECOM,86.63333333333334,88.7,89.10555555555555,-0.372239460479844,-31.081081081081084,223.1652328458567,12.556640027207237,245.5,-0.7922606924643585,-23.0,,31.355932203389827,-0.4204545454545454,20596905.1,1.2592137446902156,-40.92093831450912,1
2025-02-01,74.0,51.0,51.0,70.2,9.68,4.5,31522.0,2212770.0,ETB,TELECOM,86.38333333333334,88.58333333333333,88.75,0.37223946047984396,45.09803921568627,289.7624430716117,27.636616468433886,245.5,-0.6985743380855397,23.0,,47.61904761904762,-0.30188679245283023,20041901.975,0.11040718604253126,-14.277439907326963,0
2025-02-04,51.0,51.0,51.0,49.5,9.68,4.5,29250.0,1447875.0,ETB,TELECOM,85.23333333333333,88.1,88.2611111111111,-0.372239460479844,-31.081081081081084,324.0407373960712,31.230878614806564,245.5,-0.7922606924643585,-23.0,Martes,40.26845637583892,-0.4631578947368421,18780316.7,0.07709534525581244,-39.627108612015384,0
2025-02-05,51.0,51.0,51.0,47.1,9.68,4.5,17817.0,839241.0,ETB,TELECOM,84.26666666666667,87.71666666666667,87.71666666666667,0.0,0.0,309.6159834920543,31.230878614806564,245.5,-0.7922606924643585,0.0,Miércoles,41.95804195804196,-0.49,17479528.75,0.04801279325107664,-38.01276207839563,1
2025-03-01,74.0,51.0,51.0,70.0,9.68,4.5,151428.0,10599960.0,ETB,TELECOM,84.26666666666667,87.18333333333334,87.48333333333333,0.37223946047984396,45.09803921568627,352.3558402762912,38.21829860243259,245.5,-0.6985743380855397,23.0,,45.39473684210527,-0.2210526315789474,9831069.45,1.0782102653135057,-8.61376968200061,0
2025-03-02,68.0,51.0,51.0,58.11,9.68,4.5,1216488.0,70684221.5,ETB,TELECOM,83.5,86.73333333333333,87.33333333333333,-0.084557388028063,-8.108108108108103,338.1828902845795,33.83452656099899,245.5,-0.7230142566191446,-6.0,,36.42857142857143,-0.28421052631578947,13329910.825,5.3026777469083335,-14.599686028257459,0
2025-03-03,59.0,51.0,51.0,58.15,9.68,4.5,50806.0,2954120.5,ETB,TELECOM,82.13333333333334,86.05,87.08333333333333,-0.14197026127038723,-13.235294117647056,328.36168587814944,28.416746000983075,245.5,-0.7596741344195519,-9.0,Lunes,36.95652173913044,-0.2760736196319018,13315429.35,0.22185694673074888,-24.18888531962737,0
2025-03-04,51.0,51.0,51.0,48.94,9.68,4.5,361605.0,17695197.0,ETB,TELECOM,80.5,85.31666666666666,86.7611111111111,-0.14571181118139365,-13.559322033898303,318.437423467661,24.687111481405548,245.5,-0.7922606924643585,-8.0,Martes,32.624113475177296,-0.36250000000000004,12132423.6,1.4585047129412791,-33.224222585924714,1
2025-03-06,57.0,51.0,51.0,55.12,9.68,4.5,56659.0,3123068.0,ETB,TELECOM,79.23333333333333,84.90833333333333,86.57222222222222,0.1112256351102244,11.764705882352944,310.9824258799761,25.002812761996033,245.5,-0.7678207739307535,6.0,Jueves,36.61971830985915,-0.2875,12184562.0,0.2563135219796986,-24.227318045862408,1
2025-04-02,68.0,51.0,51.0,58.04,9.68,4.5,471403.0,27361627.5,ETB,TELECOM,78.65,84.69166666666666,86.27222222222223,0.1764564373415565,19.298245614035082,310.3554887686626,15.269671401142995,245.5,-0.7230142566191446,11.0,Miércoles,41.17647058823529,-0.08108108108108103,13032900.075,2.0994273985485155,-9.242575909242573,0
2025-04-03,59.0,51.0,51.0,55.86,9.68,4.5,322864.0,18034413.0,ETB,TELECOM,77.95,84.34166666666667,85.87222222222222,-0.14197026127038723,-13.235294117647056,303.0910605204385,16.038629563739693,245.5,-0.7596741344195519,-9.0,Jueves,42.42424242424243,0.15686274509803932,12480364.225,1.445022971675332,-19.700578428036742,0
2025-04-04,51.0,51.0,51.0,49.02,9.68,4.5,273307.0,13396813.5,ETB,TELECOM,77.18333333333334,83.95833333333333,85.32777777777778,-0.14571181118139365,-13.559322033898303,295.42909278679014,16.09696819252922,245.5,-0.7922606924643585,-8.0,Viernes,40.645161290322584,-0.31081081081081086,13148445.4,1.018889541116397,-27.889713679745487,1
2025-04-06,57.0,51.0,51.0,53.1,9.68,4.5,44147.0,2344375.0,ETB,TELECOM,76.15,83.14166666666667,84.90555555555555,0.1112256351102244,11.764705882352944,288.94124878047336,15.466539973254779,245.5,-0.7678207739307535,6.0,,42.857142857142854,0.11764705882352944,13217919.65,0.17736338713482797,-17.18125681075191,1
2025-05-02,68.0,51.0,51.0,59.6,9.68,4.5,93509.0,5573186.5,ETB,TELECOM,75.25,82.69166666666666,84.75555555555556,0.1764564373415565,19.298245614035082,289.5198271857364,16.816690733010088,245.5,-0.7230142566191446,11.0,Viernes,48.192771084337345,0.33333333333333326,12959769.475,0.43003747178921176,1.1528449237634895,0
2025-05-03,59.0,51.0,51.0,55.39,9.68,4.5,19081.0,1056814.0,ETB,TELECOM,73.88333333333334,82.00833333333334,84.52222222222223,-0.14197026127038723,-13.235294117647056,284.29343561626814,16.038629563739693,245.5,-0.7596741344195519,-9.0,,52.631578947368425,-0.20270270270270274,12652269.35,0.08352762423604268,-9.820405043943444,0
2025-05-05,51.0,51.0,51.0,46.94,9.68,4.5,75672.0,3552256.0,ETB,TELECOM,72.41666666666667,81.275,84.26666666666667,-0.14571181118139365,-13.559322033898303,278.4128444777936,16.09696819252922,245.5,-0.7922606924643585,-8.0,Lunes,41.605839416058394,-0.25,12054389.925,0.29468567236512383,-19.33570581257414,1
2025-05-06,55.0,55.0,55.0,54.81,-3.51,-2.0,1067396.0,58504098.0,ETB,TELECOM,71.08333333333333,80.85833333333333,83.82222222222222,0.0755075525081451,7.843137254901955,269.3573725189293,15.016957589420624,245.5,-0.7759674134419552,4.0,Martes,51.694915254237294,-0.06779661016949157,14969619.875,3.908188617247704,-11.147011308562195,1
2025-06-02,68.0,55.0,55.0,60.81,-3.51,-2.0,20658.0,1256167.0,ETB,TELECOM,70.68333333333334,80.65833333333333,83.52222222222223,0.21217451994363576,23.636363636363633,277.62199097408137,17.58269666330938,245.5,-0.7230142566191446,13.0,Lunes,56.48854961832061,0.33333333333333326,15028228.225,0.0835871655123204,10.929853181076679,0
2025-06-03,55.0,55.0,55.0,55.0,-6.78,-4.0,1081077.0,59460735.0,ETB,TELECOM,69.85,79.80833333333334,83.07777777777778,-0.21217451994363576,-19.11764705882353,283.8869109544848,18.048851873339615,245.5,-0.7759674134419552,-13.0,Martes,42.14876033057851,-0.03508771929824561,17979854.725,3.307075385727289,-8.40965861781848,0
2025-06-05,51.0,55.0,55.0,46.75,-6.78,-4.0,4139.0,193489.1,ETB,TELECOM,69.08333333333333,79.075,82.64444444444445,-0.07550755250814517,-7.272727272727275,272.2625009832631,17.378692778397042,245.5,-0.7922606924643585,-4.0,Jueves,42.857142857142854,-0.25,16311316.680000002,0.011862261262896405,-13.412563667232597,0
2025-06-06,55.0,55.0,55.0,54.99,-6.78,0.0,374043.0,20566865.0,ETB,TELECOM,67.98333333333333,78.40833333333333,82.2,0.0755075525081451,7.843137254901955,263.2836686930738,16.329693747311342,245.5,-0.7759674134419552,4.0,Viernes,48.24561403508772,-0.06779661016949157,16042864.63,1.2819945486256963,-6.937394247038919,0
2025-07-01,74.0,55.0,55.0,69.24,-6.78,0.0,103380.0,7157903.0,ETB,TELECOM,66.91666666666667,77.975,82.11666666666666,0.29673190797169885,34.54545454545455,289.0981325970444,21.896220592116308,245.5,-0.6985743380855397,19.0,Martes,59.2,0.4509803921568627,16290121.280000001,0.43940145545681286,25.211505922165816,0
2025-07-02,68.0,55.0,55.0,57.77,-6.78,0.0,249526.0,14414532.0,ETB,TELECOM,66.01666666666667,77.525,81.98333333333333,-0.084557388028063,-8.108108108108103,279.7831540344038,20.776013060429342,245.5,-0.7230142566191446,-6.0,Miércoles,54.400000000000006,0.1929824561403508,16938454.130000003,0.8509945411411636,13.427856547122596,0
2025-07-03,52.0,52.5,52.0,52.26,-5.45,-3.0,1680874.0,87840983.5,ETB,TELECOM,64.41666666666667,77.03333333333333,81.7388888888889,-0.2682639865946794,-23.529411764705888,296.53188615734626,21.935990133300773,245.5,-0.7881873727087576,-16.0,Jueves,43.84615384615385,-0.23529411764705888,21288541.255000003,4.126209609564908,-13.333333333333334,0
2025-07-04,51.0,52.5,52.0,48.8,-5.45,-3.0,43232.0,2109724.0,ETB,TELECOM,62.95,76.55,81.29444444444445,-0.019418085857101627,-1.9230769230769273,282.73530378310113,21.577704885653606,245.5,-0.7922606924643585,-1.0,Viernes,46.721311475409834,-0.13559322033898302,20864029.455000002,0.10111776368751296,-13.338997451146986,1
2025-07-05,51.0,52.5,52.0,47.02,-5.45,-3.0,418668.0,19685197.2,ETB,TELECOM,61.483333333333334,76.06666666666666,80.68333333333334,0.0,0.0,269.69178326246845,21.308843825584518,245.5,-0.7922606924643585,0.0,,50.0,0.0,18314078.240000002,1.0748669379933804,-12.068965517241379,0
2025-08-01,74.0,52.5,52.0,67.98,-5.45,-3.0,304130.0,20674104.0,ETB,TELECOM,61.233333333333334,75.78333333333333,80.45,0.37223946047984396,45.09803921568627,314.57448938725247,25.643144724855183,245.5,-0.6985743380855397,23.0,Viernes,56.48854961832061,0.34545454545454546,19200077.415,1.0767719084220162,25.957446808510635,0
2025-08-04,51.0,52.5,52.0,47.29,-5.45,-3.0,47471.0,2245134.5,ETB,TELECOM,60.266666666666666,74.86666666666666,79.96111111111111,-0.372239460479844,-31.081081081081084,351.5671456793457,29.71129378412747,245.5,-0.7922606924643585,-23.0,Lunes,44.05594405594406,-0.25,18427574.29,0.12183559619229732,-13.191489361702127,1
2025-08-05,51.0,52.5,52.0,48.06,-5.45,-3.0,424200.0,20388647.8,ETB,TELECOM,59.3,74.13333333333334,79.47222222222223,0.0,0.0,335.28638252112944,27.268629295257345,245.5,-0.7922606924643585,0.0,Martes,47.01492537313433,-0.07272727272727275,19290853.28,1.056907514875879,-12.745936698032512,1
2025-09-01,74.0,52.5,52.0,69.87,-5.45,-3.0,254720.0,17797724.0,ETB,TELECOM,59.3,73.7,79.2388888888889,0.37223946047984396,45.09803921568627,367.2382185575799,32.91953561725504,245.5,-0.6985743380855397,23.0,Lunes,57.718120805369125,0.4509803921568627,18812658.105,0.9460504677576502,25.957446808510635,0
2025-09-04,51.0,52.5,52.0,45.35,-5.45,-3.0,47749.0,2165417.5,ETB,TELECOM,59.3,72.96666666666667,78.9,-0.372239460479844,-31.081081081081084,395.47164306600223,38.21829860243258,245.5,-0.7922606924643585,-23.0,Jueves,48.80952380952381,-0.07272727272727275,18019208.330000002,0.12017273236110033,-12.596401028277636,1
2025-09-05,51.0,52.5,52.0,49.44,-5.45,-3.0,209533.0,10359978.5,ETB,TELECOM,58.53333333333333,72.45833333333333,78.56666666666666,0.0,0.0,377.1314639884787,31.255653428822097,245.5,-0.7922606924643585,0.0,Viernes,44.516129032258064,-0.31081081081081086,17867366.580000002,0.5798268286271429,-12.596401028277636,0
2025-09-06,55.0,52.5,52.0,55.0,-5.45,-3.0,3966.0,218130.0,ETB,TELECOM,58.666666666666664,71.95,78.28888888888889,0.0755075525081451,7.843137254901955,361.9823078644186,27.229619856784034,245.5,-0.7759674134419552,4.0,,50.0,-0.19117647058823528,17761054.330000002,0.012281365506075786,-5.579399141630901,0
2025-10-01,74.0,52.5,52.0,69.35,-5.45,-3.0,24043.0,1667480.5,ETB,TELECOM,59.43333333333333,71.85,78.28888888888889,0.29673190797169885,34.54545454545455,372.9389261476057,30.07678823165181,245.5,-0.6985743380855397,19.0,Miércoles,57.14285714285714,0.42307692307692313,17565769.03,0.09492783931931273,26.38770281810419,0
2025-10-02,68.0,52.5,52.0,60.51,-5.45,-3.0,31767.0,1922370.5,ETB,TELECOM,59.233333333333334,71.75,77.86666666666666,-0.084557388028063,-8.108108108108103,359.06095991689887,23.898906955126254,245.5,-0.7230142566191446,-6.0,Jueves,53.987730061349694,0.33333333333333326,17609046.855,0.10916948065557294,15.254237288135593,0
2025-10-03,52.0,52.0,52.0,52.0,-5.45,0.0,850508.0,44226416.0,ETB,TELECOM,58.7,71.1,77.38888888888889,-0.2682639865946794,-23.529411764705888,366.6400436344716,21.512558874520842,245.5,-0.7881873727087576,-16.0,Viernes,43.125,0.019607843137254832,19642754.855,2.2515383573471777,-11.939034716342078,0
2025-10-04,51.0,52.0,52.0,49.0,-5.45,0.0,1602.0,78498.0,ETB,TELECOM,58.43333333333333,70.28333333333333,76.84444444444445,-0.019418085857101627,-1.9230769230769273,349.58984152917265,21.577704885653603,245.5,-0.7922606924643585,-1.0,,44.516129032258064,-0.31081081081081086,16721474.855,0.0046944423671173826,-13.338997451146986,1
2025-10-06,55.0,52.0,52.0,55.89,-5.45,0.0,233787.0,13067285.0,ETB,TELECOM,58.56666666666667,69.53333333333333,76.4,0.0755075525081451,7.843137254901955,335.9224569193098,21.577704885653603,245.5,-0.7759674134419552,4.0,Lunes,51.04895104895105,0.07843137254901955,17312030.755000003,0.7548094839322043,-5.498281786941585,1
2025-11-02,68.0,52.0,52.0,57.86,-5.45,0.0,329905.0,19087067.5,ETB,TELECOM,58.93333333333333,69.08333333333333,76.25,0.21217451994363576,23.636363636363633,336.0912695502516,17.62384149280959,245.5,-0.7230142566191446,13.0,,55.48387096774194,0.33333333333333326,15293347.38,1.248063424293969,15.548003398470685,0
2025-11-03,52.0,52.0,52.0,51.31,-5.45,0.0,178383.0,9152270.0,ETB,TELECOM,58.4,68.525,75.92777777777778,-0.2682639865946794,-23.529411764705888,346.6040817888115,20.43214593910615,245.5,-0.7881873727087576,-16.0,Lunes,50.292397660818715,-0.29729729729729726,15741286.425,0.5814181733879479,-11.714770797962647,1
2025-11-04,51.0,52.0,52.0,46.78,-5.45,0.0,245960.0,11505470.2,ETB,TELECOM,58.13333333333333,68.04166666666667,75.60555555555555,-0.019418085857101627,-1.9230769230769273,330.49482253212767,17.159936616212402,245.5,-0.7922606924643585,-1.0,Martes,42.281879194630875,0.0,15288216.684999999,0.7525711099639611,-13.117546848381606,1
2025-11-06,55.0,52.0,52.0,53.07,-5.45,0.0,6476.0,343680.0,ETB,TELECOM,58.266666666666666,67.725,75.39444444444445,0.0755075525081451,7.843137254901955,317.7730580907484,17.324567264396787,245.5,-0.7759674134419552,4.0,Jueves,51.53846153846153,0.07843137254901955,14947505.535,0.022992465143783603,-4.761904761904762,0
2025-12-02,68.0,52.0,52.0,55.36,-5.45,0.0,871658.0,48254957.0,ETB,TELECOM,58.63333333333333,67.39166666666667,74.97222222222223,0.21217451994363576,23.636363636363633,319.4388615627359,19.749800274319277,245.5,-0.7230142566191446,13.0,Martes,55.94405594405594,0.23636363636363633,16639526.785,2.9000197916385635,17.74891774891775,0
2025-12-03,52.0,52.0,52.0,54.12,-5.45,0.0,28699.0,1553104.5,ETB,TELECOM,58.1,66.675,74.49444444444444,-0.2682639865946794,-23.529411764705888,332.21280340841054,20.43214593910615,245.5,-0.7881873727087576,-16.0,Miércoles,41.91176470588235,-0.29729729729729726,12325132.834999999,0.12601117738785003,-9.956709956709958,0
2025-12-05,54.0,54.0,50.0,51.85,5.88,3.0,2611619.0,135424817.4,ETB,TELECOM,57.93333333333333,65.90833333333333,73.98333333333333,0.03774032798284711,3.8461538461538547,317.5498950318825,17.123236760571395,245.5,-0.7800407331975561,2.0,Viernes,51.30434782608696,-0.20588235294117652,18990887.505000003,7.131042051844327,-6.735751295336785,0
2025-12-06,55.0,54.0,50.0,54.28,5.88,3.0,26793.0,1454270.0,ETB,TELECOM,58.06666666666667,65.24166666666666,73.53888888888889,0.018349138668196617,1.85185185185186,302.9856442077802,16.99112902490697,245.5,-0.7759674134419552,1.0,,51.72413793103448,0.05769230769230771,18079341.145000003,0.08043821886740551,-5.335628227194494,0
