Fecha;Nemotecnico;Precio cierre;Precio maximo;Precio promedio ponderado;Precio minimo;Variacion absoluta;Variacion porcentual;Cantidad;Volumen
2025-01-02;GRUBOLIVAR;60,500.00;60,520.00;60,488.08;60,500.00;100.00;0,17;1,855.00;112,205,380.00
2025-01-03;GRUBOLIVAR;61,920.00;61,920.00;61,482.05;60,900.00;1,420.00;2,35;4,020.00;247,157,840.00
2025-01-07;GRUBOLIVAR;62,820.00;64,380.00;63,400.40;61,980.00;900.00;1,45;11,695.00;741,467,660.00
2025-01-08;GRUBOLIVAR;64,500.00;64,500.00;64,005.41;63,020.00;1,680.00;2,67;5,261.00;336,732,440.00
2025-01-09;GRUBOLIVAR;64,600.00;65,000.00;64,167.36;61,600.00;100.00;0,16;6,350.00;407,462,760.00
2025-01-10;GRUBOLIVAR;64,960.00;64,980.00;64,799.36;64,960.00;360.00;0,56;1,314.00;85,146,360.00
2025-01-13;GRUBOLIVAR;63,500.00;64,480.00;63,854.70;63,120.00;-1,460.00;-2,25;5,003.00;319,465,060.00
2025-01-14;GRUBOLIVAR;62,800.00;64,460.00;63,654.56;62,800.00;-700.00;-1,1;1,884.00;119,925,200.00
2025-01-15;GRUBOLIVAR;61,700.00;63,000.00;62,073.01;61,600.00;-1,100.00;-1,75;3,683.00;228,614,880.00
2025-01-16;GRUBOLIVAR;62,000.00;62,500.00;62,277.08;61,840.00;300.00;0,49;2,265.00;141,057,580.00
2025-01-17;GRUBOLIVAR;62,000.00;62,360.00;62,159.56;62,000.00;0.00;0;6,767.00;420,633,740.00
2025-01-20;GRUBOLIVAR;62,000.00;63,980.00;62,173.12;62,000.00;0.00;0;6,515.00;405,057,900.00
2025-01-21;GRUBOLIVAR;62,200.00;62,200.00;62,086.87;62,200.00;200.00;0,32;1,539.00;95,551,700.00
2025-01-22;GRUBOLIVAR;62,000.00;62,000.00;61,693.82;61,160.00;-200.00;-0,32;3,384.00;208,771,880.00
2025-01-23;GRUBOLIVAR;62,380.00;62,380.00;62,080.93;62,000.00;380.00;0,61;1,683.00;104,482,200.00
2025-01-24;GRUBOLIVAR;61,600.00;62,000.00;61,707.20;61,040.00;-780.00;-1,25;5,103.00;314,891,860.00
2025-01-27;GRUBOLIVAR;60,900.00;61,800.00;61,532.35;60,900.00;-700.00;-1,14;2,271.00;139,739,960.00
2025-01-28;GRUBOLIVAR;61,780.00;61,800.00;61,369.97;60,940.00;880.00;1,44;11,077.00;679,795,120.00
2025-01-29;GRUBOLIVAR;62,120.00;63,000.00;62,317.32;62,000.00;340.00;0,55;5,346.00;333,148,380.00
2025-01-30;GRUBOLIVAR;62,000.00;62,700.00;62,228.93;61,980.00;-120.00;-0,19;7,707.00;479,598,340.00
2025-01-31;GRUBOLIVAR;62,000.00;62,000.00;61,886.07;61,640.00;0.00;0;5,907.00;365,561,020.00
2025-02-03;GRUBOLIVAR;61,980.00;61,980.00;61,715.78;61,500.00;-20.00;-0,03;3,219.00;198,663,080.00
2025-02-04;GRUBOLIVAR;61,500.00;61,500.00;61,713.47;61,500.00;-480.00;-0,77;1,483.00;91,521,080.00
2025-02-05;GRUBOLIVAR;61,800.00;61,980.00;61,818.68;61,700.00;300.00;0,49;10,043.00;620,845,020.00
2025-02-06;GRUBOLIVAR;61,880.00;62,000.00;62,024.84;61,740.00;80.00;0,13;8,068.00;500,416,420.00
2025-02-07;GRUBOLIVAR;64,380.00;65,000.00;63,593.91;62,100.00;2,500.00;4,04;6,850.00;435,618,280.00
2025-02-10;GRUBOLIVAR;64,700.00;64,760.00;64,696.28;64,380.00;320.00;0,5;12,718.00;822,807,240.00
2025-02-11;GRUBOLIVAR;63,380.00;64,600.00;63,784.20;63,280.00;-1,320.00;-2,04;5,520.00;352,088,800.00
2025-02-12;GRUBOLIVAR;63,420.00;64,180.00;63,485.34;63,280.00;40.00;0,06;8,372.00;531,499,240.00
2025-02-13;GRUBOLIVAR;62,900.00;63,500.00;63,286.92;62,900.00;-520.00;-0,82;4,020.00;254,413,400.00
2025-02-14;GRUBOLIVAR;;63,400.00;63,345.34;63,400.00;500.00;0,79;3,086.00;195,483,720.00
2025-02-17;GRUBOLIVAR;64,940.00;65,000.00;64,462.21;63,400.00;1,560.00;2,46;8,049.00;518,856,320.00
2025-02-18;GRUBOLIVAR;66,200.00;66,980.00;66,495.35;65,480.00;1,260.00;1,94;10,624.00;706,446,580.00
2025-02-19;GRUBOLIVAR;66,200.00;66,200.00;65,731.77;65,000.00;0.00;0;98,309.00;6,462,024,940.00
2025-02-20;GRUBOLIVAR;68,880.00;68,960.00;67,153.54;66,500.00;2,680.00;4,05;22,090.00;1,483,421,740.00
2025-02-21;GRUBOLIVAR;69,400.00;69,500.00;69,056.22;68,700.00;520.00;0,75;8,001.00;552,518,780.00
2025-02-24;GRUBOLIVAR;70,000.00;71,860.00;70,462.00;69,500.00;600.00;0,86;12,949.00;912,412,380.00
2025-02-25;GRUBOLIVAR;71,020.00;72,000.00;71,526.87;70,500.00;1,020.00;1,46;5,554.00;397,260,220.00
2025-02-26;GRUBOLIVAR;72,960.00;72,980.00;72,096.49;71,020.00;1,940.00;2,73;22,605.00;1,629,741,120.00
2025-02-27;GRUBOLIVAR;75,000.00;75,460.00;74,335.36;72,960.00;2,040.00;2,8;14,130.00;1,050,358,680.00
2025-02-28;GRUBOLIVAR;71,140.00;75,380.00;71,758.87;71,140.00;-3,860.00;-5,15;17,195.00;1,233,893,740.00
2025-03-03;GRUBOLIVAR;73,540.00;73,540.00;73,025.32;71,500.00;2,400.00;3,37;2,649.00;193,444,080.00
2025-03-04;GRUBOLIVAR;72,740.00;73,000.00;72,066.02;71,000.00;-800.00;-1,09;6,596.00;475,347,480.00
2025-03-05;GRUBOLIVAR;72,000.00;72,740.00;72,368.77;71,720.00;-740.00;-1,02;3,163.00;228,902,420.00
2025-03-06;GRUBOLIVAR;74,380.00;74,800.00;73,263.82;71,980.00;2,380.00;3,31;12,825.00;939,608,460.00
2025-03-07;GRUBOLIVAR;74,000.00;74,000.00;73,263.22;72,400.00;-380.00;-0,51;3,134.00;229,606,940.00
2025-03-10;GRUBOLIVAR;75,920.00;76,000.00;74,614.57;73,000.00;1,920.00;2,59;7,818.00;583,336,680.00
2025-03-11;GRUBOLIVAR;75,700.00;75,700.00;74,549.06;73,680.00;-220.00;-0,29;1,146.00;85,433,220.00
2025-03-12;GRUBOLIVAR;75,000.00;75,640.00;75,417.25;74,260.00;-700.00;-0,92;6,207.00;468,114,860.00
2025-03-13;GRUBOLIVAR;75,000.00;75,000.00;74,995.09;75,000.00;0.00;;1,435.00;107,617,960.00
2025-03-14;GRUBOLIVAR;74,840.00;74,900.00;74,507.89;74,200.00;-160.00;-0,21;2,407.00;179,340,500.00
2025-03-17;GRUBOLIVAR;74,200.00;74,800.00;74,473.70;74,200.00;-640.00;-0,86;2,810.00;209,271,100.00
2025-03-18;GRUBOLIVAR;74,120.00;74,120.00;74,178.22;74,100.00;-80.00;-0,11;1,450.00;107,558,420.00
2025-03-19;GRUBOLIVAR;74,680.00;74,680.00;74,011.53;73,440.00;560.00;0,76;2,111.00;156,238,340.00
2025-03-20;GRUBOLIVAR;74,200.00;74,700.00;74,221.46;74,200.00;-480.00;-0,64;31,755.00;2,356,902,420.00
2025-03-21;GRUBOLIVAR;73,000.00;74,700.00;73,744.32;73,000.00;-1,200.00;-1,62;14,171.00;1,045,030,700.00
2025-03-25;GRUBOLIVAR;74,500.00;74,500.00;74,123.11;73,900.00;1,500.00;2,05;3,167.00;234,747,900.00
2025-03-26;GRUBOLIVAR;74,960.00;74,960.00;74,610.83;74,500.00;460.00;0,62;14,244.00;1,062,756,720.00
2025-03-27;GRUBOLIVAR;75,500.00;75,600.00;75,230.55;74,940.00;540.00;0,72;21,836.00;1,642,734,280.00
2025-03-28;GRUBOLIVAR;74,600.00;75,240.00;74,691.14;74,340.00;-900.00;-1,19;9,819.00;733,392,280.00
2025-03-31;GRUBOLIVAR;74,880.00;75,000.00;74,256.44;73,500.00;280.00;0,38;18,661.00;1,385,699,500.00
2025-04-01;GRUBOLIVAR;75,540.00;75,540.00;75,097.25;74,300.00;660.00;0,88;38,717.00;2,907,540,100.00
2025-04-02;GRUBOLIVAR;76,920.00;76,980.00;76,361.93;75,560.00;1,380.00;1,83;6,787.00;518,268,400.00
2025-04-03;GRUBOLIVAR;76,580.00;77,000.00;76,556.34;75,560.00;-340.00;-0,44;8,436.00;645,829,300.00
2025-04-04;GRUBOLIVAR;75,300.00;75,580.00;74,829.16;73,120.00;-1,280.00;-1,67;3,236.00;242,147,160.00
2025-04-07;GRUBOLIVAR;75,300.00;75,300.00;74,703.87;73,240.00;0.00;0;3,896.00;291,046,280.00
2025-04-08;GRUBOLIVAR;73,940.00;75,800.00;74,011.12;73,500.00;-1,360.00;-1,81;4,198.00;310,698,700.00
2025-04-09;GRUBOLIVAR;73,480.00;73,500.00;72,284.15;72,800.00;-460.00;-0,62;2,088.00;150,929,300.00
2025-04-10;GRUBOLIVAR;72,660.00;72,800.00;72,578.77;72,660.00;-820.00;-1,12;4,020.00;291,766,660.00
2025-04-11;GRUBOLIVAR;72,500.00;72,500.00;71,764.55;72,500.00;-160.00;-0,22;642.00;46,072,840.00
2025-04-14;GRUBOLIVAR;72,500.00;;71,974.56;;;;518.00;37,282,820.00
2025-04-15;GRUBOLIVAR;72,500.00;;72,039.25;;;;134.00;9,653,260.00
2025-04-16;GRUBOLIVAR;71,400.00;71,400.00;69,756.77;66,200.00;-1,100.00;-1,52;3,705.00;258,448,840.00
2025-04-21;GRUBOLIVAR;69,520.00;71,200.00;69,884.37;69,500.00;-1,880.00;-2,63;6,711.00;468,994,020.00
2025-04-22;GRUBOLIVAR;70,980.00;71,100.00;70,243.88;69,500.00;1,460.00;2,1;2,474.00;173,783,360.00
2025-04-23;GRUBOLIVAR;72,700.00;72,700.00;72,112.28;71,100.00;1,720.00;2,42;2,714.00;195,712,740.00
2025-04-24;GRUBOLIVAR;72,100.00;73,760.00;72,495.46;71,260.00;-600.00;-0,83;8,972.00;650,429,240.00
2025-04-25;GRUBOLIVAR;72,000.00;72,000.00;72,026.45;72,000.00;-100.00;-0,14;1,123.00;80,885,700.00
2025-04-28;GRUBOLIVAR;71,500.00;71,500.00;70,544.98;70,000.00;-500.00;-0,69;1,784.00;125,852,240.00
2025-04-29;GRUBOLIVAR;71,500.00;;71,888.14;;;;1,899.00;136,515,580.00
2025-04-30;GRUBOLIVAR;71,000.00;71,500.00;71,309.34;71,000.00;-500.00;-0,7;3,434.00;244,876,260.00
2025-05-02;GRUBOLIVAR;72,000.00;72,000.00;71,028.16;71,000.00;1,000.00;1,41;20,152.00;1,431,359,400.00
2025-05-05;GRUBOLIVAR;72,100.00;73,240.00;72,982.43;72,100.00;100.00;0,14;16,344.00;1,192,824,760.00
2025-05-06;GRUBOLIVAR;73,320.00;73,320.00;73,056.51;72,180.00;1,220.00;1,69;3,420.00;249,853,260.00
2025-05-07;GRUBOLIVAR;74,000.00;74,000.00;73,906.21;73,320.00;680.00;0,93;1,788.00;132,144,300.00
2025-05-08;GRUBOLIVAR;75,980.00;75,980.00;75,050.03;73,100.00;1,980.00;2,68;3,959.00;297,123,080.00
2025-05-09;GRUBOLIVAR;75,980.00;;75,301.62;;;;297.00;22,364,580.00
2025-05-12;GRUBOLIVAR;75,000.00;75,000.00;75,268.96;75,000.00;-980.00;-1,29;536.00;40,344,160.00
2025-05-13;GRUBOLIVAR;75,980.00;75,980.00;75,618.07;75,000.00;980.00;1,31;10,991.00;831,118,200.00
2025-05-14;GRUBOLIVAR;72,940.00;74,620.00;73,394.01;72,940.00;-3,040.00;-4;38,676.00;2,838,586,820.00
2025-05-15;GRUBOLIVAR;72,920.00;73,780.00;73,063.15;72,920.00;-20.00;-0,03;1,448.00;105,795,440.00
2025-05-16;GRUBOLIVAR;71,000.00;72,840.00;71,729.54;71,000.00;-1,920.00;-2,63;6,581.00;472,052,120.00
2025-05-19;GRUBOLIVAR;70,100.00;71,000.00;70,801.36;70,100.00;-900.00;-1,27;8,696.00;615,688,660.00
2025-05-20;GRUBOLIVAR;69,000.00;71,000.00;69,520.95;68,000.00;-1,100.00;-1,57;65,187.00;4,531,862,300.00
2025-05-21;GRUBOLIVAR;69,000.00;70,780.00;69,613.90;69,000.00;0.00;0;15,368.00;1,069,826,380.00
2025-05-22;GRUBOLIVAR;68,540.00;70,300.00;69,246.51;68,540.00;-460.00;-0,67;14,526.00;1,005,874,800.00
2025-05-23;GRUBOLIVAR;69,000.00;70,000.00;69,314.98;69,000.00;460.00;0,67;7,609.00;527,417,720.00
2025-05-26;GRUBOLIVAR;71,360.00;71,360.00;68,635.04;68,500.00;2,360.00;3,42;33,728.00;2,314,922,780.00
2025-05-27;GRUBOLIVAR;71,800.00;71,960.00;71,801.34;71,420.00;440.00;0,62;5,695.00;408,908,620.00
2025-05-28;GRUBOLIVAR;71,840.00;71,960.00;71,461.57;71,000.00;40.00;0,06;4,486.00;320,576,600.00
2025-05-29;GRUBOLIVAR;69,980.00;71,260.00;70,133.05;69,980.00;-1,860.00;-2,59;11,127.00;780,370,480.00
2025-05-30;GRUBOLIVAR;69,900.00;70,420.00;70,115.34;69,900.00;-80.00;-0,11;2,111.00;148,013,480.00
2025-06-03;GRUBOLIVAR;70,000.00;70,020.00;70,032.26;69,920.00;100.00;0,14;2,867.00;200,782,480.00
2025-06-04;GRUBOLIVAR;70,380.00;70,380.00;69,780.98;69,500.00;380.00;0,54;8,349.00;582,601,380.00
2025-06-05;GRUBOLIVAR;70,100.00;70,100.00;70,173.89;70,100.00;-280.00;-0,4;648.00;45,472,680.00
2025-06-06;GRUBOLIVAR;70,000.00;70,000.00;69,909.61;69,600.00;-100.00;-0,14;2,363.00;165,196,420.00
2025-06-09;GRUBOLIVAR;69,980.00;70,000.00;69,830.07;69,500.00;-20.00;-0,03;4,689.00;327,433,220.00
2025-06-10;GRUBOLIVAR;69,920.00;70,700.00;70,203.86;69,920.00;-60.00;-0,09;8,038.00;564,298,640.00
2025-06-11;GRUBOLIVAR;69,920.00;;70,475.46;;;;626.00;44,117,640.00
2025-06-12;GRUBOLIVAR;70,400.00;70,500.00;70,208.96;70,060.00;480.00;0,69;3,645.00;255,911,660.00
2025-06-13;GRUBOLIVAR;69,800.00;70,400.00;70,002.61;69,800.00;-600.00;-0,85;3,501.00;245,079,140.00
2025-06-16;GRUBOLIVAR;70,180.00;70,180.00;69,852.60;69,740.00;380.00;0,54;3,603.00;251,678,900.00
2025-06-17;GRUBOLIVAR;69,800.00;70,100.00;69,894.04;69,800.00;-380.00;-0,54;3,015.00;210,730,540.00
2025-06-18;GRUBOLIVAR;69,800.00;69,800.00;69,809.84;69,800.00;0.00;;2,603.00;181,715,020.00
2025-06-19;GRUBOLIVAR;70,000.00;70,000.00;69,958.95;69,700.00;200.00;0,29;1,774.00;124,107,180.00
2025-06-20;GRUBOLIVAR;70,500.00;70,500.00;70,339.07;70,000.00;500.00;0,71;3,415.00;240,207,920.00
2025-06-24;GRUBOLIVAR;71,480.00;71,500.00;70,778.74;70,160.00;980.00;1,39;9,961.00;705,026,980.00
2025-06-25;GRUBOLIVAR;70,900.00;71,900.00;71,233.19;70,620.00;-580.00;-0,81;7,473.00;532,325,660.00
2025-06-26;GRUBOLIVAR;71,760.00;71,780.00;71,233.02;70,360.00;860.00;1,21;3,569.00;254,230,640.00
2025-06-27;GRUBOLIVAR;71,960.00;72,000.00;71,278.56;71,060.00;200.00;0,28;5,265.00;375,281,640.00
2024-07-02;GRUBOLIVAR;61,600.00;61,600.00;60,600.69;59,500.00;-220.00;-0,36;2,199.00;133,260,920.00
2024-07-03;GRUBOLIVAR;61,500.00;61,500.00;60,057.22;59,000.00;-100.00;-0,16;2,349.00;141,074,400.00
2024-07-04;GRUBOLIVAR;60,000.00;60,020.00;60,276.25;60,000.00;-1,500.00;-2,44;939.00;56,599,400.00
2024-07-05;GRUBOLIVAR;61,000.00;61,000.00;61,000.88;61,000.00;1,000.00;1,67;615.00;37,515,540.00
2024-07-08;GRUBOLIVAR;61,000.00;;60,629.78;;;;278.00;16,855,080.00
2024-07-09;GRUBOLIVAR;60,800.00;61,400.00;61,064.87;60,800.00;-200.00;-0,33;3,064.00;187,102,760.00
2024-07-10;GRUBOLIVAR;60,800.00;60,800.00;60,796.97;60,800.00;0.00;;2,274.00;138,252,300.00
2024-07-11;GRUBOLIVAR;60,800.00;;60,268.70;;;;276.00;16,634,160.00
2024-07-12;GRUBOLIVAR;60,160.00;60,800.00;60,351.37;60,160.00;-640.00;-1,05;3,463.00;208,996,780.00
2024-07-15;GRUBOLIVAR;60,000.00;60,760.00;60,305.72;60,000.00;-160.00;-0,27;898.00;54,154,540.00
2024-07-16;GRUBOLIVAR;59,980.00;60,000.00;59,982.24;59,980.00;-20.00;-0,03;1,179.00;70,719,060.00
2024-07-17;GRUBOLIVAR;59,820.00;59,820.00;59,864.20;59,820.00;-160.00;-0,27;1,072.00;64,174,420.00
2024-07-18;GRUBOLIVAR;59,720.00;59,740.00;59,762.51;59,720.00;-100.00;-0,17;1,979.00;118,270,000.00
2024-07-19;GRUBOLIVAR;59,500.00;59,500.00;59,620.50;59,500.00;-220.00;-0,37;478.00;28,498,600.00
2024-07-22;GRUBOLIVAR;59,980.00;59,980.00;59,685.62;59,400.00;480.00;0,81;5,578.00;332,926,380.00
2024-07-23;GRUBOLIVAR;59,380.00;59,700.00;59,504.16;59,180.00;-600.00;-1;4,042.00;240,515,800.00
2024-07-24;GRUBOLIVAR;59,380.00;59,380.00;59,280.84;59,220.00;0.00;0;3,356.00;198,946,500.00
2024-07-25;GRUBOLIVAR;59,140.00;59,140.00;59,194.75;59,140.00;-240.00;-0,4;434.00;25,690,520.00
2024-07-26;GRUBOLIVAR;59,000.00;59,140.00;59,033.80;59,000.00;-140.00;-0,24;2,568.00;151,598,800.00
2024-07-29;GRUBOLIVAR;58,040.00;58,040.00;58,228.12;58,040.00;-960.00;-1,63;618.00;35,984,980.00
2024-07-30;GRUBOLIVAR;56,700.00;58,040.00;57,907.92;56,700.00;-1,340.00;-2,31;11,319.00;655,459,760.00
2024-07-31;GRUBOLIVAR;57,500.00;57,920.00;57,527.37;57,500.00;800.00;1,41;1,446.00;83,184,580.00
2024-08-01;GRUBOLIVAR;56,800.00;57,500.00;57,019.08;56,800.00;-700.00;-1,22;1,038.00;59,185,800.00
2024-08-02;GRUBOLIVAR;55,900.00;56,080.00;56,009.42;55,900.00;-900.00;-1,58;3,598.00;201,521,880.00
2024-08-05;GRUBOLIVAR;55,220.00;55,220.00;54,818.32;54,100.00;-680.00;-1,22;3,266.00;179,036,620.00
2024-08-06;GRUBOLIVAR;55,000.00;55,500.00;55,269.57;55,000.00;-220.00;-0,4;2,270.00;125,461,920.00
2024-08-08;GRUBOLIVAR;54,740.00;55,080.00;54,984.35;54,740.00;-260.00;-0,47;9,157.00;503,491,660.00
2024-08-09;GRUBOLIVAR;55,700.00;55,700.00;55,319.58;54,720.00;960.00;1,75;2,308.00;127,677,580.00
2024-08-12;GRUBOLIVAR;55,240.00;56,000.00;55,723.85;55,240.00;-460.00;-0,83;1,866.00;103,980,700.00
2024-08-13;GRUBOLIVAR;56,000.00;56,000.00;55,631.42;56,000.00;760.00;1,38;692.00;38,496,940.00
2024-08-14;GRUBOLIVAR;56,860.00;56,880.00;56,840.28;56,860.00;860.00;1,54;2,608.00;148,239,460.00
2024-08-15;GRUBOLIVAR;57,000.00;57,960.00;57,141.53;56,980.00;140.00;0,25;8,611.00;492,045,700.00
2024-08-16;GRUBOLIVAR;57,000.00;57,000.00;56,996.37;57,000.00;0.00;;4,396.00;250,556,060.00
2024-08-20;GRUBOLIVAR;57,000.00;;57,768.21;;;;207.00;11,958,020.00
2024-08-21;GRUBOLIVAR;55,980.00;56,220.00;55,743.27;55,000.00;-1,020.00;-1,79;9,773.00;544,778,980.00
2024-08-22;GRUBOLIVAR;55,420.00;55,820.00;55,736.09;55,420.00;-560.00;-1;3,126.00;174,231,020.00
2024-08-23;GRUBOLIVAR;55,220.00;55,220.00;55,202.43;55,020.00;-200.00;-0,36;1,364.00;75,296,120.00
2024-08-26;GRUBOLIVAR;56,800.00;57,780.00;56,834.59;56,660.00;1,580.00;2,86;24,056.00;1,367,213,000.00
2024-08-27;GRUBOLIVAR;60,680.00;60,680.00;59,724.02;58,160.00;3,880.00;6,83;9,101.00;543,548,280.00
2024-08-28;GRUBOLIVAR;63,480.00;66,000.00;63,813.16;61,760.00;2,800.00;4,61;16,954.00;1,081,888,320.00
2024-08-29;GRUBOLIVAR;62,700.00;62,860.00;62,781.65;62,700.00;-780.00;-1,23;4,048.00;254,140,120.00
2024-08-30;GRUBOLIVAR;63,480.00;63,480.00;63,136.10;62,360.00;780.00;1,24;7,277.00;459,441,380.00
2024-09-02;GRUBOLIVAR;62,960.00;62,960.00;62,258.45;62,000.00;-520.00;-0,82;1,048.00;65,246,860.00
2024-09-03;GRUBOLIVAR;62,960.00;62,960.00;62,523.41;62,960.00;0.00;;715.00;44,704,240.00
2024-09-04;GRUBOLIVAR;62,800.00;62,800.00;62,792.14;62,800.00;-160.00;-0,25;2,686.00;168,659,680.00
2024-09-05;GRUBOLIVAR;62,500.00;62,500.00;62,376.41;62,500.00;-300.00;-0,48;368.00;22,954,520.00
2024-09-06;GRUBOLIVAR;62,460.00;62,500.00;62,427.52;62,460.00;-40.00;-0,06;761.00;47,507,340.00
2024-09-09;GRUBOLIVAR;62,000.00;62,300.00;61,982.14;62,000.00;-460.00;-0,74;1,617.00;100,225,120.00
2024-09-10;GRUBOLIVAR;60,700.00;61,220.00;61,054.60;60,700.00;-1,300.00;-2,1;1,433.00;87,491,240.00
2024-09-11;GRUBOLIVAR;60,600.00;60,660.00;60,630.66;60,600.00;-100.00;-0,16;1,666.00;101,010,680.00
2024-09-12;GRUBOLIVAR;62,000.00;62,000.00;61,870.07;62,000.00;1,400.00;2,31;419.00;25,923,560.00
2024-09-13;GRUBOLIVAR;60,700.00;60,700.00;60,777.18;60,700.00;-1,300.00;-2,1;3,300.00;200,564,700.00
2024-09-16;GRUBOLIVAR;65,240.00;66,600.00;65,498.31;62,900.00;4,540.00;7,48;18,727.00;1,226,586,780.00
2024-09-17;GRUBOLIVAR;64,800.00;65,240.00;65,040.02;64,800.00;-440.00;-0,67;1,193.00;77,592,740.00
2024-09-18;GRUBOLIVAR;66,160.00;66,160.00;65,116.24;64,020.00;1,360.00;2,1;7,855.00;511,488,080.00
2024-09-19;GRUBOLIVAR;65,160.00;66,160.00;65,926.13;65,160.00;-1,000.00;-1,51;5,207.00;343,277,380.00
2024-09-20;GRUBOLIVAR;63,000.00;65,800.00;63,610.11;63,000.00;-2,160.00;-3,31;24,331.00;1,547,697,620.00
2024-09-23;GRUBOLIVAR;62,600.00;63,000.00;61,904.51;61,000.00;-400.00;-0,63;58,995.00;3,652,056,560.00
2024-09-24;GRUBOLIVAR;62,940.00;63,000.00;62,820.98;62,940.00;340.00;0,54;1,719.00;107,989,260.00
2024-09-25;GRUBOLIVAR;63,100.00;63,100.00;62,926.34;62,920.00;160.00;0,25;1,627.00;102,381,160.00
2024-09-26;GRUBOLIVAR;63,100.00;;;;;;;
2024-09-27;GRUBOLIVAR;63,000.00;64,900.00;64,033.91;63,000.00;-100.00;-0,16;3,563.00;228,152,820.00
2024-09-30;GRUBOLIVAR;62,560.00;64,900.00;62,986.42;62,560.00;-440.00;-0,7;2,206.00;138,948,040.00
2024-10-01;GRUBOLIVAR;63,000.00;63,000.00;62,975.29;63,000.00;440.00;0,7;531.00;33,439,880.00
2024-10-02;GRUBOLIVAR;62,000.00;62,500.00;60,843.44;60,000.00;-1,000.00;-1,59;25,436.00;1,547,613,640.00
2024-10-03;GRUBOLIVAR;62,900.00;62,900.00;62,365.97;62,000.00;900.00;1,45;9,667.00;602,891,860.00
2024-10-04;GRUBOLIVAR;62,020.00;62,100.00;62,099.89;62,020.00;-880.00;-1,4;13,800.00;856,978,420.00
2024-10-07;GRUBOLIVAR;62,020.00;;62,440.31;;;;514.00;32,094,320.00
2024-10-08;GRUBOLIVAR;60,440.00;61,500.00;60,950.72;60,440.00;-1,580.00;-2,55;1,097.00;66,862,940.00
2024-10-09;GRUBOLIVAR;60,100.00;60,460.00;60,489.74;60,100.00;-340.00;-0,56;1,168.00;70,652,020.00
2024-10-10;GRUBOLIVAR;61,600.00;61,600.00;61,390.72;61,600.00;1,500.00;2,5;250.00;15,347,680.00
2024-10-11;GRUBOLIVAR;61,960.00;61,960.00;61,728.83;61,640.00;360.00;0,58;1,173.00;72,407,920.00
2024-10-15;GRUBOLIVAR;61,120.00;61,120.00;61,411.17;61,120.00;-840.00;-1,36;435.00;26,713,860.00
2024-10-16;GRUBOLIVAR;61,400.00;61,420.00;61,284.79;61,140.00;280.00;0,46;1,762.00;107,983,800.00
2024-10-17;GRUBOLIVAR;61,500.00;61,500.00;61,335.93;60,800.00;100.00;0,16;2,061.00;126,413,360.00
2024-10-18;GRUBOLIVAR;62,400.00;62,400.00;62,273.40;62,100.00;900.00;1,46;1,587.00;98,827,880.00
2024-10-21;GRUBOLIVAR;61,620.00;62,400.00;62,183.30;61,620.00;-780.00;-1,25;1,782.00;110,810,640.00
2024-10-22;GRUBOLIVAR;61,660.00;61,660.00;61,714.72;61,620.00;40.00;0,06;795.00;49,063,200.00
2024-10-23;GRUBOLIVAR;61,500.00;61,500.00;61,497.50;61,500.00;-160.00;-0,26;759.00;46,676,600.00
2024-10-24;GRUBOLIVAR;61,000.00;61,000.00;61,015.78;61,000.00;-500.00;-0,81;469.00;28,616,400.00
2024-10-25;GRUBOLIVAR;60,820.00;61,100.00;60,980.15;60,820.00;-180.00;-0,3;522.00;31,831,640.00
2024-10-28;GRUBOLIVAR;60,300.00;60,820.00;60,624.58;60,300.00;-520.00;-0,85;1,512.00;91,664,360.00
2024-10-29;GRUBOLIVAR;60,300.00;;60,825.10;;;;494.00;30,047,600.00
2024-10-30;GRUBOLIVAR;61,240.00;61,240.00;60,523.55;60,280.00;940.00;1,56;2,546.00;154,092,960.00
2024-10-31;GRUBOLIVAR;60,120.00;61,080.00;60,530.31;60,120.00;-1,120.00;-1,83;1,535.00;92,914,020.00
2024-11-01;GRUBOLIVAR;61,300.00;61,300.00;60,993.28;61,300.00;1,180.00;1,96;661.00;40,316,560.00
2024-11-05;GRUBOLIVAR;61,000.00;61,300.00;60,832.98;60,620.00;-300.00;-0,49;1,248.00;75,919,560.00
2024-11-06;GRUBOLIVAR;60,840.00;61,000.00;60,823.64;60,500.00;-160.00;-0,26;3,020.00;183,687,400.00
2024-11-07;GRUBOLIVAR;60,500.00;60,600.00;60,532.20;60,400.00;-340.00;-0,56;2,767.00;167,492,600.00
2024-11-08;GRUBOLIVAR;60,300.00;60,300.00;60,274.32;60,300.00;-200.00;-0,33;1,945.00;117,233,560.00
2024-11-12;GRUBOLIVAR;58,820.00;59,800.00;59,165.60;58,820.00;-1,480.00;-2,45;3,694.00;218,557,740.00
2024-11-13;GRUBOLIVAR;58,940.00;58,940.00;58,806.04;58,940.00;120.00;0,2;1,534.00;90,208,460.00
2024-11-14;GRUBOLIVAR;58,200.00;58,800.00;58,661.43;58,200.00;-740.00;-1,26;2,056.00;120,607,900.00
2024-11-15;GRUBOLIVAR;59,480.00;59,520.00;59,380.58;59,100.00;1,280.00;2,2;4,471.00;265,490,580.00
2024-11-18;GRUBOLIVAR;59,500.00;59,700.00;59,626.50;59,500.00;20.00;0,03;2,096.00;124,977,140.00
2024-11-19;GRUBOLIVAR;60,140.00;60,140.00;59,613.65;59,500.00;640.00;1,08;2,125.00;126,679,000.00
2024-11-20;GRUBOLIVAR;59,520.00;59,520.00;59,684.10;59,520.00;-620.00;-1,03;585.00;34,915,200.00
2024-11-21;GRUBOLIVAR;59,600.00;60,200.00;59,850.56;59,600.00;80.00;0,13;869.00;52,010,140.00
2024-11-22;GRUBOLIVAR;60,400.00;60,560.00;59,639.68;59,500.00;800.00;1,34;8,271.00;493,279,760.00
2024-11-25;GRUBOLIVAR;60,000.00;62,860.00;60,063.59;60,000.00;-400.00;-0,66;59,673.00;3,584,174,580.00
2024-11-26;GRUBOLIVAR;60,000.00;61,160.00;60,039.53;60,000.00;0.00;0;12,721.00;763,762,800.00
2024-11-27;GRUBOLIVAR;59,900.00;60,400.00;60,048.87;59,900.00;-100.00;-0,17;1,755.00;105,385,760.00
2024-11-28;GRUBOLIVAR;60,000.00;60,000.00;59,915.39;59,900.00;100.00;0,17;1,059.00;63,450,400.00
2024-11-29;GRUBOLIVAR;60,400.00;61,340.00;60,308.45;60,000.00;400.00;0,67;1,961.00;118,264,880.00
2024-12-02;GRUBOLIVAR;60,100.00;60,400.00;59,693.46;59,040.00;-300.00;-0,5;2,989.00;178,423,760.00
2024-12-03;GRUBOLIVAR;59,940.00;59,940.00;59,166.09;59,000.00;-160.00;-0,27;2,810.00;166,256,720.00
2024-12-04;GRUBOLIVAR;59,800.00;59,940.00;59,482.26;59,800.00;-140.00;-0,23;1,035.00;61,564,140.00
2024-12-05;GRUBOLIVAR;58,820.00;58,980.00;58,924.38;58,820.00;-980.00;-1,64;2,644.00;155,796,060.00
2024-12-06;GRUBOLIVAR;58,600.00;58,680.00;58,646.88;58,600.00;-220.00;-0,37;1,003.00;58,822,820.00
2024-12-09;GRUBOLIVAR;57,600.00;58,500.00;58,251.14;57,600.00;-1,000.00;-1,71;4,204.00;244,887,800.00
2024-12-10;GRUBOLIVAR;57,560.00;57,700.00;57,606.81;57,560.00;-40.00;-0,07;3,431.00;197,648,980.00
2024-12-11;GRUBOLIVAR;57,040.00;58,200.00;56,896.48;55,020.00;-520.00;-0,9;3,173.00;180,532,540.00
2024-12-12;GRUBOLIVAR;57,000.00;57,980.00;57,111.31;57,000.00;-40.00;-0,07;3,734.00;213,253,640.00
2024-12-13;GRUBOLIVAR;58,380.00;58,380.00;57,916.46;58,000.00;1,380.00;2,42;6,957.00;402,924,820.00
2024-12-16;GRUBOLIVAR;58,500.00;58,600.00;58,419.69;57,320.00;120.00;0,21;5,156.00;301,211,900.00
2024-12-17;GRUBOLIVAR;58,500.00;58,580.00;58,567.91;58,500.00;0.00;0;2,805.00;164,283,000.00
2024-12-18;GRUBOLIVAR;58,300.00;58,580.00;58,469.70;58,300.00;-200.00;-0,34;3,240.00;189,441,820.00
2024-12-19;GRUBOLIVAR;58,000.00;58,560.00;58,010.55;57,500.00;-300.00;-0,51;7,118.00;412,919,100.00
2024-12-20;GRUBOLIVAR;55,600.00;58,000.00;56,585.44;55,600.00;-2,400.00;-4,14;17,462.00;988,095,040.00
2024-12-23;GRUBOLIVAR;57,700.00;57,700.00;57,363.31;56,820.00;2,100.00;3,78;3,660.00;209,949,700.00
2024-12-24;GRUBOLIVAR;58,380.00;58,380.00;58,010.11;57,700.00;680.00;1,18;364.00;21,115,680.00
2024-12-26;GRUBOLIVAR;58,740.00;58,740.00;58,649.37;58,500.00;360.00;0,62;617.00;36,186,660.00
2024-12-27;GRUBOLIVAR;60,100.00;60,100.00;59,875.60;59,420.00;1,360.00;2,32;4,624.00;276,864,780.00
2024-12-30;GRUBOLIVAR;60,400.00;60,400.00;60,277.09;60,100.00;300.00;0,5;1,641.00;98,914,700.00
2024-01-02;GRUBOLIVAR;60,200.00;60,200.00;60,163.13;60,200.00;1,220.00;2,07;709.00;42,655,660.00
2024-01-03;GRUBOLIVAR;60,200.00;60,200.00;60,764.86;60,200.00;0.00;;321.00;19,505,520.00
2024-01-04;GRUBOLIVAR;60,500.00;60,800.00;60,526.33;60,200.00;300.00;0,5;1,113.00;67,365,800.00
2024-01-05;GRUBOLIVAR;61,000.00;61,000.00;60,982.08;61,000.00;500.00;0,83;1,738.00;105,986,860.00
2024-01-09;GRUBOLIVAR;60,000.00;61,760.00;60,508.46;60,000.00;-1,000.00;-1,64;1,674.00;101,291,160.00
2024-01-10;GRUBOLIVAR;60,000.00;60,000.00;60,000.51;60,000.00;0.00;;1,610.00;96,600,820.00
2024-01-11;GRUBOLIVAR;60,200.00;60,200.00;59,922.53;59,500.00;200.00;0,33;1,043.00;62,499,200.00
2024-01-12;GRUBOLIVAR;60,500.00;60,500.00;60,473.53;60,480.00;300.00;0,5;4,652.00;281,322,860.00
2024-01-15;GRUBOLIVAR;61,000.00;61,000.00;61,004.56;61,000.00;500.00;0,83;947.00;57,771,320.00
2024-01-16;GRUBOLIVAR;61,140.00;61,140.00;61,304.85;61,140.00;140.00;0,23;445.00;27,280,660.00
2024-01-17;GRUBOLIVAR;61,500.00;61,500.00;61,297.23;61,200.00;360.00;0,59;3,261.00;199,890,260.00
2024-01-18;GRUBOLIVAR;62,000.00;62,000.00;61,599.74;61,500.00;500.00;0,81;1,993.00;122,768,280.00
2024-01-19;GRUBOLIVAR;62,000.00;;61,791.63;;;;153.00;9,454,120.00
2024-01-22;GRUBOLIVAR;60,200.00;61,000.00;60,705.24;60,200.00;-1,800.00;-2,9;908.00;55,120,360.00
2024-01-23;GRUBOLIVAR;59,240.00;60,500.00;59,875.92;59,240.00;-960.00;-1,59;2,733.00;163,640,880.00
2024-01-24;GRUBOLIVAR;59,240.00;;60,104.18;;;;110.00;6,611,460.00
2024-01-25;GRUBOLIVAR;59,240.00;;59,516.36;;;;44.00;2,618,720.00
2024-01-26;GRUBOLIVAR;59,240.00;;60,350.09;;;;333.00;20,096,580.00
2024-01-29;GRUBOLIVAR;59,240.00;;60,646.51;;;;421.00;25,532,180.00
2024-01-30;GRUBOLIVAR;59,240.00;;60,469.78;;;;225.00;13,605,700.00
2024-01-31;GRUBOLIVAR;62,000.00;62,000.00;61,354.26;60,020.00;2,760.00;4,66;1,233.00;75,649,800.00
2024-02-01;GRUBOLIVAR;62,700.00;62,700.00;61,618.83;60,120.00;700.00;1,13;1,733.00;106,785,440.00
2024-02-02;GRUBOLIVAR;62,700.00;;62,500.00;;;;34.00;2,125,000.00
2024-02-05;GRUBOLIVAR;62,700.00;;62,831.50;;;;80.00;5,026,520.00
2024-02-06;GRUBOLIVAR;61,060.00;61,080.00;60,997.38;61,060.00;-1,640.00;-2,62;657.00;40,075,280.00
2024-02-07;GRUBOLIVAR;61,060.00;;62,135.83;;;;24.00;1,491,260.00
2024-02-08;GRUBOLIVAR;62,940.00;62,960.00;62,789.08;62,500.00;1,880.00;3,08;1,777.00;111,576,200.00
2024-02-09;GRUBOLIVAR;62,940.00;;61,210.89;;;;101.00;6,182,300.00
2024-02-12;GRUBOLIVAR;60,300.00;60,300.00;60,851.47;60,300.00;-2,640.00;-4,19;469.00;28,539,340.00
2024-02-13;GRUBOLIVAR;60,300.00;60,400.00;60,356.48;60,300.00;0.00;0;1,365.00;82,386,600.00
2024-02-14;GRUBOLIVAR;60,300.00;;60,970.70;;;;86.00;5,243,480.00
2024-02-15;GRUBOLIVAR;60,300.00;;61,394.29;;;;35.00;2,148,800.00
2024-02-16;GRUBOLIVAR;60,300.00;;62,156.60;;;;47.00;2,921,360.00
2024-02-19;GRUBOLIVAR;60,300.00;;60,387.63;;;;97.00;5,857,600.00
2024-02-20;GRUBOLIVAR;60,500.00;60,500.00;60,739.64;60,500.00;200.00;0,33;495.00;30,066,120.00
2024-02-21;GRUBOLIVAR;60,000.00;60,500.00;59,976.84;59,500.00;-500.00;-0,83;2,764.00;165,775,980.00
2024-02-22;GRUBOLIVAR;59,500.00;59,600.00;59,551.81;59,500.00;-500.00;-0,83;755.00;44,961,620.00
2024-02-23;GRUBOLIVAR;60,000.00;60,480.00;60,122.25;59,500.00;500.00;0,84;1,110.00;66,735,700.00
2024-02-26;GRUBOLIVAR;60,000.00;;60,250.00;;;;56.00;3,374,000.00
2024-02-27;GRUBOLIVAR;59,500.00;59,500.00;59,825.81;59,500.00;-500.00;-0,83;334.00;19,981,820.00
2024-02-28;GRUBOLIVAR;59,200.00;59,500.00;59,345.32;59,200.00;-300.00;-0,5;2,679.00;158,986,100.00
2024-02-29;GRUBOLIVAR;60,200.00;60,400.00;60,260.44;60,200.00;1,000.00;1,69;1,793.00;108,046,960.00
2024-03-01;GRUBOLIVAR;60,400.00;60,400.00;59,657.65;59,020.00;200.00;0,33;2,976.00;177,541,160.00
2024-03-04;GRUBOLIVAR;59,200.00;60,000.00;59,636.02;59,200.00;-1,200.00;-1,99;1,271.00;75,797,380.00
2024-03-05;GRUBOLIVAR;59,200.00;59,220.00;59,188.95;59,200.00;0.00;0;784.00;46,404,140.00
2024-03-06;GRUBOLIVAR;59,000.00;59,020.00;59,045.82;59,000.00;-200.00;-0,34;502.00;29,641,000.00
2024-03-07;GRUBOLIVAR;58,000.00;59,100.00;58,758.26;58,000.00;-1,000.00;-1,69;2,612.00;153,476,580.00
2024-03-08;GRUBOLIVAR;58,000.00;;58,366.11;;;;131.00;7,645,960.00
2024-03-11;GRUBOLIVAR;54,980.00;57,020.00;55,419.63;54,820.00;-3,020.00;-5,21;4,660.00;258,255,480.00
2024-03-12;GRUBOLIVAR;54,980.00;;54,463.25;;;;345.00;18,789,820.00
2024-03-13;GRUBOLIVAR;53,900.00;53,900.00;53,797.37;53,700.00;-1,080.00;-1,96;838.00;45,082,200.00
2024-03-14;GRUBOLIVAR;52,000.00;53,440.00;52,435.38;52,000.00;-1,900.00;-3,53;6,512.00;341,459,200.00
2024-03-15;GRUBOLIVAR;51,000.00;55,100.00;51,297.24;51,000.00;-1,000.00;-1,92;384,355.00;19,716,350,520.00
2024-03-18;GRUBOLIVAR;54,420.00;54,820.00;53,628.41;52,960.00;3,420.00;6,71;77,988.00;4,182,372,200.00
2024-03-19;GRUBOLIVAR;56,840.00;56,840.00;55,837.88;55,000.00;2,420.00;4,45;10,338.00;577,252,000.00
2024-03-20;GRUBOLIVAR;56,720.00;57,960.00;57,320.92;56,340.00;-120.00;-0,21;10,052.00;576,189,840.00
2024-03-21;GRUBOLIVAR;60,500.00;60,500.00;59,495.89;57,340.00;3,780.00;6,66;25,607.00;1,523,511,160.00
2024-03-22;GRUBOLIVAR;64,380.00;64,460.00;63,491.01;60,500.00;3,880.00;6,41;21,238.00;1,348,422,000.00
2024-03-26;GRUBOLIVAR;65,900.00;66,480.00;65,335.31;64,380.00;1,520.00;2,36;28,168.00;1,840,364,920.00
2024-03-27;GRUBOLIVAR;65,880.00;66,500.00;65,310.50;64,400.00;-20.00;-0,03;25,529.00;1,667,311,680.00
2024-04-01;GRUBOLIVAR;67,600.00;68,000.00;67,631.19;66,520.00;1,720.00;2,61;12,107.00;818,810,820.00
2024-04-02;GRUBOLIVAR;68,600.00;69,140.00;68,791.28;68,500.00;1,000.00;1,48;8,034.00;552,669,160.00
2024-04-03;GRUBOLIVAR;69,860.00;69,960.00;69,872.43;69,600.00;1,260.00;1,84;14,331.00;1,001,341,840.00
2024-04-04;GRUBOLIVAR;68,400.00;70,000.00;69,311.39;68,400.00;-1,460.00;-2,09;15,553.00;1,078,000,040.00
2024-04-05;GRUBOLIVAR;67,780.00;69,300.00;67,591.33;67,000.00;-620.00;-0,91;17,298.00;1,169,194,840.00
2024-04-08;GRUBOLIVAR;68,440.00;69,760.00;68,268.21;68,000.00;660.00;0,97;10,222.00;697,837,680.00
2024-04-09;GRUBOLIVAR;68,400.00;68,680.00;68,414.80;68,300.00;-40.00;-0,06;7,146.00;488,892,160.00
2024-04-10;GRUBOLIVAR;68,300.00;68,880.00;68,414.96;68,300.00;-100.00;-0,15;20,165.00;1,379,587,620.00
2024-04-11;GRUBOLIVAR;69,500.00;69,500.00;69,306.67;68,800.00;1,200.00;1,76;36,417.00;2,523,941,080.00
2024-04-12;GRUBOLIVAR;70,000.00;70,000.00;69,974.15;69,540.00;500.00;0,72;17,250.00;1,207,054,040.00
2024-04-15;GRUBOLIVAR;71,840.00;71,980.00;71,213.83;70,500.00;1,840.00;2,63;15,506.00;1,104,241,700.00
2024-04-16;GRUBOLIVAR;69,140.00;71,000.00;68,709.26;66,960.00;-2,700.00;-3,76;14,370.00;987,352,060.00
2024-04-17;GRUBOLIVAR;67,200.00;69,140.00;68,619.97;67,200.00;-1,940.00;-2,81;11,624.00;797,638,500.00
2024-04-18;GRUBOLIVAR;65,140.00;66,980.00;65,892.73;65,140.00;-2,060.00;-3,07;5,435.00;358,127,000.00
2024-04-19;GRUBOLIVAR;64,000.00;65,000.00;63,834.27;62,140.00;-1,140.00;-1,75;8,302.00;529,952,140.00
2024-04-22;GRUBOLIVAR;64,600.00;66,520.00;65,041.25;64,500.00;600.00;0,94;2,598.00;168,977,180.00
2024-04-23;GRUBOLIVAR;64,820.00;65,800.00;65,257.74;64,600.00;220.00;0,34;2,481.00;161,904,460.00
2024-04-24;GRUBOLIVAR;64,500.00;64,540.00;64,348.67;63,700.00;-320.00;-0,49;3,113.00;200,317,400.00
2024-04-25;GRUBOLIVAR;65,140.00;65,140.00;64,567.07;64,100.00;640.00;0,99;34,374.00;2,219,428,380.00
2024-04-26;GRUBOLIVAR;65,140.00;;65,480.48;;;;504.00;33,002,160.00
2024-04-29;GRUBOLIVAR;66,900.00;66,900.00;66,192.10;65,220.00;1,760.00;2,7;8,886.00;588,183,040.00
2024-04-30;GRUBOLIVAR;67,200.00;67,500.00;66,812.03;66,500.00;300.00;0,45;28,931.00;1,932,938,840.00
2024-05-02;GRUBOLIVAR;66,900.00;67,120.00;66,926.21;66,900.00;-300.00;-0,45;3,612.00;241,737,480.00
2024-05-03;GRUBOLIVAR;66,600.00;66,680.00;66,258.38;66,000.00;-300.00;-0,45;2,489.00;164,917,100.00
2024-05-06;GRUBOLIVAR;66,580.00;66,600.00;66,350.63;66,200.00;-20.00;-0,03;1,751.00;116,179,960.00
2024-05-07;GRUBOLIVAR;66,880.00;66,880.00;66,660.58;66,220.00;300.00;0,45;11,174.00;744,865,320.00
2024-05-08;GRUBOLIVAR;66,880.00;67,000.00;66,798.40;66,620.00;0.00;0;3,381.00;225,845,380.00
2024-05-09;GRUBOLIVAR;65,600.00;66,860.00;66,271.56;65,600.00;-1,280.00;-1,91;990.00;65,608,840.00
2024-05-10;GRUBOLIVAR;66,200.00;66,200.00;65,955.00;65,620.00;600.00;0,91;1,081.00;71,297,360.00
2024-05-14;GRUBOLIVAR;65,000.00;65,700.00;65,260.31;65,000.00;-1,200.00;-1,81;7,705.00;502,830,680.00
2024-05-15;GRUBOLIVAR;64,600.00;64,600.00;64,582.66;64,320.00;-400.00;-0,62;1,922.00;124,127,880.00
2024-05-16;GRUBOLIVAR;65,460.00;65,460.00;64,404.29;64,000.00;860.00;1,33;7,569.00;487,476,040.00
2024-05-17;GRUBOLIVAR;66,520.00;66,520.00;65,513.12;64,080.00;1,060.00;1,62;1,674.00;109,668,960.00
2024-05-20;GRUBOLIVAR;65,980.00;66,000.00;65,690.12;64,920.00;-540.00;-0,81;2,420.00;158,970,080.00
2024-05-21;GRUBOLIVAR;65,900.00;66,320.00;65,843.93;65,500.00;-80.00;-0,12;4,074.00;268,248,180.00
2024-05-22;GRUBOLIVAR;64,620.00;65,520.00;65,142.15;64,620.00;-1,280.00;-1,94;5,400.00;351,767,600.00
2024-05-23;GRUBOLIVAR;64,800.00;64,800.00;64,648.05;64,620.00;180.00;0,28;5,301.00;342,699,320.00
2024-05-24;GRUBOLIVAR;64,800.00;64,800.00;64,833.24;64,700.00;0.00;0;1,304.00;84,542,540.00
2024-05-27;GRUBOLIVAR;64,800.00;64,800.00;65,072.98;64,800.00;0.00;;450.00;29,282,840.00
2024-05-28;GRUBOLIVAR;64,120.00;64,820.00;64,774.88;64,120.00;-680.00;-1,05;11,296.00;731,697,020.00
2024-05-29;GRUBOLIVAR;62,500.00;64,000.00;63,181.47;62,000.00;-1,620.00;-2,53;2,557.00;161,555,020.00
2024-05-30;GRUBOLIVAR;62,540.00;63,820.00;62,673.21;62,540.00;40.00;0,06;5,025.00;314,932,860.00
2024-05-31;GRUBOLIVAR;60,100.00;62,540.00;60,207.67;60,100.00;-2,440.00;-3,9;38,918.00;2,343,162,220.00
2024-06-04;GRUBOLIVAR;62,000.00;62,200.00;62,076.42;62,000.00;1,900.00;3,16;5,212.00;323,542,280.00
2024-06-05;GRUBOLIVAR;62,000.00;62,000.00;61,841.04;61,620.00;0.00;0;2,369.00;146,501,420.00
2024-06-06;GRUBOLIVAR;62,060.00;63,320.00;62,773.75;62,060.00;60.00;0,1;3,182.00;199,746,080.00
2024-06-07;GRUBOLIVAR;62,500.00;62,680.00;62,461.37;62,100.00;440.00;0,71;3,146.00;196,503,480.00
2024-06-11;GRUBOLIVAR;62,620.00;62,620.00;62,515.74;62,480.00;120.00;0,19;2,340.00;146,286,840.00
2024-06-12;GRUBOLIVAR;62,620.00;62,620.00;62,643.68;62,620.00;0.00;;3,987.00;249,760,360.00
2024-06-13;GRUBOLIVAR;61,620.00;62,300.00;61,989.39;61,600.00;-1,000.00;-1,6;2,435.00;150,944,160.00
2024-06-14;GRUBOLIVAR;61,980.00;61,980.00;61,662.05;61,600.00;360.00;0,58;3,638.00;224,326,540.00
2024-06-17;GRUBOLIVAR;60,360.00;61,000.00;60,864.66;60,360.00;-1,620.00;-2,61;905.00;55,082,520.00
2024-06-18;GRUBOLIVAR;60,540.00;60,540.00;60,537.62;60,520.00;180.00;0,3;1,560.00;94,438,680.00
2024-06-19;GRUBOLIVAR;60,600.00;60,600.00;60,711.47;60,600.00;60.00;0,1;319.00;19,366,960.00
2024-06-20;GRUBOLIVAR;60,700.00;61,980.00;61,085.61;60,620.00;100.00;0,17;4,012.00;245,075,480.00
2024-06-21;GRUBOLIVAR;60,100.00;60,720.00;60,214.83;60,100.00;-600.00;-0,99;4,361.00;262,596,880.00
2024-06-24;GRUBOLIVAR;61,000.00;61,000.00;60,722.08;60,120.00;900.00;1,5;1,374.00;83,432,140.00
2024-06-25;GRUBOLIVAR;61,000.00;61,000.00;60,953.99;61,000.00;0.00;;1,264.00;77,045,840.00
2024-06-26;GRUBOLIVAR;61,000.00;;61,017.39;;;;383.00;23,369,660.00
2024-06-27;GRUBOLIVAR;61,820.00;61,820.00;61,540.26;61,820.00;820.00;1,34;698.00;42,955,100.00
2024-06-28;GRUBOLIVAR;61,820.00;;61,215.00;;;;184.00;11,263,560.00
2023-07-04;GRUBOLIVAR;70,010.00;;70,408.40;;;;25.00;1,760,210.00
2023-07-05;GRUBOLIVAR;70,010.00;;71,247.50;;;;8.00;569,980.00
2023-07-06;GRUBOLIVAR;69,300.00;69,300.00;69,321.81;69,300.00;-710.00;-1,01;509.00;35,284,800.00
2023-07-07;GRUBOLIVAR;71,990.00;71,990.00;69,325.49;69,300.00;2,690.00;3,88;30,297.00;2,100,354,420.00
2023-07-10;GRUBOLIVAR;69,000.00;69,510.00;69,009.19;69,000.00;-2,990.00;-4,15;19,142.00;1,320,973,960.00
2023-07-11;GRUBOLIVAR;71,350.00;71,350.00;70,826.92;71,350.00;2,350.00;3,41;438.00;31,022,190.00
2023-07-12;GRUBOLIVAR;70,000.00;71,200.00;70,492.60;70,000.00;-1,350.00;-1,89;1,229.00;86,635,400.00
2023-07-13;GRUBOLIVAR;70,000.00;70,000.00;69,990.78;70,000.00;0.00;;476.00;33,315,610.00
2023-07-14;GRUBOLIVAR;70,000.00;;69,990.00;;;;247.00;17,287,530.00
2023-07-17;GRUBOLIVAR;70,000.00;;67,328.72;;;;94.00;6,328,900.00
2023-07-18;GRUBOLIVAR;69,990.00;69,990.00;69,898.62;69,990.00;-10.00;-0,01;673.00;47,041,770.00
2023-07-19;GRUBOLIVAR;69,890.00;69,990.00;69,846.23;69,000.00;-100.00;-0,14;7,420.00;518,259,010.00
2023-07-21;GRUBOLIVAR;67,000.00;69,000.00;67,653.93;67,000.00;-2,890.00;-4,14;3,949.00;267,165,370.00
2023-07-24;GRUBOLIVAR;69,990.00;69,990.00;69,846.25;69,990.00;2,990.00;4,46;253.00;17,671,100.00
2023-07-25;GRUBOLIVAR;69,990.00;;68,657.50;;;;72.00;4,943,340.00
2023-07-26;GRUBOLIVAR;67,000.00;67,000.00;67,224.28;67,000.00;-2,990.00;-4,27;663.00;44,569,700.00
2023-07-27;GRUBOLIVAR;67,010.00;67,010.00;66,998.89;67,000.00;10.00;0,01;3,735.00;250,240,870.00
2023-07-28;GRUBOLIVAR;67,000.00;67,000.00;67,000.00;67,000.00;-10.00;-0,01;296.00;19,832,000.00
2023-07-31;GRUBOLIVAR;;67,000.00;66,992.81;66,950.00;0.00;0;2,086.00;139,747,000.00
2023-08-01;GRUBOLIVAR;67,500.00;67,500.00;67,495.94;67,500.00;0.00;;1,109.00;74,853,000.00
2023-08-02;GRUBOLIVAR;67,500.00;67,500.00;66,592.82;67,500.00;0.00;;284.00;18,912,360.00
2023-08-03;GRUBOLIVAR;67,500.00;;67,468.33;;;;66.00;4,452,910.00
2023-08-04;GRUBOLIVAR;;;;;;;;
2023-08-08;GRUBOLIVAR;67,500.00;;65,997.00;;;;30.00;1,979,910.00
2023-08-09;GRUBOLIVAR;67,500.00;67,500.00;67,500.00;67,500.00;0.00;;579.00;39,082,500.00
2023-08-10;GRUBOLIVAR;67,750.00;67,750.00;66,457.32;65,000.00;250.00;0,37;1,199.00;79,682,330.00
2023-08-11;GRUBOLIVAR;67,000.00;67,000.00;66,965.02;67,000.00;-750.00;-1,11;1,232.00;82,500,900.00
2023-08-14;GRUBOLIVAR;67,000.00;;66,364.57;;;;35.00;2,322,760.00
2023-08-15;GRUBOLIVAR;67,490.00;67,490.00;66,110.49;65,000.00;490.00;0,73;1,020.00;67,432,700.00
2023-08-16;GRUBOLIVAR;66,500.00;66,500.00;66,488.10;66,500.00;-990.00;-1,47;630.00;41,887,500.00
2023-08-17;GRUBOLIVAR;67,640.00;67,640.00;67,619.96;67,640.00;1,140.00;1,71;275.00;18,595,490.00
2023-08-18;GRUBOLIVAR;67,600.00;67,600.00;66,350.64;66,000.00;-40.00;-0,06;610.00;40,473,890.00
2023-08-22;GRUBOLIVAR;66,500.00;67,000.00;66,543.33;66,500.00;-1,100.00;-1,63;2,776.00;184,724,280.00
2023-08-23;GRUBOLIVAR;65,000.00;65,030.00;65,080.67;65,000.00;-1,500.00;-2,26;1,317.00;85,711,240.00
2023-08-24;GRUBOLIVAR;65,500.00;65,700.00;65,198.38;65,000.00;500.00;0,77;1,597.00;104,121,820.00
2023-08-25;GRUBOLIVAR;64,650.00;64,650.00;62,184.15;61,080.00;-850.00;-1,3;2,413.00;150,050,360.00
2023-08-28;GRUBOLIVAR;64,650.00;;62,505.75;;;;80.00;5,000,460.00
2023-08-29;GRUBOLIVAR;65,000.00;65,000.00;64,105.03;64,620.00;350.00;0,54;1,753.00;112,376,120.00
2023-08-30;GRUBOLIVAR;61,550.00;63,000.00;62,194.85;61,550.00;-3,450.00;-5,31;1,788.00;111,204,390.00
2023-08-31;GRUBOLIVAR;59,090.00;63,900.00;59,566.49;59,090.00;-2,460.00;-4;6,650.00;396,117,170.00
2023-09-01;GRUBOLIVAR;59,090.00;59,090.00;59,299.80;59,090.00;0.00;;763.00;45,245,750.00
2023-09-04;GRUBOLIVAR;59,090.00;;60,273.13;;;;48.00;2,893,110.00
2023-09-05;GRUBOLIVAR;57,090.00;57,090.00;57,133.85;57,090.00;-2,000.00;-3,38;912.00;52,106,070.00
2023-09-06;GRUBOLIVAR;51,400.00;52,000.00;51,636.21;51,400.00;-5,690.00;-9,97;8,329.00;430,077,970.00
2023-09-07;GRUBOLIVAR;54,070.00;54,070.00;52,886.16;52,000.00;2,670.00;5,19;3,173.00;167,807,800.00
2023-09-08;GRUBOLIVAR;51,800.00;52,030.00;52,068.17;51,800.00;-2,270.00;-4,2;3,016.00;157,037,600.00
2023-09-11;GRUBOLIVAR;50,000.00;50,000.00;50,139.84;50,000.00;-1,800.00;-3,47;1,518.00;76,112,270.00
2023-09-12;GRUBOLIVAR;50,000.00;51,500.00;50,710.12;50,000.00;0.00;0;2,550.00;129,310,800.00
2023-09-13;GRUBOLIVAR;49,000.00;49,000.00;49,080.46;49,000.00;-1,000.00;-2;389.00;19,092,300.00
2023-09-14;GRUBOLIVAR;46,800.00;49,890.00;46,846.55;46,800.00;-2,200.00;-4,49;26,967.00;1,263,310,840.00
2023-09-15;GRUBOLIVAR;48,000.00;48,690.00;48,144.47;48,000.00;1,200.00;2,56;17,425.00;838,917,410.00
2023-09-18;GRUBOLIVAR;48,530.00;50,000.00;49,442.73;48,530.00;530.00;1,1;1,696.00;83,854,870.00
2023-09-19;GRUBOLIVAR;49,060.00;49,870.00;49,045.02;49,000.00;530.00;1,09;8,064.00;395,499,010.00
2023-09-20;GRUBOLIVAR;49,060.00;;50,086.36;;;;55.00;2,754,750.00
2023-09-21;GRUBOLIVAR;49,060.00;;50,936.06;;;;251.00;12,784,950.00
2023-09-22;GRUBOLIVAR;50,400.00;50,490.00;50,465.73;50,400.00;1,340.00;2,73;880.00;44,409,840.00
2023-09-25;GRUBOLIVAR;50,400.00;;51,346.10;;;;105.00;5,391,340.00
2023-09-26;GRUBOLIVAR;50,000.00;50,700.00;50,283.40;50,000.00;-400.00;-0,79;1,135.00;57,071,660.00
2023-09-27;GRUBOLIVAR;52,400.00;52,400.00;51,109.61;52,400.00;2,400.00;4,8;304.00;15,537,320.00
2023-09-28;GRUBOLIVAR;53,400.00;53,400.00;52,903.86;52,390.00;1,000.00;1,91;1,662.00;87,926,220.00
2023-09-29;GRUBOLIVAR;53,000.00;53,520.00;53,032.00;53,000.00;-400.00;-0,75;10,546.00;559,275,520.00
2023-10-02;GRUBOLIVAR;53,010.00;53,010.00;53,480.04;53,010.00;10.00;0,02;259.00;13,851,330.00
2023-10-03;GRUBOLIVAR;52,550.00;56,650.00;54,008.92;52,550.00;-460.00;-0,87;1,818.00;98,188,210.00
2023-10-04;GRUBOLIVAR;52,550.00;;54,132.73;;;;33.00;1,786,380.00
2023-10-05;GRUBOLIVAR;51,600.00;52,000.00;51,660.58;51,600.00;-950.00;-1,81;1,339.00;69,173,520.00
2023-10-06;GRUBOLIVAR;52,000.00;52,000.00;51,318.99;52,000.00;400.00;0,78;623.00;31,971,730.00
2023-10-09;GRUBOLIVAR;52,000.00;;52,966.80;;;;25.00;1,324,170.00
2023-10-10;GRUBOLIVAR;52,000.00;;51,730.14;;;;147.00;7,604,330.00
2023-10-11;GRUBOLIVAR;51,500.00;51,500.00;51,550.15;51,500.00;-500.00;-0,96;343.00;17,681,700.00
2023-10-12;GRUBOLIVAR;51,500.00;;51,774.01;;;;182.00;9,422,870.00
2023-10-13;GRUBOLIVAR;51,500.00;;52,646.67;;;;12.00;631,760.00
2023-10-17;GRUBOLIVAR;50,820.00;51,010.00;50,893.89;50,820.00;-680.00;-1,32;831.00;42,292,820.00
2023-10-18;GRUBOLIVAR;51,110.00;52,870.00;51,606.98;51,110.00;290.00;0,57;1,068.00;55,116,250.00
2023-10-19;GRUBOLIVAR;51,260.00;51,560.00;51,509.13;51,260.00;150.00;0,29;4,399.00;226,588,680.00
2023-10-20;GRUBOLIVAR;51,100.00;51,310.00;51,228.54;51,100.00;-160.00;-0,31;1,798.00;92,108,920.00
2023-10-23;GRUBOLIVAR;51,100.00;;50,712.60;;;;242.00;12,272,450.00
2023-10-24;GRUBOLIVAR;51,100.00;;50,745.24;;;;103.00;5,226,760.00
2023-10-25;GRUBOLIVAR;51,100.00;;50,677.09;;;;230.00;11,655,730.00
2023-10-26;GRUBOLIVAR;50,800.00;51,200.00;50,958.02;50,800.00;-300.00;-0,59;2,652.00;135,140,660.00
2023-10-27;GRUBOLIVAR;50,800.00;;50,703.33;;;;3.00;152,110.00
2023-10-30;GRUBOLIVAR;50,800.00;;51,123.43;;;;230.00;11,758,390.00
2023-10-31;GRUBOLIVAR;50,800.00;;50,530.00;;;;50.00;2,526,500.00
2023-11-01;GRUBOLIVAR;50,920.00;50,920.00;50,834.34;50,800.00;120.00;0,24;1,106.00;56,222,780.00
2023-11-02;GRUBOLIVAR;50,880.00;50,880.00;50,111.96;50,000.00;-40.00;-0,08;3,180.00;159,356,040.00
2023-11-03;GRUBOLIVAR;50,880.00;;49,465.95;;;;79.00;3,907,810.00
2023-11-07;GRUBOLIVAR;50,880.00;;50,476.47;;;;235.00;11,861,970.00
2023-11-08;GRUBOLIVAR;50,880.00;;50,905.00;;;;16.00;814,480.00
2023-11-09;GRUBOLIVAR;50,880.00;;49,350.43;;;;23.00;1,135,060.00
2023-11-10;GRUBOLIVAR;49,500.00;50,000.00;49,828.00;49,500.00;-1,380.00;-2,71;655.00;32,637,340.00
2023-11-14;GRUBOLIVAR;50,000.00;50,000.00;49,506.17;49,000.00;500.00;1,01;2,430.00;120,300,000.00
2023-11-15;GRUBOLIVAR;50,000.00;50,000.00;50,005.62;50,000.00;0.00;;2,636.00;131,814,820.00
2023-11-16;GRUBOLIVAR;49,200.00;50,000.00;49,564.93;49,200.00;-800.00;-1,6;3,710.00;183,885,880.00
2023-11-17;GRUBOLIVAR;49,200.00;50,100.00;49,876.35;49,200.00;0.00;0;1,179.00;58,804,220.00
2023-11-20;GRUBOLIVAR;49,000.00;50,000.00;49,236.01;49,000.00;-200.00;-0,41;2,001.00;98,521,260.00
2023-11-21;GRUBOLIVAR;47,440.00;48,120.00;47,848.83;47,440.00;-1,560.00;-3,18;1,645.00;78,711,320.00
2023-11-22;GRUBOLIVAR;48,600.00;49,300.00;48,741.29;48,500.00;1,160.00;2,45;996.00;48,546,320.00
2023-11-23;GRUBOLIVAR;48,580.00;48,580.00;48,583.94;48,580.00;-20.00;-0,04;1,335.00;64,859,560.00
2023-11-24;GRUBOLIVAR;48,580.00;;49,140.29;;;;209.00;10,270,320.00
2023-11-27;GRUBOLIVAR;48,080.00;48,080.00;48,102.60;48,080.00;-500.00;-1,03;430.00;20,684,120.00
2023-11-28;GRUBOLIVAR;48,200.00;48,200.00;48,272.08;48,200.00;120.00;0,25;472.00;22,784,420.00
2023-11-29;GRUBOLIVAR;48,800.00;48,800.00;48,730.65;48,800.00;600.00;1,24;353.00;17,201,920.00
2023-11-30;GRUBOLIVAR;49,000.00;49,000.00;48,877.91;49,000.00;200.00;0,41;556.00;27,176,120.00
2023-12-01;GRUBOLIVAR;50,000.00;50,000.00;49,931.04;49,740.00;1,000.00;2,04;2,688.00;134,214,640.00
2023-12-04;GRUBOLIVAR;49,020.00;50,000.00;49,914.18;49,020.00;-980.00;-1,96;7,057.00;352,244,340.00
2023-12-05;GRUBOLIVAR;48,940.00;48,940.00;49,278.91;48,940.00;-80.00;-0,16;552.00;27,201,960.00
2023-12-06;GRUBOLIVAR;48,620.00;48,940.00;48,790.23;48,620.00;-320.00;-0,65;1,091.00;53,230,140.00
2023-12-07;GRUBOLIVAR;49,700.00;50,000.00;49,398.15;48,500.00;1,080.00;2,22;995.00;49,151,160.00
2023-12-11;GRUBOLIVAR;51,180.00;51,180.00;50,822.55;50,960.00;1,480.00;2,98;1,036.00;52,652,160.00
2023-12-12;GRUBOLIVAR;52,700.00;52,700.00;52,255.73;51,200.00;1,520.00;2,97;2,515.00;131,423,160.00
2023-12-13;GRUBOLIVAR;53,800.00;53,800.00;53,596.85;53,800.00;1,100.00;2,09;3,103.00;166,311,020.00
2023-12-14;GRUBOLIVAR;56,820.00;56,820.00;55,750.88;53,780.00;3,020.00;5,61;8,230.00;458,829,720.00
2023-12-15;GRUBOLIVAR;59,920.00;59,920.00;59,418.39;57,980.00;3,100.00;5,46;4,573.00;271,720,280.00
2023-12-18;GRUBOLIVAR;59,000.00;59,000.00;57,942.15;57,040.00;-920.00;-1,54;2,319.00;134,367,840.00
2023-12-19;GRUBOLIVAR;60,760.00;60,760.00;59,543.26;59,500.00;1,760.00;2,98;9,207.00;548,214,800.00
2023-12-20;GRUBOLIVAR;60,000.00;60,900.00;60,238.07;60,000.00;-760.00;-1,25;8,207.00;494,373,800.00
2023-12-21;GRUBOLIVAR;57,960.00;60,000.00;58,925.56;57,960.00;-2,040.00;-3,4;1,079.00;63,580,680.00
2023-12-22;GRUBOLIVAR;57,960.00;;59,742.63;;;;38.00;2,270,220.00
2023-12-26;GRUBOLIVAR;57,960.00;;59,038.10;;;;105.00;6,199,000.00
2023-12-27;GRUBOLIVAR;58,980.00;58,980.00;58,354.83;57,020.00;1,020.00;1,76;851.00;49,659,960.00
2023-12-28;GRUBOLIVAR;58,980.00;;59,444.54;;;;119.00;7,073,900.00
2023-01-02;GRUBOLIVAR;61,000.00;;62,000.00;;;;136.00;8,432,000.00
2023-01-03;GRUBOLIVAR;62,590.00;62,590.00;60,584.03;59,000.00;1,590.00;2,61;2,340.00;141,766,640.00
2023-01-04;GRUBOLIVAR;62,590.00;;61,007.12;;;;222.00;13,543,580.00
2023-01-05;GRUBOLIVAR;60,510.00;60,510.00;60,494.29;60,510.00;-2,080.00;-3,32;357.00;21,596,460.00
2023-01-06;GRUBOLIVAR;60,510.00;;60,201.86;;;;199.00;11,980,170.00
2023-01-10;GRUBOLIVAR;61,770.00;61,770.00;61,103.24;61,770.00;1,260.00;2,08;669.00;40,878,070.00
2023-01-11;GRUBOLIVAR;62,400.00;62,400.00;61,615.04;62,400.00;630.00;1,02;559.00;34,442,810.00
2023-01-12;GRUBOLIVAR;60,990.00;61,000.00;61,019.15;60,990.00;-1,410.00;-2,26;2,775.00;169,328,150.00
2023-01-13;GRUBOLIVAR;60,700.00;60,700.00;60,699.75;60,700.00;-290.00;-0,48;1,911.00;115,997,230.00
2023-01-16;GRUBOLIVAR;60,700.00;;61,000.00;;;;47.00;2,867,000.00
2023-01-17;GRUBOLIVAR;61,000.00;61,000.00;60,582.99;60,500.00;300.00;0,49;835.00;50,586,800.00
2023-01-18;GRUBOLIVAR;61,000.00;61,000.00;60,998.62;61,000.00;0.00;;725.00;44,224,000.00
2023-01-19;GRUBOLIVAR;61,980.00;61,980.00;61,319.88;61,000.00;980.00;1,61;3,167.00;194,200,060.00
2023-01-20;GRUBOLIVAR;61,870.00;61,870.00;60,779.55;60,000.00;-110.00;-0,18;5,283.00;321,098,370.00
2023-01-23;GRUBOLIVAR;60,510.00;61,800.00;60,783.59;60,500.00;-1,360.00;-2,2;733.00;44,554,370.00
2023-01-24;GRUBOLIVAR;60,500.00;61,000.00;60,748.82;60,500.00;-10.00;-0,02;2,132.00;129,516,490.00
2023-01-25;GRUBOLIVAR;60,460.00;60,500.00;60,444.30;60,310.00;-40.00;-0,07;3,241.00;195,899,970.00
2023-01-26;GRUBOLIVAR;60,310.00;60,310.00;60,357.94;60,310.00;-150.00;-0,25;998.00;60,237,220.00
2023-01-27;GRUBOLIVAR;61,000.00;61,000.00;60,980.56;60,310.00;690.00;1,14;16,093.00;981,360,190.00
2023-01-30;GRUBOLIVAR;61,000.00;61,000.00;60,699.02;60,500.00;0.00;0;1,107.00;67,193,810.00
2023-01-31;GRUBOLIVAR;61,000.00;61,000.00;60,883.05;60,380.00;0.00;0;5,467.00;332,847,660.00
2023-02-01;GRUBOLIVAR;61,000.00;61,000.00;60,980.52;60,900.00;0.00;0;8,260.00;503,699,100.00
2023-02-02;GRUBOLIVAR;60,500.00;61,000.00;60,747.84;60,410.00;-500.00;-0,82;4,028.00;244,692,290.00
2023-02-03;GRUBOLIVAR;61,000.00;61,000.00;60,964.01;60,990.00;500.00;0,83;2,538.00;154,726,660.00
2023-02-06;GRUBOLIVAR;60,350.00;60,350.00;60,569.16;60,350.00;-650.00;-1,07;415.00;25,136,200.00
2023-02-07;GRUBOLIVAR;61,000.00;61,000.00;60,492.44;60,350.00;650.00;1,08;3,499.00;211,663,060.00
2023-02-08;GRUBOLIVAR;61,000.00;61,000.00;60,996.90;60,990.00;0.00;0;16,081.00;980,891,130.00
2023-02-09;GRUBOLIVAR;60,500.00;61,000.00;60,885.87;60,450.00;-500.00;-0,82;5,135.00;312,648,950.00
2023-02-10;GRUBOLIVAR;61,000.00;61,000.00;60,977.81;60,500.00;500.00;0,83;5,818.00;354,768,900.00
2023-02-13;GRUBOLIVAR;60,960.00;60,990.00;60,961.52;60,960.00;-40.00;-0,07;22,278.00;1,358,100,800.00
2023-02-14;GRUBOLIVAR;58,750.00;59,540.00;58,886.77;58,700.00;-2,210.00;-3,63;1,122.00;66,070,960.00
2023-02-15;GRUBOLIVAR;59,850.00;60,000.00;59,840.29;59,850.00;1,100.00;1,87;1,765.00;105,618,110.00
2023-02-16;GRUBOLIVAR;59,800.00;59,800.00;58,025.98;59,800.00;-50.00;-0,08;393.00;22,804,210.00
2023-02-17;GRUBOLIVAR;59,800.00;;57,333.33;;;;6.00;344,000.00
2023-02-20;GRUBOLIVAR;59,800.00;;58,130.56;;;;179.00;10,405,370.00
2023-02-21;GRUBOLIVAR;59,800.00;;57,651.78;;;;45.00;2,594,330.00
2023-02-22;GRUBOLIVAR;59,000.00;59,000.00;58,975.97;59,000.00;-800.00;-1,34;3,176.00;187,307,680.00
2023-02-23;GRUBOLIVAR;59,000.00;;56,000.00;;;;55.00;3,080,000.00
2023-02-24;GRUBOLIVAR;59,000.00;;55,831.48;;;;54.00;3,014,900.00
2023-02-27;GRUBOLIVAR;57,980.00;57,980.00;56,040.61;55,020.00;-1,020.00;-1,73;918.00;51,445,280.00
2023-02-28;GRUBOLIVAR;57,980.00;58,000.00;57,985.72;57,940.00;0.00;0;5,876.00;340,724,090.00
2023-03-01;GRUBOLIVAR;56,500.00;56,500.00;56,624.84;56,500.00;-1,480.00;-2,55;492.00;27,859,420.00
2023-03-02;GRUBOLIVAR;56,500.00;56,500.00;56,534.06;56,500.00;0.00;;323.00;18,260,500.00
2023-03-03;GRUBOLIVAR;57,600.00;57,600.00;57,613.45;57,600.00;1,100.00;1,95;466.00;26,847,870.00
2023-03-06;GRUBOLIVAR;57,990.00;57,990.00;57,663.13;57,610.00;390.00;0,68;1,318.00;76,000,010.00
2023-03-07;GRUBOLIVAR;58,000.00;58,000.00;57,851.62;58,000.00;10.00;0,02;2,094.00;121,141,300.00
2023-03-08;GRUBOLIVAR;57,000.00;57,000.00;56,779.57;57,000.00;-1,000.00;-1,72;1,670.00;94,821,890.00
2023-03-09;GRUBOLIVAR;57,000.00;;56,435.00;;;;34.00;1,918,790.00
2023-03-10;GRUBOLIVAR;57,000.00;;55,233.06;;;;62.00;3,424,450.00
2023-03-13;GRUBOLIVAR;57,200.00;57,300.00;57,183.98;57,000.00;200.00;0,35;21,644.00;1,237,690,100.00
2023-03-14;GRUBOLIVAR;57,200.00;;57,440.31;;;;381.00;21,884,760.00
2023-03-15;GRUBOLIVAR;58,960.00;58,960.00;57,129.33;55,500.00;1,760.00;3,08;17,522.00;1,001,020,140.00
2023-03-16;GRUBOLIVAR;61,000.00;61,000.00;59,231.53;61,000.00;2,040.00;3,46;425.00;25,173,400.00
2023-03-17;GRUBOLIVAR;61,000.00;61,390.00;60,966.37;60,000.00;0.00;0;18,696.00;1,139,827,260.00
2023-03-21;GRUBOLIVAR;61,000.00;;60,308.68;;;;53.00;3,196,360.00
2023-03-22;GRUBOLIVAR;60,000.00;61,000.00;60,970.48;60,000.00;-1,000.00;-1,64;8,354.00;509,347,400.00
2023-03-23;GRUBOLIVAR;61,980.00;62,000.00;61,880.04;61,980.00;1,980.00;3,3;920.00;56,929,640.00
2023-03-24;GRUBOLIVAR;61,000.00;61,000.00;60,861.58;59,000.00;-980.00;-1,58;7,939.00;483,180,060.00
2023-03-27;GRUBOLIVAR;61,000.00;61,000.00;60,999.34;61,000.00;0.00;;36,233.00;2,210,188,910.00
2023-03-28;GRUBOLIVAR;61,000.00;62,000.00;61,101.73;61,000.00;0.00;0;6,185.00;377,914,190.00
2023-03-29;GRUBOLIVAR;60,980.00;61,000.00;60,963.60;60,980.00;-20.00;-0,03;5,204.00;317,254,590.00
2023-03-30;GRUBOLIVAR;61,000.00;61,000.00;60,880.46;60,980.00;20.00;0,03;1,293.00;78,718,430.00
2023-03-31;GRUBOLIVAR;61,000.00;61,000.00;60,979.65;61,000.00;0.00;;488.00;29,758,070.00
2023-04-03;GRUBOLIVAR;58,670.00;58,670.00;58,792.64;58,670.00;-2,330.00;-3,82;459.00;26,985,820.00
2023-04-04;GRUBOLIVAR;58,670.00;;58,724.32;;;;44.00;2,583,870.00
2023-04-05;GRUBOLIVAR;60,000.00;61,000.00;60,472.58;60,000.00;1,330.00;2,27;930.00;56,239,500.00
2023-04-10;GRUBOLIVAR;60,000.00;60,000.00;59,902.74;60,000.00;0.00;;704.00;42,171,530.00
2023-04-11;GRUBOLIVAR;60,000.00;;58,476.50;;;;100.00;5,847,650.00
2023-04-12;GRUBOLIVAR;60,000.00;;60,017.86;;;;28.00;1,680,500.00
2023-04-13;GRUBOLIVAR;60,000.00;;60,000.00;;;;153.00;9,180,000.00
2023-04-14;GRUBOLIVAR;60,000.00;;59,128.71;;;;101.00;5,972,000.00
2023-04-17;GRUBOLIVAR;60,000.00;;59,781.00;;;;249.00;14,885,470.00
2023-04-18;GRUBOLIVAR;60,130.00;61,000.00;60,771.47;60,130.00;130.00;0,22;633.00;38,468,340.00
2023-04-19;GRUBOLIVAR;61,000.00;61,000.00;60,358.24;60,100.00;870.00;1,45;729.00;44,001,160.00
2023-04-20;GRUBOLIVAR;61,000.00;;60,086.96;;;;23.00;1,382,000.00
2023-04-21;GRUBOLIVAR;60,060.00;61,000.00;60,989.78;60,060.00;-940.00;-1,54;17,162.00;1,046,706,560.00
2023-04-24;GRUBOLIVAR;61,000.00;61,000.00;61,006.14;61,000.00;940.00;1,57;814.00;49,659,000.00
2023-04-25;GRUBOLIVAR;61,000.00;;60,020.00;;;;50.00;3,001,000.00
2023-04-26;GRUBOLIVAR;61,000.00;61,000.00;61,136.32;61,000.00;0.00;;787.00;48,114,280.00
2023-04-27;GRUBOLIVAR;62,840.00;62,840.00;62,187.19;60,210.00;1,840.00;3,02;1,061.00;65,980,610.00
2023-04-28;GRUBOLIVAR;62,900.00;63,000.00;62,830.43;62,800.00;60.00;0,1;2,101.00;132,006,730.00
2023-05-02;GRUBOLIVAR;61,100.00;61,100.00;61,458.77;61,100.00;-1,800.00;-2,86;942.00;57,894,160.00
2023-05-03;GRUBOLIVAR;61,100.00;61,180.00;61,115.32;61,100.00;0.00;0;2,341.00;143,070,960.00
2023-05-04;GRUBOLIVAR;64,000.00;64,000.00;63,963.52;63,990.00;2,900.00;4,75;6,128.00;391,968,420.00
2023-05-05;GRUBOLIVAR;64,010.00;64,010.00;63,961.74;64,000.00;10.00;0,02;1,056.00;67,543,600.00
2023-05-08;GRUBOLIVAR;64,010.00;64,010.00;64,009.49;64,010.00;0.00;;435.00;27,844,130.00
2023-05-09;GRUBOLIVAR;64,010.00;;65,606.00;;;;5.00;328,030.00
2023-05-10;GRUBOLIVAR;64,010.00;64,010.00;64,010.00;64,010.00;0.00;;374.00;23,939,740.00
2023-05-11;GRUBOLIVAR;64,010.00;64,010.00;64,010.00;64,010.00;0.00;;773.00;49,479,730.00
2023-05-12;GRUBOLIVAR;64,010.00;64,010.00;64,016.70;64,010.00;0.00;;297.00;19,012,960.00
2023-05-15;GRUBOLIVAR;64,010.00;;67,722.47;;;;89.00;6,027,300.00
2023-05-16;GRUBOLIVAR;65,500.00;65,500.00;65,448.20;65,000.00;1,490.00;2,33;2,865.00;187,509,100.00
2023-05-17;GRUBOLIVAR;65,500.00;65,500.00;65,459.58;65,500.00;0.00;;1,238.00;81,038,960.00
2023-05-18;GRUBOLIVAR;65,500.00;65,500.00;65,470.63;65,500.00;0.00;;412.00;26,973,900.00
2023-05-19;GRUBOLIVAR;65,500.00;;65,500.00;;;;210.00;13,755,000.00
2023-05-23;GRUBOLIVAR;65,500.00;65,500.00;65,474.92;65,500.00;0.00;;957.00;62,659,500.00
2023-05-24;GRUBOLIVAR;65,500.00;66,000.00;65,792.35;65,500.00;0.00;0;1,791.00;117,834,100.00
2023-05-25;GRUBOLIVAR;66,810.00;66,810.00;66,292.01;66,000.00;1,310.00;2;1,233.00;81,738,050.00
2023-05-26;GRUBOLIVAR;68,000.00;68,000.00;67,667.08;66,800.00;1,190.00;1,78;18,872.00;1,277,013,170.00
2023-05-29;GRUBOLIVAR;68,000.00;68,000.00;67,584.45;66,000.00;0.00;0;1,290.00;87,183,940.00
2023-05-30;GRUBOLIVAR;69,000.00;69,000.00;68,997.32;69,000.00;1,000.00;1,47;4,857.00;335,119,990.00
2023-05-31;GRUBOLIVAR;70,100.00;70,100.00;69,907.89;68,000.00;1,100.00;1,59;7,629.00;533,327,280.00
2023-06-01;GRUBOLIVAR;70,000.00;70,000.00;69,985.42;70,000.00;-100.00;-0,14;1,852.00;129,613,000.00
2023-06-02;GRUBOLIVAR;71,500.00;71,500.00;71,291.71;71,500.00;1,500.00;2,14;636.00;45,341,530.00
2023-06-05;GRUBOLIVAR;71,500.00;71,500.00;71,289.95;71,500.00;0.00;;1,455.00;103,726,870.00
2023-06-06;GRUBOLIVAR;76,000.00;76,000.00;73,226.05;71,500.00;4,500.00;6,29;5,958.00;436,280,780.00
2023-06-07;GRUBOLIVAR;75,000.00;75,000.00;73,851.73;72,110.00;-1,000.00;-1,32;2,112.00;155,974,850.00
2023-06-08;GRUBOLIVAR;75,000.00;;74,168.05;;;;256.00;18,987,020.00
2023-06-09;GRUBOLIVAR;75,000.00;75,000.00;74,917.73;74,980.00;0.00;0;1,048.00;78,513,780.00
2023-06-13;GRUBOLIVAR;74,980.00;74,980.00;74,302.76;74,000.00;-20.00;-0,03;421.00;31,281,460.00
2023-06-14;GRUBOLIVAR;74,980.00;74,980.00;74,840.03;74,980.00;0.00;;878.00;65,709,550.00
2023-06-15;GRUBOLIVAR;74,900.00;74,900.00;74,903.71;74,900.00;-80.00;-0,11;264.00;19,774,580.00
2023-06-16;GRUBOLIVAR;70,210.00;70,740.00;70,534.43;70,210.00;-4,690.00;-6,26;397.00;28,002,170.00
2023-06-20;GRUBOLIVAR;70,200.00;70,260.00;70,205.30;70,200.00;-10.00;-0,01;13,961.00;980,136,210.00
2023-06-21;GRUBOLIVAR;70,200.00;;72,560.70;;;;142.00;10,303,620.00
2023-06-22;GRUBOLIVAR;72,940.00;72,940.00;72,936.25;72,940.00;2,740.00;3,9;251.00;18,307,000.00
2023-06-23;GRUBOLIVAR;72,930.00;72,930.00;72,624.03;72,930.00;-10.00;-0,01;318.00;23,094,440.00
2023-06-26;GRUBOLIVAR;72,930.00;;71,147.61;;;;92.00;6,545,580.00
2023-06-27;GRUBOLIVAR;73,000.00;73,000.00;72,918.87;72,850.00;70.00;0,1;1,476.00;107,628,250.00
2023-06-28;GRUBOLIVAR;73,000.00;73,000.00;73,000.00;73,000.00;0.00;;2,036.00;148,628,000.00
2023-06-29;GRUBOLIVAR;73,000.00;;71,718.36;;;;134.00;9,610,260.00
2023-06-30;GRUBOLIVAR;70,010.00;70,010.00;70,577.61;70,010.00;-2,990.00;-4,1;205.00;14,468,410.00
2022-07-01;GRUBOLIVAR;70,150.00;70,150.00;70,049.86;69,900.00;170.00;0,24;9,172.00;642,497,280.00
2022-07-05;GRUBOLIVAR;70,000.00;70,000.00;69,072.97;69,000.00;-150.00;-0,21;18,808.00;1,299,124,380.00
2022-07-06;GRUBOLIVAR;69,000.00;69,100.00;69,055.64;68,800.00;-1,000.00;-1,43;51,553.00;3,560,025,180.00
2022-07-07;GRUBOLIVAR;69,000.00;;69,126.06;;;;165.00;11,405,800.00
2022-07-08;GRUBOLIVAR;68,200.00;69,000.00;68,512.57;68,200.00;-800.00;-1,16;1,971.00;135,038,280.00
2022-07-11;GRUBOLIVAR;68,200.00;68,200.00;68,293.90;68,200.00;0.00;;748.00;51,083,840.00
2022-07-12;GRUBOLIVAR;68,200.00;68,200.00;68,211.12;68,200.00;0.00;;2,232.00;152,247,230.00
2022-07-13;GRUBOLIVAR;68,100.00;68,200.00;68,111.81;68,100.00;-100.00;-0,15;8,241.00;561,309,400.00
2022-07-14;GRUBOLIVAR;65,000.00;67,600.00;65,439.92;65,000.00;-3,100.00;-4,55;2,242.00;146,716,300.00
2022-07-15;GRUBOLIVAR;65,000.00;65,000.00;65,019.86;65,000.00;0.00;;776.00;50,455,410.00
2022-07-18;GRUBOLIVAR;65,000.00;65,000.00;65,340.06;65,000.00;0.00;;488.00;31,885,950.00
2022-07-19;GRUBOLIVAR;65,000.00;68,000.00;66,030.93;65,000.00;0.00;0;831.00;54,871,700.00
2022-07-21;GRUBOLIVAR;65,000.00;;65,005.97;;;;395.00;25,677,360.00
2022-07-22;GRUBOLIVAR;60,100.00;64,000.00;62,062.42;60,100.00;-4,900.00;-7,54;3,554.00;220,569,830.00
2022-07-25;GRUBOLIVAR;61,500.00;61,500.00;61,142.95;61,000.00;1,400.00;2,33;954.00;58,330,370.00
2022-07-26;GRUBOLIVAR;61,500.00;;62,373.94;;;;180.00;11,227,310.00
2022-07-27;GRUBOLIVAR;61,500.00;;63,684.35;;;;23.00;1,464,740.00
2022-07-28;GRUBOLIVAR;61,500.00;;63,286.49;;;;37.00;2,341,600.00
2022-07-29;GRUBOLIVAR;61,500.00;62,000.00;61,952.33;61,500.00;0.00;0;4,416.00;273,581,480.00
2022-08-01;GRUBOLIVAR;58,180.00;61,600.00;59,889.24;58,180.00;-3,320.00;-5,4;9,283.00;555,951,840.00
2022-08-02;GRUBOLIVAR;57,020.00;59,980.00;58,306.09;57,020.00;-1,160.00;-1,99;4,341.00;253,106,750.00
2022-08-03;GRUBOLIVAR;58,000.00;59,740.00;59,109.59;58,000.00;980.00;1,72;1,207.00;71,345,280.00
2022-08-04;GRUBOLIVAR;59,000.00;59,100.00;58,988.30;59,000.00;1,000.00;1,72;1,976.00;116,560,890.00
2022-08-05;GRUBOLIVAR;58,600.00;59,000.00;56,101.37;56,000.00;-400.00;-0,68;21,484.00;1,205,281,740.00
2022-08-08;GRUBOLIVAR;59,000.00;59,450.00;58,997.26;58,600.00;400.00;0,68;6,496.00;383,246,190.00
2022-08-09;GRUBOLIVAR;58,680.00;60,190.00;58,838.89;58,000.00;-320.00;-0,54;7,783.00;457,943,050.00
2022-08-10;GRUBOLIVAR;56,100.00;57,000.00;56,574.39;56,100.00;-2,580.00;-4,4;3,755.00;212,436,820.00
2022-08-11;GRUBOLIVAR;57,680.00;57,680.00;56,105.82;56,000.00;1,580.00;2,82;13,960.00;783,237,300.00
2022-08-12;GRUBOLIVAR;56,050.00;57,470.00;57,127.46;56,050.00;-1,630.00;-2,83;1,250.00;71,409,320.00
2022-08-16;GRUBOLIVAR;56,000.00;57,980.00;56,489.63;56,000.00;-50.00;-0,09;9,212.00;520,382,470.00
2022-08-17;GRUBOLIVAR;55,000.00;57,460.00;55,584.48;55,000.00;-1,000.00;-1,79;13,610.00;756,504,800.00
2022-08-18;GRUBOLIVAR;56,000.00;57,190.00;55,371.87;55,000.00;1,000.00;1,82;15,644.00;866,237,510.00
2022-08-19;GRUBOLIVAR;55,650.00;55,800.00;54,470.68;54,100.00;-350.00;-0,62;7,247.00;394,749,030.00
2022-08-22;GRUBOLIVAR;55,650.00;;54,901.60;;;;469.00;25,748,850.00
2022-08-23;GRUBOLIVAR;54,010.00;54,500.00;54,154.07;54,010.00;-1,640.00;-2,95;526.00;28,485,040.00
2022-08-24;GRUBOLIVAR;54,500.00;54,500.00;54,048.91;53,050.00;490.00;0,91;6,684.00;361,262,890.00
2022-08-25;GRUBOLIVAR;54,050.00;55,390.00;54,570.42;54,050.00;-450.00;-0,83;11,637.00;635,035,950.00
2022-08-26;GRUBOLIVAR;55,720.00;56,880.00;54,625.46;54,000.00;1,670.00;3,09;1,820.00;99,418,340.00
2022-08-29;GRUBOLIVAR;54,000.00;54,000.00;54,053.23;53,700.00;-1,720.00;-3,09;2,244.00;121,295,440.00
2022-08-30;GRUBOLIVAR;51,000.00;51,000.00;51,417.14;51,000.00;-3,000.00;-5,56;3,418.00;175,743,800.00
2022-08-31;GRUBOLIVAR;51,000.00;53,000.00;51,061.90;50,900.00;0.00;0;12,318.00;628,980,510.00
2022-09-01;GRUBOLIVAR;51,000.00;51,000.00;50,081.22;50,000.00;0.00;0;11,034.00;552,596,150.00
2022-09-02;GRUBOLIVAR;51,000.00;51,000.00;50,673.48;50,100.00;0.00;0;5,080.00;257,421,270.00
2022-09-05;GRUBOLIVAR;50,900.00;51,000.00;50,732.37;50,500.00;-100.00;-0,2;2,071.00;105,066,730.00
2022-09-06;GRUBOLIVAR;50,990.00;51,000.00;50,650.97;49,010.00;90.00;0,18;6,882.00;348,580,000.00
2022-09-07;GRUBOLIVAR;50,970.00;50,970.00;50,297.03;50,010.00;-20.00;-0,04;2,810.00;141,334,660.00
2022-09-08;GRUBOLIVAR;50,970.00;;50,423.09;;;;346.00;17,446,390.00
2022-09-09;GRUBOLIVAR;50,940.00;50,960.00;50,765.86;49,860.00;-30.00;-0,06;1,783.00;90,515,520.00
2022-09-12;GRUBOLIVAR;50,960.00;51,500.00;50,639.27;50,010.00;20.00;0,04;4,870.00;246,613,250.00
2022-09-13;GRUBOLIVAR;50,000.00;50,990.00;49,906.04;49,110.00;-960.00;-1,88;9,446.00;471,412,440.00
2022-09-14;GRUBOLIVAR;49,860.00;50,650.00;49,237.42;48,000.00;-140.00;-0,28;5,146.00;253,375,780.00
2022-09-15;GRUBOLIVAR;49,740.00;49,780.00;49,200.50;49,200.00;-120.00;-0,24;2,229.00;109,667,910.00
2022-09-16;GRUBOLIVAR;46,750.00;49,600.00;46,916.05;46,750.00;-2,990.00;-6,01;23,283.00;1,092,346,310.00
2022-09-19;GRUBOLIVAR;47,890.00;48,000.00;46,924.22;46,900.00;1,140.00;2,44;48,965.00;2,297,644,530.00
2022-09-20;GRUBOLIVAR;48,000.00;48,000.00;48,409.89;48,000.00;110.00;0,23;700.00;33,886,920.00
2022-09-21;GRUBOLIVAR;48,000.00;48,000.00;48,124.01;48,000.00;0.00;;569.00;27,382,560.00
2022-09-22;GRUBOLIVAR;48,890.00;48,890.00;48,608.24;48,670.00;890.00;1,85;1,582.00;76,898,240.00
2022-09-23;GRUBOLIVAR;48,140.00;48,140.00;47,350.98;46,500.00;-750.00;-1,53;833.00;39,443,370.00
2022-09-26;GRUBOLIVAR;46,050.00;46,050.00;46,914.82;46,050.00;-2,090.00;-4,34;523.00;24,536,450.00
2022-09-27;GRUBOLIVAR;48,200.00;48,200.00;47,052.30;48,200.00;2,150.00;4,67;539.00;25,361,190.00
2022-09-28;GRUBOLIVAR;48,470.00;48,470.00;47,193.32;46,360.00;270.00;0,56;2,054.00;96,935,080.00
2022-09-29;GRUBOLIVAR;48,260.00;48,260.00;47,923.06;48,000.00;-210.00;-0,43;2,347.00;112,475,430.00
2022-09-30;GRUBOLIVAR;48,970.00;48,970.00;48,370.16;48,000.00;710.00;1,47;1,023.00;49,482,670.00
2022-10-03;GRUBOLIVAR;49,990.00;49,990.00;49,040.37;48,590.00;1,020.00;2,08;34,368.00;1,685,419,410.00
2022-10-04;GRUBOLIVAR;51,490.00;51,670.00;50,478.60;49,990.00;1,500.00;3;8,401.00;424,070,700.00
2022-10-05;GRUBOLIVAR;52,870.00;52,870.00;51,395.58;51,000.00;1,380.00;2,68;2,492.00;128,077,780.00
2022-10-06;GRUBOLIVAR;53,290.00;53,290.00;50,519.33;50,000.00;420.00;0,79;6,387.00;322,666,960.00
2022-10-07;GRUBOLIVAR;53,290.00;;51,978.62;;;;429.00;22,298,830.00
2022-10-10;GRUBOLIVAR;53,290.00;;51,048.13;;;;241.00;12,302,600.00
2022-10-11;GRUBOLIVAR;53,290.00;;51,585.47;;;;106.00;5,468,060.00
2022-10-12;GRUBOLIVAR;53,290.00;;52,360.52;;;;173.00;9,058,370.00
2022-10-13;GRUBOLIVAR;53,290.00;;50,635.97;;;;787.00;39,850,510.00
2022-10-14;GRUBOLIVAR;50,010.00;51,000.00;50,701.74;50,010.00;-3,280.00;-6,16;3,230.00;163,766,620.00
2022-10-18;GRUBOLIVAR;50,950.00;50,990.00;50,057.40;50,000.00;940.00;1,88;6,783.00;339,539,330.00
2022-10-19;GRUBOLIVAR;54,700.00;54,700.00;52,003.01;50,940.00;3,750.00;7,36;6,312.00;328,242,990.00
2022-10-20;GRUBOLIVAR;57,200.00;57,940.00;55,144.52;54,700.00;2,500.00;4,57;9,269.00;511,134,540.00
2022-10-21;GRUBOLIVAR;56,000.00;56,000.00;55,126.41;54,000.00;-1,200.00;-2,1;2,345.00;129,271,430.00
2022-10-24;GRUBOLIVAR;55,000.00;57,000.00;55,397.43;55,000.00;-1,000.00;-1,79;3,851.00;213,335,490.00
2022-10-25;GRUBOLIVAR;56,700.00;56,700.00;55,038.67;53,500.00;1,700.00;3,09;9,523.00;524,133,280.00
2022-10-26;GRUBOLIVAR;56,500.00;56,500.00;55,056.08;55,000.00;-200.00;-0,35;4,945.00;272,252,340.00
2022-10-27;GRUBOLIVAR;56,000.00;56,000.00;55,194.71;55,000.00;-500.00;-0,88;1,296.00;71,532,350.00
2022-10-28;GRUBOLIVAR;56,200.00;56,200.00;55,291.23;55,000.00;200.00;0,36;1,471.00;81,333,400.00
2022-10-31;GRUBOLIVAR;56,200.00;;54,893.25;;;;160.00;8,782,920.00
2022-11-01;GRUBOLIVAR;57,960.00;57,960.00;56,055.73;56,000.00;1,760.00;3,13;14,405.00;807,482,760.00
2022-11-02;GRUBOLIVAR;57,960.00;;57,876.02;;;;397.00;22,976,780.00
2022-11-03;GRUBOLIVAR;57,960.00;57,960.00;57,828.70;57,960.00;0.00;;508.00;29,376,980.00
2022-11-04;GRUBOLIVAR;57,790.00;57,790.00;57,252.94;56,500.00;-170.00;-0,29;1,047.00;59,943,830.00
2022-11-08;GRUBOLIVAR;60,000.00;60,000.00;58,354.53;58,000.00;2,210.00;3,82;1,807.00;105,446,640.00
2022-11-09;GRUBOLIVAR;59,940.00;59,970.00;58,023.05;56,010.00;-60.00;-0,1;10,600.00;615,044,380.00
2022-11-10;GRUBOLIVAR;60,000.00;60,000.00;59,711.87;58,000.00;60.00;0,1;4,203.00;250,968,980.00
2022-11-11;GRUBOLIVAR;61,140.00;61,200.00;60,028.16;59,980.00;1,140.00;1,9;43,150.00;2,590,215,160.00
2022-11-15;GRUBOLIVAR;63,980.00;63,990.00;62,225.21;61,170.00;2,840.00;4,65;2,525.00;157,118,650.00
2022-11-16;GRUBOLIVAR;63,980.00;63,980.00;62,905.07;63,980.00;0.00;;661.00;41,580,250.00
2022-11-17;GRUBOLIVAR;61,500.00;61,500.00;60,756.70;60,000.00;-2,480.00;-3,88;2,995.00;181,966,320.00
2022-11-18;GRUBOLIVAR;61,390.00;61,500.00;60,692.01;60,000.00;-110.00;-0,18;1,142.00;69,310,270.00
2022-11-21;GRUBOLIVAR;61,390.00;;60,945.71;;;;198.00;12,067,250.00
2022-11-22;GRUBOLIVAR;62,000.00;62,000.00;61,791.12;61,390.00;610.00;0,99;5,977.00;369,325,540.00
2022-11-23;GRUBOLIVAR;61,480.00;62,000.00;61,979.36;61,480.00;-520.00;-0,84;2,407.00;149,184,320.00
2022-11-24;GRUBOLIVAR;61,990.00;61,990.00;61,010.58;61,000.00;510.00;0,83;26,434.00;1,612,753,730.00
2022-11-25;GRUBOLIVAR;61,000.00;61,010.00;61,001.61;61,000.00;-990.00;-1,6;51,845.00;3,162,628,580.00
2022-11-28;GRUBOLIVAR;61,000.00;61,000.00;60,921.38;60,110.00;0.00;0;5,667.00;345,241,440.00
2022-11-29;GRUBOLIVAR;60,980.00;60,980.00;60,305.45;60,110.00;-20.00;-0,03;734.00;44,264,200.00
2022-11-30;GRUBOLIVAR;62,200.00;62,200.00;61,971.28;60,100.00;1,220.00;2;30,196.00;1,871,284,920.00
2022-12-01;GRUBOLIVAR;62,200.00;62,300.00;62,218.56;62,200.00;0.00;0;9,382.00;583,734,530.00
2022-12-02;GRUBOLIVAR;61,000.00;61,110.00;61,000.58;61,000.00;-1,200.00;-1,93;31,573.00;1,925,971,200.00
2022-12-05;GRUBOLIVAR;60,550.00;60,550.00;60,660.75;60,550.00;-450.00;-0,74;372.00;22,565,800.00
2022-12-06;GRUBOLIVAR;60,550.00;60,550.00;60,550.64;60,550.00;0.00;;1,101.00;66,666,250.00
2022-12-07;GRUBOLIVAR;62,100.00;62,100.00;61,446.61;62,100.00;1,550.00;2,56;381.00;23,411,160.00
2022-12-09;GRUBOLIVAR;61,200.00;61,200.00;61,095.59;61,200.00;-900.00;-1,45;438.00;26,759,870.00
2022-12-12;GRUBOLIVAR;61,200.00;;61,025.74;;;;101.00;6,163,600.00
2022-12-13;GRUBOLIVAR;61,200.00;;61,105.38;;;;104.00;6,354,960.00
2022-12-14;GRUBOLIVAR;61,200.00;;60,925.56;;;;99.00;6,031,630.00
2022-12-15;GRUBOLIVAR;60,800.00;60,800.00;60,765.35;60,800.00;-400.00;-0,65;579.00;35,183,140.00
2022-12-16;GRUBOLIVAR;59,100.00;60,800.00;60,403.27;59,100.00;-1,700.00;-2,8;4,541.00;274,291,270.00
2022-12-19;GRUBOLIVAR;61,000.00;61,000.00;60,513.34;61,000.00;1,900.00;3,21;443.00;26,807,410.00
2022-12-20;GRUBOLIVAR;61,000.00;;59,247.41;;;;278.00;16,470,780.00
2022-12-21;GRUBOLIVAR;61,000.00;61,000.00;60,999.61;61,000.00;0.00;;29,587.00;1,804,795,360.00
2022-12-22;GRUBOLIVAR;61,000.00;61,010.00;61,018.76;61,000.00;0.00;0;16,335.00;996,741,460.00
2022-12-23;GRUBOLIVAR;61,200.00;61,200.00;61,089.79;61,000.00;200.00;0,33;10,106.00;617,373,420.00
2022-12-26;GRUBOLIVAR;61,100.00;61,200.00;61,038.87;61,000.00;-100.00;-0,16;9,433.00;575,779,700.00
2022-12-27;GRUBOLIVAR;61,000.00;61,600.00;61,094.82;61,000.00;-100.00;-0,16;66,344.00;4,053,274,950.00
2022-12-28;GRUBOLIVAR;61,000.00;;62,227.02;;;;94.00;5,849,340.00
2022-12-29;GRUBOLIVAR;61,000.00;61,000.00;60,307.39;61,000.00;0.00;;257.00;15,499,000.00
2022-01-03;GRUBOLIVAR;76,750.00;0.00;75,527.27;0.00;0.00;0;44.00;3,323,200.00
2022-01-04;GRUBOLIVAR;76,750.00;76,750.00;76,760.15;76,750.00;0.00;0;204.00;15,659,070.00
2022-01-05;GRUBOLIVAR;76,800.00;76,800.00;76,802.94;76,800.00;50.00;0,07;187.00;14,362,150.00
2022-01-06;GRUBOLIVAR;76,800.00;0.00;76,908.57;0.00;0.00;0;7.00;538,360.00
2022-01-07;GRUBOLIVAR;76,800.00;0.00;73,206.25;0.00;0.00;0;16.00;1,171,300.00
2022-01-11;GRUBOLIVAR;76,990.00;76,990.00;76,836.81;76,900.00;190.00;0,25;499.00;38,341,570.00
2022-01-12;GRUBOLIVAR;77,000.00;77,000.00;76,995.65;77,000.00;10.00;0,01;515.00;39,652,760.00
2022-01-13;GRUBOLIVAR;77,990.00;77,990.00;76,906.46;76,000.00;990.00;1,29;34,545.00;2,656,733,730.00
2022-01-14;GRUBOLIVAR;78,000.00;78,000.00;77,643.92;76,120.00;10.00;0,01;4,331.00;336,275,820.00
2022-01-17;GRUBOLIVAR;80,000.00;80,000.00;79,973.36;79,850.00;2,000.00;2,56;6,477.00;517,987,470.00
2022-01-18;GRUBOLIVAR;81,000.00;82,000.00;80,786.88;80,000.00;1,000.00;1,25;27,626.00;2,231,818,390.00
2022-01-19;GRUBOLIVAR;81,500.00;81,500.00;81,141.74;81,000.00;500.00;0,62;4,332.00;351,506,010.00
2022-01-20;GRUBOLIVAR;81,980.00;81,980.00;81,573.81;81,500.00;480.00;0,59;2,281.00;186,069,860.00
2022-01-21;GRUBOLIVAR;82,800.00;82,800.00;82,349.28;81,980.00;820.00;1;45,335.00;3,733,304,480.00
2022-01-24;GRUBOLIVAR;82,600.00;82,600.00;82,560.88;82,500.00;-200.00;-0,24;1,043.00;86,111,000.00
2022-01-25;GRUBOLIVAR;87,800.00;87,800.00;83,866.69;82,550.00;5,200.00;6,3;1,806.00;151,463,240.00
2022-01-26;GRUBOLIVAR;87,100.00;87,100.00;86,772.26;86,500.00;-700.00;-0,8;4,283.00;371,645,600.00
2022-01-27;GRUBOLIVAR;87,100.00;0.00;87,948.18;0.00;0.00;0;220.00;19,348,600.00
2022-01-28;GRUBOLIVAR;87,100.00;87,100.00;87,142.68;87,000.00;0.00;0;1,015.00;88,449,820.00
2022-01-31;GRUBOLIVAR;88,890.00;88,890.00;85,313.83;85,010.00;1,790.00;2,06;4,185.00;357,038,390.00
2022-02-01;GRUBOLIVAR;89,000.00;89,000.00;88,904.78;88,890.00;110.00;0,12;1,912.00;169,985,930.00
2022-02-02;GRUBOLIVAR;89,200.00;89,000.00;89,096.17;89,000.00;200.00;0,22;1,739.00;154,938,240.00
2022-02-03;GRUBOLIVAR;89,200.00;89,200.00;88,796.29;88,000.00;0.00;0;1,396.00;123,959,620.00
2022-02-04;GRUBOLIVAR;90,000.00;90,000.00;89,622.73;89,000.00;800.00;0,9;3,354.00;300,594,650.00
2022-02-07;GRUBOLIVAR;90,230.00;90,290.00;90,136.78;89,010.00;230.00;0,26;1,790.00;161,344,830.00
2022-02-08;GRUBOLIVAR;92,000.00;92,000.00;91,591.30;90,400.00;1,770.00;1,96;4,748.00;434,875,480.00
2022-02-09;GRUBOLIVAR;89,940.00;91,800.00;89,542.63;89,500.00;-2,060.00;-2,24;2,031.00;181,861,090.00
2022-02-10;GRUBOLIVAR;89,800.00;89,900.00;86,134.93;84,500.00;-140.00;-0,16;4,638.00;399,493,800.00
2022-02-11;GRUBOLIVAR;84,600.00;84,600.00;84,536.42;84,000.00;-5,200.00;-5,79;1,578.00;133,398,470.00
2022-02-14;GRUBOLIVAR;82,130.00;82,130.00;83,388.89;82,130.00;-2,470.00;-2,92;407.00;33,939,280.00
2022-02-15;GRUBOLIVAR;82,130.00;0.00;87,383.75;0.00;0.00;0;24.00;2,097,210.00
2022-02-16;GRUBOLIVAR;79,700.00;81,300.00;80,969.07;79,700.00;-2,430.00;-2,96;3,128.00;253,271,240.00
2022-02-17;GRUBOLIVAR;78,720.00;81,970.00;79,758.62;78,720.00;-980.00;-1,23;1,528.00;121,871,170.00
2022-02-18;GRUBOLIVAR;79,300.00;79,300.00;79,125.20;78,720.00;580.00;0,74;1,640.00;129,765,320.00
2022-02-21;GRUBOLIVAR;80,210.00;80,210.00;80,073.50;80,000.00;910.00;1,15;1,989.00;159,266,200.00
2022-02-22;GRUBOLIVAR;80,210.00;80,230.00;80,265.91;80,210.00;0.00;0;982.00;78,821,120.00
2022-02-23;GRUBOLIVAR;80,000.00;80,210.00;80,055.91;80,000.00;-210.00;-0,26;1,699.00;136,014,990.00
2022-02-24;GRUBOLIVAR;80,000.00;80,000.00;80,002.58;80,000.00;0.00;0;2,617.00;209,366,760.00
2022-02-25;GRUBOLIVAR;80,000.00;80,000.00;80,000.45;80,000.00;0.00;0;1,608.00;128,640,720.00
2022-02-28;GRUBOLIVAR;80,010.00;80,010.00;80,108.85;80,000.00;10.00;0,01;575.00;46,062,590.00
2022-03-01;GRUBOLIVAR;80,000.00;80,010.00;80,030.89;80,000.00;-10.00;-0,01;3,759.00;300,836,130.00
2022-03-02;GRUBOLIVAR;80,010.00;80,010.00;80,013.57;80,000.00;10.00;0,01;1,854.00;148,345,150.00
2022-03-03;GRUBOLIVAR;80,000.00;80,010.00;80,002.10;80,000.00;-10.00;-0,01;8,060.00;644,816,910.00
2022-03-04;GRUBOLIVAR;79,990.00;79,990.00;79,177.64;79,000.00;-10.00;-0,01;1,328.00;105,147,900.00
2022-03-07;GRUBOLIVAR;79,000.00;79,000.00;78,719.67;78,200.00;-990.00;-1,24;1,909.00;150,275,850.00
2022-03-08;GRUBOLIVAR;75,100.00;78,000.00;76,161.85;75,100.00;-3,900.00;-4,94;8,364.00;637,017,680.00
2022-03-09;GRUBOLIVAR;75,100.00;75,100.00;75,345.36;75,100.00;0.00;0;1,475.00;111,134,400.00
2022-03-10;GRUBOLIVAR;106,000.00;111,000.00;96,372.53;79,900.00;30,900.00;41,15;136,383.00;13,143,574,290.00
2022-03-11;GRUBOLIVAR;100,500.00;108,000.00;101,561.22;96,000.00;-5,500.00;-5,19;36,176.00;3,674,078,550.00
2022-03-14;GRUBOLIVAR;101,800.00;101,800.00;99,905.20;95,500.00;1,300.00;1,29;16,202.00;1,618,664,000.00
2022-03-15;GRUBOLIVAR;106,000.00;106,000.00;103,438.36;98,430.00;4,200.00;4,13;7,699.00;796,371,950.00
2022-03-16;GRUBOLIVAR;103,900.00;104,900.00;102,297.96;101,000.00;-2,100.00;-1,98;9,184.00;939,504,510.00
2022-03-17;GRUBOLIVAR;103,900.00;104,500.00;104,077.95;103,000.00;0.00;0;6,158.00;640,912,030.00
2022-03-18;GRUBOLIVAR;101,900.00;102,800.00;100,045.94;99,110.00;-2,000.00;-1,92;5,985.00;598,774,980.00
2022-03-22;GRUBOLIVAR;98,000.00;98,000.00;96,913.93;96,000.00;-3,900.00;-3,83;3,702.00;358,775,370.00
2022-03-23;GRUBOLIVAR;96,000.00;96,000.00;95,928.73;95,000.00;-2,000.00;-2,04;7,584.00;727,523,480.00
2022-03-24;GRUBOLIVAR;96,000.00;96,000.00;95,996.27;95,990.00;0.00;0;17,242.00;1,655,167,690.00
2022-03-25;GRUBOLIVAR;87,000.00;96,000.00;91,627.59;86,580.00;-9,000.00;-9,37;7,003.00;641,668,040.00
2022-03-28;GRUBOLIVAR;85,000.00;88,100.00;86,797.31;84,000.00;-2,000.00;-2,3;2,761.00;239,647,360.00
2022-03-29;GRUBOLIVAR;85,000.00;86,990.00;85,204.91;85,000.00;0.00;0;1,459.00;124,313,960.00
2022-03-30;GRUBOLIVAR;84,000.00;86,430.00;84,985.12;84,000.00;-1,000.00;-1,18;19,922.00;1,693,073,500.00
2022-03-31;GRUBOLIVAR;85,000.00;85,000.00;84,804.83;84,000.00;1,000.00;1,19;2,549.00;216,167,500.00
2022-04-01;GRUBOLIVAR;86,500.00;87,000.00;86,250.01;85,000.00;1,500.00;1,76;7,638.00;658,777,600.00
2022-04-04;GRUBOLIVAR;89,500.00;89,500.00;89,246.54;88,380.00;3,000.00;3,47;20,262.00;1,808,313,420.00
2022-04-05;GRUBOLIVAR;89,860.00;89,990.00;89,550.65;89,400.00;360.00;0,4;39,763.00;3,560,802,630.00
2022-04-06;GRUBOLIVAR;90,600.00;91,900.00;89,938.67;89,310.00;740.00;0,82;38,528.00;3,465,157,120.00
2022-04-07;GRUBOLIVAR;91,000.00;91,500.00;90,574.08;90,480.00;400.00;0,44;9,010.00;816,072,480.00
2022-04-08;GRUBOLIVAR;94,000.00;94,000.00;92,721.82;90,000.00;3,000.00;3,3;104,395.00;9,679,694,290.00
2022-04-11;GRUBOLIVAR;93,000.00;93,000.00;92,963.15;92,680.00;-1,000.00;-1,06;35,077.00;3,260,868,320.00
2022-04-12;GRUBOLIVAR;92,000.00;93,400.00;92,759.99;92,000.00;-1,000.00;-1,08;3,399.00;315,291,200.00
2022-04-13;GRUBOLIVAR;93,000.00;93,000.00;92,952.36;92,000.00;1,000.00;1,09;21,637.00;2,011,210,210.00
2022-04-18;GRUBOLIVAR;93,000.00;93,000.00;92,958.19;92,500.00;0.00;0;13,067.00;1,214,684,610.00
2022-04-19;GRUBOLIVAR;92,030.00;93,000.00;92,985.41;92,030.00;-970.00;-1,04;26,633.00;2,476,480,470.00
2022-04-20;GRUBOLIVAR;93,270.00;93,270.00;93,066.31;92,330.00;1,240.00;1,35;9,566.00;890,272,300.00
2022-04-21;GRUBOLIVAR;93,220.00;93,220.00;93,177.62;92,500.00;-50.00;-0,05;9,403.00;876,149,150.00
2022-04-22;GRUBOLIVAR;93,000.00;93,010.00;93,001.21;93,000.00;-220.00;-0,24;11,910.00;1,107,644,360.00
2022-04-25;GRUBOLIVAR;94,990.00;95,000.00;94,886.86;94,450.00;1,990.00;2,14;3,350.00;317,870,980.00
2022-04-26;GRUBOLIVAR;95,000.00;95,090.00;94,986.15;93,500.00;10.00;0,01;87,108.00;8,274,053,640.00
2022-04-27;GRUBOLIVAR;92,900.00;93,100.00;93,041.24;92,900.00;-2,100.00;-2,21;17,982.00;1,673,067,540.00
2022-04-28;GRUBOLIVAR;93,000.00;93,000.00;92,459.50;90,380.00;100.00;0,11;4,269.00;394,709,590.00
2022-04-29;GRUBOLIVAR;93,000.00;;92,569.63;;;;246.00;22,772,130.00
2022-05-02;GRUBOLIVAR;92,000.00;92,000.00;91,984.42;92,000.00;-1,000.00;-1,08;172.00;15,821,320.00
2022-05-03;GRUBOLIVAR;91,000.00;92,000.00;90,938.49;90,660.00;-1,000.00;-1,09;2,717.00;247,079,870.00
2022-05-04;GRUBOLIVAR;90,000.00;90,000.00;90,029.23;90,000.00;-1,000.00;-1,1;958.00;86,248,000.00
2022-05-05;GRUBOLIVAR;90,010.00;90,010.00;90,030.21;90,010.00;10.00;0,01;605.00;54,468,280.00
2022-05-06;GRUBOLIVAR;90,000.00;90,010.00;90,033.25;90,000.00;-10.00;-0,01;975.00;87,782,420.00
2022-05-09;GRUBOLIVAR;85,000.00;89,810.00;87,206.93;85,000.00;-5,000.00;-5,56;7,132.00;621,959,840.00
2022-05-10;GRUBOLIVAR;88,900.00;88,900.00;85,055.03;83,000.00;3,900.00;4,59;4,787.00;407,158,430.00
2022-05-11;GRUBOLIVAR;88,900.00;;86,634.58;;;;24.00;2,079,230.00
2022-05-12;GRUBOLIVAR;88,900.00;;88,883.09;;;;68.00;6,044,050.00
2022-05-13;GRUBOLIVAR;88,900.00;;81,100.00;;;;1.00;81,100.00
2022-05-16;GRUBOLIVAR;88,800.00;88,800.00;85,047.80;84,900.00;-100.00;-0,11;2,507.00;213,214,840.00
2022-05-17;GRUBOLIVAR;86,000.00;87,500.00;86,597.08;86,000.00;-2,800.00;-3,15;524.00;45,376,870.00
2022-05-18;GRUBOLIVAR;82,990.00;85,000.00;84,245.50;82,010.00;-3,010.00;-3,5;8,359.00;704,208,160.00
2022-05-19;GRUBOLIVAR;82,600.00;82,600.00;82,551.24;82,600.00;-390.00;-0,47;4,101.00;338,542,620.00
2022-05-20;GRUBOLIVAR;81,000.00;83,500.00;81,992.86;81,000.00;-1,600.00;-1,94;5,866.00;480,970,120.00
2022-05-23;GRUBOLIVAR;83,000.00;83,000.00;81,104.81;78,900.00;2,000.00;2,47;5,798.00;470,245,670.00
2022-05-24;GRUBOLIVAR;83,780.00;83,780.00;82,422.13;79,020.00;780.00;0,94;572.00;47,145,460.00
2022-05-25;GRUBOLIVAR;82,480.00;83,000.00;81,067.14;79,600.00;-1,300.00;-1,55;1,358.00;110,089,170.00
2022-05-26;GRUBOLIVAR;82,470.00;82,480.00;81,127.11;80,000.00;-10.00;-0,01;2,039.00;165,418,180.00
2022-05-27;GRUBOLIVAR;82,300.00;82,300.00;80,396.71;79,600.00;-170.00;-0,21;496.00;39,876,770.00
2022-05-31;GRUBOLIVAR;88,060.00;88,060.00;85,700.58;82,300.00;5,760.00;7;11,944.00;1,023,607,680.00
2022-06-01;GRUBOLIVAR;85,000.00;87,200.00;84,786.78;84,000.00;-3,060.00;-3,47;1,581.00;134,047,900.00
2022-06-02;GRUBOLIVAR;85,990.00;86,500.00;85,482.93;85,000.00;990.00;1,16;1,990.00;170,111,040.00
2022-06-03;GRUBOLIVAR;85,890.00;85,890.00;84,107.88;80,160.00;-100.00;-0,12;5,614.00;472,181,640.00
2022-06-06;GRUBOLIVAR;83,000.00;83,020.00;82,492.65;82,000.00;-2,890.00;-3,36;2,840.00;234,279,130.00
2022-06-07;GRUBOLIVAR;83,000.00;83,000.00;80,790.44;80,220.00;0.00;0;2,800.00;226,213,240.00
2022-06-08;GRUBOLIVAR;83,000.00;83,000.00;82,981.97;83,000.00;0.00;;2,542.00;210,940,170.00
2022-06-09;GRUBOLIVAR;80,220.00;80,230.00;80,248.24;80,220.00;-2,780.00;-3,35;2,086.00;167,397,820.00
2022-06-10;GRUBOLIVAR;83,980.00;83,980.00;80,949.18;80,300.00;3,760.00;4,69;926.00;74,958,940.00
2022-06-13;GRUBOLIVAR;76,020.00;80,320.00;78,261.87;76,020.00;-7,960.00;-9,48;4,632.00;362,508,980.00
2022-06-14;GRUBOLIVAR;80,500.00;80,500.00;78,540.30;77,020.00;4,480.00;5,89;2,145.00;168,468,950.00
2022-06-15;GRUBOLIVAR;77,000.00;80,480.00;77,431.28;77,000.00;-3,500.00;-4,35;2,146.00;166,167,530.00
2022-06-16;GRUBOLIVAR;77,500.00;79,990.00;77,984.95;77,500.00;500.00;0,65;1,062.00;82,820,020.00
2022-06-17;GRUBOLIVAR;78,490.00;78,590.00;77,724.37;77,000.00;990.00;1,28;1,040.00;80,833,340.00
2022-06-21;GRUBOLIVAR;76,010.00;76,010.00;75,099.06;74,800.00;-2,480.00;-3,16;4,530.00;340,198,720.00
2022-06-22;GRUBOLIVAR;77,000.00;79,880.00;75,496.40;75,000.00;990.00;1,3;4,825.00;364,270,110.00
2022-06-23;GRUBOLIVAR;75,000.00;75,000.00;73,830.56;72,010.00;-2,000.00;-2,6;2,360.00;174,240,110.00
2022-06-24;GRUBOLIVAR;73,020.00;75,000.00;73,591.35;73,010.00;-1,980.00;-2,64;2,570.00;189,129,780.00
2022-06-28;GRUBOLIVAR;70,610.00;73,000.00;71,033.93;70,000.00;-2,410.00;-3,3;5,541.00;393,598,980.00
2022-06-29;GRUBOLIVAR;68,500.00;70,610.00;68,788.90;68,000.00;-2,110.00;-2,99;14,377.00;988,978,030.00
2022-06-30;GRUBOLIVAR;69,980.00;69,980.00;68,791.50;68,100.00;1,480.00;2,16;24,976.00;1,718,136,530.00
2021-07-01;GRUBOLIVAR;70,000.00;70,000.00;69,962.91;69,520.00;0.00;0;1,955.00;136,777,480.00
2021-07-02;GRUBOLIVAR;70,000.00;70,000.00;69,930.43;69,600.00;0.00;0;828.00;57,902,400.00
2021-07-06;GRUBOLIVAR;70,000.00;70,000.00;69,998.36;69,990.00;0.00;0;2,604.00;182,275,730.00
2021-07-07;GRUBOLIVAR;70,000.00;70,000.00;69,984.05;69,900.00;0.00;0;815.00;57,037,000.00
2021-07-08;GRUBOLIVAR;69,500.00;69,990.00;69,543.96;69,500.00;-500.00;-0,71;2,323.00;161,550,620.00
2021-07-09;GRUBOLIVAR;70,000.00;70,000.00;69,516.86;69,000.00;500.00;0,72;3,589.00;249,496,000.00
2021-07-12;GRUBOLIVAR;70,000.00;0.00;70,000.00;0.00;0.00;0;1.00;70,000.00
2021-07-13;GRUBOLIVAR;70,000.00;0.00;0.00;0.00;0.00;0;0.00;0.00
2021-07-14;GRUBOLIVAR;70,000.00;70,000.00;70,000.00;70,000.00;0.00;0;3,978.00;278,460,000.00
2021-07-15;GRUBOLIVAR;70,000.00;70,000.00;70,000.00;70,000.00;0.00;0;3,000.00;210,000,000.00
2021-07-16;GRUBOLIVAR;70,000.00;0.00;70,000.00;0.00;0.00;0;13.00;910,000.00
2021-07-19;GRUBOLIVAR;69,500.00;69,500.00;69,458.66;69,500.00;-500.00;-0,71;895.00;62,165,500.00
2021-07-21;GRUBOLIVAR;69,500.00;69,500.00;69,496.40;69,500.00;0.00;0;559.00;38,848,490.00
2021-07-22;GRUBOLIVAR;69,500.00;69,500.00;69,501.12;69,500.00;0.00;0;412.00;28,634,460.00
2021-07-23;GRUBOLIVAR;69,500.00;0.00;0.00;0.00;0.00;0;0.00;0.00
2021-07-26;GRUBOLIVAR;69,500.00;69,500.00;69,488.03;69,500.00;0.00;0;2,213.00;153,777,000.00
2021-07-27;GRUBOLIVAR;69,990.00;69,990.00;69,990.00;69,990.00;490.00;0,71;391.00;27,366,090.00
2021-07-28;GRUBOLIVAR;65,050.00;69,500.00;69,287.87;65,050.00;-4,940.00;-7,06;5,460.00;378,311,750.00
2021-07-29;GRUBOLIVAR;65,050.00;0.00;69,123.53;0.00;0.00;0;51.00;3,525,300.00
2021-07-30;GRUBOLIVAR;68,000.00;68,000.00;68,008.00;68,000.00;2,950.00;4,53;495.00;33,663,960.00
2021-08-02;GRUBOLIVAR;68,000.00;0.00;0.00;0.00;0.00;0;0.00;0.00
2021-08-03;GRUBOLIVAR;68,000.00;68,000.00;68,000.00;68,000.00;0.00;0;6,020.00;409,360,000.00
2021-08-04;GRUBOLIVAR;66,520.00;68,000.00;67,770.62;66,520.00;-1,480.00;-2,18;6,891.00;467,007,360.00
2021-08-05;GRUBOLIVAR;66,520.00;66,520.00;66,558.86;66,520.00;0.00;0;876.00;58,305,560.00
2021-08-06;GRUBOLIVAR;66,520.00;0.00;0.00;0.00;0.00;0;0.00;0.00
2021-08-09;GRUBOLIVAR;66,520.00;0.00;0.00;0.00;0.00;0;0.00;0.00
2021-08-10;GRUBOLIVAR;66,520.00;0.00;68,000.00;0.00;0.00;0;3.00;204,000.00
2021-08-11;GRUBOLIVAR;68,000.00;68,000.00;68,000.00;68,000.00;1,480.00;2,22;339.00;23,052,000.00
2021-08-12;GRUBOLIVAR;66,200.00;68,000.00;67,864.94;66,200.00;-1,800.00;-2,65;1,466.00;99,490,000.00
2021-08-13;GRUBOLIVAR;70,000.00;70,000.00;69,641.25;69,000.00;3,800.00;5,74;1,292.00;89,976,500.00
2021-08-17;GRUBOLIVAR;70,000.00;70,000.00;69,999.13;69,990.00;0.00;0;2,304.00;161,278,000.00
2021-08-18;GRUBOLIVAR;70,000.00;70,000.00;69,956.45;69,000.00;0.00;0;5,630.00;393,854,800.00
2021-08-19;GRUBOLIVAR;70,000.00;70,000.00;69,937.89;70,000.00;0.00;0;2,898.00;202,680,000.00
2021-08-20;GRUBOLIVAR;70,000.00;70,000.00;70,000.00;70,000.00;0.00;0;468.00;32,760,000.00
2021-08-23;GRUBOLIVAR;70,000.00;70,000.00;69,999.23;70,000.00;0.00;0;1,279.00;89,529,010.00
2021-08-24;GRUBOLIVAR;70,000.00;70,000.00;70,000.00;70,000.00;0.00;0;1,184.00;82,880,000.00
2021-08-25;GRUBOLIVAR;70,000.00;70,000.00;69,999.71;70,000.00;0.00;0;690.00;48,299,800.00
2021-08-26;GRUBOLIVAR;69,030.00;69,030.00;69,361.92;69,030.00;-970.00;-1,39;678.00;47,027,380.00
2021-08-27;GRUBOLIVAR;69,000.00;69,030.00;69,006.28;68,990.00;-30.00;-0,04;1,337.00;92,261,400.00
2021-08-30;GRUBOLIVAR;67,500.00;67,500.00;67,721.29;67,500.00;-1,500.00;-2,17;704.00;47,675,790.00
2021-08-31;GRUBOLIVAR;67,100.00;68,100.00;67,420.10;67,100.00;-400.00;-0,59;1,617.00;109,018,300.00
2021-09-01;GRUBOLIVAR;69,980.00;69,980.00;68,622.20;67,200.00;2,880.00;4,29;1,330.00;91,267,530.00
2021-09-02;GRUBOLIVAR;70,500.00;70,500.00;70,229.34;68,010.00;520.00;0,74;8,802.00;618,158,620.00
2021-09-03;GRUBOLIVAR;70,500.00;70,500.00;70,495.35;70,500.00;0.00;0;536.00;37,785,510.00
2021-09-06;GRUBOLIVAR;70,400.00;70,400.00;70,386.96;70,400.00;-100.00;-0,14;138.00;9,713,400.00
2021-09-07;GRUBOLIVAR;70,400.00;0.00;70,000.00;0.00;0.00;0;17.00;1,190,000.00
2021-09-08;GRUBOLIVAR;68,200.00;68,230.00;68,213.17;68,040.00;-2,200.00;-3,13;3,490.00;238,063,960.00
2021-09-09;GRUBOLIVAR;68,200.00;0.00;0.00;0.00;0.00;0;0.00;0.00
2021-09-10;GRUBOLIVAR;68,200.00;0.00;68,303.02;0.00;0.00;0;182.00;12,431,150.00
2021-09-13;GRUBOLIVAR;65,000.00;68,200.00;65,857.56;65,000.00;-3,200.00;-4,69;2,614.00;172,151,670.00
2021-09-14;GRUBOLIVAR;65,500.00;65,500.00;65,559.06;65,500.00;500.00;0,77;832.00;54,545,140.00
2021-09-15;GRUBOLIVAR;66,880.00;67,000.00;66,331.03;66,000.00;1,380.00;2,11;1,743.00;115,614,980.00
2021-09-16;GRUBOLIVAR;67,000.00;67,000.00;66,983.99;67,000.00;120.00;0,18;1,062.00;71,137,000.00
2021-09-17;GRUBOLIVAR;66,800.00;66,800.00;66,800.00;66,800.00;-200.00;-0,3;755.00;50,434,000.00
2021-09-20;GRUBOLIVAR;69,400.00;69,400.00;69,051.61;69,400.00;2,600.00;3,89;186.00;12,843,600.00
2021-09-21;GRUBOLIVAR;68,600.00;68,600.00;68,502.74;68,500.00;-800.00;-1,15;5,105.00;349,706,500.00
2021-09-22;GRUBOLIVAR;68,700.00;68,700.00;68,614.75;68,600.00;100.00;0,15;949.00;65,115,400.00
2021-09-23;GRUBOLIVAR;68,800.00;68,800.00;68,718.52;68,700.00;100.00;0,15;702.00;48,240,400.00
2021-09-24;GRUBOLIVAR;68,000.00;68,000.00;68,000.00;68,000.00;-800.00;-1,16;5,000.00;340,000,000.00
2021-09-27;GRUBOLIVAR;68,100.00;68,600.00;68,289.52;68,100.00;100.00;0,15;313.00;21,374,620.00
2021-09-28;GRUBOLIVAR;67,000.00;68,000.00;67,643.21;67,000.00;-1,100.00;-1,62;3,733.00;252,512,100.00
2021-09-29;GRUBOLIVAR;68,500.00;68,990.00;68,397.60;68,020.00;1,500.00;2,24;1,971.00;134,811,660.00
2021-09-30;GRUBOLIVAR;68,950.00;68,950.00;68,957.57;68,950.00;450.00;0,66;230.00;15,860,240.00
2021-10-01;GRUBOLIVAR;68,950.00;0.00;68,760.00;0.00;0.00;0;4.00;275,040.00
2021-10-04;GRUBOLIVAR;68,000.00;68,000.00;68,019.66;68,000.00;-950.00;-1,38;6,331.00;430,632,460.00
2021-10-05;GRUBOLIVAR;68,000.00;68,950.00;68,062.73;67,510.00;0.00;0;31,635.00;2,153,164,360.00
2021-10-06;GRUBOLIVAR;67,730.00;68,000.00;67,870.49;67,730.00;-270.00;-0,4;3,832.00;260,079,710.00
2021-10-07;GRUBOLIVAR;68,000.00;68,490.00;68,062.71;68,000.00;270.00;0,4;6,147.00;418,381,500.00
2021-10-08;GRUBOLIVAR;68,000.00;68,000.00;68,008.50;68,000.00;0.00;0;1,557.00;105,889,230.00
2021-10-11;GRUBOLIVAR;67,950.00;68,490.00;68,069.76;67,950.00;-50.00;-0,07;3,464.00;235,793,660.00
2021-10-12;GRUBOLIVAR;67,950.00;68,390.00;67,994.24;67,950.00;0.00;0;5,600.00;380,767,750.00
2021-10-13;GRUBOLIVAR;67,950.00;67,950.00;67,950.82;67,950.00;0.00;0;736.00;50,011,800.00
2021-10-14;GRUBOLIVAR;67,950.00;67,950.00;67,925.17;67,500.00;0.00;0;3,626.00;246,296,650.00
2021-10-15;GRUBOLIVAR;68,000.00;68,000.00;68,006.84;68,000.00;50.00;0,07;307.00;20,878,100.00
2021-10-19;GRUBOLIVAR;68,000.00;68,290.00;68,252.43;68,000.00;0.00;0;3,052.00;208,306,410.00
2021-10-20;GRUBOLIVAR;67,700.00;67,700.00;67,709.59;67,700.00;-300.00;-0,44;507.00;34,328,760.00
2021-10-21;GRUBOLIVAR;67,700.00;67,700.00;67,720.67;67,700.00;0.00;0;344.00;23,295,910.00
2021-10-22;GRUBOLIVAR;67,700.00;0.00;0.00;0.00;0.00;0;0.00;0.00
2021-10-25;GRUBOLIVAR;67,650.00;67,650.00;67,652.92;67,650.00;-50.00;-0,07;507.00;34,300,030.00
2021-10-26;GRUBOLIVAR;67,650.00;67,650.00;67,656.22;67,650.00;0.00;0;2,088.00;141,266,180.00
2021-10-27;GRUBOLIVAR;67,650.00;0.00;68,017.31;0.00;0.00;0;26.00;1,768,450.00
2021-10-28;GRUBOLIVAR;67,600.00;67,650.00;67,626.64;67,600.00;-50.00;-0,07;3,947.00;266,922,350.00
2021-10-29;GRUBOLIVAR;67,530.00;67,600.00;67,546.34;67,530.00;-70.00;-0,1;3,787.00;255,797,980.00
2021-11-02;GRUBOLIVAR;65,500.00;67,600.00;67,058.89;65,500.00;-2,030.00;-3,01;2,359.00;158,191,910.00
2021-11-03;GRUBOLIVAR;67,400.00;67,500.00;67,414.27;67,400.00;1,900.00;2,9;2,539.00;171,164,830.00
2021-11-04;GRUBOLIVAR;67,500.00;67,500.00;67,485.78;67,400.00;100.00;0,15;1,211.00;81,725,280.00
2021-11-05;GRUBOLIVAR;67,500.00;67,500.00;67,500.00;67,500.00;0.00;0;5,698.00;384,615,000.00
2021-11-08;GRUBOLIVAR;68,290.00;68,340.00;66,800.13;65,000.00;790.00;1,17;9,228.00;616,431,560.00
2021-11-09;GRUBOLIVAR;68,400.00;68,400.00;68,304.19;68,200.00;110.00;0,16;1,188.00;81,145,380.00
2021-11-10;GRUBOLIVAR;65,190.00;65,190.00;65,451.44;65,190.00;-3,210.00;-4,69;355.00;23,235,260.00
2021-11-11;GRUBOLIVAR;68,900.00;68,900.00;68,898.13;68,900.00;3,710.00;5,69;1,951.00;134,420,250.00
2021-11-12;GRUBOLIVAR;68,950.00;68,950.00;68,910.50;68,800.00;50.00;0,07;35,173.00;2,423,789,050.00
2021-11-16;GRUBOLIVAR;68,950.00;0.00;68,692.61;0.00;0.00;0;203.00;13,944,600.00
2021-11-17;GRUBOLIVAR;68,600.00;68,600.00;67,652.42;68,600.00;-350.00;-0,51;240.00;16,236,580.00
2021-11-18;GRUBOLIVAR;69,800.00;70,000.00;69,800.72;68,690.00;1,200.00;1,75;146,138.00;10,200,537,530.00
2021-11-19;GRUBOLIVAR;68,900.00;69,480.00;69,123.52;68,900.00;-900.00;-1,29;893.00;61,727,300.00
2021-11-22;GRUBOLIVAR;70,000.00;70,000.00;69,980.66;69,000.00;1,100.00;1,6;125,020.00;8,748,981,640.00
2021-11-23;GRUBOLIVAR;70,000.00;0.00;73,900.00;0.00;0.00;0;5.00;369,500.00
2021-11-24;GRUBOLIVAR;70,000.00;70,000.00;69,975.64;70,000.00;0.00;0;977.00;68,366,200.00
2021-11-25;GRUBOLIVAR;70,000.00;0.00;0.00;0.00;0.00;0;0.00;0.00
2021-11-26;GRUBOLIVAR;70,000.00;70,000.00;69,994.87;69,990.00;0.00;0;694.00;48,576,440.00
2021-11-29;GRUBOLIVAR;70,000.00;70,000.00;69,993.05;70,000.00;0.00;0;1,002.00;70,133,040.00
2021-11-30;GRUBOLIVAR;73,600.00;73,690.00;72,389.77;70,000.00;3,600.00;5,14;36,348.00;2,631,223,520.00
2021-12-01;GRUBOLIVAR;73,690.00;73,690.00;73,490.13;73,600.00;90.00;0,12;1,216.00;89,364,000.00
2021-12-02;GRUBOLIVAR;74,600.00;74,600.00;74,591.65;74,600.00;910.00;1,23;182.00;13,575,680.00
2021-12-03;GRUBOLIVAR;74,600.00;75,420.00;74,584.41;73,010.00;0.00;0;5,625.00;419,537,280.00
2021-12-06;GRUBOLIVAR;74,600.00;74,700.00;74,518.41;74,500.00;0.00;0;7,118.00;530,422,050.00
2021-12-07;GRUBOLIVAR;74,600.00;74,600.00;74,596.30;74,600.00;0.00;0;297.00;22,155,100.00
2021-12-09;GRUBOLIVAR;74,690.00;74,690.00;74,119.88;72,000.00;90.00;0,12;1,000.00;74,119,880.00
2021-12-10;GRUBOLIVAR;74,690.00;0.00;74,836.96;0.00;0.00;0;23.00;1,721,250.00
2021-12-13;GRUBOLIVAR;73,600.00;75,000.00;74,962.41;73,000.00;-1,090.00;-1,46;68,038.00;5,100,292,400.00
2021-12-14;GRUBOLIVAR;73,600.00;0.00;74,962.50;0.00;0.00;0;24.00;1,799,100.00
2021-12-15;GRUBOLIVAR;75,000.00;75,000.00;74,079.81;73,510.00;1,400.00;1,9;807.00;59,782,410.00
2021-12-16;GRUBOLIVAR;75,000.00;75,200.00;75,050.52;75,000.00;0.00;0;854.00;64,093,140.00
2021-12-17;GRUBOLIVAR;77,000.00;77,000.00;75,529.77;75,390.00;2,000.00;2,67;38,128.00;2,879,799,120.00
2021-12-20;GRUBOLIVAR;75,000.00;75,000.00;75,136.52;75,000.00;-2,000.00;-2,6;523.00;39,296,400.00
2021-12-21;GRUBOLIVAR;75,500.00;76,100.00;75,770.93;75,500.00;500.00;0,67;750.00;56,828,200.00
2021-12-22;GRUBOLIVAR;76,800.00;76,800.00;76,494.37;76,000.00;1,300.00;1,72;1,048.00;80,166,100.00
2021-12-23;GRUBOLIVAR;75,500.00;75,500.00;75,805.22;75,500.00;-1,300.00;-1,69;115.00;8,717,600.00
2021-12-24;GRUBOLIVAR;75,500.00;0.00;76,800.00;0.00;0.00;0;2.00;153,600.00
2021-12-27;GRUBOLIVAR;75,500.00;75,510.00;75,626.59;75,500.00;0.00;0;545.00;41,216,490.00
2021-12-28;GRUBOLIVAR;75,500.00;0.00;72,893.12;0.00;0.00;0;125.00;9,111,640.00
2021-12-29;GRUBOLIVAR;76,750.00;76,750.00;75,889.71;75,500.00;1,250.00;1,66;746.00;56,613,720.00
2021-12-30;GRUBOLIVAR;76,750.00;0.00;76,767.65;0.00;0.00;0;17.00;1,305,050.00
2021-01-04;GRUBOLIVAR;66,610.00;67,000.00;66,673.36;66,610.00;-390.00;-0,58;2,335.00;155,682,300.00
2021-01-05;GRUBOLIVAR;66,500.00;66,510.00;66,502.88;66,500.00;-110.00;-0,17;2,600.00;172,907,500.00
2021-01-06;GRUBOLIVAR;67,000.00;67,000.00;67,000.00;67,000.00;500.00;0,75;360.00;24,120,000.00
2021-01-07;GRUBOLIVAR;66,600.00;66,990.00;66,859.20;66,600.00;-400.00;-0,6;4,345.00;290,503,230.00
2021-01-08;GRUBOLIVAR;66,700.00;66,900.00;66,654.87;66,600.00;100.00;0,15;1,520.00;101,315,400.00
2021-01-12;GRUBOLIVAR;67,000.00;67,000.00;67,000.00;67,000.00;300.00;0,45;2,300.00;154,100,000.00
2021-01-13;GRUBOLIVAR;67,000.00;67,040.00;66,992.21;66,950.00;0.00;0;17,148.00;1,148,782,400.00
2021-01-14;GRUBOLIVAR;66,500.00;66,900.00;66,621.33;66,500.00;-500.00;-0,75;690.00;45,968,720.00
2021-01-15;GRUBOLIVAR;66,990.00;66,990.00;66,960.52;66,600.00;490.00;0,74;2,990.00;200,211,950.00
2021-01-18;GRUBOLIVAR;66,990.00;0.00;0.00;0.00;0.00;0;0.00;0.00
2021-01-19;GRUBOLIVAR;66,990.00;67,000.00;66,986.53;66,890.00;0.00;0;9,714.00;650,707,150.00
2021-01-20;GRUBOLIVAR;66,980.00;66,990.00;66,963.96;66,900.00;-10.00;-0,01;1,666.00;111,561,960.00
2021-01-21;GRUBOLIVAR;66,990.00;66,990.00;66,927.23;66,900.00;10.00;0,01;2,079.00;139,141,710.00
2021-01-22;GRUBOLIVAR;66,990.00;0.00;66,658.06;0.00;0.00;0;248.00;16,531,200.00
2021-01-25;GRUBOLIVAR;66,180.00;66,190.00;66,202.48;66,180.00;-810.00;-1,21;823.00;54,484,640.00
2021-01-26;GRUBOLIVAR;66,100.00;66,100.00;66,100.00;66,100.00;-80.00;-0,12;146.00;9,650,600.00
2021-01-27;GRUBOLIVAR;65,150.00;66,030.00;65,601.86;65,020.00;-950.00;-1,44;4,096.00;268,705,210.00
2021-01-28;GRUBOLIVAR;65,110.00;65,110.00;65,134.65;65,030.00;-40.00;-0,06;1,695.00;110,403,230.00
2021-01-29;GRUBOLIVAR;65,000.00;65,300.00;65,036.20;65,000.00;-110.00;-0,17;2,026.00;131,763,340.00
2021-02-01;GRUBOLIVAR;65,100.00;65,100.00;65,100.00;65,100.00;100.00;0,15;295.00;19,204,500.00
2021-02-02;GRUBOLIVAR;65,000.00;65,000.00;64,906.19;64,800.00;-100.00;-0,15;986.00;63,997,500.00
2021-02-03;GRUBOLIVAR;64,900.00;64,900.00;64,900.00;64,900.00;-100.00;-0,15;110.00;7,139,000.00
2021-02-04;GRUBOLIVAR;64,900.00;0.00;0.00;0.00;0.00;0;0.00;0.00
2021-02-05;GRUBOLIVAR;64,900.00;64,900.00;64,834.88;64,900.00;0.00;0;301.00;19,515,300.00
2021-02-08;GRUBOLIVAR;64,880.00;64,880.00;64,708.34;64,500.00;-20.00;-0,03;954.00;61,731,760.00
2021-02-09;GRUBOLIVAR;64,600.00;64,600.00;64,600.00;64,600.00;-280.00;-0,43;188.00;12,144,800.00
2021-02-10;GRUBOLIVAR;64,620.00;65,600.00;65,234.10;64,620.00;20.00;0,03;982.00;64,059,890.00
2021-02-11;GRUBOLIVAR;64,620.00;0.00;64,620.00;0.00;0.00;0;46.00;2,972,520.00
2021-02-12;GRUBOLIVAR;64,620.00;64,630.00;64,622.55;64,620.00;0.00;0;1,000.00;64,622,550.00
2021-02-15;GRUBOLIVAR;65,000.00;65,000.00;65,000.00;65,000.00;380.00;0,59;298.00;19,370,000.00
2021-02-16;GRUBOLIVAR;65,000.00;65,000.00;64,935.71;65,000.00;0.00;0;848.00;55,065,480.00
2021-02-17;GRUBOLIVAR;65,000.00;65,000.00;64,941.09;64,050.00;0.00;0;1,621.00;105,269,500.00
2021-02-18;GRUBOLIVAR;64,600.00;64,600.00;64,600.00;64,600.00;-400.00;-0,62;99.00;6,395,400.00
2021-02-19;GRUBOLIVAR;64,600.00;0.00;0.00;0.00;0.00;0;0.00;0.00
2021-02-22;GRUBOLIVAR;64,600.00;0.00;64,600.00;0.00;0.00;0;20.00;1,292,000.00
2021-02-23;GRUBOLIVAR;64,010.00;64,500.00;64,417.04;64,000.00;-590.00;-0,91;2,068.00;133,214,430.00
2021-02-24;GRUBOLIVAR;65,000.00;65,000.00;64,681.63;64,100.00;990.00;1,55;4,355.00;281,688,500.00
2021-02-25;GRUBOLIVAR;64,000.00;64,550.00;64,439.14;64,000.00;-1,000.00;-1,54;2,592.00;167,026,250.00
2021-02-26;GRUBOLIVAR;63,800.00;63,900.00;63,842.44;63,800.00;-200.00;-0,31;516.00;32,942,700.00
2021-03-01;GRUBOLIVAR;63,800.00;63,800.00;63,800.00;63,800.00;0.00;0;386.00;24,626,800.00
2021-03-02;GRUBOLIVAR;63,800.00;63,800.00;63,800.00;63,800.00;0.00;0;160.00;10,208,000.00
2021-03-03;GRUBOLIVAR;64,400.00;64,400.00;63,963.55;63,800.00;600.00;0,94;3,432.00;219,522,900.00
2021-03-04;GRUBOLIVAR;64,000.00;64,000.00;64,000.00;64,000.00;-400.00;-0,62;133.00;8,512,000.00
2021-03-05;GRUBOLIVAR;64,000.00;64,500.00;64,032.07;64,000.00;0.00;0;2,276.00;145,737,000.00
2021-03-08;GRUBOLIVAR;64,000.00;0.00;0.00;0.00;0.00;0;0.00;0.00
2021-03-09;GRUBOLIVAR;64,000.00;0.00;0.00;0.00;0.00;0;0.00;0.00
2021-03-10;GRUBOLIVAR;64,700.00;64,700.00;64,654.05;64,620.00;700.00;1,09;309.00;19,978,100.00
2021-03-11;GRUBOLIVAR;64,700.00;0.00;0.00;0.00;0.00;0;0.00;0.00
2021-03-12;GRUBOLIVAR;64,700.00;0.00;0.00;0.00;0.00;0;0.00;0.00
2021-03-15;GRUBOLIVAR;63,700.00;64,000.00;63,706.88;63,700.00;-1,000.00;-1,55;4,800.00;305,793,000.00
2021-03-16;GRUBOLIVAR;63,400.00;63,800.00;63,560.78;63,400.00;-300.00;-0,47;8,895.00;565,373,170.00
2021-03-17;GRUBOLIVAR;63,400.00;0.00;64,690.00;0.00;0.00;0;10.00;646,900.00
2021-03-18;GRUBOLIVAR;63,490.00;63,600.00;63,522.24;63,490.00;90.00;0,14;1,726.00;109,639,390.00
2021-03-19;GRUBOLIVAR;63,100.00;63,400.00;63,330.22;63,100.00;-390.00;-0,61;1,841.00;116,590,940.00
2021-03-23;GRUBOLIVAR;63,100.00;0.00;62,918.93;0.00;0.00;0;122.00;7,676,110.00
2021-03-24;GRUBOLIVAR;63,500.00;63,500.00;63,204.01;63,500.00;400.00;0,63;349.00;22,058,200.00
2021-03-25;GRUBOLIVAR;63,500.00;0.00;0.00;0.00;0.00;0;0.00;0.00
2021-03-26;GRUBOLIVAR;63,500.00;63,500.00;63,500.00;63,500.00;0.00;0;1,301.00;82,613,500.00
2021-03-29;GRUBOLIVAR;63,500.00;63,600.00;63,549.73;63,500.00;0.00;0;366.00;23,259,200.00
2021-03-30;GRUBOLIVAR;65,000.00;65,020.00;64,870.04;63,500.00;1,500.00;2,36;25,908.00;1,680,653,040.00
2021-03-31;GRUBOLIVAR;65,000.00;65,900.00;65,034.26;64,990.00;0.00;0;18,052.00;1,173,998,480.00
2021-04-05;GRUBOLIVAR;65,000.00;65,000.00;65,000.00;65,000.00;0.00;0;3,524.00;229,060,000.00
2021-04-06;GRUBOLIVAR;64,890.00;65,000.00;64,920.85;64,890.00;-110.00;-0,17;1,066.00;69,205,630.00
2021-04-07;GRUBOLIVAR;65,600.00;65,600.00;65,562.71;65,590.00;710.00;1,09;1,158.00;75,921,620.00
2021-04-08;GRUBOLIVAR;71,000.00;71,000.00;67,309.90;65,600.00;5,400.00;8,23;149,205.00;10,042,972,970.00
2021-04-09;GRUBOLIVAR;71,760.00;73,500.00;71,706.81;69,100.00;760.00;1,07;41,551.00;2,979,489,650.00
2021-04-12;GRUBOLIVAR;71,000.00;71,100.00;70,757.72;70,000.00;-760.00;-1,06;11,425.00;808,407,000.00
2021-04-13;GRUBOLIVAR;71,000.00;71,000.00;70,002.54;69,500.00;0.00;0;3,812.00;266,849,700.00
2021-04-14;GRUBOLIVAR;73,000.00;73,000.00;72,025.16;71,800.00;2,000.00;2,82;3,172.00;228,463,800.00
2021-04-15;GRUBOLIVAR;71,000.00;71,000.00;70,136.17;70,000.00;-2,000.00;-2,74;10,217.00;716,581,290.00
2021-04-16;GRUBOLIVAR;71,000.00;0.00;71,900.00;0.00;0.00;0;67.00;4,817,300.00
2021-04-19;GRUBOLIVAR;71,800.00;71,800.00;71,800.00;71,800.00;800.00;1,13;175.00;12,565,000.00
2021-04-20;GRUBOLIVAR;71,790.00;71,790.00;71,091.55;70,990.00;-10.00;-0,01;4,067.00;289,129,350.00
2021-04-21;GRUBOLIVAR;72,500.00;72,500.00;72,128.14;71,790.00;710.00;0,99;2,646.00;190,851,050.00
2021-04-22;GRUBOLIVAR;71,700.00;71,800.00;71,770.10;71,700.00;-800.00;-1,1;2,241.00;160,836,800.00
2021-04-23;GRUBOLIVAR;71,520.00;72,490.00;71,850.38;71,520.00;-180.00;-0,25;3,280.00;235,669,240.00
2021-04-26;GRUBOLIVAR;72,180.00;72,180.00;71,709.19;71,580.00;660.00;0,92;3,134.00;224,736,600.00
2021-04-27;GRUBOLIVAR;72,290.00;72,290.00;72,289.26;72,290.00;110.00;0,15;609.00;44,024,160.00
2021-04-28;GRUBOLIVAR;72,400.00;72,500.00;72,438.31;72,400.00;110.00;0,15;261.00;18,906,400.00
2021-04-29;GRUBOLIVAR;72,240.00;72,240.00;72,259.09;72,240.00;-160.00;-0,22;495.00;35,768,250.00
2021-04-30;GRUBOLIVAR;72,190.00;72,240.00;71,261.94;70,130.00;-50.00;-0,07;6,241.00;444,745,780.00
2021-05-03;GRUBOLIVAR;71,300.00;72,000.00;70,196.85;70,000.00;-890.00;-1,23;6,818.00;478,602,110.00
2021-05-04;GRUBOLIVAR;72,000.00;72,000.00;71,949.99;70,000.00;700.00;0,98;13,037.00;938,012,000.00
2021-05-05;GRUBOLIVAR;74,700.00;74,800.00;73,462.87;72,400.00;2,700.00;3,75;16,645.00;1,222,789,400.00
2021-05-06;GRUBOLIVAR;76,860.00;77,000.00;74,667.87;72,000.00;2,160.00;2,89;32,379.00;2,417,670,950.00
2021-05-07;GRUBOLIVAR;76,630.00;76,800.00;76,759.09;76,620.00;-230.00;-0,3;3,316.00;254,533,140.00
2021-05-10;GRUBOLIVAR;76,000.00;76,500.00;76,291.84;75,500.00;-630.00;-0,82;2,587.00;197,367,000.00
2021-05-11;GRUBOLIVAR;76,010.00;76,500.00;75,960.96;75,500.00;10.00;0,01;8,941.00;679,166,980.00
2021-05-12;GRUBOLIVAR;76,010.00;0.00;0.00;0.00;0.00;0;0.00;0.00
2021-05-13;GRUBOLIVAR;76,000.00;76,000.00;75,898.75;75,800.00;-10.00;-0,01;400.00;30,359,500.00
2021-05-14;GRUBOLIVAR;75,390.00;76,000.00;75,308.69;74,900.00;-610.00;-0,8;6,628.00;499,146,020.00
2021-05-18;GRUBOLIVAR;77,850.00;78,290.00;77,027.34;75,400.00;2,460.00;3,26;41,667.00;3,209,498,070.00
2021-05-19;GRUBOLIVAR;78,880.00;78,880.00;78,234.12;77,840.00;1,030.00;1,32;17,012.00;1,330,918,910.00
2021-05-20;GRUBOLIVAR;78,780.00;79,120.00;78,840.59;78,400.00;-100.00;-0,13;13,729.00;1,082,402,460.00
2021-05-21;GRUBOLIVAR;80,000.00;80,380.00;79,566.05;77,000.00;1,220.00;1,55;100,472.00;7,994,159,770.00
2021-05-24;GRUBOLIVAR;81,980.00;82,100.00;81,745.78;80,470.00;1,980.00;2,48;184,634.00;15,093,050,980.00
2021-05-25;GRUBOLIVAR;79,000.00;82,500.00;81,714.68;77,610.00;-2,980.00;-3,64;241,450.00;19,730,010,480.00
2021-05-26;GRUBOLIVAR;78,500.00;78,500.00;77,087.70;75,010.00;-500.00;-0,63;95,802.00;7,385,155,540.00
2021-05-27;GRUBOLIVAR;79,000.00;79,000.00;78,995.33;77,000.00;500.00;0,64;828,277.00;65,430,016,910.00
2021-05-28;GRUBOLIVAR;75,000.00;77,000.00;76,593.75;74,200.00;-4,000.00;-5,06;9,832.00;753,069,730.00
2021-05-31;GRUBOLIVAR;76,490.00;76,490.00;76,202.50;74,000.00;1,490.00;1,99;1,492.00;113,694,130.00
2021-06-01;GRUBOLIVAR;76,000.00;76,490.00;76,185.35;75,440.00;-490.00;-0,64;1,586.00;120,829,960.00
2021-06-02;GRUBOLIVAR;75,460.00;75,480.00;75,471.51;75,460.00;-540.00;-0,71;4,729.00;356,904,760.00
2021-06-03;GRUBOLIVAR;75,000.00;75,000.00;74,999.05;75,000.00;-460.00;-0,61;2,746.00;205,947,400.00
2021-06-04;GRUBOLIVAR;73,000.00;74,000.00;73,087.31;73,000.00;-2,000.00;-2,67;4,004.00;292,641,600.00
2021-06-08;GRUBOLIVAR;73,000.00;73,000.00;73,007.83;73,000.00;0.00;0;575.00;41,979,500.00
2021-06-09;GRUBOLIVAR;73,000.00;0.00;73,000.00;0.00;0.00;0;3.00;219,000.00
2021-06-10;GRUBOLIVAR;72,000.00;72,000.00;72,012.79;72,000.00;-1,000.00;-1,37;516.00;37,158,600.00
2021-06-11;GRUBOLIVAR;74,000.00;74,000.00;72,127.70;70,000.00;2,000.00;2,78;3,696.00;266,583,980.00
2021-06-15;GRUBOLIVAR;72,000.00;74,000.00;72,181.23;72,000.00;-2,000.00;-2,7;1,545.00;111,520,000.00
2021-06-16;GRUBOLIVAR;72,500.00;72,500.00;72,646.62;72,500.00;500.00;0,69;133.00;9,662,000.00
2021-06-17;GRUBOLIVAR;72,000.00;72,500.00;72,176.42;72,000.00;-500.00;-0,69;4,308.00;310,936,000.00
2021-06-18;GRUBOLIVAR;72,000.00;0.00;73,914.89;0.00;0.00;0;47.00;3,474,000.00
2021-06-21;GRUBOLIVAR;70,500.00;70,500.00;70,329.39;70,100.00;-1,500.00;-2,08;346.00;24,333,970.00
2021-06-22;GRUBOLIVAR;70,100.00;70,100.00;70,104.51;70,100.00;-400.00;-0,57;4,493.00;314,979,560.00
2021-06-23;GRUBOLIVAR;70,000.00;70,000.00;70,005.43;70,000.00;-100.00;-0,14;5,157.00;361,018,000.00
2021-06-24;GRUBOLIVAR;70,000.00;70,000.00;69,557.31;69,500.00;0.00;0;4,675.00;325,180,430.00
2021-06-25;GRUBOLIVAR;70,000.00;70,000.00;70,000.00;70,000.00;0.00;0;190.00;13,300,000.00
2021-06-28;GRUBOLIVAR;70,000.00;70,000.00;69,982.02;69,980.00;0.00;0;35,861.00;2,509,625,280.00
2021-06-29;GRUBOLIVAR;70,000.00;0.00;69,727.27;0.00;0.00;0;22.00;1,534,000.00
2021-06-30;GRUBOLIVAR;70,000.00;70,000.00;69,966.26;69,600.00;0.00;0;2,374.00;166,099,900.00
