Fecha;Nemotecnico;Precio cierre;Precio maximo;Precio promedio ponderado;Precio minimo;Variacion absoluta;Variacion porcentual;Cantidad;Volumen
2025-01-02;BCOLOMBIA;37,800.00;37,900.00;37,822.91;37,700.00;200.00;0,53;52,426.00;1,982,904,060.00
2025-01-03;BCOLOMBIA;38,000.00;38,060.00;37,930.55;37,700.00;200.00;0,53;54,848.00;2,080,415,040.00
2025-01-07;BCOLOMBIA;38,340.00;38,340.00;38,102.70;37,760.00;340.00;0,89;106,017.00;4,039,534,040.00
2025-01-08;BCOLOMBIA;37,720.00;38,420.00;38,094.90;37,720.00;-620.00;-1,62;131,058.00;4,992,642,040.00
2025-01-09;BCOLOMBIA;37,880.00;38,200.00;38,091.49;37,620.00;160.00;0,42;50,638.00;1,928,876,800.00
2025-01-10;BCOLOMBIA;37,800.00;38,060.00;37,898.16;37,700.00;-80.00;-0,21;83,186.00;3,152,596,480.00
2025-01-13;BCOLOMBIA;37,520.00;37,960.00;37,742.29;37,520.00;-280.00;-0,74;161,231.00;6,085,227,720.00
2025-01-14;BCOLOMBIA;37,080.00;37,660.00;37,347.03;37,080.00;-440.00;-1,17;76,334.00;2,850,848,440.00
2025-01-15;BCOLOMBIA;37,100.00;37,500.00;37,289.52;37,100.00;20.00;0,05;96,055.00;3,581,844,480.00
2025-01-16;BCOLOMBIA;37,000.00;37,540.00;37,109.31;37,000.00;-100.00;-0,27;144,831.00;5,374,578,980.00
2025-01-17;BCOLOMBIA;37,300.00;37,300.00;36,977.96;36,860.00;300.00;0,81;135,149.00;4,997,534,240.00
2025-01-20;BCOLOMBIA;37,000.00;37,480.00;37,347.62;37,000.00;-300.00;-0,8;132,784.00;4,959,166,360.00
2025-01-21;BCOLOMBIA;37,500.00;37,600.00;37,391.79;37,100.00;500.00;1,35;140,460.00;5,252,050,760.00
2025-01-22;BCOLOMBIA;37,500.00;37,820.00;37,588.92;37,340.00;0.00;0;135,212.00;5,082,473,460.00
2025-01-23;BCOLOMBIA;39,160.00;39,160.00;38,450.17;37,500.00;1,660.00;4,43;188,667.00;7,254,278,280.00
2025-01-24;BCOLOMBIA;39,920.00;39,920.00;39,731.19;39,140.00;760.00;1,94;300,448.00;11,937,156,860.00
2025-01-27;BCOLOMBIA;40,900.00;41,200.00;40,444.91;39,500.00;980.00;2,45;225,253.00;9,110,337,560.00
2025-01-28;BCOLOMBIA;42,780.00;43,400.00;42,751.59;40,900.00;1,880.00;4,6;249,046.00;10,647,112,520.00
2025-01-29;BCOLOMBIA;43,500.00;43,800.00;43,330.29;42,980.00;720.00;1,68;343,368.00;14,878,234,060.00
2025-01-30;BCOLOMBIA;44,360.00;44,480.00;44,072.50;43,580.00;860.00;1,98;269,910.00;11,895,609,280.00
2025-01-31;BCOLOMBIA;43,100.00;44,440.00;43,817.48;43,100.00;-1,260.00;-2,84;203,384.00;8,911,774,300.00
2025-02-03;BCOLOMBIA;42,980.00;42,980.00;42,406.42;41,980.00;-120.00;-0,28;202,837.00;8,601,590,280.00
2025-02-04;BCOLOMBIA;43,000.00;43,240.00;42,997.68;42,820.00;20.00;0,05;156,225.00;6,717,312,500.00
2025-02-05;BCOLOMBIA;42,700.00;43,380.00;42,892.68;42,220.00;-300.00;-0,7;152,171.00;6,527,021,660.00
2025-02-06;BCOLOMBIA;43,700.00;43,700.00;43,254.03;42,920.00;1,000.00;2,34;73,771.00;3,190,893,200.00
2025-02-07;BCOLOMBIA;42,900.00;43,300.00;43,014.23;42,740.00;-800.00;-1,83;132,412.00;5,695,599,620.00
2025-02-10;BCOLOMBIA;43,000.00;43,240.00;42,989.35;42,820.00;100.00;0,23;141,280.00;6,073,534,920.00
2025-02-11;BCOLOMBIA;43,540.00;43,600.00;43,426.24;43,040.00;540.00;1,26;307,995.00;13,375,063,520.00
2025-02-12;BCOLOMBIA;44,780.00;44,780.00;44,263.67;43,380.00;1,240.00;2,85;249,810.00;11,057,508,420.00
2025-02-13;BCOLOMBIA;44,600.00;44,780.00;44,519.99;44,100.00;-180.00;-0,4;219,183.00;9,758,025,760.00
2025-02-14;BCOLOMBIA;;44,800.00;44,627.10;44,300.00;200.00;0,45;8,470.00;377,991,520.00
2025-02-17;BCOLOMBIA;45,420.00;45,560.00;45,497.19;44,800.00;-60.00;-0,13;34,458.00;1,567,742,080.00
2025-02-18;BCOLOMBIA;45,420.00;45,420.00;45,174.92;44,840.00;0.00;0;154,865.00;6,996,013,520.00
2025-02-19;BCOLOMBIA;45,580.00;47,000.00;45,514.14;44,500.00;160.00;0,35;138,765.00;6,315,769,600.00
2025-02-20;BCOLOMBIA;47,600.00;48,520.00;47,774.65;46,840.00;2,020.00;4,43;346,440.00;16,551,050,200.00
2025-02-21;BCOLOMBIA;47,400.00;47,700.00;47,433.40;47,000.00;-200.00;-0,42;172,765.00;8,194,831,080.00
2025-02-24;BCOLOMBIA;47,480.00;47,480.00;47,318.47;47,200.00;80.00;0,17;151,666.00;7,176,602,460.00
2025-02-25;BCOLOMBIA;47,180.00;47,600.00;47,381.94;47,100.00;-300.00;-0,63;127,558.00;6,043,945,660.00
2025-02-26;BCOLOMBIA;47,520.00;47,900.00;47,596.99;47,200.00;340.00;0,72;215,053.00;10,235,876,060.00
2025-02-27;BCOLOMBIA;46,500.00;49,000.00;46,940.37;46,160.00;-1,020.00;-2,15;249,609.00;11,716,737,740.00
2025-02-28;BCOLOMBIA;45,700.00;46,800.00;45,919.42;45,700.00;-800.00;-1,72;831,881.00;38,199,494,280.00
2025-03-03;BCOLOMBIA;44,100.00;46,580.00;45,440.43;44,100.00;-1,600.00;-3,5;97,169.00;4,415,400,800.00
2025-03-04;BCOLOMBIA;44,480.00;45,140.00;44,223.96;43,600.00;380.00;0,86;208,702.00;9,229,628,100.00
2025-03-05;BCOLOMBIA;46,140.00;46,800.00;46,143.16;45,000.00;1,660.00;3,73;128,246.00;5,917,676,220.00
2025-03-06;BCOLOMBIA;47,300.00;47,300.00;47,045.68;46,200.00;1,160.00;2,51;191,596.00;9,013,764,740.00
2025-03-07;BCOLOMBIA;47,000.00;48,200.00;47,201.62;47,000.00;-300.00;-0,63;118,468.00;5,591,881,340.00
2025-03-10;BCOLOMBIA;46,300.00;47,000.00;46,506.17;46,000.00;-700.00;-1,49;112,119.00;5,214,225,080.00
2025-03-11;BCOLOMBIA;46,300.00;46,800.00;46,339.11;44,860.00;0.00;0;224,523.00;10,404,195,200.00
2025-03-12;BCOLOMBIA;46,000.00;46,700.00;46,344.62;46,000.00;-300.00;-0,65;115,837.00;5,368,421,840.00
2025-03-13;BCOLOMBIA;46,240.00;46,800.00;46,533.52;46,240.00;240.00;0,52;220,175.00;10,245,517,820.00
2025-03-14;BCOLOMBIA;47,840.00;48,400.00;47,491.36;46,460.00;1,600.00;3,46;104,293.00;4,953,015,960.00
2025-03-17;BCOLOMBIA;48,400.00;48,500.00;48,282.07;47,900.00;560.00;1,17;530,412.00;25,609,391,840.00
2025-03-18;BCOLOMBIA;48,380.00;48,760.00;48,151.69;47,840.00;-20.00;-0,04;233,121.00;11,225,168,960.00
2025-03-19;BCOLOMBIA;47,100.00;48,180.00;47,905.58;47,100.00;-1,280.00;-2,65;394,969.00;18,921,220,600.00
2025-03-20;BCOLOMBIA;46,960.00;47,680.00;47,157.57;46,900.00;-140.00;-0,3;55,733.00;2,628,232,680.00
2025-03-21;BCOLOMBIA;48,200.00;48,200.00;47,979.19;46,940.00;1,240.00;2,64;854,504.00;40,998,410,520.00
2025-03-25;BCOLOMBIA;48,200.00;48,520.00;48,220.55;47,220.00;0.00;0;493,132.00;23,779,097,200.00
2025-03-26;BCOLOMBIA;46,240.00;46,240.00;45,632.83;44,820.00;-1,960.00;-4,07;191,584.00;8,742,521,020.00
2025-03-27;BCOLOMBIA;46,060.00;46,240.00;46,008.97;45,780.00;-180.00;-0,39;526,191.00;24,209,506,220.00
2025-03-28;BCOLOMBIA;46,500.00;46,520.00;45,964.58;45,400.00;440.00;0,96;426,848.00;19,619,888,240.00
2025-03-31;BCOLOMBIA;47,000.00;47,080.00;46,729.74;45,260.00;500.00;1,08;271,573.00;12,690,537,000.00
2025-04-01;BCOLOMBIA;47,260.00;47,360.00;47,116.63;46,580.00;260.00;0,55;212,817.00;10,027,219,160.00
2025-04-02;BCOLOMBIA;49,500.00;49,780.00;49,254.11;46,980.00;2,240.00;4,74;239,233.00;11,783,209,420.00
2025-04-03;BCOLOMBIA;49,600.00;49,900.00;49,623.11;49,020.00;100.00;0,2;365,252.00;18,124,939,780.00
2025-04-04;BCOLOMBIA;48,800.00;49,600.00;48,817.45;48,400.00;-800.00;-1,61;889,460.00;43,421,165,480.00
2025-04-07;BCOLOMBIA;48,400.00;49,000.00;48,556.75;47,500.00;-400.00;-0,82;325,266.00;15,793,861,260.00
2025-04-08;BCOLOMBIA;46,180.00;48,900.00;48,167.18;46,180.00;-2,220.00;-4,59;319,198.00;15,374,866,760.00
2025-04-09;BCOLOMBIA;46,800.00;47,180.00;46,039.34;45,280.00;620.00;1,34;218,300.00;10,050,387,500.00
2025-04-10;BCOLOMBIA;46,200.00;46,900.00;46,106.54;45,780.00;-600.00;-1,28;227,566.00;10,492,281,000.00
2025-04-11;BCOLOMBIA;45,700.00;46,400.00;45,943.98;45,700.00;-500.00;-1,08;108,667.00;4,992,593,940.00
2025-04-14;BCOLOMBIA;46,340.00;47,840.00;46,657.44;46,340.00;640.00;1,4;50,475.00;2,355,034,080.00
2025-04-15;BCOLOMBIA;48,000.00;48,000.00;47,546.68;46,440.00;1,660.00;3,58;73,204.00;3,480,606,860.00
2025-04-16;BCOLOMBIA;51,060.00;51,060.00;50,214.64;48,000.00;3,060.00;6,38;375,638.00;18,862,528,740.00
2025-04-21;BCOLOMBIA;50,320.00;50,320.00;50,082.83;48,680.00;-740.00;-1,45;273,385.00;13,691,895,320.00
2025-04-22;BCOLOMBIA;50,000.00;51,400.00;50,809.06;50,000.00;-320.00;-0,64;171,780.00;8,727,979,760.00
2025-04-23;BCOLOMBIA;52,100.00;52,100.00;51,437.55;50,780.00;2,100.00;4,2;122,029.00;6,276,872,640.00
2025-04-24;BCOLOMBIA;51,860.00;52,280.00;51,924.76;51,020.00;-240.00;-0,46;238,631.00;12,390,857,920.00
2025-04-25;BCOLOMBIA;52,880.00;52,880.00;51,957.33;50,720.00;1,020.00;1,97;320,230.00;16,638,297,340.00
2025-04-28;BCOLOMBIA;49,620.00;51,800.00;50,341.60;49,520.00;-3,260.00;-6,16;179,408.00;9,031,686,060.00
2025-04-29;BCOLOMBIA;49,620.00;50,520.00;50,067.48;49,620.00;0.00;0;206,662.00;10,347,046,200.00
2025-04-30;BCOLOMBIA;50,100.00;50,200.00;50,032.14;49,500.00;480.00;0,97;229,166.00;11,465,665,160.00
2025-05-02;BCOLOMBIA;50,000.00;50,560.00;50,158.35;49,940.00;-100.00;-0,2;64,499.00;3,235,163,280.00
2025-05-05;BCOLOMBIA;50,400.00;50,580.00;50,362.23;49,780.00;400.00;0,8;114,264.00;5,754,590,340.00
2025-05-06;BCOLOMBIA;50,100.00;50,460.00;50,188.56;50,080.00;-300.00;-0,6;141,149.00;7,084,064,740.00
2025-05-07;BCOLOMBIA;50,180.00;51,540.00;50,365.30;49,900.00;80.00;0,16;129,165.00;6,505,433,380.00
2025-05-08;BCOLOMBIA;50,140.00;50,400.00;50,161.69;50,000.00;-40.00;-0,08;200,555.00;10,060,176,880.00
2025-05-09;BCOLOMBIA;49,520.00;50,500.00;49,845.80;49,520.00;-620.00;-1,24;66,782.00;3,328,801,960.00
2025-05-12;BCOLOMBIA;50,900.00;50,980.00;50,333.44;49,500.00;1,380.00;2,79;159,340.00;8,020,130,540.00
2025-05-13;BCOLOMBIA;55,620.00;55,960.00;54,217.91;50,700.00;4,720.00;9,27;319,297.00;17,311,615,020.00
2025-05-14;BCOLOMBIA;52,220.00;55,500.00;53,103.87;52,220.00;-3,400.00;-6,11;167,156.00;8,876,630,520.00
2025-05-15;BCOLOMBIA;52,800.00;52,800.00;51,691.22;51,040.00;580.00;1,11;229,518.00;11,864,066,220.00
2025-05-16;BCOLOMBIA;51,300.00;54,300.00;51,809.91;51,300.00;-1,500.00;-2,84;133,981.00;6,941,543,360.00
2025-05-19;BCOLOMBIA;51,300.00;;;;;;;
2025-05-20;BCOLOMBIA;51,300.00;;;;;;;
2025-05-21;BCOLOMBIA;51,300.00;;;;;;;
2025-05-22;BCOLOMBIA;51,300.00;;;;;;;
2025-05-23;BCOLOMBIA;51,300.00;;;;;;;
2025-05-26;BCOLOMBIA;51,300.00;;;;;;;
2025-05-27;BCOLOMBIA;51,300.00;;;;;;;
2025-05-28;BCOLOMBIA;51,300.00;;;;;;;
2025-05-29;BCOLOMBIA;51,300.00;;;;;;;
2025-05-30;BCOLOMBIA;51,300.00;;;;;;;
2025-06-03;BCOLOMBIA;51,300.00;;;;;;;
2025-06-04;BCOLOMBIA;51,300.00;;;;;;;
2025-06-05;BCOLOMBIA;51,300.00;;;;;;;
2025-06-06;BCOLOMBIA;51,300.00;;;;;;;
2025-06-09;BCOLOMBIA;51,300.00;;;;;;;
2025-06-10;BCOLOMBIA;51,300.00;;;;;;;
2025-06-11;BCOLOMBIA;51,300.00;;;;;;;
2025-06-12;BCOLOMBIA;51,300.00;;;;;;;
2025-06-13;BCOLOMBIA;51,300.00;;;;;;;
2025-06-16;BCOLOMBIA;51,300.00;;;;;;;
2025-06-17;BCOLOMBIA;51,300.00;;;;;;;
2025-06-18;BCOLOMBIA;51,300.00;;;;;;;
2025-06-19;BCOLOMBIA;51,300.00;;;;;;;
2025-06-20;BCOLOMBIA;51,300.00;;;;;;;
2025-06-24;BCOLOMBIA;51,300.00;;;;;;;
2025-06-25;BCOLOMBIA;51,300.00;;;;;;;
2025-06-26;BCOLOMBIA;51,300.00;;;;;;;
2025-06-27;BCOLOMBIA;51,300.00;;;;;;;
2024-07-02;BCOLOMBIA;35,100.00;35,460.00;35,155.04;35,000.00;-200.00;-0,57;182,008.00;6,398,499,220.00
2024-07-03;BCOLOMBIA;35,100.00;35,340.00;35,136.95;34,940.00;0.00;0;88,109.00;3,095,881,760.00
2024-07-04;BCOLOMBIA;35,300.00;35,400.00;35,344.84;35,280.00;200.00;0,57;15,367.00;543,144,220.00
2024-07-05;BCOLOMBIA;35,140.00;35,700.00;35,502.22;35,140.00;-160.00;-0,45;131,328.00;4,662,435,880.00
2024-07-08;BCOLOMBIA;35,740.00;35,740.00;35,493.14;35,100.00;600.00;1,71;41,380.00;1,468,706,200.00
2024-07-09;BCOLOMBIA;35,240.00;35,700.00;35,337.27;35,220.00;-500.00;-1,4;77,439.00;2,736,483,220.00
2024-07-10;BCOLOMBIA;35,200.00;35,440.00;35,181.66;34,340.00;-40.00;-0,11;74,942.00;2,636,583,800.00
2024-07-11;BCOLOMBIA;35,680.00;35,680.00;35,537.12;35,180.00;480.00;1,36;88,946.00;3,160,884,840.00
2024-07-12;BCOLOMBIA;35,680.00;35,700.00;35,662.22;35,540.00;0.00;0;104,216.00;3,716,573,800.00
2024-07-15;BCOLOMBIA;35,760.00;35,880.00;35,722.73;35,460.00;80.00;0,22;92,442.00;3,302,280,440.00
2024-07-16;BCOLOMBIA;35,940.00;35,940.00;35,818.21;35,680.00;180.00;0,5;67,875.00;2,431,161,160.00
2024-07-17;BCOLOMBIA;35,700.00;35,960.00;35,824.75;35,700.00;-240.00;-0,67;135,483.00;4,853,644,120.00
2024-07-18;BCOLOMBIA;35,700.00;35,740.00;35,642.78;35,600.00;0.00;0;44,138.00;1,573,201,000.00
2024-07-19;BCOLOMBIA;35,700.00;35,840.00;35,706.37;35,560.00;0.00;0;58,081.00;2,073,861,640.00
2024-07-22;BCOLOMBIA;35,920.00;36,040.00;35,926.27;35,620.00;220.00;0,62;58,266.00;2,093,280,260.00
2024-07-23;BCOLOMBIA;36,000.00;36,140.00;35,984.09;35,840.00;80.00;0,22;236,042.00;8,493,755,800.00
2024-07-24;BCOLOMBIA;36,000.00;36,200.00;36,079.17;36,000.00;0.00;0;47,835.00;1,725,846,860.00
2024-07-25;BCOLOMBIA;35,920.00;36,260.00;36,053.46;35,900.00;-80.00;-0,22;202,146.00;7,288,062,060.00
2024-07-26;BCOLOMBIA;35,900.00;36,080.00;35,941.59;35,900.00;-20.00;-0,06;161,138.00;5,791,555,940.00
2024-07-29;BCOLOMBIA;36,020.00;36,400.00;35,992.71;35,800.00;120.00;0,33;90,094.00;3,242,727,020.00
2024-07-30;BCOLOMBIA;36,200.00;36,200.00;36,159.23;36,060.00;180.00;0,5;76,240.00;2,756,779,900.00
2024-07-31;BCOLOMBIA;36,520.00;38,000.00;36,664.10;36,380.00;320.00;0,88;213,538.00;7,829,178,560.00
2024-08-01;BCOLOMBIA;36,700.00;36,800.00;36,620.34;36,400.00;180.00;0,49;39,517.00;1,447,125,840.00
2024-08-02;BCOLOMBIA;35,860.00;36,320.00;35,866.98;35,640.00;-840.00;-2,29;119,143.00;4,273,300,180.00
2024-08-05;BCOLOMBIA;35,340.00;35,500.00;35,244.43;34,700.00;-520.00;-1,45;198,050.00;6,980,159,700.00
2024-08-06;BCOLOMBIA;35,000.00;35,740.00;35,364.73;35,000.00;-340.00;-0,96;167,584.00;5,926,562,140.00
2024-08-08;BCOLOMBIA;34,600.00;36,200.00;34,989.89;34,600.00;-400.00;-1,14;113,559.00;3,973,417,100.00
2024-08-09;BCOLOMBIA;35,000.00;35,940.00;34,978.67;34,600.00;400.00;1,16;84,659.00;2,961,258,980.00
2024-08-12;BCOLOMBIA;35,340.00;35,980.00;35,746.24;35,340.00;340.00;0,97;75,915.00;2,713,676,020.00
2024-08-13;BCOLOMBIA;36,060.00;36,400.00;36,021.10;35,620.00;720.00;2,04;112,690.00;4,059,217,260.00
2024-08-14;BCOLOMBIA;36,200.00;36,500.00;36,301.53;36,120.00;140.00;0,39;74,603.00;2,708,202,980.00
2024-08-15;BCOLOMBIA;36,560.00;36,580.00;36,398.36;36,020.00;360.00;0,99;111,634.00;4,063,294,620.00
2024-08-16;BCOLOMBIA;36,280.00;36,480.00;36,287.43;36,180.00;-280.00;-0,77;55,764.00;2,023,532,220.00
2024-08-20;BCOLOMBIA;36,000.00;36,100.00;36,041.23;35,980.00;-280.00;-0,77;95,782.00;3,452,101,060.00
2024-08-21;BCOLOMBIA;35,880.00;36,000.00;35,868.60;35,700.00;-120.00;-0,33;22,867.00;820,207,360.00
2024-08-22;BCOLOMBIA;35,600.00;36,040.00;35,718.61;35,500.00;-280.00;-0,78;106,359.00;3,798,995,980.00
2024-08-23;BCOLOMBIA;36,160.00;36,260.00;36,021.29;35,800.00;560.00;1,57;199,092.00;7,171,551,440.00
2024-08-26;BCOLOMBIA;36,700.00;36,700.00;36,421.71;36,080.00;540.00;1,49;58,591.00;2,133,984,660.00
2024-08-27;BCOLOMBIA;36,200.00;36,600.00;36,370.50;36,200.00;-500.00;-1,36;35,050.00;1,274,786,180.00
2024-08-28;BCOLOMBIA;35,660.00;36,300.00;36,064.78;35,660.00;-540.00;-1,49;79,146.00;2,854,383,420.00
2024-08-29;BCOLOMBIA;36,180.00;36,180.00;36,020.58;35,700.00;520.00;1,46;85,510.00;3,080,119,960.00
2024-08-30;BCOLOMBIA;37,980.00;37,980.00;37,750.45;36,280.00;1,800.00;4,98;815,099.00;30,770,354,260.00
2024-09-02;BCOLOMBIA;37,300.00;37,600.00;37,324.24;37,000.00;-680.00;-1,79;64,729.00;2,415,960,460.00
2024-09-03;BCOLOMBIA;36,900.00;37,200.00;36,980.20;36,900.00;-400.00;-1,07;23,822.00;880,942,440.00
2024-09-04;BCOLOMBIA;36,600.00;37,200.00;36,880.41;36,600.00;-300.00;-0,81;68,893.00;2,540,802,140.00
2024-09-05;BCOLOMBIA;37,360.00;37,360.00;37,114.95;36,220.00;760.00;2,08;140,589.00;5,217,953,720.00
2024-09-06;BCOLOMBIA;36,300.00;37,100.00;36,872.77;36,300.00;-1,060.00;-2,84;101,784.00;3,753,057,960.00
2024-09-09;BCOLOMBIA;36,580.00;36,640.00;36,554.34;36,400.00;280.00;0,77;50,474.00;1,845,043,920.00
2024-09-10;BCOLOMBIA;35,920.00;36,580.00;36,194.90;35,920.00;-660.00;-1,8;158,708.00;5,744,420,900.00
2024-09-11;BCOLOMBIA;35,640.00;35,920.00;35,579.08;35,320.00;-280.00;-0,78;190,534.00;6,779,023,820.00
2024-09-12;BCOLOMBIA;36,000.00;36,120.00;35,954.71;35,680.00;360.00;1,01;70,980.00;2,552,065,060.00
2024-09-13;BCOLOMBIA;35,520.00;36,060.00;35,671.57;35,520.00;-480.00;-1,33;26,238.00;935,950,780.00
2024-09-16;BCOLOMBIA;35,700.00;36,000.00;35,635.29;35,400.00;180.00;0,51;87,193.00;3,107,147,820.00
2024-09-17;BCOLOMBIA;35,700.00;35,900.00;35,723.87;35,660.00;0.00;0;64,601.00;2,307,797,440.00
2024-09-18;BCOLOMBIA;35,700.00;35,700.00;35,656.34;35,580.00;0.00;0;53,598.00;1,911,108,580.00
2024-09-19;BCOLOMBIA;36,400.00;36,400.00;36,203.38;35,800.00;700.00;1,96;26,345.00;953,777,940.00
2024-09-20;BCOLOMBIA;37,000.00;37,000.00;36,913.61;36,460.00;600.00;1,65;439,401.00;16,219,877,700.00
2024-09-23;BCOLOMBIA;37,480.00;37,480.00;37,096.59;36,700.00;480.00;1,3;48,486.00;1,798,665,100.00
2024-09-24;BCOLOMBIA;37,800.00;37,800.00;37,438.41;37,200.00;320.00;0,85;301,217.00;11,277,085,280.00
2024-09-25;BCOLOMBIA;37,800.00;37,800.00;37,261.14;36,900.00;0.00;0;139,948.00;5,214,622,480.00
2024-09-26;BCOLOMBIA;37,800.00;37,800.00;37,781.47;37,700.00;0.00;0;93,725.00;3,541,068,080.00
2024-09-27;BCOLOMBIA;37,600.00;37,600.00;37,509.30;37,200.00;-200.00;-0,53;39,304.00;1,474,265,460.00
2024-09-30;BCOLOMBIA;36,240.00;37,280.00;36,660.60;36,240.00;-1,360.00;-3,62;126,046.00;4,620,922,220.00
2024-10-01;BCOLOMBIA;36,200.00;36,300.00;36,253.64;36,200.00;-40.00;-0,11;17,753.00;643,610,940.00
2024-10-02;BCOLOMBIA;36,000.00;36,200.00;36,054.60;35,600.00;-200.00;-0,55;253,604.00;9,143,590,320.00
2024-10-03;BCOLOMBIA;35,400.00;35,820.00;35,606.16;35,400.00;-600.00;-1,67;22,558.00;803,203,700.00
2024-10-04;BCOLOMBIA;35,980.00;36,200.00;35,999.56;35,400.00;580.00;1,64;93,606.00;3,369,774,380.00
2024-10-07;BCOLOMBIA;36,160.00;36,160.00;36,022.38;35,980.00;180.00;0,5;17,841.00;642,675,280.00
2024-10-08;BCOLOMBIA;35,740.00;36,160.00;35,967.16;35,740.00;-420.00;-1,16;33,139.00;1,191,915,880.00
2024-10-09;BCOLOMBIA;36,220.00;36,520.00;36,191.77;35,800.00;480.00;1,34;53,884.00;1,950,157,260.00
2024-10-10;BCOLOMBIA;36,400.00;36,400.00;36,373.40;36,300.00;180.00;0,5;5,634.00;204,927,760.00
2024-10-11;BCOLOMBIA;36,980.00;36,980.00;36,826.36;36,500.00;580.00;1,59;21,049.00;775,157,980.00
2024-10-15;BCOLOMBIA;36,400.00;37,100.00;36,826.14;36,400.00;-580.00;-1,57;170,672.00;6,285,190,920.00
2024-10-16;BCOLOMBIA;37,160.00;37,160.00;36,668.27;36,560.00;760.00;2,09;303,454.00;11,127,132,640.00
2024-10-17;BCOLOMBIA;37,480.00;37,480.00;37,351.09;37,000.00;320.00;0,86;36,734.00;1,372,054,860.00
2024-10-18;BCOLOMBIA;37,680.00;37,700.00;37,398.17;37,100.00;200.00;0,53;107,267.00;4,011,589,160.00
2024-10-21;BCOLOMBIA;38,000.00;38,060.00;37,796.62;37,480.00;320.00;0,85;195,112.00;7,374,574,920.00
2024-10-22;BCOLOMBIA;37,080.00;37,700.00;37,255.31;37,000.00;-920.00;-2,42;62,862.00;2,341,943,360.00
2024-10-23;BCOLOMBIA;36,800.00;37,080.00;36,423.94;35,980.00;-280.00;-0,76;103,202.00;3,759,022,940.00
2024-10-24;BCOLOMBIA;37,000.00;37,000.00;36,768.12;36,500.00;200.00;0,54;57,656.00;2,119,902,880.00
2024-10-25;BCOLOMBIA;37,000.00;37,180.00;36,902.92;36,320.00;0.00;0;84,667.00;3,124,459,560.00
2024-10-28;BCOLOMBIA;36,500.00;37,180.00;36,962.13;36,500.00;-500.00;-1,35;59,764.00;2,209,004,940.00
2024-10-29;BCOLOMBIA;37,060.00;37,200.00;36,974.80;36,600.00;560.00;1,53;68,258.00;2,523,825,900.00
2024-10-30;BCOLOMBIA;38,200.00;38,500.00;38,051.33;37,200.00;1,140.00;3,08;417,253.00;15,877,030,000.00
2024-10-31;BCOLOMBIA;37,800.00;38,300.00;38,008.94;37,800.00;-400.00;-1,05;134,737.00;5,121,210,300.00
2024-11-01;BCOLOMBIA;37,620.00;38,200.00;37,813.03;37,600.00;-180.00;-0,48;60,595.00;2,291,280,820.00
2024-11-05;BCOLOMBIA;38,500.00;38,500.00;38,284.49;37,620.00;880.00;2,34;102,766.00;3,934,343,600.00
2024-11-06;BCOLOMBIA;38,180.00;38,940.00;38,345.71;38,180.00;-320.00;-0,83;87,098.00;3,339,834,480.00
2024-11-07;BCOLOMBIA;38,000.00;38,400.00;38,144.96;37,500.00;-180.00;-0,47;91,411.00;3,486,869,200.00
2024-11-08;BCOLOMBIA;37,340.00;38,100.00;37,723.34;37,340.00;-660.00;-1,74;58,615.00;2,211,153,480.00
2024-11-12;BCOLOMBIA;37,300.00;37,540.00;37,279.43;37,100.00;-40.00;-0,11;96,927.00;3,613,383,700.00
2024-11-13;BCOLOMBIA;37,300.00;38,460.00;37,211.12;37,080.00;0.00;0;87,147.00;3,242,837,440.00
2024-11-14;BCOLOMBIA;38,000.00;38,060.00;37,788.45;37,200.00;700.00;1,88;111,404.00;4,209,784,360.00
2024-11-15;BCOLOMBIA;38,000.00;38,100.00;37,982.00;37,840.00;0.00;0;81,855.00;3,109,016,460.00
2024-11-18;BCOLOMBIA;38,780.00;38,780.00;38,502.51;38,000.00;780.00;2,05;59,588.00;2,294,287,280.00
2024-11-19;BCOLOMBIA;39,300.00;39,300.00;38,912.50;38,700.00;520.00;1,34;73,690.00;2,867,462,420.00
2024-11-20;BCOLOMBIA;39,980.00;39,980.00;39,272.62;39,000.00;680.00;1,73;119,551.00;4,695,081,060.00
2024-11-21;BCOLOMBIA;39,000.00;40,300.00;39,546.19;39,000.00;-980.00;-2,45;154,484.00;6,109,253,240.00
2024-11-22;BCOLOMBIA;39,200.00;39,400.00;39,224.37;39,100.00;200.00;0,51;71,510.00;2,804,934,580.00
2024-11-25;BCOLOMBIA;39,000.00;39,760.00;39,065.65;39,000.00;-200.00;-0,51;619,234.00;24,190,780,020.00
2024-11-26;BCOLOMBIA;38,620.00;39,560.00;39,185.55;38,620.00;-380.00;-0,97;81,301.00;3,185,824,720.00
2024-11-27;BCOLOMBIA;39,060.00;39,500.00;39,083.44;38,600.00;440.00;1,14;189,764.00;7,416,630,200.00
2024-11-28;BCOLOMBIA;39,380.00;39,500.00;39,334.16;39,100.00;320.00;0,82;56,652.00;2,228,358,740.00
2024-11-29;BCOLOMBIA;38,580.00;39,400.00;38,813.73;38,580.00;-800.00;-2,03;150,327.00;5,834,752,020.00
2024-12-02;BCOLOMBIA;38,700.00;39,000.00;38,608.46;38,100.00;120.00;0,31;79,089.00;3,053,504,720.00
2024-12-03;BCOLOMBIA;38,300.00;38,800.00;38,484.72;38,300.00;-400.00;-1,03;104,937.00;4,038,470,840.00
2024-12-04;BCOLOMBIA;38,020.00;38,880.00;38,150.56;37,900.00;-280.00;-0,73;77,323.00;2,949,915,780.00
2024-12-05;BCOLOMBIA;38,460.00;38,600.00;38,278.30;37,900.00;440.00;1,16;118,692.00;4,543,327,700.00
2024-12-06;BCOLOMBIA;38,200.00;38,960.00;38,263.74;38,160.00;-260.00;-0,68;212,995.00;8,149,984,960.00
2024-12-09;BCOLOMBIA;37,880.00;38,320.00;38,107.62;37,880.00;-320.00;-0,84;128,619.00;4,901,364,460.00
2024-12-10;BCOLOMBIA;37,800.00;38,240.00;37,988.87;37,780.00;-80.00;-0,21;159,653.00;6,065,037,720.00
2024-12-11;BCOLOMBIA;37,980.00;38,600.00;38,010.88;37,020.00;180.00;0,48;118,958.00;4,521,698,840.00
2024-12-12;BCOLOMBIA;38,000.00;38,120.00;37,990.47;37,400.00;20.00;0,05;51,145.00;1,943,022,540.00
2024-12-13;BCOLOMBIA;37,600.00;38,020.00;37,671.70;37,600.00;-400.00;-1,05;51,166.00;1,927,510,160.00
2024-12-16;BCOLOMBIA;37,700.00;37,880.00;37,673.73;37,620.00;100.00;0,27;98,127.00;3,696,810,500.00
2024-12-17;BCOLOMBIA;37,600.00;37,740.00;37,658.44;37,600.00;-100.00;-0,27;79,332.00;2,987,519,100.00
2024-12-18;BCOLOMBIA;37,500.00;37,740.00;37,635.74;37,500.00;-100.00;-0,27;40,531.00;1,525,414,360.00
2024-12-19;BCOLOMBIA;37,700.00;38,000.00;37,779.47;37,700.00;200.00;0,53;70,343.00;2,657,521,460.00
2024-12-20;BCOLOMBIA;38,000.00;38,200.00;37,993.77;37,700.00;300.00;0,8;556,067.00;21,127,079,060.00
2024-12-23;BCOLOMBIA;38,400.00;38,400.00;38,087.22;37,800.00;400.00;1,05;68,198.00;2,597,472,400.00
2024-12-24;BCOLOMBIA;38,360.00;38,360.00;37,942.42;37,700.00;-40.00;-0,1;12,934.00;490,747,200.00
2024-12-26;BCOLOMBIA;38,780.00;38,780.00;38,302.05;37,980.00;420.00;1,09;66,676.00;2,553,827,500.00
2024-12-27;BCOLOMBIA;38,000.00;38,460.00;38,219.15;38,000.00;-780.00;-2,01;34,085.00;1,302,699,720.00
2024-12-30;BCOLOMBIA;37,600.00;37,920.00;37,729.98;37,600.00;-400.00;-1,05;72,141.00;2,721,878,400.00
2024-01-02;BCOLOMBIA;33,880.00;33,880.00;33,707.31;33,160.00;680.00;2,05;121,437.00;4,093,315,020.00
2024-01-03;BCOLOMBIA;33,820.00;33,820.00;33,727.02;33,500.00;-60.00;-0,18;75,774.00;2,555,631,340.00
2024-01-04;BCOLOMBIA;36,000.00;36,000.00;35,079.87;33,940.00;2,180.00;6,45;138,854.00;4,870,980,160.00
2024-01-05;BCOLOMBIA;36,900.00;36,900.00;36,401.79;35,980.00;900.00;2,5;80,384.00;2,926,121,680.00
2024-01-09;BCOLOMBIA;35,880.00;36,240.00;35,944.99;35,880.00;-1,020.00;-2,76;76,744.00;2,758,562,140.00
2024-01-10;BCOLOMBIA;34,500.00;35,520.00;34,864.16;34,040.00;-1,380.00;-3,85;50,834.00;1,772,284,740.00
2024-01-11;BCOLOMBIA;34,480.00;34,780.00;34,538.04;34,480.00;-20.00;-0,06;56,377.00;1,947,150,800.00
2024-01-12;BCOLOMBIA;35,000.00;35,000.00;34,427.34;33,680.00;520.00;1,51;52,884.00;1,820,655,580.00
2024-01-15;BCOLOMBIA;35,060.00;35,200.00;34,992.30;34,120.00;60.00;0,17;11,821.00;413,643,960.00
2024-01-16;BCOLOMBIA;35,000.00;35,320.00;35,141.87;35,000.00;-60.00;-0,17;111,911.00;3,932,761,640.00
2024-01-17;BCOLOMBIA;35,000.00;35,340.00;34,986.48;34,520.00;0.00;0;247,677.00;8,665,346,060.00
2024-01-18;BCOLOMBIA;34,000.00;34,820.00;34,143.13;34,000.00;-1,000.00;-2,86;135,646.00;4,631,378,420.00
2024-01-19;BCOLOMBIA;33,640.00;34,060.00;33,591.58;33,200.00;-360.00;-1,06;82,579.00;2,773,959,340.00
2024-01-22;BCOLOMBIA;32,980.00;33,480.00;33,132.71;32,980.00;-660.00;-1,96;120,390.00;3,988,846,600.00
2024-01-23;BCOLOMBIA;32,600.00;33,220.00;33,031.16;32,600.00;-380.00;-1,15;205,953.00;6,802,865,540.00
2024-01-24;BCOLOMBIA;33,580.00;33,720.00;32,930.11;32,620.00;980.00;3,01;140,679.00;4,632,575,200.00
2024-01-25;BCOLOMBIA;32,620.00;33,160.00;32,721.11;32,600.00;-960.00;-2,86;143,342.00;4,690,309,960.00
2024-01-26;BCOLOMBIA;33,160.00;33,200.00;33,104.98;32,860.00;540.00;1,66;53,345.00;1,765,985,000.00
2024-01-29;BCOLOMBIA;33,100.00;33,200.00;33,063.78;32,780.00;-60.00;-0,18;87,246.00;2,884,682,620.00
2024-01-30;BCOLOMBIA;33,000.00;33,240.00;33,120.76;32,920.00;-100.00;-0,3;146,320.00;4,846,229,000.00
2024-01-31;BCOLOMBIA;32,760.00;33,480.00;32,997.46;32,760.00;-240.00;-0,73;70,848.00;2,337,803,740.00
2024-02-01;BCOLOMBIA;33,780.00;33,980.00;33,283.32;32,880.00;1,020.00;3,11;167,764.00;5,583,742,800.00
2024-02-02;BCOLOMBIA;34,200.00;34,300.00;33,990.25;33,600.00;420.00;1,24;46,288.00;1,573,340,780.00
2024-02-05;BCOLOMBIA;33,960.00;34,320.00;34,160.02;33,900.00;-240.00;-0,7;29,266.00;999,727,020.00
2024-02-06;BCOLOMBIA;33,980.00;34,080.00;33,987.63;33,780.00;20.00;0,06;156,784.00;5,328,716,720.00
2024-02-07;BCOLOMBIA;33,580.00;34,000.00;33,889.01;33,580.00;-400.00;-1,18;129,117.00;4,375,647,860.00
2024-02-08;BCOLOMBIA;33,040.00;33,700.00;33,259.66;33,040.00;-540.00;-1,61;60,594.00;2,015,335,820.00
2024-02-09;BCOLOMBIA;32,600.00;33,160.00;32,824.55;32,600.00;-440.00;-1,33;112,856.00;3,704,447,640.00
2024-02-12;BCOLOMBIA;32,940.00;33,060.00;32,939.22;32,780.00;340.00;1,04;13,467.00;443,592,440.00
2024-02-13;BCOLOMBIA;32,980.00;32,980.00;32,746.33;32,540.00;40.00;0,12;20,807.00;681,352,820.00
2024-02-14;BCOLOMBIA;32,700.00;33,500.00;32,825.66;32,600.00;-280.00;-0,85;115,681.00;3,797,305,500.00
2024-02-15;BCOLOMBIA;33,460.00;33,460.00;33,241.57;32,700.00;760.00;2,32;27,294.00;907,295,440.00
2024-02-16;BCOLOMBIA;34,000.00;34,000.00;33,780.14;33,180.00;540.00;1,61;24,929.00;842,105,000.00
2024-02-19;BCOLOMBIA;30,600.00;32,820.00;30,970.79;30,600.00;-3,400.00;-10;551,387.00;17,076,890,840.00
2024-02-20;BCOLOMBIA;32,200.00;32,200.00;31,680.21;31,000.00;1,600.00;5,23;737,258.00;23,356,487,800.00
2024-02-21;BCOLOMBIA;32,260.00;32,800.00;32,143.86;32,020.00;60.00;0,19;1,798,505.00;57,810,890,200.00
2024-02-22;BCOLOMBIA;33,300.00;33,300.00;32,878.29;32,400.00;1,040.00;3,22;689,692.00;22,675,892,540.00
2024-02-23;BCOLOMBIA;33,960.00;33,980.00;33,559.42;32,800.00;660.00;1,98;356,482.00;11,963,329,240.00
2024-02-26;BCOLOMBIA;33,500.00;34,320.00;33,812.35;33,500.00;-460.00;-1,35;200,636.00;6,783,973,940.00
2024-02-27;BCOLOMBIA;33,480.00;33,740.00;33,552.56;33,380.00;-20.00;-0,06;140,231.00;4,705,109,260.00
2024-02-28;BCOLOMBIA;33,480.00;34,540.00;33,806.64;33,480.00;0.00;0;100,063.00;3,382,793,500.00
2024-02-29;BCOLOMBIA;32,940.00;34,000.00;32,979.40;32,940.00;-540.00;-1,61;781,405.00;25,770,268,140.00
2024-03-01;BCOLOMBIA;33,000.00;33,400.00;32,962.07;32,860.00;60.00;0,18;176,651.00;5,822,782,480.00
2024-03-04;BCOLOMBIA;33,200.00;33,640.00;33,162.98;33,000.00;200.00;0,61;221,872.00;7,357,936,900.00
2024-03-05;BCOLOMBIA;33,400.00;33,700.00;33,458.44;33,340.00;200.00;0,6;192,110.00;6,427,700,780.00
2024-03-06;BCOLOMBIA;33,740.00;33,920.00;33,751.83;33,420.00;340.00;1,02;216,575.00;7,309,803,100.00
2024-03-07;BCOLOMBIA;33,560.00;34,000.00;33,750.27;33,560.00;-180.00;-0,53;189,732.00;6,403,506,980.00
2024-03-08;BCOLOMBIA;32,780.00;33,800.00;32,914.87;32,700.00;-780.00;-2,32;134,591.00;4,430,044,860.00
2024-03-11;BCOLOMBIA;32,600.00;32,740.00;32,536.23;32,380.00;-180.00;-0,55;111,330.00;3,622,258,900.00
2024-03-12;BCOLOMBIA;31,900.00;32,500.00;32,156.42;31,900.00;-700.00;-2,15;355,440.00;11,429,677,300.00
2024-03-13;BCOLOMBIA;31,800.00;32,280.00;31,946.98;31,800.00;-100.00;-0,31;219,173.00;7,001,916,060.00
2024-03-14;BCOLOMBIA;31,700.00;32,200.00;31,959.16;31,700.00;-100.00;-0,31;366,105.00;11,700,409,220.00
2024-03-15;BCOLOMBIA;31,700.00;34,000.00;31,713.06;31,600.00;0.00;0;13,665,895.00;433,387,353,180.00
2024-03-18;BCOLOMBIA;32,880.00;33,120.00;32,759.51;31,700.00;1,180.00;3,72;341,879.00;11,199,788,760.00
2024-03-19;BCOLOMBIA;32,920.00;33,480.00;33,064.09;32,880.00;40.00;0,12;204,701.00;6,768,253,180.00
2024-03-20;BCOLOMBIA;33,800.00;33,800.00;33,231.42;33,000.00;880.00;2,67;589,421.00;19,587,295,560.00
2024-03-21;BCOLOMBIA;34,660.00;34,660.00;34,016.63;33,000.00;860.00;2,54;305,159.00;10,380,479,980.00
2024-03-22;BCOLOMBIA;35,100.00;35,100.00;34,716.05;34,200.00;440.00;1,27;121,178.00;4,206,822,040.00
2024-03-26;BCOLOMBIA;34,200.00;35,000.00;34,579.45;34,200.00;-900.00;-2,56;153,854.00;5,320,186,180.00
2024-03-27;BCOLOMBIA;34,280.00;34,920.00;34,515.76;34,260.00;80.00;0,23;101,624.00;3,507,629,560.00
2024-04-01;BCOLOMBIA;35,000.00;35,000.00;34,506.52;34,320.00;720.00;2,1;398,103.00;13,737,150,540.00
2024-04-02;BCOLOMBIA;35,000.00;35,420.00;35,117.18;34,980.00;0.00;0;217,391.00;7,634,159,020.00
2024-04-03;BCOLOMBIA;35,740.00;35,740.00;35,497.91;35,000.00;740.00;2,11;96,802.00;3,436,268,960.00
2024-04-04;BCOLOMBIA;36,640.00;36,820.00;36,485.43;35,980.00;900.00;2,52;364,632.00;13,303,755,740.00
2024-04-05;BCOLOMBIA;36,060.00;36,900.00;36,010.04;35,800.00;-580.00;-1,58;635,322.00;22,877,971,680.00
2024-04-08;BCOLOMBIA;36,120.00;36,460.00;36,113.75;36,000.00;60.00;0,17;437,521.00;15,800,526,120.00
2024-04-09;BCOLOMBIA;36,300.00;36,520.00;36,388.87;36,160.00;180.00;0,5;1,329,104.00;48,364,593,500.00
2024-04-10;BCOLOMBIA;35,800.00;36,780.00;36,222.55;35,440.00;-500.00;-1,38;355,161.00;12,864,838,460.00
2024-04-11;BCOLOMBIA;36,300.00;37,500.00;36,248.51;35,680.00;500.00;1,4;1,760,764.00;63,825,074,780.00
2024-04-12;BCOLOMBIA;34,760.00;36,000.00;35,528.82;34,760.00;-1,540.00;-4,24;435,433.00;15,470,420,820.00
2024-04-15;BCOLOMBIA;34,600.00;35,020.00;34,720.64;34,500.00;-160.00;-0,46;294,354.00;10,220,159,620.00
2024-04-16;BCOLOMBIA;34,480.00;34,700.00;34,483.44;34,200.00;-120.00;-0,35;263,481.00;9,085,730,320.00
2024-04-17;BCOLOMBIA;34,240.00;34,560.00;34,377.08;34,200.00;-240.00;-0,7;452,780.00;15,565,256,400.00
2024-04-18;BCOLOMBIA;33,500.00;34,700.00;34,143.37;33,500.00;-740.00;-2,16;247,762.00;8,459,430,000.00
2024-04-19;BCOLOMBIA;33,700.00;34,260.00;33,835.08;33,400.00;200.00;0,6;461,176.00;15,603,924,840.00
2024-04-22;BCOLOMBIA;33,720.00;34,220.00;34,104.29;33,720.00;20.00;0,06;276,465.00;9,428,642,920.00
2024-04-23;BCOLOMBIA;34,500.00;34,500.00;34,152.30;33,520.00;780.00;2,31;73,850.00;2,522,147,660.00
2024-04-24;BCOLOMBIA;33,100.00;33,820.00;33,553.28;33,100.00;-1,400.00;-4,06;435,766.00;14,621,380,060.00
2024-04-25;BCOLOMBIA;32,920.00;33,480.00;33,029.03;32,920.00;-180.00;-0,54;288,485.00;9,528,380,580.00
2024-04-26;BCOLOMBIA;33,900.00;34,120.00;33,845.68;33,260.00;980.00;2,98;157,632.00;5,335,161,460.00
2024-04-29;BCOLOMBIA;34,400.00;34,520.00;34,332.90;33,980.00;500.00;1,47;450,480.00;15,466,286,760.00
2024-04-30;BCOLOMBIA;33,800.00;34,660.00;34,226.36;33,800.00;-600.00;-1,74;173,597.00;5,941,592,860.00
2024-05-02;BCOLOMBIA;34,500.00;34,800.00;34,332.91;33,960.00;700.00;2,07;113,690.00;3,903,308,460.00
2024-05-03;BCOLOMBIA;34,900.00;34,960.00;34,774.48;33,900.00;400.00;1,16;47,110.00;1,638,225,720.00
2024-05-06;BCOLOMBIA;34,600.00;34,820.00;34,647.66;34,600.00;-300.00;-0,86;181,439.00;6,286,437,240.00
2024-05-07;BCOLOMBIA;34,560.00;34,980.00;34,663.23;34,560.00;-40.00;-0,12;104,858.00;3,634,717,240.00
2024-05-08;BCOLOMBIA;34,700.00;34,900.00;34,725.30;34,620.00;140.00;0,41;94,147.00;3,269,282,860.00
2024-05-09;BCOLOMBIA;34,580.00;34,820.00;34,704.44;34,580.00;-120.00;-0,35;450,779.00;15,644,030,640.00
2024-05-10;BCOLOMBIA;34,700.00;34,960.00;34,805.61;34,700.00;120.00;0,35;87,175.00;3,034,178,760.00
2024-05-14;BCOLOMBIA;34,700.00;35,140.00;34,947.10;34,700.00;0.00;0;175,183.00;6,122,138,340.00
2024-05-15;BCOLOMBIA;35,500.00;35,500.00;35,349.21;35,060.00;800.00;2,31;128,571.00;4,544,883,020.00
2024-05-16;BCOLOMBIA;35,600.00;35,600.00;35,514.96;35,420.00;100.00;0,28;64,525.00;2,291,602,940.00
2024-05-17;BCOLOMBIA;36,400.00;36,400.00;36,199.58;35,660.00;800.00;2,25;129,147.00;4,675,067,200.00
2024-05-20;BCOLOMBIA;37,200.00;37,200.00;36,655.93;36,400.00;800.00;2,2;111,610.00;4,091,168,680.00
2024-05-21;BCOLOMBIA;37,140.00;37,640.00;37,158.24;36,740.00;-60.00;-0,16;162,067.00;6,022,124,220.00
2024-05-22;BCOLOMBIA;35,520.00;37,000.00;36,291.60;35,520.00;-1,620.00;-4,36;248,914.00;9,033,488,500.00
2024-05-23;BCOLOMBIA;35,820.00;36,120.00;35,938.38;35,820.00;300.00;0,84;177,277.00;6,371,048,480.00
2024-05-24;BCOLOMBIA;35,500.00;35,840.00;35,623.07;35,280.00;-320.00;-0,89;166,825.00;5,942,817,860.00
2024-05-27;BCOLOMBIA;35,720.00;36,040.00;35,761.36;35,660.00;220.00;0,62;56,141.00;2,007,678,280.00
2024-05-28;BCOLOMBIA;35,100.00;35,840.00;35,347.84;35,100.00;-620.00;-1,74;120,237.00;4,250,118,140.00
2024-05-29;BCOLOMBIA;34,520.00;35,100.00;34,692.96;34,400.00;-580.00;-1,65;183,196.00;6,355,612,240.00
2024-05-30;BCOLOMBIA;35,000.00;35,120.00;34,993.14;34,520.00;480.00;1,39;184,968.00;6,472,610,560.00
2024-05-31;BCOLOMBIA;35,900.00;35,900.00;35,874.36;34,900.00;900.00;2,57;1,446,608.00;51,896,130,260.00
2024-06-04;BCOLOMBIA;35,360.00;35,820.00;35,457.16;35,300.00;-540.00;-1,5;147,294.00;5,222,627,080.00
2024-06-05;BCOLOMBIA;35,500.00;35,680.00;35,493.44;35,460.00;140.00;0,4;62,846.00;2,230,620,840.00
2024-06-06;BCOLOMBIA;36,240.00;36,260.00;36,016.06;35,660.00;740.00;2,08;77,740.00;2,799,888,780.00
2024-06-07;BCOLOMBIA;36,200.00;36,580.00;36,312.22;36,120.00;-40.00;-0,11;60,899.00;2,211,377,960.00
2024-06-11;BCOLOMBIA;35,120.00;36,120.00;35,374.32;35,100.00;-1,080.00;-2,98;241,001.00;8,525,245,700.00
2024-06-12;BCOLOMBIA;35,080.00;35,360.00;35,211.68;35,080.00;-40.00;-0,11;139,612.00;4,915,973,740.00
2024-06-13;BCOLOMBIA;35,000.00;35,500.00;35,155.24;35,000.00;-80.00;-0,23;194,117.00;6,824,229,420.00
2024-06-14;BCOLOMBIA;34,760.00;35,200.00;34,949.60;34,760.00;-240.00;-0,69;62,210.00;2,174,214,920.00
2024-06-17;BCOLOMBIA;34,740.00;35,080.00;34,884.90;34,740.00;-20.00;-0,06;82,714.00;2,885,469,720.00
2024-06-18;BCOLOMBIA;35,100.00;35,220.00;35,127.72;35,000.00;360.00;1,04;81,082.00;2,848,225,440.00
2024-06-19;BCOLOMBIA;34,900.00;35,500.00;35,171.68;34,900.00;-200.00;-0,57;35,908.00;1,262,944,580.00
2024-06-20;BCOLOMBIA;35,400.00;35,700.00;35,484.62;34,900.00;500.00;1,43;248,938.00;8,833,469,100.00
2024-06-21;BCOLOMBIA;34,980.00;35,700.00;35,050.88;34,900.00;-420.00;-1,19;324,594.00;11,377,305,960.00
2024-06-24;BCOLOMBIA;35,240.00;35,360.00;35,200.99;35,140.00;260.00;0,74;166,147.00;5,848,539,340.00
2024-06-25;BCOLOMBIA;34,840.00;35,240.00;34,810.01;34,580.00;-400.00;-1,14;98,856.00;3,441,178,800.00
2024-06-26;BCOLOMBIA;34,900.00;35,380.00;34,981.62;34,700.00;60.00;0,17;170,442.00;5,962,337,700.00
2024-06-27;BCOLOMBIA;35,040.00;35,280.00;34,952.24;34,500.00;140.00;0,4;151,207.00;5,285,022,680.00
2024-06-28;BCOLOMBIA;35,300.00;35,300.00;35,207.38;35,100.00;260.00;0,74;203,421.00;7,161,920,580.00
2023-07-04;BCOLOMBIA;31,660.00;31,660.00;31,276.91;30,900.00;660.00;2,13;25,749.00;805,349,050.00
2023-07-05;BCOLOMBIA;31,000.00;31,790.00;31,478.08;31,000.00;-660.00;-2,08;1,639,697.00;51,614,513,570.00
2023-07-06;BCOLOMBIA;30,410.00;31,000.00;30,515.25;30,360.00;-590.00;-1,9;129,682.00;3,957,278,410.00
2023-07-07;BCOLOMBIA;30,400.00;30,770.00;30,497.53;30,180.00;-10.00;-0,03;237,536.00;7,244,261,130.00
2023-07-10;BCOLOMBIA;30,870.00;30,870.00;30,764.50;30,200.00;470.00;1,55;38,263.00;1,177,141,940.00
2023-07-11;BCOLOMBIA;31,060.00;31,380.00;31,078.17;30,860.00;190.00;0,62;77,629.00;2,412,567,290.00
2023-07-12;BCOLOMBIA;33,000.00;33,000.00;32,116.30;31,400.00;1,940.00;6,25;89,961.00;2,889,214,750.00
2023-07-13;BCOLOMBIA;33,110.00;33,510.00;33,145.28;32,610.00;110.00;0,33;106,683.00;3,536,038,360.00
2023-07-14;BCOLOMBIA;33,700.00;33,700.00;33,560.20;32,800.00;590.00;1,78;82,829.00;2,779,757,990.00
2023-07-17;BCOLOMBIA;33,300.00;33,680.00;33,273.81;33,010.00;-400.00;-1,19;56,803.00;1,890,052,340.00
2023-07-18;BCOLOMBIA;33,500.00;33,880.00;33,607.09;33,300.00;200.00;0,6;86,186.00;2,896,461,020.00
2023-07-19;BCOLOMBIA;33,600.00;34,000.00;33,657.49;33,540.00;100.00;0,3;234,138.00;7,880,496,720.00
2023-07-21;BCOLOMBIA;33,600.00;33,600.00;33,526.88;33,370.00;0.00;0;106,515.00;3,571,115,150.00
2023-07-24;BCOLOMBIA;33,100.00;33,630.00;33,130.48;32,730.00;-500.00;-1,49;146,605.00;4,857,093,790.00
2023-07-25;BCOLOMBIA;33,370.00;33,400.00;33,208.35;33,100.00;270.00;0,82;298,797.00;9,922,554,950.00
2023-07-26;BCOLOMBIA;33,000.00;33,280.00;32,960.13;32,860.00;-370.00;-1,11;129,924.00;4,282,312,020.00
2023-07-27;BCOLOMBIA;33,600.00;33,600.00;32,961.78;31,000.00;600.00;1,82;127,612.00;4,206,318,920.00
2023-07-28;BCOLOMBIA;33,300.00;33,890.00;33,469.19;32,870.00;-300.00;-0,89;27,792.00;930,175,780.00
2023-07-31;BCOLOMBIA;;33,850.00;33,572.60;32,830.00;390.00;1,17;29,263.00;982,435,110.00
2023-08-01;BCOLOMBIA;33,800.00;33,800.00;33,628.27;33,470.00;420.00;1,26;122,559.00;4,121,447,500.00
2023-08-02;BCOLOMBIA;32,700.00;33,890.00;33,251.74;32,700.00;-1,100.00;-3,25;88,620.00;2,946,768,850.00
2023-08-03;BCOLOMBIA;33,490.00;33,600.00;33,327.05;32,800.00;790.00;2,42;59,472.00;1,982,026,590.00
2023-08-04;BCOLOMBIA;;33,490.00;33,483.38;33,490.00;0.00;;931.00;31,173,030.00
2023-08-08;BCOLOMBIA;32,850.00;33,440.00;33,001.48;32,850.00;-600.00;-1,79;72,924.00;2,406,599,950.00
2023-08-09;BCOLOMBIA;32,600.00;32,860.00;32,532.61;32,320.00;-250.00;-0,76;110,517.00;3,595,406,450.00
2023-08-10;BCOLOMBIA;31,700.00;32,260.00;31,728.65;31,500.00;-900.00;-2,76;106,031.00;3,364,220,340.00
2023-08-11;BCOLOMBIA;31,100.00;32,000.00;31,241.19;31,100.00;-600.00;-1,89;68,356.00;2,135,522,660.00
2023-08-14;BCOLOMBIA;31,900.00;31,900.00;31,675.54;31,100.00;800.00;2,57;45,792.00;1,450,486,360.00
2023-08-15;BCOLOMBIA;30,800.00;31,700.00;31,220.43;30,800.00;-1,100.00;-3,45;20,621.00;643,796,480.00
2023-08-16;BCOLOMBIA;31,050.00;31,580.00;31,086.08;30,820.00;250.00;0,81;120,729.00;3,752,991,850.00
2023-08-17;BCOLOMBIA;30,940.00;31,300.00;30,943.68;30,500.00;-110.00;-0,35;118,218.00;3,658,099,730.00
2023-08-18;BCOLOMBIA;30,550.00;31,300.00;30,790.95;30,550.00;-390.00;-1,26;67,506.00;2,078,574,070.00
2023-08-22;BCOLOMBIA;29,010.00;30,900.00;29,679.18;29,010.00;-1,540.00;-5,04;172,672.00;5,124,762,850.00
2023-08-23;BCOLOMBIA;29,150.00;29,720.00;29,253.28;29,020.00;140.00;0,48;176,497.00;5,163,115,330.00
2023-08-24;BCOLOMBIA;29,200.00;29,800.00;29,352.47;29,200.00;50.00;0,17;195,245.00;5,730,923,280.00
2023-08-25;BCOLOMBIA;28,700.00;29,400.00;29,129.48;28,700.00;-500.00;-1,71;128,030.00;3,729,446,990.00
2023-08-28;BCOLOMBIA;28,300.00;29,300.00;28,919.23;28,300.00;-400.00;-1,39;101,764.00;2,942,936,960.00
2023-08-29;BCOLOMBIA;28,970.00;28,970.00;28,699.43;28,400.00;670.00;2,37;103,718.00;2,976,647,650.00
2023-08-30;BCOLOMBIA;29,500.00;29,600.00;29,496.04;29,030.00;530.00;1,83;124,669.00;3,677,242,160.00
2023-08-31;BCOLOMBIA;29,100.00;29,390.00;29,099.79;29,000.00;-400.00;-1,36;555,977.00;16,178,814,260.00
2023-09-01;BCOLOMBIA;28,700.00;29,440.00;28,961.32;28,510.00;-400.00;-1,37;73,092.00;2,116,841,030.00
2023-09-04;BCOLOMBIA;28,500.00;28,710.00;28,550.86;28,500.00;-200.00;-0,7;4,444.00;126,880,020.00
2023-09-05;BCOLOMBIA;27,240.00;28,600.00;27,651.11;27,240.00;-1,260.00;-4,42;65,835.00;1,820,410,950.00
2023-09-06;BCOLOMBIA;27,200.00;27,410.00;27,188.31;26,700.00;-40.00;-0,15;165,074.00;4,488,082,500.00
2023-09-07;BCOLOMBIA;29,000.00;29,400.00;28,456.45;27,710.00;1,800.00;6,62;76,983.00;2,190,663,160.00
2023-09-08;BCOLOMBIA;28,300.00;29,000.00;28,211.29;28,010.00;-700.00;-2,41;21,273.00;600,138,740.00
2023-09-11;BCOLOMBIA;28,300.00;28,450.00;28,063.87;27,440.00;0.00;0;38,746.00;1,087,362,830.00
2023-09-12;BCOLOMBIA;30,000.00;30,000.00;29,732.19;28,450.00;1,700.00;6,01;80,507.00;2,393,649,530.00
2023-09-13;BCOLOMBIA;30,000.00;30,860.00;30,028.56;29,980.00;0.00;0;180,752.00;5,427,722,920.00
2023-09-14;BCOLOMBIA;30,000.00;30,190.00;29,967.00;28,620.00;0.00;0;120,478.00;3,610,363,640.00
2023-09-15;BCOLOMBIA;32,990.00;32,990.00;32,262.25;29,280.00;2,990.00;9,97;2,096,475.00;67,636,997,990.00
2023-09-18;BCOLOMBIA;31,710.00;32,000.00;31,612.36;31,410.00;-1,280.00;-3,88;495,936.00;15,677,705,560.00
2023-09-19;BCOLOMBIA;31,820.00;32,000.00;31,604.67;31,300.00;110.00;0,35;112,171.00;3,545,127,100.00
2023-09-20;BCOLOMBIA;32,900.00;32,900.00;32,039.53;31,660.00;1,080.00;3,39;721,794.00;23,125,943,370.00
2023-09-21;BCOLOMBIA;32,000.00;32,000.00;31,924.93;31,430.00;-900.00;-2,74;571,621.00;18,248,957,730.00
2023-09-22;BCOLOMBIA;31,320.00;32,320.00;31,762.14;31,320.00;-680.00;-2,12;182,162.00;5,785,855,760.00
2023-09-25;BCOLOMBIA;32,000.00;32,790.00;31,724.62;31,200.00;680.00;2,17;73,588.00;2,334,551,260.00
2023-09-26;BCOLOMBIA;32,000.00;32,000.00;31,861.34;30,700.00;0.00;0;245,518.00;7,822,533,590.00
2023-09-27;BCOLOMBIA;31,000.00;31,560.00;31,274.18;31,000.00;-1,000.00;-3,12;167,018.00;5,223,351,800.00
2023-09-28;BCOLOMBIA;31,200.00;31,200.00;31,196.12;30,890.00;200.00;0,65;153,479.00;4,787,948,750.00
2023-09-29;BCOLOMBIA;30,810.00;31,100.00;31,027.95;30,800.00;-390.00;-1,25;270,909.00;8,405,750,530.00
2023-10-02;BCOLOMBIA;31,000.00;31,000.00;30,805.88;30,500.00;190.00;0,62;17,691.00;544,986,900.00
2023-10-03;BCOLOMBIA;31,500.00;31,750.00;31,422.70;30,800.00;500.00;1,61;131,850.00;4,143,082,720.00
2023-10-04;BCOLOMBIA;30,650.00;31,460.00;30,774.36;30,250.00;-850.00;-2,7;25,970.00;799,210,150.00
2023-10-05;BCOLOMBIA;29,500.00;30,210.00;29,751.72;29,500.00;-1,150.00;-3,75;58,818.00;1,749,936,540.00
2023-10-06;BCOLOMBIA;30,000.00;30,000.00;29,635.00;29,110.00;500.00;1,69;57,533.00;1,704,990,720.00
2023-10-09;BCOLOMBIA;31,390.00;31,390.00;31,162.68;30,000.00;1,390.00;4,63;15,881.00;494,894,590.00
2023-10-10;BCOLOMBIA;31,200.00;31,480.00;31,214.11;30,920.00;-190.00;-0,61;128,294.00;4,004,583,300.00
2023-10-11;BCOLOMBIA;30,200.00;30,500.00;30,260.78;30,040.00;-1,000.00;-3,21;95,879.00;2,901,373,200.00
2023-10-12;BCOLOMBIA;30,200.00;30,390.00;30,162.19;29,930.00;0.00;0;55,765.00;1,681,994,720.00
2023-10-13;BCOLOMBIA;30,480.00;30,800.00;30,495.48;30,390.00;280.00;0,93;32,749.00;998,696,410.00
2023-10-17;BCOLOMBIA;30,310.00;30,980.00;30,391.65;30,290.00;-170.00;-0,56;112,037.00;3,404,989,810.00
2023-10-18;BCOLOMBIA;31,790.00;31,790.00;31,285.27;30,110.00;1,480.00;4,88;60,474.00;1,891,945,400.00
2023-10-19;BCOLOMBIA;30,850.00;32,300.00;31,497.80;30,690.00;-940.00;-2,96;77,953.00;2,455,347,620.00
2023-10-20;BCOLOMBIA;29,900.00;31,410.00;30,674.62;29,900.00;-950.00;-3,08;166,473.00;5,106,495,330.00
2023-10-23;BCOLOMBIA;29,740.00;30,300.00;29,864.82;29,340.00;-160.00;-0,54;76,158.00;2,274,445,050.00
2023-10-24;BCOLOMBIA;29,530.00;30,240.00;29,884.06;29,530.00;-210.00;-0,71;71,420.00;2,134,319,460.00
2023-10-25;BCOLOMBIA;29,620.00;29,950.00;29,670.92;29,600.00;90.00;0,3;68,615.00;2,035,870,370.00
2023-10-26;BCOLOMBIA;28,510.00;29,780.00;28,781.39;28,510.00;-1,110.00;-3,75;101,641.00;2,925,369,540.00
2023-10-27;BCOLOMBIA;29,230.00;29,340.00;29,149.27;28,670.00;720.00;2,53;29,731.00;866,636,970.00
2023-10-30;BCOLOMBIA;29,350.00;29,650.00;29,353.33;29,240.00;120.00;0,41;28,540.00;837,744,120.00
2023-10-31;BCOLOMBIA;29,350.00;29,690.00;29,366.04;29,240.00;0.00;0;36,451.00;1,070,421,440.00
2023-11-01;BCOLOMBIA;28,060.00;29,790.00;28,533.43;28,060.00;-1,290.00;-4,4;91,972.00;2,624,276,320.00
2023-11-02;BCOLOMBIA;28,990.00;29,000.00;28,646.94;28,400.00;930.00;3,31;93,008.00;2,664,394,530.00
2023-11-03;BCOLOMBIA;30,000.00;30,000.00;29,826.12;29,320.00;1,010.00;3,48;51,978.00;1,550,302,180.00
2023-11-07;BCOLOMBIA;30,850.00;30,850.00;30,069.03;29,780.00;850.00;2,83;315,806.00;9,495,979,650.00
2023-11-08;BCOLOMBIA;30,780.00;30,780.00;30,689.08;30,460.00;-80.00;-0,26;74,218.00;2,277,682,340.00
2023-11-09;BCOLOMBIA;30,800.00;31,100.00;30,834.39;30,700.00;20.00;0,06;108,004.00;3,330,237,240.00
2023-11-10;BCOLOMBIA;30,700.00;30,880.00;30,703.29;30,360.00;-100.00;-0,32;51,282.00;1,574,525,960.00
2023-11-14;BCOLOMBIA;30,500.00;30,700.00;30,652.21;30,500.00;-200.00;-0,65;33,248.00;1,019,124,660.00
2023-11-15;BCOLOMBIA;30,700.00;30,700.00;30,592.89;30,400.00;200.00;0,66;73,794.00;2,257,571,680.00
2023-11-16;BCOLOMBIA;30,180.00;30,300.00;30,229.47;30,180.00;-520.00;-1,69;131,991.00;3,990,017,440.00
2023-11-17;BCOLOMBIA;30,200.00;30,400.00;30,213.91;30,100.00;20.00;0,07;55,757.00;1,684,637,040.00
2023-11-20;BCOLOMBIA;30,000.00;30,400.00;30,106.83;30,000.00;-200.00;-0,66;47,294.00;1,423,872,380.00
2023-11-21;BCOLOMBIA;30,000.00;30,280.00;29,983.88;29,600.00;0.00;0;33,987.00;1,019,062,140.00
2023-11-22;BCOLOMBIA;30,200.00;30,300.00;30,087.76;29,620.00;200.00;0,67;91,316.00;2,747,493,440.00
2023-11-23;BCOLOMBIA;29,600.00;30,220.00;29,759.22;29,600.00;-600.00;-1,99;11,174.00;332,529,520.00
2023-11-24;BCOLOMBIA;29,640.00;29,700.00;29,684.48;29,620.00;40.00;0,14;6,239.00;185,201,440.00
2023-11-27;BCOLOMBIA;30,200.00;30,200.00;29,968.56;29,600.00;560.00;1,89;41,246.00;1,236,083,060.00
2023-11-28;BCOLOMBIA;30,200.00;30,500.00;30,240.77;30,200.00;0.00;0;119,309.00;3,607,996,380.00
2023-11-29;BCOLOMBIA;30,220.00;30,340.00;30,245.31;30,000.00;20.00;0,07;129,001.00;3,901,675,400.00
2023-11-30;BCOLOMBIA;31,720.00;31,720.00;31,578.14;30,100.00;1,500.00;4,96;411,738.00;13,001,921,040.00
2023-12-01;BCOLOMBIA;31,400.00;31,600.00;31,291.86;31,000.00;-320.00;-1,01;62,533.00;1,956,774,140.00
2023-12-04;BCOLOMBIA;32,620.00;32,620.00;31,906.68;30,800.00;1,220.00;3,89;161,699.00;5,159,279,040.00
2023-12-05;BCOLOMBIA;31,800.00;32,660.00;32,100.02;31,800.00;-820.00;-2,51;100,223.00;3,217,159,960.00
2023-12-06;BCOLOMBIA;30,520.00;31,900.00;30,760.22;30,520.00;-1,280.00;-4,03;68,929.00;2,120,271,060.00
2023-12-07;BCOLOMBIA;31,980.00;31,980.00;31,191.79;30,400.00;1,460.00;4,78;121,516.00;3,790,301,300.00
2023-12-11;BCOLOMBIA;30,900.00;31,500.00;31,128.70;30,740.00;-1,080.00;-3,38;74,021.00;2,304,177,480.00
2023-12-12;BCOLOMBIA;31,240.00;31,240.00;31,036.73;30,860.00;340.00;1,1;25,724.00;798,388,740.00
2023-12-13;BCOLOMBIA;32,000.00;32,000.00;31,347.88;31,000.00;760.00;2,43;135,564.00;4,249,643,580.00
2023-12-14;BCOLOMBIA;31,900.00;32,460.00;31,905.74;31,860.00;-100.00;-0,31;221,089.00;7,054,008,680.00
2023-12-15;BCOLOMBIA;31,800.00;31,920.00;31,747.44;31,200.00;-100.00;-0,31;706,198.00;22,419,978,480.00
2023-12-18;BCOLOMBIA;32,500.00;32,500.00;32,107.44;31,780.00;700.00;2,2;79,504.00;2,552,669,620.00
2023-12-19;BCOLOMBIA;31,980.00;32,500.00;32,050.84;31,860.00;-520.00;-1,6;109,817.00;3,519,727,540.00
2023-12-20;BCOLOMBIA;31,800.00;32,440.00;31,945.94;31,660.00;-180.00;-0,56;200,978.00;6,420,431,360.00
2023-12-21;BCOLOMBIA;32,300.00;32,300.00;32,057.99;31,540.00;500.00;1,57;137,914.00;4,421,245,440.00
2023-12-22;BCOLOMBIA;32,200.00;32,300.00;32,064.05;31,640.00;-100.00;-0,31;46,846.00;1,502,072,620.00
2023-12-26;BCOLOMBIA;32,300.00;32,300.00;32,164.87;31,860.00;100.00;0,31;62,788.00;2,019,568,020.00
2023-12-27;BCOLOMBIA;32,900.00;32,900.00;32,836.21;32,280.00;600.00;1,86;127,932.00;4,200,801,960.00
2023-12-28;BCOLOMBIA;33,200.00;33,200.00;33,094.97;32,800.00;300.00;0,91;63,783.00;2,110,896,360.00
2023-01-02;BCOLOMBIA;41,500.00;42,000.00;41,659.78;41,500.00;-1,000.00;-2,35;2,917.00;121,521,580.00
2023-01-03;BCOLOMBIA;41,400.00;41,540.00;41,497.05;41,400.00;-100.00;-0,24;61,995.00;2,572,609,850.00
2023-01-04;BCOLOMBIA;42,000.00;42,990.00;41,956.60;41,570.00;600.00;1,45;338,049.00;14,183,387,400.00
2023-01-05;BCOLOMBIA;42,750.00;42,790.00;42,515.02;41,500.00;750.00;1,79;360,537.00;15,328,237,910.00
2023-01-06;BCOLOMBIA;42,100.00;42,750.00;42,222.66;42,100.00;-650.00;-1,52;145,115.00;6,127,141,760.00
2023-01-10;BCOLOMBIA;43,050.00;43,830.00;43,031.71;42,010.00;950.00;2,26;328,741.00;14,146,286,700.00
2023-01-11;BCOLOMBIA;44,000.00;44,000.00;43,170.80;42,700.00;950.00;2,21;162,124.00;6,999,023,210.00
2023-01-12;BCOLOMBIA;43,490.00;44,000.00;43,551.67;43,170.00;-510.00;-1,16;131,403.00;5,722,819,860.00
2023-01-13;BCOLOMBIA;43,480.00;43,490.00;43,135.83;42,520.00;-10.00;-0,02;76,896.00;3,316,972,990.00
2023-01-16;BCOLOMBIA;43,000.00;43,200.00;43,013.87;42,800.00;-480.00;-1,1;40,455.00;1,740,125,970.00
2023-01-17;BCOLOMBIA;42,980.00;43,090.00;42,843.34;42,700.00;-20.00;-0,05;347,672.00;14,895,430,060.00
2023-01-18;BCOLOMBIA;42,980.00;43,200.00;42,934.07;42,500.00;0.00;0;115,774.00;4,970,649,130.00
2023-01-19;BCOLOMBIA;42,800.00;42,980.00;42,805.40;42,700.00;-180.00;-0,42;146,932.00;6,289,482,830.00
2023-01-20;BCOLOMBIA;43,490.00;43,490.00;43,266.08;42,800.00;690.00;1,61;68,604.00;2,968,226,160.00
2023-01-23;BCOLOMBIA;43,090.00;43,490.00;43,161.52;42,910.00;-400.00;-0,92;18,856.00;813,853,640.00
2023-01-24;BCOLOMBIA;42,000.00;42,900.00;42,535.31;42,000.00;-1,090.00;-2,53;95,736.00;4,072,160,140.00
2023-01-25;BCOLOMBIA;42,080.00;42,410.00;42,094.94;41,880.00;80.00;0,19;134,066.00;5,643,500,050.00
2023-01-26;BCOLOMBIA;41,920.00;42,590.00;42,039.39;41,740.00;-160.00;-0,38;166,167.00;6,985,559,560.00
2023-01-27;BCOLOMBIA;42,100.00;42,500.00;41,380.93;40,730.00;180.00;0,43;123,730.00;5,120,062,200.00
2023-01-30;BCOLOMBIA;41,900.00;42,320.00;41,748.80;40,880.00;-200.00;-0,48;287,670.00;12,009,878,420.00
2023-01-31;BCOLOMBIA;41,990.00;42,200.00;41,933.07;40,800.00;90.00;0,21;370,552.00;15,538,381,490.00
2023-02-01;BCOLOMBIA;41,800.00;42,180.00;41,764.81;41,270.00;-190.00;-0,45;225,780.00;9,429,657,870.00
2023-02-02;BCOLOMBIA;42,000.00;42,000.00;41,869.55;40,710.00;200.00;0,48;187,772.00;7,861,929,980.00
2023-02-03;BCOLOMBIA;41,760.00;42,180.00;41,766.08;41,330.00;-240.00;-0,57;191,021.00;7,978,198,470.00
2023-02-06;BCOLOMBIA;41,800.00;41,860.00;41,791.39;41,650.00;40.00;0,1;72,125.00;3,014,204,210.00
2023-02-07;BCOLOMBIA;41,800.00;41,880.00;41,755.19;41,440.00;0.00;0;220,844.00;9,221,384,210.00
2023-02-08;BCOLOMBIA;41,600.00;41,900.00;41,576.11;41,270.00;-200.00;-0,48;81,977.00;3,408,285,000.00
2023-02-09;BCOLOMBIA;41,390.00;41,600.00;41,287.41;40,790.00;-210.00;-0,5;57,721.00;2,383,150,510.00
2023-02-10;BCOLOMBIA;40,500.00;41,450.00;40,594.03;40,500.00;-890.00;-2,15;31,501.00;1,278,752,570.00
2023-02-13;BCOLOMBIA;40,000.00;40,670.00;40,111.70;38,700.00;-500.00;-1,23;1,791,700.00;71,868,127,130.00
2023-02-14;BCOLOMBIA;38,230.00;39,260.00;38,761.33;38,230.00;-1,770.00;-4,42;109,565.00;4,246,885,430.00
2023-02-15;BCOLOMBIA;38,000.00;38,300.00;37,615.90;36,620.00;-230.00;-0,6;199,794.00;7,515,430,540.00
2023-02-16;BCOLOMBIA;39,400.00;39,400.00;38,032.93;36,020.00;1,400.00;3,68;486,796.00;18,514,277,430.00
2023-02-17;BCOLOMBIA;39,400.00;39,400.00;39,028.58;38,420.00;0.00;0;47,359.00;1,848,354,310.00
2023-02-20;BCOLOMBIA;39,370.00;39,370.00;39,242.84;38,840.00;-30.00;-0,08;5,224.00;205,004,620.00
2023-02-21;BCOLOMBIA;38,800.00;39,790.00;38,812.29;37,150.00;-570.00;-1,45;57,098.00;2,216,104,140.00
2023-02-22;BCOLOMBIA;38,700.00;38,940.00;38,695.70;38,500.00;-100.00;-0,26;199,824.00;7,732,329,860.00
2023-02-23;BCOLOMBIA;37,100.00;39,000.00;38,262.88;37,100.00;-1,600.00;-4,13;251,445.00;9,621,009,040.00
2023-02-24;BCOLOMBIA;37,000.00;38,000.00;36,919.64;36,100.00;-100.00;-0,27;45,363.00;1,674,785,840.00
2023-02-27;BCOLOMBIA;37,480.00;37,900.00;37,372.20;36,310.00;480.00;1,3;100,023.00;3,738,079,930.00
2023-02-28;BCOLOMBIA;35,900.00;37,920.00;35,985.96;35,900.00;-1,580.00;-4,22;1,150,921.00;41,416,997,620.00
2023-03-01;BCOLOMBIA;36,450.00;37,000.00;36,492.22;36,300.00;550.00;1,53;63,197.00;2,306,198,880.00
2023-03-02;BCOLOMBIA;36,550.00;37,450.00;36,705.80;36,550.00;100.00;0,27;79,190.00;2,906,732,140.00
2023-03-03;BCOLOMBIA;37,140.00;38,000.00;37,551.35;36,900.00;590.00;1,61;175,863.00;6,603,893,610.00
2023-03-06;BCOLOMBIA;37,900.00;38,100.00;37,927.03;37,850.00;760.00;2,05;190,359.00;7,219,751,940.00
2023-03-07;BCOLOMBIA;38,680.00;38,950.00;38,632.96;37,900.00;780.00;2,06;155,386.00;6,003,020,950.00
2023-03-08;BCOLOMBIA;39,000.00;39,000.00;38,961.22;38,250.00;320.00;0,83;86,527.00;3,371,197,810.00
2023-03-09;BCOLOMBIA;38,100.00;38,500.00;38,118.61;37,730.00;-900.00;-2,31;45,772.00;1,744,765,120.00
2023-03-10;BCOLOMBIA;36,500.00;38,700.00;37,186.45;36,500.00;-1,600.00;-4,2;95,408.00;3,547,884,920.00
2023-03-13;BCOLOMBIA;34,110.00;35,700.00;34,968.36;34,110.00;-2,390.00;-6,55;120,575.00;4,216,310,570.00
2023-03-14;BCOLOMBIA;34,100.00;35,500.00;34,777.27;34,100.00;-10.00;-0,03;220,381.00;7,664,248,940.00
2023-03-15;BCOLOMBIA;31,460.00;34,000.00;31,979.88;31,460.00;-2,640.00;-7,74;186,013.00;5,948,673,950.00
2023-03-16;BCOLOMBIA;31,010.00;32,700.00;31,746.16;31,010.00;-450.00;-1,43;253,277.00;8,040,571,290.00
2023-03-17;BCOLOMBIA;31,400.00;31,740.00;31,341.69;30,480.00;390.00;1,26;894,210.00;28,026,055,060.00
2023-03-21;BCOLOMBIA;32,400.00;33,450.00;32,481.26;32,010.00;1,000.00;3,18;106,336.00;3,453,927,710.00
2023-03-22;BCOLOMBIA;32,900.00;33,290.00;33,000.09;32,890.00;500.00;1,54;94,025.00;3,102,833,190.00
2023-03-23;BCOLOMBIA;32,840.00;33,210.00;32,845.76;32,200.00;-60.00;-0,18;157,873.00;5,185,458,980.00
2023-03-24;BCOLOMBIA;34,000.00;34,000.00;33,857.04;32,930.00;1,160.00;3,53;39,770.00;1,346,494,330.00
2023-03-27;BCOLOMBIA;33,760.00;34,410.00;33,944.06;33,750.00;-240.00;-0,71;94,281.00;3,200,279,740.00
2023-03-28;BCOLOMBIA;32,250.00;33,760.00;32,547.00;32,200.00;-1,510.00;-4,47;168,816.00;5,494,454,240.00
2023-03-29;BCOLOMBIA;32,800.00;33,000.00;32,720.72;32,560.00;550.00;1,71;124,717.00;4,080,830,140.00
2023-03-30;BCOLOMBIA;33,700.00;33,870.00;33,695.80;33,520.00;900.00;2,74;35,311.00;1,189,832,350.00
2023-03-31;BCOLOMBIA;34,990.00;34,990.00;34,518.45;33,910.00;1,290.00;3,83;195,780.00;6,758,021,630.00
2023-04-03;BCOLOMBIA;35,000.00;35,200.00;34,975.13;34,600.00;10.00;0,03;23,859.00;834,471,720.00
2023-04-04;BCOLOMBIA;34,900.00;35,200.00;34,966.43;34,900.00;-100.00;-0,29;78,340.00;2,739,270,020.00
2023-04-05;BCOLOMBIA;35,300.00;35,300.00;34,989.94;34,090.00;400.00;1,15;267,755.00;9,368,732,100.00
2023-04-10;BCOLOMBIA;35,980.00;35,980.00;35,483.75;35,220.00;680.00;1,93;103,130.00;3,659,439,580.00
2023-04-11;BCOLOMBIA;37,000.00;37,000.00;36,361.92;35,500.00;1,020.00;2,83;200,750.00;7,299,654,840.00
2023-04-12;BCOLOMBIA;37,980.00;37,980.00;37,807.36;37,200.00;980.00;2,65;102,032.00;3,857,560,410.00
2023-04-13;BCOLOMBIA;37,400.00;37,760.00;37,315.14;37,030.00;-580.00;-1,53;131,662.00;4,912,986,190.00
2023-04-14;BCOLOMBIA;39,170.00;39,170.00;38,025.65;37,400.00;1,770.00;4,73;101,293.00;3,851,732,030.00
2023-04-17;BCOLOMBIA;39,510.00;39,600.00;39,364.60;38,360.00;340.00;0,87;223,114.00;8,782,793,520.00
2023-04-18;BCOLOMBIA;39,200.00;39,800.00;39,392.86;39,150.00;-310.00;-0,78;703,042.00;27,694,836,750.00
2023-04-19;BCOLOMBIA;38,980.00;39,400.00;39,200.70;38,980.00;-220.00;-0,56;181,559.00;7,117,239,210.00
2023-04-20;BCOLOMBIA;38,880.00;39,200.00;38,862.07;38,710.00;-100.00;-0,26;117,368.00;4,561,162,950.00
2023-04-21;BCOLOMBIA;38,650.00;38,840.00;38,633.49;38,140.00;-230.00;-0,59;29,925.00;1,156,107,200.00
2023-04-24;BCOLOMBIA;38,700.00;38,810.00;38,640.33;38,220.00;50.00;0,13;80,880.00;3,125,230,090.00
2023-04-25;BCOLOMBIA;38,300.00;38,500.00;37,898.29;36,700.00;-400.00;-1,03;40,861.00;1,548,562,130.00
2023-04-26;BCOLOMBIA;37,000.00;38,200.00;37,149.48;36,500.00;-1,300.00;-3,39;148,337.00;5,510,642,240.00
2023-04-27;BCOLOMBIA;35,110.00;36,710.00;35,301.06;35,110.00;-1,890.00;-5,11;38,295.00;1,351,854,080.00
2023-04-28;BCOLOMBIA;36,000.00;36,000.00;35,785.90;35,000.00;890.00;2,53;148,049.00;5,298,067,230.00
2023-05-02;BCOLOMBIA;34,800.00;35,780.00;34,870.60;34,400.00;-1,200.00;-3,33;65,235.00;2,274,783,720.00
2023-05-03;BCOLOMBIA;34,800.00;35,890.00;35,174.40;34,800.00;0.00;0;68,196.00;2,398,753,580.00
2023-05-04;BCOLOMBIA;35,000.00;35,530.00;34,960.61;34,610.00;200.00;0,57;148,952.00;5,207,452,530.00
2023-05-05;BCOLOMBIA;35,000.00;35,390.00;35,060.13;34,960.00;0.00;0;172,145.00;6,035,426,820.00
2023-05-08;BCOLOMBIA;34,320.00;35,000.00;34,649.31;34,120.00;-680.00;-1,94;27,690.00;959,439,310.00
2023-05-09;BCOLOMBIA;34,600.00;34,600.00;34,535.22;34,300.00;280.00;0,82;30,411.00;1,050,250,570.00
2023-05-10;BCOLOMBIA;34,370.00;34,650.00;34,394.58;34,370.00;-230.00;-0,66;54,391.00;1,870,755,720.00
2023-05-11;BCOLOMBIA;33,670.00;34,740.00;34,009.77;33,670.00;-700.00;-2,04;929,701.00;31,618,918,010.00
2023-05-12;BCOLOMBIA;33,200.00;34,150.00;33,797.89;33,200.00;-470.00;-1,4;365,737.00;12,361,137,800.00
2023-05-15;BCOLOMBIA;32,240.00;33,820.00;33,189.21;32,240.00;-960.00;-2,89;164,257.00;5,451,559,900.00
2023-05-16;BCOLOMBIA;32,010.00;32,670.00;32,533.25;32,010.00;-230.00;-0,71;263,791.00;8,581,977,880.00
2023-05-17;BCOLOMBIA;31,900.00;32,550.00;32,128.36;31,900.00;-110.00;-0,34;176,171.00;5,660,084,680.00
2023-05-18;BCOLOMBIA;32,600.00;32,600.00;31,907.24;31,500.00;700.00;2,19;147,700.00;4,712,699,200.00
2023-05-19;BCOLOMBIA;31,530.00;33,190.00;31,866.52;31,530.00;-1,070.00;-3,28;119,245.00;3,799,923,520.00
2023-05-23;BCOLOMBIA;31,530.00;32,460.00;31,931.09;31,530.00;0.00;0;381,718.00;12,188,670,350.00
2023-05-24;BCOLOMBIA;31,460.00;31,690.00;31,537.14;31,300.00;-70.00;-0,22;60,554.00;1,909,699,950.00
2023-05-25;BCOLOMBIA;29,500.00;31,000.00;29,321.09;28,580.00;-1,960.00;-6,23;191,242.00;5,607,423,120.00
2023-05-26;BCOLOMBIA;29,460.00;30,300.00;29,553.25;29,420.00;-40.00;-0,14;57,625.00;1,703,005,970.00
2023-05-29;BCOLOMBIA;29,380.00;29,780.00;29,388.89;29,380.00;-80.00;-0,27;534,908.00;15,720,352,570.00
2023-05-30;BCOLOMBIA;27,990.00;29,300.00;28,407.13;27,990.00;-1,390.00;-4,73;122,731.00;3,486,435,000.00
2023-05-31;BCOLOMBIA;27,800.00;28,850.00;27,829.42;27,800.00;-190.00;-0,68;887,804.00;24,707,074,540.00
2023-06-01;BCOLOMBIA;28,800.00;29,480.00;28,399.06;28,000.00;1,000.00;3,6;418,482.00;11,884,495,000.00
2023-06-02;BCOLOMBIA;30,600.00;30,980.00;30,392.41;29,560.00;1,800.00;6,25;226,658.00;6,888,681,970.00
2023-06-05;BCOLOMBIA;31,400.00;31,990.00;31,368.76;31,280.00;800.00;2,61;183,759.00;5,764,291,830.00
2023-06-06;BCOLOMBIA;33,200.00;33,700.00;33,060.06;31,700.00;1,800.00;5,73;106,487.00;3,520,467,110.00
2023-06-07;BCOLOMBIA;35,000.00;35,000.00;34,014.53;33,300.00;1,800.00;5,42;406,409.00;13,823,809,550.00
2023-06-08;BCOLOMBIA;33,850.00;34,940.00;33,915.28;33,690.00;-1,150.00;-3,29;61,145.00;2,073,749,730.00
2023-06-09;BCOLOMBIA;33,190.00;33,830.00;32,918.48;32,560.00;-660.00;-1,95;121,544.00;4,001,043,180.00
2023-06-13;BCOLOMBIA;33,390.00;33,680.00;33,261.65;33,000.00;200.00;0,6;87,650.00;2,915,383,970.00
2023-06-14;BCOLOMBIA;32,900.00;33,400.00;33,008.55;32,900.00;-490.00;-1,47;140,833.00;4,648,692,660.00
2023-06-15;BCOLOMBIA;32,410.00;32,910.00;32,594.78;32,410.00;-490.00;-1,49;124,502.00;4,058,114,790.00
2023-06-16;BCOLOMBIA;32,240.00;33,250.00;32,249.10;31,550.00;-170.00;-0,52;366,496.00;11,819,165,060.00
2023-06-20;BCOLOMBIA;31,460.00;32,950.00;31,430.90;30,700.00;-780.00;-2,42;107,515.00;3,379,293,070.00
2023-06-21;BCOLOMBIA;31,100.00;31,570.00;31,255.50;31,100.00;-360.00;-1,14;45,712.00;1,428,751,600.00
2023-06-22;BCOLOMBIA;30,980.00;31,890.00;31,066.38;30,630.00;-120.00;-0,39;66,551.00;2,067,498,750.00
2023-06-23;BCOLOMBIA;31,040.00;31,350.00;30,938.75;30,090.00;60.00;0,19;37,081.00;1,147,239,880.00
2023-06-26;BCOLOMBIA;30,880.00;31,700.00;30,996.84;30,880.00;-160.00;-0,52;54,303.00;1,683,221,650.00
2023-06-27;BCOLOMBIA;30,430.00;30,430.00;30,013.12;29,800.00;-450.00;-1,46;164,050.00;4,923,652,210.00
2023-06-28;BCOLOMBIA;29,920.00;30,690.00;30,213.08;29,920.00;-510.00;-1,68;61,578.00;1,860,461,180.00
2023-06-29;BCOLOMBIA;30,470.00;30,790.00;30,359.89;30,300.00;550.00;1,84;425,622.00;12,921,835,360.00
2023-06-30;BCOLOMBIA;31,000.00;31,010.00;30,742.40;30,320.00;530.00;1,74;410,573.00;12,621,998,720.00
2022-07-01;BCOLOMBIA;34,100.00;34,650.00;34,008.21;33,740.00;560.00;1,67;742,286.00;25,243,815,090.00
2022-07-05;BCOLOMBIA;35,000.00;35,330.00;34,891.40;34,000.00;900.00;2,64;503,843.00;17,579,787,820.00
2022-07-06;BCOLOMBIA;35,000.00;35,710.00;34,991.55;34,500.00;0.00;0;401,925.00;14,063,978,260.00
2022-07-07;BCOLOMBIA;35,280.00;35,330.00;35,025.15;34,510.00;280.00;0,8;84,953.00;2,975,491,250.00
2022-07-08;BCOLOMBIA;35,490.00;35,680.00;35,379.42;34,610.00;210.00;0,6;41,241.00;1,459,082,850.00
2022-07-11;BCOLOMBIA;34,990.00;35,500.00;34,930.21;34,600.00;-500.00;-1,41;127,825.00;4,464,954,600.00
2022-07-12;BCOLOMBIA;35,300.00;35,700.00;35,305.93;34,640.00;310.00;0,89;157,861.00;5,573,429,210.00
2022-07-13;BCOLOMBIA;33,630.00;35,100.00;34,214.94;33,630.00;-1,670.00;-4,73;53,800.00;1,840,763,930.00
2022-07-14;BCOLOMBIA;33,000.00;33,680.00;32,545.89;31,600.00;-630.00;-1,87;189,363.00;6,162,986,910.00
2022-07-15;BCOLOMBIA;33,380.00;33,380.00;32,530.99;31,910.00;380.00;1,15;112,730.00;3,667,218,750.00
2022-07-18;BCOLOMBIA;34,500.00;34,600.00;34,207.18;32,000.00;1,120.00;3,36;87,668.00;2,998,875,100.00
2022-07-19;BCOLOMBIA;35,000.00;35,000.00;34,596.69;34,000.00;500.00;1,45;140,708.00;4,868,031,440.00
2022-07-21;BCOLOMBIA;35,000.00;35,000.00;34,801.18;34,280.00;0.00;0;135,308.00;4,708,877,700.00
2022-07-22;BCOLOMBIA;35,330.00;35,500.00;35,285.86;35,000.00;330.00;0,94;313,391.00;11,058,271,260.00
2022-07-25;BCOLOMBIA;34,520.00;35,350.00;35,084.39;34,520.00;-810.00;-2,29;35,374.00;1,241,075,350.00
2022-07-26;BCOLOMBIA;35,680.00;35,680.00;35,454.47;34,600.00;1,160.00;3,36;27,362.00;970,105,290.00
2022-07-27;BCOLOMBIA;35,890.00;35,900.00;35,868.26;35,500.00;210.00;0,59;34,860.00;1,250,367,370.00
2022-07-28;BCOLOMBIA;38,000.00;38,000.00;36,799.99;35,750.00;2,110.00;5,88;76,241.00;2,805,667,960.00
2022-07-29;BCOLOMBIA;35,990.00;37,660.00;36,370.22;35,990.00;-2,010.00;-5,29;161,309.00;5,866,843,630.00
2022-08-01;BCOLOMBIA;34,790.00;35,030.00;34,800.26;34,420.00;-1,200.00;-3,33;137,313.00;4,778,527,920.00
2022-08-02;BCOLOMBIA;34,790.00;35,200.00;34,825.22;34,500.00;0.00;0;232,106.00;8,083,143,430.00
2022-08-03;BCOLOMBIA;34,880.00;35,690.00;34,891.82;34,550.00;90.00;0,26;176,169.00;6,146,856,160.00
2022-08-04;BCOLOMBIA;36,700.00;36,700.00;35,159.36;35,000.00;1,820.00;5,22;406,958.00;14,308,383,750.00
2022-08-05;BCOLOMBIA;37,000.00;37,000.00;36,600.69;35,830.00;300.00;0,82;54,190.00;1,983,391,400.00
2022-08-08;BCOLOMBIA;37,980.00;37,980.00;37,489.37;36,650.00;980.00;2,65;127,273.00;4,771,384,740.00
2022-08-09;BCOLOMBIA;37,500.00;39,630.00;37,549.98;37,220.00;-480.00;-1,26;150,898.00;5,666,217,510.00
2022-08-10;BCOLOMBIA;37,700.00;38,300.00;37,672.22;37,140.00;200.00;0,53;153,345.00;5,776,846,500.00
2022-08-11;BCOLOMBIA;38,090.00;38,090.00;37,896.76;37,600.00;390.00;1,03;152,706.00;5,787,063,360.00
2022-08-12;BCOLOMBIA;39,900.00;39,900.00;39,020.69;38,090.00;1,810.00;4,75;154,254.00;6,019,097,250.00
2022-08-16;BCOLOMBIA;39,600.00;40,380.00;39,811.31;39,450.00;-300.00;-0,75;414,063.00;16,484,392,150.00
2022-08-17;BCOLOMBIA;39,000.00;39,490.00;39,002.92;38,540.00;-600.00;-1,52;61,333.00;2,392,165,910.00
2022-08-18;BCOLOMBIA;38,950.00;39,000.00;38,713.85;38,500.00;-50.00;-0,13;79,014.00;3,058,935,810.00
2022-08-19;BCOLOMBIA;38,000.00;38,500.00;38,040.30;38,000.00;-950.00;-2,44;90,628.00;3,447,516,570.00
2022-08-22;BCOLOMBIA;36,820.00;37,990.00;36,924.04;36,430.00;-1,180.00;-3,11;63,455.00;2,343,015,020.00
2022-08-23;BCOLOMBIA;36,500.00;37,290.00;36,801.69;36,120.00;-320.00;-0,87;196,546.00;7,233,224,060.00
2022-08-24;BCOLOMBIA;36,500.00;37,390.00;36,598.04;35,560.00;0.00;0;87,514.00;3,202,840,830.00
2022-08-25;BCOLOMBIA;37,800.00;37,970.00;36,957.12;34,000.00;1,300.00;3,56;141,406.00;5,225,959,210.00
2022-08-26;BCOLOMBIA;37,950.00;37,950.00;37,341.15;37,030.00;150.00;0,4;128,755.00;4,807,860,370.00
2022-08-29;BCOLOMBIA;37,050.00;37,550.00;36,994.18;36,710.00;-900.00;-2,37;168,804.00;6,244,765,220.00
2022-08-30;BCOLOMBIA;36,980.00;37,000.00;36,076.19;35,550.00;-70.00;-0,19;176,957.00;6,383,933,600.00
2022-08-31;BCOLOMBIA;34,200.00;35,760.00;34,549.25;34,200.00;-2,780.00;-7,52;1,182,136.00;40,841,906,800.00
2022-09-01;BCOLOMBIA;33,900.00;34,500.00;34,185.07;33,900.00;-300.00;-0,88;196,776.00;6,726,800,780.00
2022-09-02;BCOLOMBIA;34,200.00;34,900.00;34,414.92;34,100.00;300.00;0,88;91,197.00;3,138,537,760.00
2022-09-05;BCOLOMBIA;34,400.00;34,780.00;34,453.21;34,250.00;200.00;0,58;10,324.00;355,694,910.00
2022-09-06;BCOLOMBIA;34,000.00;34,370.00;33,932.44;33,200.00;-400.00;-1,16;86,701.00;2,941,976,780.00
2022-09-07;BCOLOMBIA;32,830.00;33,800.00;33,143.88;32,800.00;-1,170.00;-3,44;78,752.00;2,610,146,970.00
2022-09-08;BCOLOMBIA;33,000.00;33,320.00;33,083.67;32,750.00;170.00;0,52;232,274.00;7,684,476,130.00
2022-09-09;BCOLOMBIA;33,510.00;33,950.00;33,743.26;33,290.00;510.00;1,55;80,402.00;2,713,025,300.00
2022-09-12;BCOLOMBIA;33,730.00;34,290.00;33,896.15;33,630.00;220.00;0,66;110,973.00;3,761,557,910.00
2022-09-13;BCOLOMBIA;33,990.00;34,650.00;34,219.45;33,990.00;260.00;0,77;153,093.00;5,238,757,650.00
2022-09-14;BCOLOMBIA;33,210.00;35,000.00;33,843.35;33,210.00;-780.00;-2,29;121,517.00;4,112,542,170.00
2022-09-15;BCOLOMBIA;33,260.00;33,500.00;33,296.93;33,210.00;50.00;0,15;35,120.00;1,169,388,010.00
2022-09-16;BCOLOMBIA;33,900.00;33,900.00;33,871.06;32,960.00;640.00;1,92;437,652.00;14,823,737,550.00
2022-09-19;BCOLOMBIA;33,240.00;34,200.00;33,842.23;33,240.00;-660.00;-1,95;98,503.00;3,333,560,950.00
2022-09-20;BCOLOMBIA;33,100.00;34,200.00;33,797.49;33,100.00;-140.00;-0,42;111,588.00;3,771,393,840.00
2022-09-21;BCOLOMBIA;34,200.00;36,000.00;34,388.56;33,900.00;1,100.00;3,32;468,033.00;16,094,983,100.00
2022-09-22;BCOLOMBIA;34,940.00;34,940.00;34,436.63;34,300.00;740.00;2,16;243,474.00;8,384,424,280.00
2022-09-23;BCOLOMBIA;33,110.00;34,900.00;33,883.52;33,110.00;-1,830.00;-5,24;37,115.00;1,257,586,750.00
2022-09-26;BCOLOMBIA;30,970.00;33,100.00;31,244.20;30,970.00;-2,140.00;-6,46;53,197.00;1,662,097,540.00
2022-09-27;BCOLOMBIA;32,240.00;33,750.00;32,133.31;31,500.00;1,270.00;4,1;59,249.00;1,903,866,230.00
2022-09-28;BCOLOMBIA;31,770.00;32,240.00;31,752.09;31,100.00;-470.00;-1,46;80,702.00;2,562,457,320.00
2022-09-29;BCOLOMBIA;31,880.00;32,240.00;31,787.19;29,000.00;110.00;0,35;72,723.00;2,311,659,930.00
2022-09-30;BCOLOMBIA;31,100.00;32,250.00;31,287.77;31,100.00;-780.00;-2,45;160,884.00;5,033,702,330.00
2022-10-03;BCOLOMBIA;32,680.00;32,740.00;32,196.83;31,510.00;1,580.00;5,08;82,115.00;2,643,842,470.00
2022-10-04;BCOLOMBIA;34,490.00;34,890.00;34,043.20;33,590.00;1,810.00;5,54;25,195.00;857,718,530.00
2022-10-05;BCOLOMBIA;34,560.00;34,560.00;34,410.95;33,200.00;70.00;0,2;42,914.00;1,476,711,600.00
2022-10-06;BCOLOMBIA;34,890.00;35,000.00;34,792.49;34,210.00;330.00;0,95;45,653.00;1,588,381,680.00
2022-10-07;BCOLOMBIA;35,500.00;35,500.00;34,778.37;34,000.00;610.00;1,75;66,670.00;2,318,673,600.00
2022-10-10;BCOLOMBIA;34,280.00;35,480.00;35,001.00;34,280.00;-1,220.00;-3,44;48,600.00;1,701,048,560.00
2022-10-11;BCOLOMBIA;34,200.00;34,420.00;34,301.80;34,200.00;-80.00;-0,23;15,268.00;523,719,940.00
2022-10-12;BCOLOMBIA;34,200.00;34,350.00;34,223.24;33,520.00;0.00;0;53,771.00;1,840,217,610.00
2022-10-13;BCOLOMBIA;33,720.00;34,500.00;33,978.25;33,720.00;-480.00;-1,4;75,001.00;2,548,402,860.00
2022-10-14;BCOLOMBIA;34,000.00;34,560.00;34,252.52;34,000.00;280.00;0,83;100,408.00;3,439,227,210.00
2022-10-18;BCOLOMBIA;35,500.00;35,500.00;34,827.59;34,130.00;1,500.00;4,41;73,407.00;2,556,588,880.00
2022-10-19;BCOLOMBIA;34,460.00;35,040.00;34,676.53;34,050.00;-1,040.00;-2,93;125,926.00;4,366,676,550.00
2022-10-20;BCOLOMBIA;34,450.00;35,000.00;34,426.51;34,000.00;-10.00;-0,03;63,487.00;2,185,635,830.00
2022-10-21;BCOLOMBIA;35,080.00;35,080.00;34,489.97;34,200.00;630.00;1,83;61,939.00;2,136,274,370.00
2022-10-24;BCOLOMBIA;32,780.00;35,370.00;33,376.23;32,780.00;-2,300.00;-6,56;73,781.00;2,462,531,850.00
2022-10-25;BCOLOMBIA;34,500.00;34,500.00;33,830.74;32,900.00;1,720.00;5,25;133,653.00;4,521,579,660.00
2022-10-26;BCOLOMBIA;34,010.00;34,500.00;34,207.03;33,700.00;-490.00;-1,42;123,119.00;4,211,535,520.00
2022-10-27;BCOLOMBIA;34,790.00;34,790.00;34,280.09;33,900.00;780.00;2,29;102,528.00;3,514,668,680.00
2022-10-28;BCOLOMBIA;34,900.00;35,200.00;34,845.34;34,260.00;110.00;0,32;42,929.00;1,495,875,500.00
2022-10-31;BCOLOMBIA;35,500.00;35,500.00;35,251.43;34,600.00;600.00;1,72;170,269.00;6,002,225,540.00
2022-11-01;BCOLOMBIA;35,900.00;35,900.00;35,719.07;35,100.00;400.00;1,13;49,953.00;1,784,274,630.00
2022-11-02;BCOLOMBIA;37,390.00;37,480.00;36,714.96;35,800.00;1,490.00;4,15;90,156.00;3,310,073,800.00
2022-11-03;BCOLOMBIA;36,000.00;36,570.00;36,152.48;35,810.00;-1,390.00;-3,72;95,441.00;3,450,428,840.00
2022-11-04;BCOLOMBIA;36,840.00;36,900.00;36,330.30;35,560.00;840.00;2,33;108,187.00;3,930,465,970.00
2022-11-08;BCOLOMBIA;37,500.00;37,500.00;37,373.11;36,430.00;660.00;1,79;108,629.00;4,059,804,090.00
2022-11-09;BCOLOMBIA;39,000.00;39,000.00;38,645.79;36,950.00;1,500.00;4;164,049.00;6,339,803,510.00
2022-11-10;BCOLOMBIA;39,700.00;39,700.00;38,978.28;36,500.00;700.00;1,79;40,020.00;1,559,910,650.00
2022-11-11;BCOLOMBIA;40,500.00;40,500.00;39,702.88;37,200.00;800.00;2,02;81,811.00;3,248,132,440.00
2022-11-15;BCOLOMBIA;41,000.00;41,400.00;40,469.92;39,400.00;500.00;1,23;243,524.00;9,855,397,580.00
2022-11-16;BCOLOMBIA;41,220.00;41,490.00;41,093.14;41,000.00;220.00;0,54;123,180.00;5,061,852,730.00
2022-11-17;BCOLOMBIA;41,800.00;41,800.00;41,249.13;39,200.00;580.00;1,41;240,637.00;9,926,066,770.00
2022-11-18;BCOLOMBIA;41,500.00;41,500.00;41,088.63;40,510.00;-300.00;-0,72;140,962.00;5,791,935,470.00
2022-11-21;BCOLOMBIA;41,200.00;41,780.00;41,091.73;40,600.00;-300.00;-0,72;211,706.00;8,699,365,230.00
2022-11-22;BCOLOMBIA;41,700.00;41,700.00;41,612.45;40,050.00;500.00;1,21;66,303.00;2,759,030,250.00
2022-11-23;BCOLOMBIA;41,600.00;41,690.00;41,318.47;40,930.00;-100.00;-0,24;148,584.00;6,139,264,110.00
2022-11-24;BCOLOMBIA;41,400.00;41,700.00;41,441.56;41,020.00;-200.00;-0,48;13,949.00;578,068,280.00
2022-11-25;BCOLOMBIA;41,900.00;41,900.00;41,061.95;40,600.00;500.00;1,21;205,469.00;8,436,957,050.00
2022-11-28;BCOLOMBIA;40,880.00;41,070.00;40,847.90;40,500.00;-1,020.00;-2,43;187,997.00;7,679,282,570.00
2022-11-29;BCOLOMBIA;40,700.00;41,400.00;40,817.77;40,510.00;-180.00;-0,44;199,420.00;8,139,878,720.00
2022-11-30;BCOLOMBIA;40,000.00;41,230.00;40,007.39;39,360.00;-700.00;-1,72;1,714,388.00;68,588,195,400.00
2022-12-01;BCOLOMBIA;38,400.00;40,000.00;39,792.48;38,400.00;-1,600.00;-4;345,913.00;13,764,736,310.00
2022-12-02;BCOLOMBIA;40,000.00;40,000.00;39,272.38;38,200.00;1,600.00;4,17;155,233.00;6,096,368,720.00
2022-12-05;BCOLOMBIA;40,000.00;40,010.00;39,619.82;38,280.00;0.00;0;58,671.00;2,324,534,290.00
2022-12-06;BCOLOMBIA;40,160.00;40,790.00;40,181.60;38,900.00;160.00;0,4;140,446.00;5,643,345,440.00
2022-12-07;BCOLOMBIA;39,200.00;40,440.00;39,451.07;39,200.00;-960.00;-2,39;131,715.00;5,196,298,220.00
2022-12-09;BCOLOMBIA;39,980.00;40,000.00;39,977.56;39,070.00;780.00;1,99;138,962.00;5,555,361,760.00
2022-12-12;BCOLOMBIA;40,000.00;40,020.00;39,985.55;39,660.00;20.00;0,05;106,492.00;4,258,141,400.00
2022-12-13;BCOLOMBIA;40,400.00;40,400.00;40,032.58;39,320.00;400.00;1;725,523.00;29,044,556,760.00
2022-12-14;BCOLOMBIA;40,400.00;40,490.00;40,128.39;39,650.00;0.00;0;88,613.00;3,555,896,940.00
2022-12-15;BCOLOMBIA;41,400.00;41,400.00;40,996.82;40,370.00;1,000.00;2,48;59,528.00;2,440,458,490.00
2022-12-16;BCOLOMBIA;42,000.00;42,780.00;41,978.98;41,070.00;600.00;1,45;988,378.00;41,491,097,470.00
2022-12-19;BCOLOMBIA;42,420.00;42,420.00;41,533.27;39,700.00;420.00;1;125,066.00;5,194,399,530.00
2022-12-20;BCOLOMBIA;41,200.00;42,420.00;41,297.74;41,000.00;-1,220.00;-2,88;331,891.00;13,706,349,560.00
2022-12-21;BCOLOMBIA;41,100.00;41,820.00;41,270.13;41,100.00;-100.00;-0,24;328,114.00;13,541,306,390.00
2022-12-22;BCOLOMBIA;39,820.00;41,490.00;39,941.97;39,820.00;-1,280.00;-3,11;84,979.00;3,394,228,570.00
2022-12-23;BCOLOMBIA;41,100.00;41,100.00;40,941.82;40,400.00;1,280.00;3,21;110,908.00;4,540,775,090.00
2022-12-26;BCOLOMBIA;40,410.00;41,100.00;41,043.58;40,410.00;-690.00;-1,68;59,656.00;2,448,495,820.00
2022-12-27;BCOLOMBIA;40,410.00;40,500.00;40,175.71;40,000.00;0.00;0;227,466.00;9,138,607,750.00
2022-12-28;BCOLOMBIA;41,440.00;41,440.00;40,968.67;40,100.00;1,030.00;2,55;26,197.00;1,073,256,190.00
2022-12-29;BCOLOMBIA;42,500.00;42,500.00;41,656.60;41,010.00;1,060.00;2,56;726,182.00;30,250,273,180.00
2022-01-03;BCOLOMBIA;34,500.00;34,600.00;34,366.16;34,000.00;-200.00;-0,58;8,348.00;286,888,700.00
2022-01-04;BCOLOMBIA;34,840.00;34,840.00;34,673.66;34,490.00;340.00;0,99;34,987.00;1,213,127,450.00
2022-01-05;BCOLOMBIA;34,000.00;34,800.00;34,084.95;33,810.00;-840.00;-2,41;31,620.00;1,077,766,170.00
2022-01-06;BCOLOMBIA;33,860.00;33,860.00;32,673.99;31,800.00;-140.00;-0,41;53,670.00;1,753,613,110.00
2022-01-07;BCOLOMBIA;34,200.00;34,200.00;33,946.02;33,500.00;340.00;1;25,317.00;859,411,320.00
2022-01-11;BCOLOMBIA;34,800.00;34,800.00;34,401.06;33,310.00;600.00;1,75;133,625.00;4,596,842,210.00
2022-01-12;BCOLOMBIA;35,380.00;35,380.00;35,073.21;34,850.00;580.00;1,67;288,535.00;10,119,847,850.00
2022-01-13;BCOLOMBIA;37,600.00;37,880.00;36,639.93;35,300.00;2,220.00;6,27;494,868.00;18,131,926,650.00
2022-01-14;BCOLOMBIA;36,480.00;37,400.00;36,447.75;36,000.00;-1,120.00;-2,98;950,324.00;34,637,176,050.00
2022-01-17;BCOLOMBIA;38,310.00;38,810.00;38,388.80;37,000.00;1,830.00;5,02;930,247.00;35,711,061,560.00
2022-01-18;BCOLOMBIA;42,050.00;42,500.00;41,460.29;38,600.00;3,740.00;9,76;1,765,915.00;73,215,352,210.00
2022-01-19;BCOLOMBIA;42,200.00;42,820.00;41,732.94;41,030.00;150.00;0,36;1,032,037.00;43,069,935,040.00
2022-01-20;BCOLOMBIA;40,300.00;42,000.00;40,804.07;40,080.00;-1,900.00;-4,5;129,712.00;5,292,777,190.00
2022-01-21;BCOLOMBIA;38,850.00;40,200.00;39,190.50;38,820.00;-1,450.00;-3,6;530,934.00;20,807,568,840.00
2022-01-24;BCOLOMBIA;40,000.00;40,000.00;39,007.84;37,770.00;1,150.00;2,96;106,699.00;4,162,097,150.00
2022-01-25;BCOLOMBIA;39,800.00;39,990.00;39,599.51;39,100.00;-200.00;-0,5;249,517.00;9,880,750,030.00
2022-01-26;BCOLOMBIA;39,000.00;40,490.00;39,401.97;39,000.00;-800.00;-2,01;72,982.00;2,875,634,310.00
2022-01-27;BCOLOMBIA;39,100.00;39,500.00;39,161.86;38,900.00;100.00;0,26;75,387.00;2,952,294,980.00
2022-01-28;BCOLOMBIA;39,610.00;40,200.00;39,719.58;39,020.00;510.00;1,3;163,917.00;6,510,713,990.00
2022-01-31;BCOLOMBIA;39,500.00;40,630.00;39,688.45;39,500.00;-110.00;-0,28;145,052.00;5,756,889,400.00
2022-02-01;BCOLOMBIA;39,010.00;40,190.00;39,408.42;38,800.00;-490.00;-1,24;163,990.00;6,462,587,600.00
2022-02-02;BCOLOMBIA;39,200.00;39,470.00;39,097.45;38,900.00;190.00;0,49;373,651.00;14,608,801,350.00
2022-02-03;BCOLOMBIA;39,000.00;39,100.00;38,889.67;36,340.00;-200.00;-0,51;133,889.00;5,206,898,390.00
2022-02-04;BCOLOMBIA;38,990.00;39,220.00;39,014.09;38,850.00;-10.00;-0,03;145,497.00;5,676,433,080.00
2022-02-07;BCOLOMBIA;38,900.00;40,000.00;39,311.45;38,900.00;-90.00;-0,23;105,203.00;4,135,682,060.00
2022-02-08;BCOLOMBIA;37,830.00;39,110.00;38,144.09;37,780.00;-1,070.00;-2,75;89,717.00;3,422,173,270.00
2022-02-09;BCOLOMBIA;37,970.00;38,250.00;37,883.92;37,500.00;140.00;0,37;82,708.00;3,133,303,360.00
2022-02-10;BCOLOMBIA;36,380.00;38,050.00;37,067.79;36,330.00;-1,590.00;-4,19;324,357.00;12,023,196,980.00
2022-02-11;BCOLOMBIA;36,700.00;36,880.00;36,649.44;36,250.00;320.00;0,88;382,612.00;14,022,515,060.00
2022-02-14;BCOLOMBIA;37,500.00;37,690.00;37,498.15;36,010.00;800.00;2,18;273,689.00;10,262,832,110.00
2022-02-15;BCOLOMBIA;37,990.00;37,990.00;37,555.40;36,010.00;490.00;1,31;203,618.00;7,646,955,030.00
2022-02-16;BCOLOMBIA;38,120.00;38,700.00;38,100.75;37,900.00;130.00;0,34;258,556.00;9,851,178,510.00
2022-02-17;BCOLOMBIA;37,920.00;37,920.00;37,664.34;37,270.00;-200.00;-0,52;125,900.00;4,741,940,690.00
2022-02-18;BCOLOMBIA;37,060.00;37,990.00;37,318.17;36,600.00;-860.00;-2,27;129,822.00;4,844,719,990.00
2022-02-21;BCOLOMBIA;37,290.00;37,680.00;37,302.28;36,890.00;230.00;0,62;32,996.00;1,230,826,040.00
2022-02-22;BCOLOMBIA;36,900.00;37,760.00;37,048.44;36,900.00;-390.00;-1,05;89,904.00;3,330,802,700.00
2022-02-23;BCOLOMBIA;38,570.00;38,680.00;38,335.12;37,860.00;1,670.00;4,53;586,068.00;22,466,989,570.00
2022-02-24;BCOLOMBIA;38,990.00;38,990.00;38,121.95;37,100.00;420.00;1,09;309,987.00;11,817,308,400.00
2022-02-25;BCOLOMBIA;39,240.00;39,470.00;39,138.52;38,600.00;250.00;0,64;454,285.00;17,780,042,270.00
2022-02-28;BCOLOMBIA;39,040.00;40,300.00;39,269.17;39,040.00;-200.00;-0,51;385,999.00;15,157,859,480.00
2022-03-01;BCOLOMBIA;39,890.00;39,950.00;39,434.07;39,040.00;850.00;2,18;326,165.00;12,862,013,480.00
2022-03-02;BCOLOMBIA;39,850.00;40,500.00;39,835.99;39,530.00;-40.00;-0,1;99,596.00;3,967,504,890.00
2022-03-03;BCOLOMBIA;39,990.00;40,340.00;39,980.29;39,570.00;140.00;0,35;312,980.00;12,513,032,690.00
2022-03-04;BCOLOMBIA;40,000.00;40,200.00;39,809.25;39,460.00;10.00;0,03;191,932.00;7,640,668,820.00
2022-03-07;BCOLOMBIA;39,600.00;40,000.00;39,600.38;39,480.00;-400.00;-1;120,236.00;4,761,391,510.00
2022-03-08;BCOLOMBIA;39,000.00;39,950.00;39,267.28;39,000.00;-600.00;-1,52;66,710.00;2,619,520,270.00
2022-03-09;BCOLOMBIA;39,080.00;39,700.00;39,176.12;38,940.00;80.00;0,21;139,843.00;5,478,506,260.00
2022-03-10;BCOLOMBIA;39,300.00;39,400.00;39,016.69;38,620.00;220.00;0,56;199,159.00;7,770,525,140.00
2022-03-11;BCOLOMBIA;39,180.00;39,510.00;39,281.77;38,850.00;-120.00;-0,31;111,433.00;4,377,285,780.00
2022-03-14;BCOLOMBIA;38,310.00;39,180.00;38,822.22;38,250.00;-870.00;-2,22;156,747.00;6,085,266,240.00
2022-03-15;BCOLOMBIA;38,200.00;38,750.00;38,369.08;38,200.00;-110.00;-0,29;84,668.00;3,248,632,960.00
2022-03-16;BCOLOMBIA;38,850.00;38,850.00;38,536.66;38,100.00;650.00;1,7;166,888.00;6,431,305,720.00
2022-03-17;BCOLOMBIA;39,100.00;39,350.00;39,021.83;38,910.00;250.00;0,64;170,803.00;6,665,045,030.00
2022-03-18;BCOLOMBIA;39,670.00;39,700.00;39,634.52;38,250.00;570.00;1,46;1,174,366.00;46,545,431,100.00
2022-03-22;BCOLOMBIA;40,200.00;40,350.00;40,136.25;39,700.00;530.00;1,34;398,529.00;15,995,461,400.00
2022-03-23;BCOLOMBIA;41,500.00;41,500.00;41,045.53;40,380.00;1,300.00;3,23;409,720.00;16,817,172,820.00
2022-03-24;BCOLOMBIA;41,900.00;41,990.00;41,825.68;41,530.00;400.00;0,96;186,117.00;7,784,469,480.00
2022-03-25;BCOLOMBIA;42,240.00;42,350.00;42,125.68;41,800.00;340.00;0,81;289,982.00;12,215,689,540.00
2022-03-28;BCOLOMBIA;42,300.00;42,300.00;42,128.23;41,000.00;60.00;0,14;95,472.00;4,022,066,150.00
2022-03-29;BCOLOMBIA;42,360.00;42,370.00;42,278.33;42,000.00;60.00;0,14;97,571.00;4,125,138,550.00
2022-03-30;BCOLOMBIA;41,800.00;42,360.00;41,886.69;41,600.00;-560.00;-1,32;135,932.00;5,693,741,800.00
2022-03-31;BCOLOMBIA;43,380.00;43,380.00;42,746.31;42,000.00;1,580.00;3,78;161,602.00;6,907,889,720.00
2022-04-01;BCOLOMBIA;43,610.00;43,680.00;43,445.99;42,480.00;230.00;0,53;213,173.00;9,261,511,700.00
2022-04-04;BCOLOMBIA;43,400.00;43,600.00;43,424.26;43,300.00;-210.00;-0,48;54,836.00;2,381,212,640.00
2022-04-05;BCOLOMBIA;43,800.00;44,000.00;43,611.55;42,540.00;400.00;0,92;26,098.00;1,138,174,110.00
2022-04-06;BCOLOMBIA;43,380.00;43,800.00;43,267.68;42,740.00;-420.00;-0,96;219,762.00;9,508,590,950.00
2022-04-07;BCOLOMBIA;43,800.00;43,800.00;43,087.04;42,510.00;420.00;0,97;242,777.00;10,460,542,070.00
2022-04-08;BCOLOMBIA;42,550.00;43,800.00;43,153.87;42,550.00;-1,250.00;-2,85;264,279.00;11,404,661,330.00
2022-04-11;BCOLOMBIA;43,800.00;43,800.00;43,396.61;42,550.00;1,250.00;2,94;63,569.00;2,758,678,990.00
2022-04-12;BCOLOMBIA;42,790.00;44,000.00;43,367.91;42,790.00;-1,010.00;-2,31;192,357.00;8,342,120,570.00
2022-04-13;BCOLOMBIA;43,700.00;43,700.00;43,180.05;42,820.00;910.00;2,13;207,916.00;8,977,822,720.00
2022-04-18;BCOLOMBIA;43,250.00;43,800.00;43,418.53;43,250.00;-450.00;-1,03;75,384.00;3,273,062,510.00
2022-04-19;BCOLOMBIA;43,000.00;43,690.00;43,091.75;42,700.00;-250.00;-0,58;231,194.00;9,962,554,230.00
2022-04-20;BCOLOMBIA;44,500.00;44,500.00;43,838.03;42,950.00;1,500.00;3,49;222,831.00;9,768,471,100.00
2022-04-21;BCOLOMBIA;43,000.00;44,320.00;43,305.75;43,000.00;-1,500.00;-3,37;183,629.00;7,952,192,430.00
2022-04-22;BCOLOMBIA;43,300.00;44,500.00;43,269.86;43,000.00;300.00;0,7;358,639.00;15,518,257,840.00
2022-04-25;BCOLOMBIA;41,000.00;42,550.00;41,401.34;41,000.00;-2,300.00;-5,31;322,528.00;13,353,090,840.00
2022-04-26;BCOLOMBIA;40,900.00;42,220.00;41,318.12;40,900.00;-100.00;-0,24;361,110.00;14,920,387,360.00
2022-04-27;BCOLOMBIA;41,900.00;42,400.00;41,875.06;41,300.00;1,000.00;2,44;83,583.00;3,500,042,910.00
2022-04-28;BCOLOMBIA;42,000.00;43,400.00;41,915.09;41,490.00;100.00;0,24;89,147.00;3,736,604,760.00
2022-04-29;BCOLOMBIA;38,820.00;42,560.00;39,461.78;38,820.00;-3,180.00;-7,57;74,976.00;2,958,686,230.00
2022-05-02;BCOLOMBIA;41,150.00;42,480.00;40,898.93;40,500.00;2,330.00;6;132,292.00;5,410,601,390.00
2022-05-03;BCOLOMBIA;41,990.00;42,000.00;41,787.39;41,150.00;840.00;2,04;135,723.00;5,671,510,300.00
2022-05-04;BCOLOMBIA;42,100.00;42,420.00;42,033.25;41,000.00;110.00;0,26;119,432.00;5,020,115,070.00
2022-05-05;BCOLOMBIA;41,340.00;42,100.00;41,642.95;41,340.00;-760.00;-1,81;142,200.00;5,921,627,730.00
2022-05-06;BCOLOMBIA;39,800.00;41,500.00;40,788.12;39,800.00;-1,540.00;-3,73;187,462.00;7,646,223,030.00
2022-05-09;BCOLOMBIA;39,150.00;40,900.00;39,499.18;39,110.00;-650.00;-1,63;77,515.00;3,061,778,860.00
2022-05-10;BCOLOMBIA;39,500.00;40,090.00;39,796.06;39,010.00;350.00;0,89;344,690.00;13,717,303,150.00
2022-05-11;BCOLOMBIA;39,100.00;40,100.00;39,653.50;39,100.00;-400.00;-1,01;339,282.00;13,453,719,990.00
2022-05-12;BCOLOMBIA;39,030.00;39,740.00;39,305.80;39,000.00;-70.00;-0,18;1,228,681.00;48,294,284,160.00
2022-05-13;BCOLOMBIA;39,160.00;39,960.00;39,475.01;39,010.00;130.00;0,33;455,830.00;17,993,893,040.00
2022-05-16;BCOLOMBIA;38,330.00;39,840.00;39,041.82;38,330.00;-830.00;-2,12;324,333.00;12,662,551,520.00
2022-05-17;BCOLOMBIA;38,630.00;39,180.00;38,748.73;38,330.00;300.00;0,78;186,275.00;7,217,919,360.00
2022-05-18;BCOLOMBIA;37,300.00;38,630.00;37,795.94;37,270.00;-1,330.00;-3,44;331,872.00;12,543,415,620.00
2022-05-19;BCOLOMBIA;35,000.00;37,330.00;35,938.26;35,000.00;-2,300.00;-6,17;664,243.00;23,871,737,680.00
2022-05-20;BCOLOMBIA;38,500.00;38,500.00;37,383.32;36,000.00;3,500.00;10;604,119.00;22,583,976,250.00
2022-05-23;BCOLOMBIA;39,420.00;39,420.00;39,199.90;38,700.00;920.00;2,39;264,735.00;10,377,584,570.00
2022-05-24;BCOLOMBIA;40,920.00;40,920.00;40,098.94;39,140.00;1,500.00;3,81;277,272.00;11,118,312,000.00
2022-05-25;BCOLOMBIA;41,190.00;42,190.00;41,758.35;40,970.00;270.00;0,66;237,528.00;9,918,777,620.00
2022-05-26;BCOLOMBIA;41,990.00;42,420.00;42,179.28;41,440.00;800.00;1,94;224,716.00;9,478,358,430.00
2022-05-27;BCOLOMBIA;43,950.00;44,000.00;43,271.24;41,110.00;1,960.00;4,67;337,873.00;14,620,184,120.00
2022-05-31;BCOLOMBIA;45,320.00;45,700.00;45,257.80;43,950.00;1,370.00;3,12;3,873,377.00;175,300,523,590.00
2022-06-01;BCOLOMBIA;43,540.00;45,600.00;45,017.56;43,540.00;-1,780.00;-3,93;312,718.00;14,077,800,370.00
2022-06-02;BCOLOMBIA;43,830.00;44,400.00;43,910.69;43,640.00;290.00;0,67;113,908.00;5,001,778,310.00
2022-06-03;BCOLOMBIA;43,090.00;44,000.00;43,467.04;43,090.00;-740.00;-1,69;63,436.00;2,757,375,150.00
2022-06-06;BCOLOMBIA;44,000.00;44,000.00;43,477.55;43,200.00;910.00;2,11;170,323.00;7,405,226,670.00
2022-06-07;BCOLOMBIA;42,800.00;44,000.00;42,943.44;42,800.00;-1,200.00;-2,73;126,821.00;5,446,129,820.00
2022-06-08;BCOLOMBIA;42,280.00;42,790.00;42,287.88;41,910.00;-520.00;-1,21;140,675.00;5,948,847,550.00
2022-06-09;BCOLOMBIA;42,650.00;42,730.00;42,465.54;42,190.00;370.00;0,88;110,667.00;4,699,533,660.00
2022-06-10;BCOLOMBIA;43,500.00;43,500.00;43,007.66;42,310.00;850.00;1,99;193,298.00;8,313,293,830.00
2022-06-13;BCOLOMBIA;40,200.00;43,170.00;40,941.10;40,200.00;-3,300.00;-7,59;102,908.00;4,213,166,860.00
2022-06-14;BCOLOMBIA;41,900.00;41,900.00;41,495.02;40,000.00;1,700.00;4,23;144,381.00;5,991,092,250.00
2022-06-15;BCOLOMBIA;40,920.00;42,400.00;41,403.78;40,920.00;-980.00;-2,34;146,848.00;6,080,062,060.00
2022-06-16;BCOLOMBIA;40,500.00;41,130.00;40,667.47;40,080.00;-420.00;-1,03;99,773.00;4,057,515,780.00
2022-06-17;BCOLOMBIA;39,600.00;40,900.00;39,701.17;39,600.00;-900.00;-2,22;1,057,603.00;41,988,079,870.00
2022-06-21;BCOLOMBIA;38,500.00;39,000.00;37,806.29;36,780.00;-1,100.00;-2,78;97,571.00;3,688,797,930.00
2022-06-22;BCOLOMBIA;37,800.00;39,500.00;38,481.49;37,800.00;-700.00;-1,82;179,818.00;6,919,664,920.00
2022-06-23;BCOLOMBIA;37,000.00;37,940.00;37,089.23;36,900.00;-800.00;-2,12;189,276.00;7,020,101,030.00
2022-06-24;BCOLOMBIA;37,000.00;37,690.00;37,282.64;37,000.00;0.00;0;358,513.00;13,366,311,440.00
2022-06-28;BCOLOMBIA;36,400.00;37,480.00;36,503.01;36,320.00;-600.00;-1,62;192,870.00;7,040,336,220.00
2022-06-29;BCOLOMBIA;35,050.00;36,400.00;35,315.92;34,990.00;-1,350.00;-3,71;934,792.00;33,013,040,180.00
2022-06-30;BCOLOMBIA;33,540.00;35,690.00;34,277.43;33,540.00;-1,510.00;-4,31;679,069.00;23,276,741,130.00
2021-07-01;BCOLOMBIA;26,080.00;26,800.00;26,217.29;26,070.00;-320.00;-1,21;186,550.00;4,890,835,590.00
2021-07-02;BCOLOMBIA;27,500.00;27,500.00;26,606.60;25,700.00;1,420.00;5,44;163,660.00;4,354,436,050.00
2021-07-06;BCOLOMBIA;27,010.00;27,710.00;27,229.52;27,000.00;-490.00;-1,78;69,027.00;1,879,572,400.00
2021-07-07;BCOLOMBIA;27,600.00;27,840.00;27,586.74;26,760.00;590.00;2,18;73,510.00;2,027,901,020.00
2021-07-08;BCOLOMBIA;27,610.00;27,990.00;27,741.14;27,500.00;10.00;0,04;192,883.00;5,350,794,030.00
2021-07-09;BCOLOMBIA;28,100.00;28,280.00;28,101.43;27,710.00;490.00;1,77;275,817.00;7,750,851,020.00
2021-07-12;BCOLOMBIA;28,180.00;28,450.00;28,185.52;27,650.00;80.00;0,28;286,248.00;8,068,049,040.00
2021-07-13;BCOLOMBIA;28,070.00;28,390.00;28,071.81;27,860.00;-110.00;-0,39;61,072.00;1,714,401,620.00
2021-07-14;BCOLOMBIA;28,100.00;28,200.00;28,020.27;27,730.00;30.00;0,11;71,801.00;2,011,883,110.00
2021-07-15;BCOLOMBIA;28,000.00;28,280.00;28,005.21;27,750.00;-100.00;-0,36;123,305.00;3,453,182,630.00
2021-07-16;BCOLOMBIA;27,990.00;28,150.00;28,016.65;27,870.00;-10.00;-0,04;92,615.00;2,594,761,620.00
2021-07-19;BCOLOMBIA;27,200.00;27,920.00;27,285.21;27,200.00;-790.00;-2,82;80,393.00;2,193,539,870.00
2021-07-21;BCOLOMBIA;27,820.00;28,180.00;28,001.04;27,820.00;620.00;2,28;226,018.00;6,328,739,350.00
2021-07-22;BCOLOMBIA;28,100.00;28,100.00;28,001.62;27,730.00;280.00;1,01;1,266,004.00;35,450,167,950.00
2021-07-23;BCOLOMBIA;28,270.00;28,270.00;28,215.59;28,000.00;170.00;0,6;735,548.00;20,753,923,830.00
2021-07-26;BCOLOMBIA;28,300.00;28,480.00;28,328.92;27,730.00;30.00;0,11;646,167.00;18,305,214,810.00
2021-07-27;BCOLOMBIA;28,020.00;28,400.00;28,355.75;28,020.00;-280.00;-0,99;456,099.00;12,933,029,180.00
2021-07-28;BCOLOMBIA;27,800.00;28,310.00;27,881.13;27,710.00;-220.00;-0,79;61,351.00;1,710,534,910.00
2021-07-29;BCOLOMBIA;27,720.00;28,290.00;27,775.77;27,720.00;-80.00;-0,29;59,220.00;1,644,881,040.00
2021-07-30;BCOLOMBIA;27,100.00;27,760.00;27,366.62;27,100.00;-620.00;-2,24;123,511.00;3,380,078,170.00
2021-08-02;BCOLOMBIA;27,700.00;27,850.00;27,521.52;27,220.00;600.00;2,21;49,728.00;1,368,589,900.00
2021-08-03;BCOLOMBIA;27,640.00;27,690.00;27,559.33;27,320.00;-60.00;-0,22;143,401.00;3,952,035,130.00
2021-08-04;BCOLOMBIA;28,190.00;28,190.00;27,962.43;27,570.00;550.00;1,99;149,117.00;4,169,673,250.00
2021-08-05;BCOLOMBIA;27,530.00;28,200.00;27,749.45;27,530.00;-660.00;-2,34;53,999.00;1,498,442,420.00
2021-08-06;BCOLOMBIA;27,250.00;27,630.00;27,237.34;27,000.00;-280.00;-1,02;66,022.00;1,798,263,670.00
2021-08-09;BCOLOMBIA;27,520.00;27,760.00;27,568.14;27,310.00;270.00;0,99;39,153.00;1,079,375,430.00
2021-08-10;BCOLOMBIA;27,800.00;27,950.00;27,796.55;27,520.00;280.00;1,02;59,260.00;1,647,223,290.00
2021-08-11;BCOLOMBIA;28,200.00;28,200.00;28,115.46;27,910.00;400.00;1,44;118,053.00;3,319,114,400.00
2021-08-12;BCOLOMBIA;28,990.00;29,800.00;28,918.11;28,500.00;790.00;2,8;380,247.00;10,996,025,160.00
2021-08-13;BCOLOMBIA;29,610.00;29,680.00;29,399.03;28,980.00;620.00;2,14;137,335.00;4,037,516,170.00
2021-08-17;BCOLOMBIA;30,500.00;30,500.00;30,178.86;29,400.00;890.00;3,01;204,867.00;6,182,652,010.00
2021-08-18;BCOLOMBIA;31,380.00;31,500.00;31,151.02;30,270.00;880.00;2,89;333,156.00;10,378,148,890.00
2021-08-19;BCOLOMBIA;31,600.00;31,600.00;31,346.25;30,310.00;220.00;0,7;217,356.00;6,813,295,130.00
2021-08-20;BCOLOMBIA;31,270.00;31,680.00;31,348.58;31,100.00;-330.00;-1,04;125,768.00;3,942,648,030.00
2021-08-23;BCOLOMBIA;31,480.00;31,500.00;31,449.76;31,350.00;210.00;0,67;97,134.00;3,054,840,860.00
2021-08-24;BCOLOMBIA;31,400.00;31,590.00;31,445.94;31,310.00;-80.00;-0,25;84,841.00;2,667,904,700.00
2021-08-25;BCOLOMBIA;31,330.00;31,400.00;31,225.25;30,900.00;-70.00;-0,22;86,245.00;2,693,021,420.00
2021-08-26;BCOLOMBIA;30,800.00;31,240.00;30,932.01;30,620.00;-530.00;-1,69;51,144.00;1,581,986,920.00
2021-08-27;BCOLOMBIA;31,200.00;31,200.00;31,055.51;30,920.00;400.00;1,3;83,526.00;2,593,942,640.00
2021-08-30;BCOLOMBIA;31,330.00;31,500.00;31,297.80;30,810.00;130.00;0,42;120,379.00;3,767,597,730.00
2021-08-31;BCOLOMBIA;31,070.00;31,330.00;31,087.50;31,070.00;-260.00;-0,83;511,411.00;15,898,487,490.00
2021-09-01;BCOLOMBIA;31,300.00;31,600.00;31,278.11;31,050.00;230.00;0,74;144,656.00;4,524,565,800.00
2021-09-02;BCOLOMBIA;31,200.00;31,400.00;31,264.18;31,150.00;-100.00;-0,32;74,489.00;2,328,837,760.00
2021-09-03;BCOLOMBIA;31,400.00;31,400.00;31,235.36;30,980.00;200.00;0,64;36,750.00;1,147,899,570.00
2021-09-06;BCOLOMBIA;31,260.00;31,260.00;31,224.54;31,000.00;-140.00;-0,45;19,912.00;621,743,010.00
2021-09-07;BCOLOMBIA;31,000.00;31,280.00;31,104.27;31,000.00;-260.00;-0,83;18,922.00;588,555,030.00
2021-09-08;BCOLOMBIA;31,020.00;31,080.00;30,922.91;30,800.00;20.00;0,06;174,187.00;5,386,368,590.00
2021-09-09;BCOLOMBIA;31,390.00;31,390.00;31,206.16;30,900.00;370.00;1,19;59,490.00;1,856,454,480.00
2021-09-10;BCOLOMBIA;31,290.00;31,290.00;31,259.62;31,130.00;-100.00;-0,32;16,942.00;529,600,530.00
2021-09-13;BCOLOMBIA;30,800.00;31,100.00;30,742.10;30,480.00;-490.00;-1,57;72,133.00;2,217,519,740.00
2021-09-14;BCOLOMBIA;31,000.00;31,000.00;30,857.99;30,520.00;200.00;0,65;68,796.00;2,122,906,090.00
2021-09-15;BCOLOMBIA;31,200.00;31,290.00;31,185.26;31,060.00;200.00;0,65;156,197.00;4,871,043,950.00
2021-09-16;BCOLOMBIA;31,180.00;31,180.00;31,006.45;30,900.00;-20.00;-0,06;85,609.00;2,654,431,570.00
2021-09-17;BCOLOMBIA;31,300.00;31,500.00;31,283.81;30,770.00;120.00;0,38;1,007,758.00;31,526,514,620.00
2021-09-20;BCOLOMBIA;30,900.00;31,280.00;30,973.68;30,710.00;-400.00;-1,28;69,094.00;2,140,095,410.00
2021-09-21;BCOLOMBIA;30,570.00;31,080.00;30,735.09;30,570.00;-330.00;-1,07;322,398.00;9,908,930,340.00
2021-09-22;BCOLOMBIA;30,500.00;30,760.00;30,647.75;30,500.00;-70.00;-0,23;86,912.00;2,663,657,290.00
2021-09-23;BCOLOMBIA;30,640.00;30,760.00;30,614.54;30,500.00;140.00;0,46;132,318.00;4,050,854,980.00
2021-09-24;BCOLOMBIA;30,880.00;30,880.00;30,800.63;30,400.00;240.00;0,78;56,371.00;1,736,262,300.00
2021-09-27;BCOLOMBIA;32,370.00;32,370.00;31,946.78;31,200.00;1,490.00;4,83;248,701.00;7,945,195,780.00
2021-09-28;BCOLOMBIA;32,420.00;32,490.00;32,188.66;31,700.00;50.00;0,15;170,645.00;5,492,834,470.00
2021-09-29;BCOLOMBIA;32,680.00;32,830.00;32,523.56;31,920.00;260.00;0,8;100,531.00;3,269,625,700.00
2021-09-30;BCOLOMBIA;32,960.00;32,960.00;32,810.64;32,010.00;280.00;0,86;126,963.00;4,165,737,580.00
2021-10-01;BCOLOMBIA;33,000.00;33,260.00;33,044.28;32,940.00;40.00;0,12;74,761.00;2,470,423,310.00
2021-10-04;BCOLOMBIA;33,280.00;33,290.00;33,175.29;32,950.00;280.00;0,85;76,066.00;2,523,511,690.00
2021-10-05;BCOLOMBIA;33,100.00;33,380.00;33,142.41;32,900.00;-180.00;-0,54;36,961.00;1,224,976,670.00
2021-10-06;BCOLOMBIA;33,000.00;33,000.00;32,744.11;32,320.00;-100.00;-0,3;110,698.00;3,624,707,600.00
2021-10-07;BCOLOMBIA;33,480.00;33,510.00;33,361.77;33,000.00;480.00;1,45;184,610.00;6,158,916,570.00
2021-10-08;BCOLOMBIA;33,400.00;33,780.00;33,415.57;33,260.00;-80.00;-0,24;94,030.00;3,142,066,070.00
2021-10-11;BCOLOMBIA;33,330.00;33,600.00;33,400.23;33,300.00;-70.00;-0,21;41,489.00;1,385,742,040.00
2021-10-12;BCOLOMBIA;32,520.00;32,940.00;32,765.58;32,520.00;-810.00;-2,43;58,064.00;1,902,500,890.00
2021-10-13;BCOLOMBIA;33,180.00;33,180.00;32,878.34;32,590.00;660.00;2,03;111,142.00;3,654,163,980.00
2021-10-14;BCOLOMBIA;34,380.00;34,380.00;33,997.56;33,200.00;1,200.00;3,62;227,152.00;7,722,614,100.00
2021-10-15;BCOLOMBIA;34,560.00;34,940.00;34,705.21;33,600.00;180.00;0,52;298,462.00;10,358,185,140.00
2021-10-19;BCOLOMBIA;34,130.00;34,480.00;34,217.27;34,020.00;-430.00;-1,24;89,838.00;3,074,011,390.00
2021-10-20;BCOLOMBIA;34,230.00;34,390.00;34,088.76;33,700.00;100.00;0,29;69,475.00;2,368,316,480.00
2021-10-21;BCOLOMBIA;34,040.00;34,400.00;34,059.72;33,780.00;-190.00;-0,56;115,180.00;3,922,998,070.00
2021-10-22;BCOLOMBIA;33,460.00;34,300.00;33,875.24;33,460.00;-580.00;-1,7;52,734.00;1,786,376,800.00
2021-10-25;BCOLOMBIA;34,200.00;34,200.00;34,068.89;33,510.00;740.00;2,21;59,084.00;2,012,926,210.00
2021-10-26;BCOLOMBIA;34,500.00;34,500.00;34,432.25;34,050.00;300.00;0,88;140,736.00;4,845,856,700.00
2021-10-27;BCOLOMBIA;34,450.00;34,500.00;34,426.62;33,580.00;-50.00;-0,14;117,569.00;4,047,503,360.00
2021-10-28;BCOLOMBIA;34,490.00;34,490.00;34,390.06;34,120.00;40.00;0,12;91,757.00;3,155,528,530.00
2021-10-29;BCOLOMBIA;33,680.00;34,280.00;33,696.37;33,460.00;-810.00;-2,35;243,681.00;8,211,166,310.00
2021-11-02;BCOLOMBIA;34,000.00;34,100.00;33,987.40;33,750.00;320.00;0,95;113,484.00;3,857,026,530.00
2021-11-03;BCOLOMBIA;34,000.00;34,100.00;33,996.76;33,860.00;0.00;0;142,303.00;4,837,840,750.00
2021-11-04;BCOLOMBIA;33,400.00;34,200.00;33,682.56;33,400.00;-600.00;-1,76;78,985.00;2,660,416,640.00
2021-11-05;BCOLOMBIA;33,460.00;33,800.00;33,481.41;33,280.00;60.00;0,18;116,076.00;3,886,387,870.00
2021-11-08;BCOLOMBIA;33,480.00;33,500.00;33,465.17;33,220.00;20.00;0,06;97,065.00;3,248,297,200.00
2021-11-09;BCOLOMBIA;32,880.00;33,190.00;32,897.31;32,600.00;-600.00;-1,79;197,101.00;6,484,092,890.00
2021-11-10;BCOLOMBIA;32,210.00;32,880.00;32,352.01;32,110.00;-670.00;-2,04;53,998.00;1,746,944,060.00
2021-11-11;BCOLOMBIA;32,200.00;32,790.00;32,284.05;32,130.00;-10.00;-0,03;125,731.00;4,059,106,360.00
2021-11-12;BCOLOMBIA;32,160.00;32,160.00;31,896.07;31,630.00;-40.00;-0,12;33,624.00;1,072,473,350.00
2021-11-16;BCOLOMBIA;31,100.00;31,940.00;31,249.35;31,040.00;-1,060.00;-3,3;82,534.00;2,579,133,740.00
2021-11-17;BCOLOMBIA;30,600.00;31,100.00;29,828.68;29,630.00;-500.00;-1,61;859,657.00;25,642,432,830.00
2021-11-18;BCOLOMBIA;30,900.00;31,110.00;30,848.22;30,660.00;300.00;0,98;137,326.00;4,236,263,140.00
2021-11-19;BCOLOMBIA;30,000.00;30,850.00;30,495.16;30,000.00;-900.00;-2,91;59,504.00;1,814,584,270.00
2021-11-22;BCOLOMBIA;30,290.00;31,460.00;30,604.67;30,290.00;290.00;0,97;52,026.00;1,592,238,630.00
2021-11-23;BCOLOMBIA;30,300.00;30,570.00;30,227.32;30,000.00;10.00;0,03;26,332.00;795,945,720.00
2021-11-24;BCOLOMBIA;30,500.00;30,500.00;30,310.04;30,100.00;200.00;0,66;30,213.00;915,757,340.00
2021-11-25;BCOLOMBIA;30,550.00;30,800.00;30,699.76;30,500.00;50.00;0,16;69,408.00;2,130,808,730.00
2021-11-26;BCOLOMBIA;30,050.00;30,390.00;29,976.86;29,510.00;-500.00;-1,64;91,204.00;2,734,009,550.00
2021-11-29;BCOLOMBIA;30,400.00;30,700.00;30,439.86;30,210.00;350.00;1,16;247,784.00;7,542,510,170.00
2021-11-30;BCOLOMBIA;32,370.00;32,370.00;32,123.54;30,300.00;1,970.00;6,48;669,008.00;21,490,905,330.00
2021-12-01;BCOLOMBIA;34,500.00;34,960.00;34,367.15;32,660.00;2,130.00;6,58;1,127,440.00;38,746,900,250.00
2021-12-02;BCOLOMBIA;35,880.00;35,880.00;35,065.91;34,000.00;1,380.00;4;446,521.00;15,657,662,970.00
2021-12-03;BCOLOMBIA;35,000.00;36,490.00;35,574.63;35,000.00;-880.00;-2,45;216,790.00;7,712,223,990.00
2021-12-06;BCOLOMBIA;34,510.00;35,200.00;34,808.06;34,510.00;-490.00;-1,4;183,638.00;6,392,082,080.00
2021-12-07;BCOLOMBIA;32,300.00;34,570.00;33,764.62;32,300.00;-2,210.00;-6,4;399,598.00;13,492,273,790.00
2021-12-09;BCOLOMBIA;32,600.00;33,300.00;32,415.91;30,300.00;300.00;0,93;152,735.00;4,951,044,360.00
2021-12-10;BCOLOMBIA;32,220.00;32,500.00;32,250.51;32,100.00;-380.00;-1,17;50,064.00;1,614,589,710.00
2021-12-13;BCOLOMBIA;30,900.00;33,110.00;31,267.71;30,900.00;-1,320.00;-4,1;49,126.00;1,536,057,430.00
2021-12-14;BCOLOMBIA;31,510.00;31,800.00;31,431.97;31,100.00;610.00;1,97;102,225.00;3,213,133,230.00
2021-12-15;BCOLOMBIA;32,590.00;33,320.00;32,345.76;31,710.00;1,080.00;3,43;47,246.00;1,528,207,720.00
2021-12-16;BCOLOMBIA;34,000.00;34,000.00;33,512.72;33,000.00;1,410.00;4,33;159,399.00;5,341,893,310.00
2021-12-17;BCOLOMBIA;34,160.00;34,500.00;34,096.95;32,530.00;160.00;0,47;618,986.00;21,105,534,080.00
2021-12-20;BCOLOMBIA;33,700.00;33,890.00;32,985.22;32,290.00;-460.00;-1,35;101,610.00;3,351,627,750.00
2021-12-21;BCOLOMBIA;32,500.00;33,600.00;32,759.38;32,500.00;-1,200.00;-3,56;264,249.00;8,656,632,810.00
2021-12-22;BCOLOMBIA;33,680.00;33,680.00;32,994.64;32,400.00;1,180.00;3,63;76,054.00;2,509,374,070.00
2021-12-23;BCOLOMBIA;33,000.00;33,680.00;33,172.21;33,000.00;-680.00;-2,02;107,979.00;3,581,902,170.00
2021-12-24;BCOLOMBIA;33,380.00;33,700.00;32,848.81;32,700.00;380.00;1,15;12,961.00;425,753,470.00
2021-12-27;BCOLOMBIA;32,960.00;33,260.00;33,013.54;32,500.00;-420.00;-1,26;7,806.00;257,703,730.00
2021-12-28;BCOLOMBIA;33,290.00;33,290.00;33,156.63;32,790.00;330.00;1;34,645.00;1,148,711,460.00
2021-12-29;BCOLOMBIA;34,700.00;34,700.00;34,041.42;32,700.00;1,410.00;4,24;46,846.00;1,594,704,590.00
2021-12-30;BCOLOMBIA;34,700.00;34,700.00;34,537.23;33,980.00;0.00;0;44,945.00;1,552,275,610.00
2021-01-04;BCOLOMBIA;33,500.00;34,580.00;33,898.03;33,500.00;-1,480.00;-4,23;60,031.00;2,034,932,680.00
2021-01-05;BCOLOMBIA;35,670.00;35,670.00;35,136.73;33,500.00;2,170.00;6,48;180,065.00;6,326,894,460.00
2021-01-06;BCOLOMBIA;34,100.00;34,990.00;34,351.38;34,000.00;-1,570.00;-4,4;280,542.00;9,637,005,180.00
2021-01-07;BCOLOMBIA;34,310.00;34,780.00;34,523.90;34,310.00;210.00;0,62;102,600.00;3,542,151,840.00
2021-01-08;BCOLOMBIA;35,100.00;35,100.00;34,883.42;34,010.00;790.00;2,3;218,048.00;7,606,260,000.00
2021-01-12;BCOLOMBIA;35,000.00;35,080.00;34,733.14;34,420.00;-100.00;-0,28;369,936.00;12,849,038,450.00
2021-01-13;BCOLOMBIA;34,580.00;34,900.00;34,531.66;34,220.00;-420.00;-1,2;510,979.00;17,644,953,890.00
2021-01-14;BCOLOMBIA;34,380.00;34,780.00;34,370.42;34,200.00;-200.00;-0,58;58,708.00;2,017,818,460.00
2021-01-15;BCOLOMBIA;33,100.00;34,200.00;33,540.75;33,100.00;-1,280.00;-3,72;112,700.00;3,780,043,030.00
2021-01-18;BCOLOMBIA;33,450.00;33,450.00;33,148.24;33,000.00;350.00;1,06;73,212.00;2,426,848,980.00
2021-01-19;BCOLOMBIA;32,860.00;33,670.00;33,235.98;32,800.00;-590.00;-1,76;190,653.00;6,336,538,820.00
2021-01-20;BCOLOMBIA;32,410.00;33,240.00;32,530.02;32,270.00;-450.00;-1,37;213,033.00;6,929,967,940.00
2021-01-21;BCOLOMBIA;32,150.00;33,100.00;32,340.35;31,610.00;-260.00;-0,8;179,677.00;5,810,816,640.00
2021-01-22;BCOLOMBIA;31,160.00;31,980.00;31,367.19;31,110.00;-990.00;-3,08;466,362.00;14,628,463,230.00
2021-01-25;BCOLOMBIA;30,480.00;31,460.00;30,719.97;30,350.00;-680.00;-2,18;409,314.00;12,574,114,040.00
2021-01-26;BCOLOMBIA;30,800.00;31,220.00;30,604.89;30,320.00;320.00;1,05;194,153.00;5,942,032,110.00
2021-01-27;BCOLOMBIA;30,000.00;30,650.00;30,144.03;30,000.00;-800.00;-2,6;455,427.00;13,728,405,210.00
2021-01-28;BCOLOMBIA;29,900.00;30,440.00;30,063.50;29,900.00;-100.00;-0,33;338,746.00;10,183,890,420.00
2021-01-29;BCOLOMBIA;30,600.00;31,300.00;30,630.17;29,900.00;700.00;2,34;1,585,826.00;48,574,118,380.00
2021-02-01;BCOLOMBIA;31,210.00;31,600.00;31,313.35;31,000.00;610.00;1,99;554,090.00;17,350,411,740.00
2021-02-02;BCOLOMBIA;31,610.00;31,810.00;31,675.58;31,600.00;400.00;1,28;508,557.00;16,108,837,590.00
2021-02-03;BCOLOMBIA;31,000.00;31,800.00;31,418.42;31,000.00;-610.00;-1,93;440,579.00;13,842,296,960.00
2021-02-04;BCOLOMBIA;31,000.00;31,120.00;30,920.03;30,600.00;0.00;0;333,625.00;10,315,693,540.00
2021-02-05;BCOLOMBIA;31,500.00;31,740.00;31,598.17;31,500.00;500.00;1,61;46,422.00;1,466,850,170.00
2021-02-08;BCOLOMBIA;31,650.00;32,000.00;31,778.40;31,400.00;150.00;0,48;204,265.00;6,491,214,520.00
2021-02-09;BCOLOMBIA;31,690.00;31,840.00;31,669.95;31,600.00;40.00;0,13;646,208.00;20,465,373,570.00
2021-02-10;BCOLOMBIA;31,510.00;31,900.00;31,658.46;31,450.00;-180.00;-0,57;224,967.00;7,122,109,330.00
2021-02-11;BCOLOMBIA;31,060.00;31,500.00;31,149.10;31,000.00;-450.00;-1,43;56,630.00;1,763,973,630.00
2021-02-12;BCOLOMBIA;30,850.00;31,300.00;30,872.37;30,700.00;-210.00;-0,68;244,732.00;7,555,456,580.00
2021-02-15;BCOLOMBIA;30,900.00;31,170.00;30,982.37;30,900.00;50.00;0,16;42,816.00;1,326,541,110.00
2021-02-16;BCOLOMBIA;30,900.00;31,740.00;31,115.91;30,900.00;0.00;0;224,667.00;6,990,719,080.00
2021-02-17;BCOLOMBIA;31,200.00;31,390.00;30,910.05;30,640.00;300.00;0,97;90,912.00;2,810,094,840.00
2021-02-18;BCOLOMBIA;30,890.00;31,190.00;30,878.45;30,650.00;-310.00;-0,99;130,439.00;4,027,754,440.00
2021-02-19;BCOLOMBIA;31,100.00;31,100.00;30,877.02;30,700.00;210.00;0,68;62,716.00;1,936,483,340.00
2021-02-22;BCOLOMBIA;31,000.00;31,500.00;31,033.52;30,720.00;-100.00;-0,32;86,829.00;2,694,609,080.00
2021-02-23;BCOLOMBIA;31,050.00;31,300.00;31,096.42;30,900.00;50.00;0,16;294,641.00;9,162,280,300.00
2021-02-24;BCOLOMBIA;31,800.00;31,800.00;31,458.19;30,910.00;750.00;2,42;377,705.00;11,881,915,630.00
2021-02-25;BCOLOMBIA;30,000.00;31,300.00;30,285.25;30,000.00;-1,800.00;-5,66;534,671.00;16,192,642,380.00
2021-02-26;BCOLOMBIA;31,400.00;31,400.00;30,898.78;29,490.00;1,400.00;4,67;459,813.00;14,207,660,530.00
2021-03-01;BCOLOMBIA;30,710.00;31,300.00;30,797.65;30,500.00;-690.00;-2,2;200,816.00;6,184,660,410.00
2021-03-02;BCOLOMBIA;30,450.00;30,710.00;30,520.10;30,420.00;-260.00;-0,85;39,834.00;1,215,737,600.00
2021-03-03;BCOLOMBIA;30,300.00;30,550.00;30,331.80;30,300.00;-150.00;-0,49;171,509.00;5,202,177,290.00
2021-03-04;BCOLOMBIA;30,380.00;30,500.00;30,397.53;30,150.00;80.00;0,26;74,133.00;2,253,459,770.00
2021-03-05;BCOLOMBIA;30,000.00;30,680.00;30,180.57;30,000.00;-380.00;-1,25;124,799.00;3,766,505,220.00
2021-03-08;BCOLOMBIA;29,750.00;30,010.00;29,846.80;29,620.00;-250.00;-0,83;57,929.00;1,728,995,320.00
2021-03-09;BCOLOMBIA;30,170.00;30,170.00;29,995.20;29,490.00;420.00;1,41;120,278.00;3,607,762,670.00
2021-03-10;BCOLOMBIA;30,140.00;30,300.00;30,146.45;30,000.00;-30.00;-0,1;169,982.00;5,124,354,220.00
2021-03-11;BCOLOMBIA;30,160.00;30,500.00;30,309.76;30,110.00;20.00;0,07;91,954.00;2,787,103,310.00
2021-03-12;BCOLOMBIA;30,520.00;30,520.00;30,343.69;30,100.00;360.00;1,19;46,708.00;1,417,293,290.00
2021-03-15;BCOLOMBIA;30,400.00;30,810.00;30,455.02;30,190.00;-120.00;-0,39;141,429.00;4,307,223,140.00
2021-03-16;BCOLOMBIA;30,040.00;30,500.00;30,241.36;30,040.00;-360.00;-1,18;89,921.00;2,719,333,270.00
2021-03-17;BCOLOMBIA;29,700.00;30,760.00;30,186.58;29,700.00;-340.00;-1,13;565,796.00;17,079,446,180.00
2021-03-18;BCOLOMBIA;29,800.00;30,090.00;29,767.48;29,500.00;100.00;0,34;71,280.00;2,121,826,020.00
2021-03-19;BCOLOMBIA;29,200.00;30,050.00;29,431.03;29,200.00;-600.00;-2,01;960,691.00;28,274,126,770.00
2021-03-23;BCOLOMBIA;29,810.00;29,840.00;29,733.56;29,200.00;610.00;2,09;589,977.00;17,542,115,820.00
2021-03-24;BCOLOMBIA;30,000.00;30,200.00;30,032.36;29,900.00;190.00;0,64;206,321.00;6,196,307,230.00
2021-03-25;BCOLOMBIA;30,300.00;30,300.00;30,153.52;29,500.00;300.00;1;256,051.00;7,720,837,670.00
2021-03-26;BCOLOMBIA;29,500.00;30,400.00;30,158.77;29,480.00;-800.00;-2,64;240,698.00;7,259,154,720.00
2021-03-29;BCOLOMBIA;29,200.00;29,500.00;29,186.11;29,100.00;-300.00;-1,02;228,588.00;6,671,594,710.00
2021-03-30;BCOLOMBIA;29,030.00;29,470.00;29,002.29;28,850.00;-170.00;-0,58;321,801.00;9,332,965,500.00
2021-03-31;BCOLOMBIA;28,750.00;29,150.00;28,706.10;28,500.00;-280.00;-0,96;330,759.00;9,494,801,220.00
2021-04-05;BCOLOMBIA;29,360.00;29,370.00;29,172.26;28,920.00;610.00;2,12;58,306.00;1,700,917,530.00
2021-04-06;BCOLOMBIA;29,430.00;29,600.00;29,281.63;29,110.00;70.00;0,24;265,178.00;7,764,843,180.00
2021-04-07;BCOLOMBIA;30,000.00;30,000.00;29,854.09;29,400.00;570.00;1,94;234,481.00;7,000,217,410.00
2021-04-08;BCOLOMBIA;30,300.00;30,320.00;30,249.33;29,640.00;300.00;1;419,820.00;12,699,274,220.00
2021-04-09;BCOLOMBIA;30,700.00;30,700.00;30,454.10;30,240.00;400.00;1,32;474,145.00;14,439,658,830.00
2021-04-12;BCOLOMBIA;29,930.00;30,460.00;29,946.42;29,670.00;-770.00;-2,51;76,764.00;2,298,806,880.00
2021-04-13;BCOLOMBIA;29,370.00;29,930.00;29,402.74;29,200.00;-560.00;-1,87;128,580.00;3,780,603,780.00
2021-04-14;BCOLOMBIA;29,880.00;29,900.00;29,694.55;29,470.00;510.00;1,74;288,571.00;8,568,984,670.00
2021-04-15;BCOLOMBIA;30,850.00;30,850.00;30,216.41;29,450.00;970.00;3,25;292,397.00;8,835,187,360.00
2021-04-16;BCOLOMBIA;30,340.00;30,650.00;30,515.97;30,020.00;-510.00;-1,65;175,614.00;5,359,032,160.00
2021-04-19;BCOLOMBIA;30,060.00;30,330.00;29,851.21;29,700.00;-280.00;-0,92;70,622.00;2,108,152,390.00
2021-04-20;BCOLOMBIA;30,300.00;30,300.00;29,978.28;29,400.00;240.00;0,8;181,656.00;5,445,734,650.00
2021-04-21;BCOLOMBIA;29,800.00;29,850.00;29,797.92;29,700.00;-500.00;-1,65;110,095.00;3,280,601,540.00
2021-04-22;BCOLOMBIA;29,360.00;29,670.00;29,402.68;29,250.00;-440.00;-1,48;111,651.00;3,282,839,070.00
2021-04-23;BCOLOMBIA;28,800.00;29,320.00;28,838.16;28,700.00;-560.00;-1,91;88,462.00;2,551,081,130.00
2021-04-26;BCOLOMBIA;28,990.00;29,290.00;29,081.75;28,800.00;190.00;0,66;134,847.00;3,921,587,260.00
2021-04-27;BCOLOMBIA;29,520.00;29,520.00;29,465.12;29,000.00;530.00;1,83;175,993.00;5,185,655,210.00
2021-04-28;BCOLOMBIA;29,000.00;29,950.00;29,283.42;29,000.00;-520.00;-1,76;345,499.00;10,117,390,680.00
2021-04-29;BCOLOMBIA;28,500.00;29,540.00;28,653.48;28,460.00;-500.00;-1,72;116,345.00;3,333,689,650.00
2021-04-30;BCOLOMBIA;27,920.00;28,480.00;27,978.76;27,920.00;-580.00;-2,04;278,776.00;7,799,806,890.00
2021-05-03;BCOLOMBIA;27,400.00;28,300.00;27,827.34;27,030.00;-520.00;-1,86;39,831.00;1,108,390,910.00
2021-05-04;BCOLOMBIA;27,100.00;27,800.00;27,337.79;26,800.00;-300.00;-1,09;60,730.00;1,660,223,890.00
2021-05-05;BCOLOMBIA;27,660.00;28,200.00;27,723.40;27,330.00;560.00;2,07;219,983.00;6,098,677,800.00
2021-05-06;BCOLOMBIA;28,520.00;28,520.00;27,879.57;27,410.00;860.00;3,11;334,894.00;9,336,700,630.00
2021-05-07;BCOLOMBIA;28,940.00;28,950.00;28,707.27;28,330.00;420.00;1,47;523,625.00;15,031,845,460.00
2021-05-10;BCOLOMBIA;29,520.00;29,610.00;29,482.92;29,230.00;580.00;2;338,403.00;9,977,108,320.00
2021-05-11;BCOLOMBIA;28,940.00;29,300.00;28,938.91;28,600.00;-580.00;-1,96;171,774.00;4,970,951,510.00
2021-05-12;BCOLOMBIA;28,660.00;28,660.00;28,309.26;28,080.00;-280.00;-0,97;1,313,775.00;37,191,992,040.00
2021-05-13;BCOLOMBIA;27,910.00;28,600.00;28,034.13;27,910.00;-750.00;-2,62;645,004.00;18,082,125,150.00
2021-05-14;BCOLOMBIA;28,960.00;28,960.00;28,671.58;28,200.00;1,050.00;3,76;234,744.00;6,730,481,340.00
2021-05-18;BCOLOMBIA;28,400.00;28,800.00;28,389.06;28,260.00;-560.00;-1,93;119,842.00;3,402,201,350.00
2021-05-19;BCOLOMBIA;28,250.00;28,400.00;28,176.11;27,960.00;-150.00;-0,53;117,662.00;3,315,257,020.00
2021-05-20;BCOLOMBIA;27,880.00;28,100.00;27,742.34;27,390.00;-370.00;-1,31;235,493.00;6,533,126,140.00
2021-05-21;BCOLOMBIA;27,710.00;28,480.00;27,868.39;27,540.00;-170.00;-0,61;330,313.00;9,205,291,140.00
2021-05-24;BCOLOMBIA;27,400.00;27,770.00;27,500.35;27,200.00;-310.00;-1,12;123,030.00;3,383,367,710.00
2021-05-25;BCOLOMBIA;27,490.00;27,530.00;27,402.96;27,170.00;90.00;0,33;118,854.00;3,256,951,350.00
2021-05-26;BCOLOMBIA;27,200.00;27,450.00;27,283.56;27,200.00;-290.00;-1,05;47,347.00;1,291,794,790.00
2021-05-27;BCOLOMBIA;27,500.00;27,680.00;27,497.50;27,200.00;300.00;1,1;3,852,097.00;105,923,026,260.00
2021-05-28;BCOLOMBIA;27,300.00;27,900.00;27,327.70;27,000.00;-200.00;-0,73;339,141.00;9,267,941,990.00
2021-05-31;BCOLOMBIA;27,000.00;27,780.00;27,157.23;27,000.00;-300.00;-1,1;257,448.00;6,991,573,950.00
2021-06-01;BCOLOMBIA;27,710.00;27,930.00;27,651.51;27,480.00;710.00;2,63;118,936.00;3,288,760,130.00
2021-06-02;BCOLOMBIA;27,800.00;28,000.00;27,618.58;27,220.00;90.00;0,32;220,903.00;6,101,026,960.00
2021-06-03;BCOLOMBIA;28,340.00;28,340.00;28,087.47;27,700.00;540.00;1,94;97,545.00;2,739,791,980.00
2021-06-04;BCOLOMBIA;27,800.00;28,000.00;27,816.27;27,500.00;-540.00;-1,91;56,534.00;1,572,565,280.00
2021-06-08;BCOLOMBIA;28,190.00;28,190.00;27,831.12;27,220.00;390.00;1,4;184,662.00;5,139,349,680.00
2021-06-09;BCOLOMBIA;28,340.00;28,340.00;27,941.79;27,730.00;150.00;0,53;406,671.00;11,363,114,700.00
2021-06-10;BCOLOMBIA;28,100.00;28,520.00;28,112.16;28,010.00;-240.00;-0,85;182,972.00;5,143,738,240.00
2021-06-11;BCOLOMBIA;28,320.00;28,480.00;28,161.44;27,930.00;220.00;0,78;284,573.00;8,013,984,080.00
2021-06-15;BCOLOMBIA;27,700.00;28,530.00;27,907.64;27,520.00;-620.00;-2,19;220,509.00;6,153,885,210.00
2021-06-16;BCOLOMBIA;27,650.00;27,950.00;27,750.92;27,650.00;-50.00;-0,18;31,832.00;883,367,210.00
2021-06-17;BCOLOMBIA;27,500.00;27,780.00;27,465.44;27,440.00;-150.00;-0,54;88,601.00;2,433,465,010.00
2021-06-18;BCOLOMBIA;27,800.00;27,800.00;27,746.83;27,300.00;300.00;1,09;408,926.00;11,346,401,570.00
2021-06-21;BCOLOMBIA;27,490.00;27,740.00;27,511.05;27,280.00;-310.00;-1,12;87,476.00;2,406,556,620.00
2021-06-22;BCOLOMBIA;27,150.00;27,500.00;27,317.64;27,150.00;-340.00;-1,24;53,245.00;1,454,527,480.00
2021-06-23;BCOLOMBIA;26,890.00;27,290.00;27,004.04;26,890.00;-260.00;-0,96;82,119.00;2,217,545,120.00
2021-06-24;BCOLOMBIA;27,400.00;27,650.00;27,433.80;27,000.00;510.00;1,9;77,794.00;2,134,184,710.00
2021-06-25;BCOLOMBIA;27,680.00;27,740.00;27,596.19;27,200.00;280.00;1,02;183,958.00;5,076,540,090.00
2021-06-28;BCOLOMBIA;27,050.00;27,560.00;27,069.55;26,950.00;-630.00;-2,28;118,711.00;3,213,453,770.00
2021-06-29;BCOLOMBIA;26,360.00;27,170.00;26,670.95;26,360.00;-690.00;-2,55;85,255.00;2,273,832,000.00
2021-06-30;BCOLOMBIA;26,400.00;26,910.00;26,415.09;26,300.00;40.00;0,15;275,899.00;7,287,896,500.00
