Fecha;Nemotecnico;Precio cierre;Precio maximo;Precio promedio ponderado;Precio minimo;Variacion absoluta;Variacion porcentual;Cantidad;Volumen
2025-01-02;GRUPOARGOS;20,480.00;20,880.00;20,585.62;20,480.00;-120.00;-0,58;91,352.00;1,880,537,580.00
2025-01-03;GRUPOARGOS;20,480.00;20,480.00;20,415.45;20,100.00;0.00;0;58,096.00;1,186,056,120.00
2025-01-07;GRUPOARGOS;20,420.00;20,480.00;20,343.27;20,220.00;-60.00;-0,29;173,749.00;3,534,622,440.00
2025-01-08;GRUPOARGOS;20,160.00;20,440.00;20,089.89;19,600.00;-260.00;-1,27;120,797.00;2,426,798,320.00
2025-01-09;GRUPOARGOS;20,100.00;20,100.00;19,970.51;19,880.00;-60.00;-0,3;61,241.00;1,223,013,920.00
2025-01-10;GRUPOARGOS;20,280.00;20,280.00;20,167.86;19,860.00;180.00;0,9;109,913.00;2,216,709,840.00
2025-01-13;GRUPOARGOS;20,260.00;20,340.00;20,291.72;20,260.00;-20.00;-0,1;88,028.00;1,786,239,420.00
2025-01-14;GRUPOARGOS;20,200.00;20,340.00;20,240.24;20,100.00;-60.00;-0,3;56,279.00;1,139,100,640.00
2025-01-15;GRUPOARGOS;19,720.00;20,100.00;19,782.11;19,720.00;-480.00;-2,38;39,606.00;783,490,240.00
2025-01-16;GRUPOARGOS;19,480.00;19,640.00;19,483.37;19,080.00;-240.00;-1,22;42,031.00;818,905,580.00
2025-01-17;GRUPOARGOS;19,480.00;19,480.00;19,391.58;18,820.00;0.00;0;33,470.00;649,036,120.00
2025-01-20;GRUPOARGOS;19,480.00;19,480.00;19,448.96;19,300.00;0.00;0;24,783.00;482,003,560.00
2025-01-21;GRUPOARGOS;19,480.00;19,520.00;19,458.01;18,940.00;0.00;0;85,588.00;1,665,372,340.00
2025-01-22;GRUPOARGOS;19,100.00;19,460.00;19,156.40;19,000.00;-380.00;-1,95;40,682.00;779,320,660.00
2025-01-23;GRUPOARGOS;18,800.00;19,100.00;18,820.97;18,680.00;-300.00;-1,57;72,503.00;1,364,577,100.00
2025-01-24;GRUPOARGOS;19,020.00;19,100.00;18,934.16;18,800.00;220.00;1,17;183,356.00;3,471,691,880.00
2025-01-27;GRUPOARGOS;19,000.00;19,080.00;18,879.68;18,580.00;-20.00;-0,11;257,740.00;4,866,049,460.00
2025-01-28;GRUPOARGOS;19,560.00;19,560.00;19,334.18;19,180.00;560.00;2,95;101,048.00;1,953,680,600.00
2025-01-29;GRUPOARGOS;19,800.00;19,980.00;19,791.82;19,500.00;240.00;1,23;2,758,704.00;54,599,768,860.00
2025-01-30;GRUPOARGOS;19,960.00;20,000.00;19,859.42;19,580.00;160.00;0,81;294,530.00;5,849,194,140.00
2025-01-31;GRUPOARGOS;19,920.00;20,360.00;19,929.95;19,760.00;-40.00;-0,2;134,791.00;2,686,378,560.00
2025-02-03;GRUPOARGOS;19,820.00;20,000.00;19,961.84;19,700.00;-100.00;-0,5;630,767.00;12,591,267,280.00
2025-02-04;GRUPOARGOS;19,940.00;19,960.00;19,885.63;19,800.00;120.00;0,61;92,542.00;1,840,255,520.00
2025-02-05;GRUPOARGOS;19,820.00;20,160.00;20,027.79;19,820.00;-120.00;-0,6;357,460.00;7,159,132,480.00
2025-02-06;GRUPOARGOS;20,300.00;20,300.00;19,871.31;19,680.00;480.00;2,42;214,609.00;4,264,562,940.00
2025-02-07;GRUPOARGOS;20,260.00;20,360.00;19,914.69;19,800.00;-40.00;-0,2;392,241.00;7,811,359,820.00
2025-02-10;GRUPOARGOS;20,400.00;20,400.00;20,258.28;20,060.00;140.00;0,69;135,875.00;2,752,594,040.00
2025-02-11;GRUPOARGOS;20,220.00;20,900.00;20,271.44;20,160.00;-180.00;-0,88;125,751.00;2,549,153,700.00
2025-02-12;GRUPOARGOS;19,960.00;20,380.00;20,063.53;19,960.00;-260.00;-1,29;320,509.00;6,430,543,040.00
2025-02-13;GRUPOARGOS;19,700.00;19,980.00;19,690.31;19,600.00;-260.00;-1,3;371,842.00;7,321,683,560.00
2025-02-14;GRUPOARGOS;;20,160.00;19,843.36;19,800.00;460.00;2,34;392,860.00;7,795,662,100.00
2025-02-17;GRUPOARGOS;20,020.00;20,180.00;20,097.62;19,740.00;-60.00;-0,3;156,819.00;3,151,688,140.00
2025-02-18;GRUPOARGOS;20,200.00;20,200.00;20,166.74;20,020.00;180.00;0,9;231,495.00;4,668,499,500.00
2025-02-19;GRUPOARGOS;20,300.00;20,300.00;20,109.14;19,800.00;100.00;0,5;169,767.00;3,413,867,880.00
2025-02-20;GRUPOARGOS;20,300.00;20,680.00;20,330.29;20,100.00;0.00;0;298,096.00;6,060,377,120.00
2025-02-21;GRUPOARGOS;20,600.00;20,600.00;20,404.67;20,160.00;300.00;1,48;358,671.00;7,318,564,820.00
2025-02-24;GRUPOARGOS;21,000.00;21,000.00;20,754.39;20,420.00;400.00;1,94;269,238.00;5,587,870,060.00
2025-02-25;GRUPOARGOS;20,700.00;21,000.00;20,827.50;20,700.00;-300.00;-1,43;155,238.00;3,233,219,580.00
2025-02-26;GRUPOARGOS;20,940.00;20,940.00;20,518.05;20,400.00;240.00;1,16;1,121,613.00;23,013,311,520.00
2025-02-27;GRUPOARGOS;20,200.00;20,940.00;20,567.93;20,180.00;-740.00;-3,53;205,854.00;4,233,990,380.00
2025-02-28;GRUPOARGOS;20,200.00;20,220.00;20,200.00;20,160.00;0.00;0;1,761,875.00;35,589,878,400.00
2025-03-03;GRUPOARGOS;20,000.00;20,200.00;20,010.76;19,820.00;-200.00;-0,99;133,711.00;2,675,659,280.00
2025-03-04;GRUPOARGOS;19,960.00;19,960.00;19,861.03;19,780.00;-40.00;-0,2;132,113.00;2,623,899,640.00
2025-03-05;GRUPOARGOS;20,180.00;20,680.00;20,306.07;19,960.00;220.00;1,1;415,056.00;8,428,154,620.00
2025-03-06;GRUPOARGOS;20,560.00;20,560.00;20,322.02;20,100.00;380.00;1,88;166,877.00;3,391,278,500.00
2025-03-07;GRUPOARGOS;20,800.00;20,800.00;20,676.47;20,340.00;240.00;1,17;105,866.00;2,188,934,800.00
2025-03-10;GRUPOARGOS;20,140.00;20,800.00;20,530.29;20,140.00;-660.00;-3,17;173,179.00;3,555,415,040.00
2025-03-11;GRUPOARGOS;20,180.00;20,280.00;20,202.66;20,120.00;40.00;0,2;93,672.00;1,892,423,340.00
2025-03-12;GRUPOARGOS;20,500.00;20,560.00;20,382.32;20,180.00;320.00;1,59;78,783.00;1,605,780,140.00
2025-03-13;GRUPOARGOS;20,380.00;20,400.00;20,216.63;20,120.00;-120.00;-0,59;381,395.00;7,710,519,800.00
2025-03-14;GRUPOARGOS;20,360.00;20,460.00;20,330.26;20,180.00;-20.00;-0,1;97,295.00;1,978,032,320.00
2025-03-17;GRUPOARGOS;20,200.00;20,300.00;20,202.61;20,120.00;-160.00;-0,79;483,506.00;9,768,081,720.00
2025-03-18;GRUPOARGOS;20,160.00;20,240.00;20,158.52;20,000.00;-40.00;-0,2;185,205.00;3,733,457,900.00
2025-03-19;GRUPOARGOS;20,020.00;20,400.00;20,154.22;20,000.00;-140.00;-0,69;184,086.00;3,710,109,720.00
2025-03-20;GRUPOARGOS;20,120.00;20,300.00;20,127.10;20,040.00;100.00;0,5;87,882.00;1,768,810,240.00
2025-03-21;GRUPOARGOS;20,580.00;20,580.00;20,532.48;20,120.00;460.00;2,29;549,019.00;11,272,721,900.00
2025-03-25;GRUPOARGOS;20,800.00;21,000.00;20,852.96;20,580.00;220.00;1,07;127,474.00;2,658,210,740.00
2025-03-26;GRUPOARGOS;20,580.00;20,700.00;20,467.06;20,240.00;-220.00;-1,06;149,318.00;3,056,100,460.00
2025-03-27;GRUPOARGOS;20,600.00;20,900.00;20,710.83;20,500.00;20.00;0,1;142,842.00;2,958,376,960.00
2025-03-28;GRUPOARGOS;20,500.00;20,860.00;20,536.75;20,440.00;-100.00;-0,49;130,763.00;2,685,447,260.00
2025-03-31;GRUPOARGOS;20,720.00;20,800.00;20,668.88;20,440.00;220.00;1,07;158,763.00;3,281,453,660.00
2025-04-01;GRUPOARGOS;21,120.00;21,220.00;21,076.98;20,720.00;400.00;1,93;258,098.00;5,439,926,220.00
2025-04-02;GRUPOARGOS;21,500.00;21,500.00;21,103.29;20,680.00;380.00;1,8;339,856.00;7,172,078,480.00
2025-04-03;GRUPOARGOS;21,480.00;21,540.00;21,439.91;20,400.00;-20.00;-0,09;235,698.00;5,053,343,600.00
2025-04-04;GRUPOARGOS;21,500.00;21,500.00;21,082.78;20,900.00;20.00;0,09;212,177.00;4,473,281,760.00
2025-04-07;GRUPOARGOS;21,500.00;21,500.00;21,387.38;20,920.00;0.00;0;365,681.00;7,820,958,380.00
2025-04-08;GRUPOARGOS;21,000.00;21,760.00;21,112.56;20,900.00;-500.00;-2,33;201,502.00;4,254,222,260.00
2025-04-09;GRUPOARGOS;21,500.00;21,500.00;20,756.07;20,400.00;500.00;2,38;243,623.00;5,056,656,900.00
2025-04-10;GRUPOARGOS;20,400.00;21,020.00;20,596.22;20,400.00;-1,100.00;-5,12;171,557.00;3,533,424,860.00
2025-04-11;GRUPOARGOS;20,540.00;21,220.00;20,903.24;20,540.00;140.00;0,69;77,175.00;1,613,207,640.00
2025-04-14;GRUPOARGOS;21,000.00;21,220.00;20,891.74;20,440.00;460.00;2,24;94,628.00;1,976,943,180.00
2025-04-15;GRUPOARGOS;21,220.00;21,240.00;21,145.84;21,000.00;220.00;1,05;31,343.00;662,773,960.00
2025-04-16;GRUPOARGOS;21,240.00;21,260.00;21,215.22;21,100.00;20.00;0,09;19,860.00;421,334,220.00
2025-04-21;GRUPOARGOS;21,240.00;21,280.00;21,215.59;20,780.00;0.00;0;162,445.00;3,446,365,760.00
2025-04-22;GRUPOARGOS;21,240.00;21,380.00;21,229.96;20,520.00;0.00;0;364,517.00;7,738,681,100.00
2025-04-23;GRUPOARGOS;21,500.00;21,500.00;21,245.98;21,180.00;260.00;1,22;286,224.00;6,081,109,300.00
2025-04-24;GRUPOARGOS;21,500.00;21,700.00;21,334.16;21,000.00;0.00;0;92,164.00;1,966,241,080.00
2025-04-25;GRUPOARGOS;21,980.00;21,980.00;21,392.16;21,340.00;480.00;2,23;1,078,591.00;23,073,387,080.00
2025-04-28;GRUPOARGOS;21,840.00;21,980.00;21,796.65;21,500.00;-140.00;-0,64;32,125.00;700,217,340.00
2025-04-29;GRUPOARGOS;22,000.00;22,000.00;21,825.22;21,640.00;160.00;0,73;282,772.00;6,171,560,980.00
2025-04-30;GRUPOARGOS;21,980.00;22,000.00;21,820.47;21,500.00;-20.00;-0,09;504,085.00;10,999,372,220.00
2025-05-02;GRUPOARGOS;21,920.00;21,980.00;21,807.09;21,560.00;-60.00;-0,27;189,820.00;4,139,422,600.00
2025-05-05;GRUPOARGOS;21,860.00;21,980.00;21,923.64;21,860.00;-60.00;-0,27;33,081.00;725,255,840.00
2025-05-06;GRUPOARGOS;21,880.00;21,880.00;21,740.77;21,600.00;20.00;0,09;13,372.00;290,717,580.00
2025-05-07;GRUPOARGOS;21,600.00;21,800.00;21,694.88;21,600.00;-280.00;-1,28;100,183.00;2,173,458,240.00
2025-05-08;GRUPOARGOS;21,980.00;21,980.00;21,792.15;21,720.00;380.00;1,76;75,204.00;1,638,856,640.00
2025-05-09;GRUPOARGOS;21,980.00;22,000.00;21,982.37;21,960.00;0.00;0;60,075.00;1,320,591,000.00
2025-05-12;GRUPOARGOS;21,880.00;21,880.00;21,815.48;21,800.00;-100.00;-0,45;23,500.00;512,663,740.00
2025-05-13;GRUPOARGOS;21,860.00;21,960.00;21,874.03;21,820.00;-20.00;-0,09;60,609.00;1,325,763,180.00
2025-05-14;GRUPOARGOS;21,500.00;21,880.00;21,682.40;21,500.00;-360.00;-1,65;94,690.00;2,053,106,800.00
2025-05-15;GRUPOARGOS;21,560.00;21,560.00;21,555.04;21,500.00;60.00;0,28;30,539.00;658,269,300.00
2025-05-16;GRUPOARGOS;21,520.00;21,600.00;21,564.74;21,520.00;-40.00;-0,19;47,209.00;1,018,049,600.00
2025-05-19;GRUPOARGOS;21,980.00;21,980.00;21,687.37;21,520.00;460.00;2,14;89,446.00;1,939,848,320.00
2025-05-20;GRUPOARGOS;21,780.00;21,980.00;21,935.38;21,700.00;-200.00;-0,91;164,145.00;3,600,582,680.00
2025-05-21;GRUPOARGOS;21,680.00;21,720.00;21,612.52;21,540.00;-100.00;-0,46;123,418.00;2,667,373,820.00
2025-05-22;GRUPOARGOS;21,740.00;21,780.00;21,711.24;21,620.00;60.00;0,28;51,202.00;1,111,658,900.00
2025-05-23;GRUPOARGOS;21,760.00;21,780.00;21,711.01;21,600.00;20.00;0,09;161,684.00;3,510,322,180.00
2025-05-26;GRUPOARGOS;21,800.00;21,800.00;21,785.57;21,740.00;40.00;0,18;24,098.00;524,988,760.00
2025-05-27;GRUPOARGOS;21,980.00;21,980.00;21,870.22;21,780.00;180.00;0,83;35,126.00;768,213,180.00
2025-05-28;GRUPOARGOS;21,820.00;21,900.00;21,842.81;21,660.00;-160.00;-0,73;170,004.00;3,713,364,980.00
2025-05-29;GRUPOARGOS;21,900.00;21,980.00;21,868.56;21,700.00;80.00;0,37;79,102.00;1,729,846,660.00
2025-05-30;GRUPOARGOS;21,500.00;21,900.00;21,546.53;21,500.00;-400.00;-1,83;166,106.00;3,579,007,840.00
2025-06-03;GRUPOARGOS;21,980.00;21,980.00;21,773.28;21,600.00;480.00;2,23;84,229.00;1,833,942,020.00
2025-06-04;GRUPOARGOS;21,980.00;21,980.00;21,976.10;21,960.00;0.00;0;44,541.00;978,837,380.00
2025-06-05;GRUPOARGOS;21,960.00;21,980.00;21,891.22;21,640.00;-20.00;-0,09;127,171.00;2,783,928,780.00
2025-06-06;GRUPOARGOS;21,960.00;21,960.00;21,927.06;21,800.00;0.00;0;30,421.00;667,043,240.00
2025-06-09;GRUPOARGOS;21,880.00;21,920.00;21,884.03;21,840.00;-80.00;-0,36;44,600.00;976,027,600.00
2025-06-10;GRUPOARGOS;21,800.00;21,800.00;21,788.22;21,760.00;-80.00;-0,37;32,805.00;714,762,560.00
2025-06-11;GRUPOARGOS;21,960.00;21,960.00;21,929.05;21,760.00;160.00;0,73;55,101.00;1,208,312,440.00
2025-06-12;GRUPOARGOS;21,960.00;21,960.00;21,954.38;21,920.00;0.00;0;41,236.00;905,310,780.00
2025-06-13;GRUPOARGOS;21,580.00;21,920.00;21,633.34;21,400.00;-380.00;-1,73;154,300.00;3,338,024,780.00
2025-06-16;GRUPOARGOS;21,280.00;21,860.00;21,411.67;21,020.00;-300.00;-1,39;177,620.00;3,803,141,000.00
2025-06-17;GRUPOARGOS;21,440.00;21,460.00;21,378.27;21,220.00;160.00;0,75;65,747.00;1,405,557,100.00
2025-06-18;GRUPOARGOS;21,960.00;22,000.00;21,870.59;21,440.00;520.00;2,43;165,751.00;3,625,071,720.00
2025-06-19;GRUPOARGOS;21,960.00;21,960.00;21,956.37;21,940.00;0.00;0;55,847.00;1,226,197,520.00
2025-06-20;GRUPOARGOS;21,880.00;21,940.00;21,901.25;21,820.00;-80.00;-0,36;59,819.00;1,310,111,000.00
2025-06-24;GRUPOARGOS;22,000.00;22,000.00;21,972.44;21,920.00;120.00;0,55;153,474.00;3,372,198,000.00
2025-06-25;GRUPOARGOS;21,980.00;22,060.00;21,928.92;21,620.00;-20.00;-0,09;175,772.00;3,854,490,620.00
2025-06-26;GRUPOARGOS;22,180.00;22,300.00;22,053.31;21,600.00;200.00;0,91;144,335.00;3,183,064,000.00
2025-06-27;GRUPOARGOS;22,080.00;22,180.00;22,114.73;22,080.00;-100.00;-0,45;77,895.00;1,722,626,560.00
2024-07-02;GRUPOARGOS;17,000.00;17,120.00;16,976.83;16,680.00;120;0,71;308,117.00;5,230,849,140.00
2024-07-03;GRUPOARGOS;17,180.00;17,180.00;17,097.26;17,000.00;180;1,06;128,597.00;2,198,656,160.00
2024-07-04;GRUPOARGOS;17,140.00;17,160.00;17,120.46;17,060.00;-40;-0,23;49,988.00;855,817,680.00
2024-07-05;GRUPOARGOS;17,160.00;17,200.00;17,167.18;17,000.00;20;0,12;102,727.00;1,763,533,060.00
2024-07-08;GRUPOARGOS;17,200.00;17,200.00;17,179.04;17,120.00;40;0,23;93,029.00;1,598,148,700.00
2024-07-09;GRUPOARGOS;17,200.00;17,200.00;17,171.18;17,020.00;0;0;64,430.00;1,106,339,300.00
2024-07-10;GRUPOARGOS;17,080.00;17,160.00;17,046.02;16,940.00;-120;-0,7;83,221.00;1,418,586,480.00
2024-07-11;GRUPOARGOS;17,060.00;17,060.00;16,996.98;16,960.00;-20;-0,12;14,721.00;250,212,480.00
2024-07-12;GRUPOARGOS;16,980.00;16,980.00;16,932.57;16,900.00;-80;-0,47;121,845.00;2,063,148,820.00
2024-07-15;GRUPOARGOS;16,820.00;16,960.00;16,899.46;16,780.00;-160;-0,94;67,997.00;1,149,112,660.00
2024-07-16;GRUPOARGOS;16,820.00;16,900.00;16,863.44;16,820.00;0;0;46,176.00;778,686,160.00
2024-07-17;GRUPOARGOS;16,900.00;16,900.00;16,889.88;16,800.00;80;0,48;267,054.00;4,510,509,380.00
2024-07-18;GRUPOARGOS;16,960.00;16,960.00;16,870.39;16,860.00;60;0,36;56,474.00;952,738,220.00
2024-07-19;GRUPOARGOS;16,940.00;16,940.00;16,918.71;16,820.00;-20;-0,12;33,103.00;560,060,060.00
2024-07-22;GRUPOARGOS;17,040.00;17,060.00;16,999.56;16,900.00;100;0,59;1,082,835.00;18,407,716,140.00
2024-07-23;GRUPOARGOS;17,180.00;17,180.00;17,065.59;17,000.00;140;0,82;111,436.00;1,901,720,560.00
2024-07-24;GRUPOARGOS;16,980.00;17,140.00;17,032.17;16,980.00;-200;-1,16;53,300.00;907,814,640.00
2024-07-25;GRUPOARGOS;17,000.00;17,060.00;16,946.74;16,900.00;20;0,12;73,979.00;1,253,702,660.00
2024-07-26;GRUPOARGOS;16,960.00;17,000.00;16,940.31;16,560.00;-40;-0,24;206,698.00;3,501,527,300.00
2024-07-29;GRUPOARGOS;16,980.00;17,000.00;16,999.22;16,980.00;20;0,12;57,427.00;976,214,240.00
2024-07-30;GRUPOARGOS;16,900.00;17,000.00;16,732.21;16,580.00;-80;-0,47;65,237.00;1,091,559,040.00
2024-07-31;GRUPOARGOS;16,580.00;16,900.00;16,627.10;16,500.00;-320;-1,89;65,057.00;1,081,709,100.00
2024-08-01;GRUPOARGOS;16,480.00;16,500.00;16,465.75;16,400.00;-100;-0,6;3,948.00;65,006,780.00
2024-08-02;GRUPOARGOS;16,680.00;16,740.00;16,692.20;16,480.00;200;1,21;542,295.00;9,052,097,680.00
2024-08-05;GRUPOARGOS;16,600.00;16,600.00;16,331.11;15,920.00;-80;-0,48;140,022.00;2,286,715,260.00
2024-08-06;GRUPOARGOS;16,700.00;16,700.00;16,645.14;16,320.00;100;0,6;38,408.00;639,306,400.00
2024-08-08;GRUPOARGOS;16,620.00;16,980.00;16,891.22;16,600.00;-80;-0,48;873,968.00;14,762,386,400.00
2024-08-09;GRUPOARGOS;16,800.00;17,000.00;16,901.75;16,400.00;180;1,08;305,706.00;5,166,964,920.00
2024-08-12;GRUPOARGOS;16,860.00;16,900.00;16,888.65;16,280.00;60;0,36;119,411.00;2,016,690,300.00
2024-08-13;GRUPOARGOS;17,000.00;17,000.00;16,897.29;16,600.00;140;0,83;67,271.00;1,136,697,580.00
2024-08-14;GRUPOARGOS;16,820.00;16,980.00;16,896.76;16,460.00;-180;-1,06;80,270.00;1,356,303,180.00
2024-08-15;GRUPOARGOS;16,880.00;16,980.00;16,928.31;16,840.00;60;0,36;31,439.00;532,209,020.00
2024-08-16;GRUPOARGOS;16,960.00;16,960.00;16,866.32;16,680.00;80;0,47;104,664.00;1,765,296,340.00
2024-08-20;GRUPOARGOS;17,000.00;17,100.00;16,997.45;16,880.00;40;0,24;292,243.00;4,967,385,920.00
2024-08-21;GRUPOARGOS;16,840.00;17,000.00;16,994.07;16,800.00;-160;-0,94;634,774.00;10,787,393,880.00
2024-08-22;GRUPOARGOS;16,740.00;16,940.00;16,929.91;16,740.00;-100;-0,59;378,442.00;6,406,987,280.00
2024-08-23;GRUPOARGOS;16,900.00;16,900.00;16,830.49;16,780.00;160;0,96;58,241.00;980,224,660.00
2024-08-26;GRUPOARGOS;16,800.00;16,920.00;16,798.48;16,740.00;-100;-0,59;45,689.00;767,505,580.00
2024-08-27;GRUPOARGOS;16,860.00;16,920.00;16,867.89;16,860.00;60;0,36;20,164.00;340,124,180.00
2024-08-28;GRUPOARGOS;16,900.00;17,000.00;16,979.65;16,880.00;40;0,24;221,828.00;3,766,560,860.00
2024-08-29;GRUPOARGOS;17,000.00;17,000.00;16,996.02;16,900.00;100;0,59;292,725.00;4,975,161,400.00
2024-08-30;GRUPOARGOS;17,000.00;17,100.00;16,995.68;16,800.00;0;0;147,883.00;2,513,371,940.00
2024-09-02;GRUPOARGOS;16,800.00;17,100.00;16,983.40;16,800.00;-200;-1,18;5,970.00;101,390,920.00
2024-09-03;GRUPOARGOS;17,000.00;17,000.00;16,929.18;16,820.00;200;1,19;36,237.00;613,462,860.00
2024-09-04;GRUPOARGOS;17,680.00;17,700.00;17,372.46;17,080.00;680;4;402,879.00;6,998,998,280.00
2024-09-05;GRUPOARGOS;17,600.00;17,700.00;17,637.77;17,440.00;-80;-0,45;204,982.00;3,615,424,680.00
2024-09-06;GRUPOARGOS;17,500.00;17,580.00;17,419.69;17,380.00;-100;-0,57;279,658.00;4,871,556,920.00
2024-09-09;GRUPOARGOS;17,360.00;17,660.00;17,441.46;17,360.00;-140;-0,8;304,855.00;5,317,115,860.00
2024-09-10;GRUPOARGOS;17,500.00;17,620.00;17,515.58;17,440.00;140;0,81;415,715.00;7,281,490,440.00
2024-09-11;GRUPOARGOS;17,400.00;17,600.00;17,551.09;17,400.00;-100;-0,57;344,223.00;6,041,489,540.00
2024-09-12;GRUPOARGOS;17,600.00;17,600.00;17,459.56;17,240.00;200;1,15;60,282.00;1,052,496,980.00
2024-09-13;GRUPOARGOS;17,540.00;17,800.00;17,652.91;17,400.00;-60;-0,34;106,586.00;1,881,553,520.00
2024-09-16;GRUPOARGOS;17,480.00;17,760.00;17,518.69;17,420.00;-60;-0,34;21,405.00;374,987,640.00
2024-09-17;GRUPOARGOS;17,740.00;17,740.00;17,695.43;17,480.00;260;1,49;857,801.00;15,179,159,360.00
2024-09-18;GRUPOARGOS;17,700.00;17,740.00;17,670.86;17,560.00;-40;-0,23;53,244.00;940,867,220.00
2024-09-19;GRUPOARGOS;18,260.00;18,320.00;17,906.15;17,640.00;560;3,16;338,910.00;6,068,573,300.00
2024-09-20;GRUPOARGOS;18,300.00;18,480.00;18,304.45;18,260.00;40;0,22;1,559,630.00;28,548,164,940.00
2024-09-23;GRUPOARGOS;18,200.00;18,300.00;18,216.88;18,020.00;-100;-0,55;70,387.00;1,282,231,580.00
2024-09-24;GRUPOARGOS;18,220.00;18,260.00;18,201.72;18,000.00;20;0,11;59,979.00;1,091,720,800.00
2024-09-25;GRUPOARGOS;18,000.00;18,080.00;18,004.80;17,960.00;-220;-1,21;40,143.00;722,766,680.00
2024-09-26;GRUPOARGOS;18,000.00;18,060.00;18,033.47;18,000.00;0;0;11,950.00;215,500,000.00
2024-09-27;GRUPOARGOS;17,900.00;17,900.00;17,898.29;17,880.00;-100;-0,56;56,280.00;1,007,315,860.00
2024-09-30;GRUPOARGOS;17,600.00;17,880.00;17,625.09;17,500.00;-300;-1,68;85,006.00;1,498,238,820.00
2024-10-01;GRUPOARGOS;17,800.00;17,840.00;17,761.61;17,400.00;200;1,14;86,681.00;1,539,594,440.00
2024-10-02;GRUPOARGOS;17,580.00;17,700.00;17,540.78;17,220.00;-220;-1,24;186,574.00;3,272,653,200.00
2024-10-03;GRUPOARGOS;18,080.00;18,080.00;17,887.25;17,420.00;500;2,84;107,382.00;1,920,768,240.00
2024-10-04;GRUPOARGOS;18,060.00;18,080.00;18,012.12;17,740.00;-20;-0,11;106,182.00;1,912,563,040.00
2024-10-07;GRUPOARGOS;18,180.00;18,180.00;18,092.89;17,780.00;120;0,66;130,616.00;2,363,221,260.00
2024-10-08;GRUPOARGOS;18,200.00;18,200.00;18,139.58;18,000.00;20;0,11;84,808.00;1,538,381,380.00
2024-10-09;GRUPOARGOS;18,020.00;18,120.00;18,115.42;18,000.00;-180;-0,99;460,468.00;8,341,571,440.00
2024-10-10;GRUPOARGOS;18,260.00;18,320.00;18,251.54;18,080.00;240;1,33;209,132.00;3,816,981,480.00
2024-10-11;GRUPOARGOS;18,400.00;18,400.00;18,257.24;17,900.00;140;0,77;28,712.00;524,202,000.00
2024-10-15;GRUPOARGOS;19,300.00;19,800.00;19,105.36;18,380.00;900;4,89;170,796.00;3,263,118,680.00
2024-10-16;GRUPOARGOS;19,780.00;19,780.00;19,532.27;19,100.00;480;2,49;253,288.00;4,947,289,460.00
2024-10-17;GRUPOARGOS;20,000.00;20,000.00;19,757.92;19,500.00;220;1,11;164,227.00;3,244,784,640.00
2024-10-18;GRUPOARGOS;19,660.00;20,000.00;19,805.92;19,320.00;-340;-1,7;43,230.00;856,210,080.00
2024-10-21;GRUPOARGOS;19,220.00;19,900.00;19,492.98;19,060.00;-440;-2,24;60,107.00;1,171,664,820.00
2024-10-22;GRUPOARGOS;19,280.00;19,440.00;19,299.21;19,120.00;60;0,31;61,558.00;1,188,020,520.00
2024-10-23;GRUPOARGOS;18,700.00;19,200.00;18,813.79;18,540.00;-580;-3,01;166,687.00;3,136,014,840.00
2024-10-24;GRUPOARGOS;18,960.00;19,000.00;18,982.74;18,940.00;260;1,39;32,281.00;612,781,860.00
2024-10-25;GRUPOARGOS;18,860.00;19,300.00;18,928.84;18,700.00;-100;-0,53;102,397.00;1,938,256,800.00
2024-10-28;GRUPOARGOS;18,500.00;19,000.00;18,835.05;18,500.00;-360;-1,91;442,616.00;8,336,694,580.00
2024-10-29;GRUPOARGOS;18,500.00;18,780.00;18,526.24;18,460.00;0;0;149,629.00;2,772,063,060.00
2024-10-30;GRUPOARGOS;18,640.00;18,660.00;18,483.05;18,200.00;140;0,76;745,260.00;13,774,680,400.00
2024-10-31;GRUPOARGOS;19,400.00;19,400.00;19,113.30;18,660.00;760;4,08;475,962.00;9,097,205,100.00
2024-11-01;GRUPOARGOS;19,280.00;19,760.00;19,511.47;19,160.00;-120;-0,62;74,340.00;1,450,482,360.00
2024-11-05;GRUPOARGOS;19,320.00;19,320.00;19,273.23;19,020.00;40;0,21;75,676.00;1,458,520,780.00
2024-11-06;GRUPOARGOS;19,260.00;19,300.00;19,227.44;19,040.00;-60;-0,31;89,934.00;1,729,200,200.00
2024-11-07;GRUPOARGOS;19,280.00;19,280.00;19,137.57;18,980.00;20;0,1;84,641.00;1,619,822,900.00
2024-11-08;GRUPOARGOS;18,700.00;19,300.00;18,754.56;18,700.00;-580;-3,01;281,775.00;5,284,566,100.00
2024-11-12;GRUPOARGOS;18,900.00;19,180.00;19,001.56;18,720.00;200;1,07;185,496.00;3,524,712,540.00
2024-11-13;GRUPOARGOS;18,860.00;19,140.00;18,933.75;18,360.00;-40;-0,21;267,203.00;5,059,154,080.00
2024-11-14;GRUPOARGOS;18,420.00;18,740.00;18,558.61;18,420.00;-440;-2,33;72,244.00;1,340,748,040.00
2024-11-15;GRUPOARGOS;18,300.00;18,420.00;18,332.96;18,260.00;-120;-0,65;93,827.00;1,720,126,760.00
2024-11-18;GRUPOARGOS;18,400.00;18,460.00;18,355.62;18,300.00;100;0,55;133,690.00;2,453,962,420.00
2024-11-19;GRUPOARGOS;18,480.00;18,480.00;18,404.96;18,340.00;80;0,43;169,878.00;3,126,598,360.00
2024-11-20;GRUPOARGOS;19,160.00;19,160.00;19,049.59;18,500.00;680;3,68;137,063.00;2,610,993,980.00
2024-11-21;GRUPOARGOS;19,100.00;19,300.00;19,059.33;18,900.00;-60;-0,31;508,098.00;9,684,007,160.00
2024-11-22;GRUPOARGOS;19,660.00;19,660.00;19,440.02;19,080.00;560;2,93;410,072.00;7,971,805,980.00
2024-11-25;GRUPOARGOS;19,440.00;20,260.00;19,799.14;19,440.00;-220;-1,12;572,081.00;11,326,710,460.00
2024-11-26;GRUPOARGOS;19,980.00;19,980.00;19,869.34;19,580.00;540;2,78;99,789.00;1,982,741,180.00
2024-11-27;GRUPOARGOS;20,000.00;20,100.00;19,997.94;19,940.00;20;0,1;130,909.00;2,617,910,440.00
2024-11-28;GRUPOARGOS;20,000.00;20,000.00;19,999.52;19,940.00;0;0;26,142.00;522,827,400.00
2024-11-29;GRUPOARGOS;20,020.00;20,140.00;20,010.35;20,000.00;20;0,1;112,496.00;2,251,084,340.00
2024-12-02;GRUPOARGOS;20,000.00;20,020.00;19,963.14;19,520.00;-20;-0,1;97,696.00;1,950,319,400.00
2024-12-03;GRUPOARGOS;19,980.00;20,000.00;19,947.54;19,800.00;-20;-0,1;97,969.00;1,954,240,500.00
2024-12-04;GRUPOARGOS;19,800.00;19,900.00;19,827.86;19,520.00;-180;-0,9;56,501.00;1,120,294,020.00
2024-12-05;GRUPOARGOS;19,940.00;19,940.00;19,817.10;19,740.00;140;0,71;99,122.00;1,964,310,560.00
2024-12-06;GRUPOARGOS;19,600.00;19,960.00;19,815.33;19,600.00;-340;-1,71;85,906.00;1,702,255,340.00
2024-12-09;GRUPOARGOS;19,500.00;19,640.00;19,305.64;19,260.00;-100;-0,51;892,647.00;17,233,119,760.00
2024-12-10;GRUPOARGOS;19,440.00;19,600.00;19,447.56;19,320.00;-60;-0,31;104,082.00;2,024,140,840.00
2024-12-11;GRUPOARGOS;19,320.00;19,440.00;19,360.02;19,320.00;-120;-0,62;95,963.00;1,857,845,740.00
2024-12-12;GRUPOARGOS;19,400.00;19,500.00;19,412.70;19,280.00;80;0,41;70,074.00;1,360,325,760.00
2024-12-13;GRUPOARGOS;19,400.00;19,400.00;19,365.84;19,260.00;0;0;66,184.00;1,281,708,440.00
2024-12-16;GRUPOARGOS;19,240.00;19,400.00;19,369.64;19,240.00;-160;-0,82;116,717.00;2,260,766,320.00
2024-12-17;GRUPOARGOS;19,300.00;19,520.00;19,454.36;19,220.00;60;0,31;82,760.00;1,610,043,200.00
2024-12-18;GRUPOARGOS;19,600.00;19,600.00;19,430.60;19,280.00;300;1,55;78,274.00;1,520,910,940.00
2024-12-19;GRUPOARGOS;20,400.00;21,000.00;20,536.90;20,120.00;800;4,08;301,753.00;6,197,070,900.00
2024-12-20;GRUPOARGOS;20,300.00;20,400.00;20,135.03;19,800.00;-100;-0,49;89,220.00;1,796,447,040.00
2024-12-23;GRUPOARGOS;20,500.00;20,500.00;20,341.72;20,140.00;200;0,99;95,164.00;1,935,799,640.00
2024-12-24;GRUPOARGOS;20,440.00;20,500.00;20,330.01;20,100.00;-60;-0,29;47,204.00;959,658,020.00
2024-12-26;GRUPOARGOS;20,500.00;20,500.00;20,178.37;20,000.00;60;0,29;56,601.00;1,142,115,960.00
2024-12-27;GRUPOARGOS;20,500.00;20,500.00;20,454.80;20,420.00;0;0;14,977.00;306,351,500.00
2024-12-30;GRUPOARGOS;20,600.00;20,800.00;20,660.49;20,500.00;100;0,49;75,542.00;1,560,734,420.00
2024-01-02;GRUPOARGOS;12,900.00;13,000.00;12,791.12;12,440.00;480;3,86;148,023.00;1,893,380,600.00
2024-01-03;GRUPOARGOS;13,100.00;13,640.00;13,095.91;12,660.00;200;1,55;132,616.00;1,736,726,560.00
2024-01-04;GRUPOARGOS;13,460.00;13,520.00;13,469.21;13,120.00;360;2,75;136,806.00;1,842,669,340.00
2024-01-05;GRUPOARGOS;13,700.00;13,780.00;13,577.45;13,280.00;240;1,78;128,557.00;1,745,476,160.00
2024-01-09;GRUPOARGOS;13,900.00;14,240.00;13,939.86;13,500.00;200;1,46;194,769.00;2,715,052,180.00
2024-01-10;GRUPOARGOS;13,800.00;14,360.00;13,828.39;13,760.00;-100;-0,72;475,026.00;6,568,846,200.00
2024-01-11;GRUPOARGOS;13,880.00;14,000.00;13,973.42;13,880.00;80;0,58;88,315.00;1,234,062,540.00
2024-01-12;GRUPOARGOS;13,800.00;13,900.00;13,855.26;13,700.00;-80;-0,58;291,247.00;4,035,303,640.00
2024-01-15;GRUPOARGOS;13,900.00;13,900.00;13,788.35;13,700.00;100;0,72;159,203.00;2,195,146,700.00
2024-01-16;GRUPOARGOS;13,720.00;14,120.00;13,969.32;13,600.00;-180;-1,29;393,345.00;5,494,760,940.00
2024-01-17;GRUPOARGOS;13,780.00;13,960.00;13,891.02;13,720.00;60;0,44;208,865.00;2,901,347,540.00
2024-01-18;GRUPOARGOS;13,540.00;13,880.00;13,653.68;13,540.00;-240;-1,74;283,493.00;3,870,722,140.00
2024-01-19;GRUPOARGOS;13,500.00;13,700.00;13,490.29;13,340.00;-40;-0,3;182,276.00;2,458,957,000.00
2024-01-22;GRUPOARGOS;13,640.00;14,000.00;13,887.30;12,920.00;140;1,04;280,804.00;3,899,609,540.00
2024-01-23;GRUPOARGOS;13,580.00;13,800.00;13,753.96;13,580.00;-60;-0,44;420,907.00;5,789,138,880.00
2024-01-24;GRUPOARGOS;13,660.00;13,700.00;13,627.60;13,580.00;80;0,59;107,314.00;1,462,431,920.00
2024-01-25;GRUPOARGOS;13,700.00;13,760.00;13,678.72;13,580.00;40;0,29;117,012.00;1,600,574,420.00
2024-01-26;GRUPOARGOS;13,700.00;13,800.00;13,704.99;13,520.00;0;0;106,798.00;1,463,665,280.00
2024-01-29;GRUPOARGOS;13,800.00;13,900.00;13,826.48;13,700.00;100;0,73;217,185.00;3,002,903,600.00
2024-01-30;GRUPOARGOS;13,760.00;13,840.00;13,782.01;13,600.00;-40;-0,29;187,456.00;2,583,521,400.00
2024-01-31;GRUPOARGOS;13,720.00;13,880.00;13,801.36;13,720.00;-40;-0,29;84,102.00;1,160,721,680.00
2024-02-01;GRUPOARGOS;13,600.00;13,900.00;13,753.21;13,600.00;-120;-0,87;73,631.00;1,012,662,760.00
2024-02-02;GRUPOARGOS;13,740.00;13,800.00;13,731.50;13,600.00;140;1,03;84,037.00;1,153,954,160.00
2024-02-05;GRUPOARGOS;13,420.00;13,600.00;13,551.79;13,420.00;-320;-2,33;68,904.00;933,772,400.00
2024-02-06;GRUPOARGOS;13,540.00;13,600.00;13,539.72;13,440.00;120;0,89;54,129.00;732,891,580.00
2024-02-07;GRUPOARGOS;13,300.00;13,460.00;13,344.02;13,200.00;-240;-1,77;64,142.00;855,912,120.00
2024-02-08;GRUPOARGOS;13,200.00;13,400.00;13,227.34;13,140.00;-100;-0,75;92,437.00;1,222,695,780.00
2024-02-09;GRUPOARGOS;12,780.00;13,200.00;12,983.55;12,780.00;-420;-3,18;90,635.00;1,176,763,780.00
2024-02-12;GRUPOARGOS;12,800.00;12,900.00;12,801.69;12,800.00;20;0,16;69,258.00;886,619,640.00
2024-02-13;GRUPOARGOS;12,400.00;12,660.00;12,578.87;12,400.00;-400;-3,12;216,449.00;2,722,682,840.00
2024-02-14;GRUPOARGOS;12,200.00;12,400.00;12,282.52;12,200.00;-200;-1,61;70,928.00;871,174,680.00
2024-02-15;GRUPOARGOS;12,300.00;12,320.00;12,287.15;12,200.00;100;0,82;53,569.00;658,210,420.00
2024-02-16;GRUPOARGOS;12,820.00;12,980.00;12,292.79;12,200.00;520;4,23;646,766.00;7,950,559,720.00
2024-02-19;GRUPOARGOS;12,540.00;12,620.00;12,600.84;12,540.00;-280;-2,18;20,853.00;262,765,240.00
2024-02-20;GRUPOARGOS;12,760.00;12,760.00;12,572.35;12,380.00;220;1,75;52,053.00;654,428,780.00
2024-02-21;GRUPOARGOS;12,960.00;13,200.00;13,032.01;12,900.00;200;1,57;166,870.00;2,174,652,160.00
2024-02-22;GRUPOARGOS;13,260.00;13,260.00;13,047.78;13,000.00;300;2,31;51,672.00;674,205,060.00
2024-02-23;GRUPOARGOS;13,580.00;13,600.00;13,444.86;13,000.00;320;2,41;397,704.00;5,347,073,160.00
2024-02-26;GRUPOARGOS;13,520.00;13,560.00;13,491.25;13,280.00;-60;-0,44;53,976.00;728,203,780.00
2024-02-27;GRUPOARGOS;13,520.00;13,600.00;13,552.86;13,480.00;0;0;85,251.00;1,155,394,720.00
2024-02-28;GRUPOARGOS;13,840.00;13,840.00;13,627.81;13,360.00;320;2,37;173,304.00;2,361,754,500.00
2024-02-29;GRUPOARGOS;13,700.00;13,960.00;13,721.15;13,700.00;-140;-1,01;370,195.00;5,079,502,760.00
2024-03-01;GRUPOARGOS;14,200.00;14,200.00;13,909.89;13,500.00;500;3,65;596,406.00;8,295,941,480.00
2024-03-04;GRUPOARGOS;14,740.00;14,740.00;14,600.44;14,200.00;540;3,8;1,116,339.00;16,299,040,120.00
2024-03-05;GRUPOARGOS;15,200.00;15,500.00;15,048.55;14,700.00;460;3,12;410,408.00;6,176,044,740.00
2024-03-06;GRUPOARGOS;15,000.00;15,380.00;15,229.59;15,000.00;-200;-1,32;190,150.00;2,895,906,320.00
2024-03-07;GRUPOARGOS;15,080.00;15,100.00;15,073.98;14,900.00;80;0,53;105,833.00;1,595,324,280.00
2024-03-08;GRUPOARGOS;14,760.00;15,080.00;14,871.66;14,720.00;-320;-2,12;115,838.00;1,722,703,060.00
2024-03-11;GRUPOARGOS;14,980.00;15,000.00;14,927.88;14,760.00;220;1,49;239,683.00;3,577,959,760.00
2024-03-12;GRUPOARGOS;14,300.00;14,800.00;14,489.12;14,220.00;-680;-4,54;826,171.00;11,970,487,520.00
2024-03-13;GRUPOARGOS;14,300.00;14,400.00;14,327.66;14,260.00;0;0;624,155.00;8,942,680,160.00
2024-03-14;GRUPOARGOS;14,400.00;14,700.00;14,457.94;14,300.00;100;0,7;141,642.00;2,047,852,000.00
2024-03-15;GRUPOARGOS;14,300.00;14,500.00;14,232.32;14,100.00;-100;-0,69;2,254,159.00;32,081,908,060.00
2024-03-18;GRUPOARGOS;15,000.00;15,200.00;14,862.55;14,500.00;700;4,9;301,160.00;4,476,005,140.00
2024-03-19;GRUPOARGOS;14,900.00;15,440.00;15,085.56;14,900.00;-100;-0,67;197,159.00;2,974,253,180.00
2024-03-20;GRUPOARGOS;14,700.00;15,000.00;14,819.21;14,700.00;-200;-1,34;74,678.00;1,106,668,660.00
2024-03-21;GRUPOARGOS;15,200.00;15,200.00;15,043.71;14,720.00;500;3,4;118,537.00;1,783,236,500.00
2024-03-22;GRUPOARGOS;15,140.00;15,300.00;15,150.57;15,100.00;-60;-0,39;104,366.00;1,581,204,500.00
2024-03-26;GRUPOARGOS;15,300.00;15,480.00;15,268.39;15,120.00;160;1,06;149,904.00;2,288,792,940.00
2024-03-27;GRUPOARGOS;15,380.00;15,800.00;15,461.27;15,060.00;80;0,52;158,039.00;2,443,483,820.00
2024-04-01;GRUPOARGOS;15,600.00;15,600.00;15,376.35;15,100.00;220;1,43;210,528.00;3,237,152,240.00
2024-04-02;GRUPOARGOS;15,820.00;15,940.00;15,790.55;15,600.00;220;1,41;290,915.00;4,593,708,120.00
2024-04-03;GRUPOARGOS;15,940.00;15,980.00;15,852.61;15,620.00;120;0,76;210,332.00;3,334,310,780.00
2024-04-04;GRUPOARGOS;15,900.00;16,280.00;15,971.88;15,800.00;-40;-0,25;758,070.00;12,107,804,700.00
2024-04-05;GRUPOARGOS;15,880.00;15,960.00;15,849.18;15,360.00;-20;-0,13;252,518.00;4,002,204,080.00
2024-04-08;GRUPOARGOS;15,900.00;16,000.00;15,799.91;15,540.00;20;0,13;210,499.00;3,325,864,640.00
2024-04-09;GRUPOARGOS;16,400.00;16,420.00;16,299.82;15,980.00;500;3,14;774,435.00;12,623,152,560.00
2024-04-10;GRUPOARGOS;16,380.00;16,500.00;16,412.45;15,900.00;-20;-0,12;2,582,626.00;42,387,210,640.00
2024-04-11;GRUPOARGOS;16,400.00;16,420.00;16,298.81;16,100.00;20;0,12;1,034,476.00;16,860,732,840.00
2024-04-12;GRUPOARGOS;16,340.00;16,420.00;16,395.11;16,300.00;-60;-0,37;2,422,034.00;39,709,512,160.00
2024-04-15;GRUPOARGOS;16,200.00;16,480.00;16,275.69;16,160.00;-140;-0,86;162,854.00;2,650,561,500.00
2024-04-16;GRUPOARGOS;16,200.00;16,300.00;16,186.96;16,000.00;0;0;385,281.00;6,236,528,980.00
2024-04-17;GRUPOARGOS;16,040.00;16,200.00;16,098.31;16,020.00;-160;-0,99;710,104.00;11,431,471,220.00
2024-04-18;GRUPOARGOS;15,800.00;16,000.00;15,818.88;15,580.00;-240;-1,5;383,070.00;6,059,737,420.00
2024-04-19;GRUPOARGOS;15,760.00;16,000.00;15,896.75;15,620.00;-40;-0,25;112,275.00;1,784,807,860.00
2024-04-22;GRUPOARGOS;16,060.00;16,100.00;15,984.68;15,700.00;300;1,9;159,957.00;2,556,860,900.00
2024-04-23;GRUPOARGOS;15,960.00;16,160.00;16,063.59;15,820.00;-100;-0,62;259,300.00;4,165,289,500.00
2024-04-24;GRUPOARGOS;16,140.00;16,140.00;16,097.93;15,780.00;180;1,13;1,697,931.00;27,333,177,140.00
2024-04-25;GRUPOARGOS;16,420.00;16,420.00;16,268.66;16,000.00;280;1,73;347,223.00;5,648,851,640.00
2024-04-26;GRUPOARGOS;16,540.00;16,700.00;16,499.04;16,320.00;120;0,73;374,534.00;6,179,452,920.00
2024-04-29;GRUPOARGOS;16,400.00;16,680.00;16,471.17;16,160.00;-140;-0,85;110,796.00;1,824,940,240.00
2024-04-30;GRUPOARGOS;16,120.00;16,400.00;16,379.13;16,120.00;-280;-1,71;164,600.00;2,696,005,060.00
2024-05-02;GRUPOARGOS;16,280.00;16,420.00;16,257.47;16,120.00;160;0,99;239,218.00;3,889,080,440.00
2024-05-03;GRUPOARGOS;16,140.00;16,400.00;16,264.32;16,120.00;-140;-0,86;64,201.00;1,044,185,540.00
2024-05-06;GRUPOARGOS;16,180.00;16,180.00;16,090.41;16,040.00;40;0,25;88,938.00;1,431,048,660.00
2024-05-07;GRUPOARGOS;16,180.00;16,180.00;16,124.52;16,020.00;0;0;145,504.00;2,346,182,740.00
2024-05-08;GRUPOARGOS;16,160.00;16,260.00;16,187.43;16,100.00;-20;-0,12;105,480.00;1,707,450,200.00
2024-05-09;GRUPOARGOS;16,240.00;16,340.00;16,257.97;16,200.00;80;0,5;114,697.00;1,864,740,000.00
2024-05-10;GRUPOARGOS;16,220.00;16,500.00;16,371.12;16,220.00;-20;-0,12;338,633.00;5,543,800,780.00
2024-05-14;GRUPOARGOS;16,300.00;16,380.00;16,265.49;16,200.00;80;0,49;53,749.00;874,253,640.00
2024-05-15;GRUPOARGOS;16,400.00;16,640.00;16,302.68;16,200.00;100;0,61;316,668.00;5,162,536,360.00
2024-05-16;GRUPOARGOS;16,320.00;16,480.00;16,386.06;16,320.00;-80;-0,49;207,173.00;3,394,749,220.00
2024-05-17;GRUPOARGOS;16,280.00;16,380.00;16,320.81;16,280.00;-40;-0,25;270,237.00;4,410,487,920.00
2024-05-20;GRUPOARGOS;16,360.00;16,460.00;16,413.67;16,280.00;80;0,49;162,519.00;2,667,532,980.00
2024-05-21;GRUPOARGOS;16,600.00;16,600.00;16,514.66;16,360.00;240;1,47;179,505.00;2,964,463,520.00
2024-05-22;GRUPOARGOS;16,140.00;16,500.00;16,379.16;16,140.00;-460;-2,77;109,642.00;1,795,844,060.00
2024-05-23;GRUPOARGOS;16,300.00;16,360.00;16,263.52;15,200.00;160;0,99;117,816.00;1,916,102,460.00
2024-05-24;GRUPOARGOS;16,380.00;16,400.00;16,315.41;16,260.00;80;0,49;73,136.00;1,193,243,480.00
2024-05-27;GRUPOARGOS;16,280.00;16,480.00;16,375.14;16,240.00;-100;-0,61;141,935.00;2,324,205,920.00
2024-05-28;GRUPOARGOS;16,560.00;16,580.00;16,523.07;16,280.00;280;1,72;133,090.00;2,199,055,180.00
2024-05-29;GRUPOARGOS;16,380.00;16,520.00;16,452.10;16,320.00;-180;-1,09;110,377.00;1,815,933,040.00
2024-05-30;GRUPOARGOS;16,500.00;16,500.00;16,287.61;16,240.00;120;0,73;565,808.00;9,215,662,140.00
2024-05-31;GRUPOARGOS;16,420.00;16,580.00;16,430.85;16,400.00;-80;-0,48;913,288.00;15,006,095,520.00
2024-06-04;GRUPOARGOS;16,600.00;16,600.00;16,493.83;16,420.00;180;1,1;71,888.00;1,185,708,680.00
2024-06-05;GRUPOARGOS;16,520.00;16,680.00;16,579.00;16,500.00;-80;-0,48;181,923.00;3,016,100,620.00
2024-06-06;GRUPOARGOS;16,580.00;16,620.00;16,585.59;16,540.00;60;0,36;297,545.00;4,934,960,860.00
2024-06-07;GRUPOARGOS;16,700.00;16,780.00;16,679.47;16,520.00;120;0,72;390,724.00;6,517,068,680.00
2024-06-11;GRUPOARGOS;16,620.00;16,660.00;16,597.88;16,540.00;-80;-0,48;109,038.00;1,809,800,000.00
2024-06-12;GRUPOARGOS;16,400.00;16,560.00;16,421.95;16,400.00;-220;-1,32;163,299.00;2,681,687,380.00
2024-06-13;GRUPOARGOS;16,560.00;16,560.00;16,445.27;16,380.00;160;0,98;71,505.00;1,175,918,860.00
2024-06-14;GRUPOARGOS;16,500.00;16,500.00;16,499.35;16,300.00;-60;-0,36;1,279,233.00;21,106,509,640.00
2024-06-17;GRUPOARGOS;16,660.00;16,660.00;16,582.60;16,500.00;160;0,97;47,277.00;783,975,380.00
2024-06-18;GRUPOARGOS;16,600.00;16,700.00;16,578.25;16,480.00;-60;-0,36;29,844.00;494,761,320.00
2024-06-19;GRUPOARGOS;16,300.00;16,580.00;16,330.78;15,380.00;-300;-1,81;38,154.00;623,084,560.00
2024-06-20;GRUPOARGOS;16,500.00;16,560.00;16,494.58;16,480.00;200;1,23;578,673.00;9,544,968,300.00
2024-06-21;GRUPOARGOS;16,260.00;16,520.00;16,277.12;16,260.00;-240;-1,45;149,780.00;2,437,987,280.00
2024-06-24;GRUPOARGOS;16,480.00;16,480.00;16,407.70;16,280.00;220;1,35;54,649.00;896,664,140.00
2024-06-25;GRUPOARGOS;16,580.00;16,580.00;16,473.31;16,400.00;100;0,61;103,419.00;1,703,653,340.00
2024-06-26;GRUPOARGOS;16,600.00;16,600.00;16,570.85;16,540.00;20;0,12;38,056.00;630,620,240.00
2024-06-27;GRUPOARGOS;16,680.00;16,700.00;16,624.76;16,520.00;80;0,48;140,621.00;2,337,790,160.00
2024-06-28;GRUPOARGOS;16,880.00;16,920.00;16,820.30;16,400.00;200;1,2;234,030.00;3,936,455,940.00
2023-07-04;GRUPOARGOS;9,800.00;9,895.00;9,749.43;9,500.00;150;1,55;46,970.00;457,930,920.00
2023-07-05;GRUPOARGOS;9,685.00;9,895.00;9,716.71;9,520.00;-115;-1,17;77,440.00;752,461,655.00
2023-07-06;GRUPOARGOS;9,335.00;9,660.00;9,395.57;9,300.00;-350;-3,61;105,000.00;986,535,275.00
2023-07-07;GRUPOARGOS;9,495.00;9,495.00;9,415.74;9,345.00;160;1,71;92,068.00;866,888,060.00
2023-07-10;GRUPOARGOS;9,620.00;9,620.00;9,554.70;9,500.00;125;1,32;65,470.00;625,546,005.00
2023-07-11;GRUPOARGOS;9,725.00;9,785.00;9,682.39;9,600.00;105;1,09;313,918.00;3,039,477,310.00
2023-07-12;GRUPOARGOS;9,490.00;9,715.00;9,544.84;9,490.00;-235;-2,42;184,290.00;1,759,018,620.00
2023-07-13;GRUPOARGOS;9,615.00;9,645.00;9,604.96;9,510.00;125;1,32;100,586.00;966,124,340.00
2023-07-14;GRUPOARGOS;9,550.00;9,700.00;9,634.20;9,545.00;-65;-0,68;79,942.00;770,177,605.00
2023-07-17;GRUPOARGOS;9,700.00;9,700.00;9,609.80;9,500.00;150;1,57;134,914.00;1,296,496,425.00
2023-07-18;GRUPOARGOS;9,630.00;9,800.00;9,751.03;9,630.00;-70;-0,72;181,429.00;1,769,119,505.00
2023-07-19;GRUPOARGOS;9,695.00;9,700.00;9,643.77;9,570.00;65;0,67;128,472.00;1,238,954,510.00
2023-07-21;GRUPOARGOS;9,765.00;9,765.00;9,714.63;9,670.00;70;0,72;98,397.00;955,890,340.00
2023-07-24;GRUPOARGOS;9,785.00;9,890.00;9,776.83;9,655.00;20;0,2;100,850.00;985,993,125.00
2023-07-25;GRUPOARGOS;9,635.00;9,820.00;9,716.26;9,605.00;-150;-1,53;99,804.00;969,721,675.00
2023-07-26;GRUPOARGOS;9,650.00;9,790.00;9,625.71;9,600.00;15;0,16;95,822.00;922,354,450.00
2023-07-27;GRUPOARGOS;9,600.00;9,700.00;9,604.24;9,590.00;-50;-0,52;86,991.00;835,482,040.00
2023-07-28;GRUPOARGOS;9,600.00;9,685.00;9,649.02;9,570.00;0;0;265,895.00;2,565,625,640.00
2023-07-31;GRUPOARGOS;;9,685.00;9,630.19;9,565.00;65;0,68;31,330.00;301,714,000.00
2023-08-01;GRUPOARGOS;9,680.00;9,785.00;9,689.07;9,645.00;5;0,05;91,881.00;890,241,670.00
2023-08-02;GRUPOARGOS;9,620.00;9,685.00;9,619.22;9,575.00;-60;-0,62;228,997.00;2,202,773,190.00
2023-08-03;GRUPOARGOS;9,470.00;9,650.00;9,536.56;9,435.00;-150;-1,56;145,110.00;1,383,850,425.00
2023-08-04;GRUPOARGOS;;;9,465.07;;;;1,524.00;14,424,760.00
2023-08-08;GRUPOARGOS;9,625.00;9,625.00;9,510.11;9,500.00;40;0,42;132,391.00;1,259,052,915.00
2023-08-09;GRUPOARGOS;9,600.00;9,620.00;9,596.39;9,475.00;-25;-0,26;65,988.00;633,246,615.00
2023-08-10;GRUPOARGOS;9,610.00;9,660.00;9,604.77;9,530.00;10;0,1;31,162.00;299,303,690.00
2023-08-11;GRUPOARGOS;9,680.00;9,680.00;9,567.24;9,475.00;70;0,73;101,786.00;973,811,570.00
2023-08-14;GRUPOARGOS;9,390.00;9,680.00;9,474.25;9,390.00;-290;-3;132,435.00;1,254,721,955.00
2023-08-15;GRUPOARGOS;9,200.00;9,390.00;9,248.52;9,200.00;-190;-2,02;125,613.00;1,161,734,415.00
2023-08-16;GRUPOARGOS;9,250.00;9,320.00;9,245.36;9,105.00;50;0,54;83,676.00;773,615,035.00
2023-08-17;GRUPOARGOS;9,150.00;9,250.00;9,195.37;9,150.00;-100;-1,08;105,810.00;972,962,145.00
2023-08-18;GRUPOARGOS;9,390.00;9,390.00;9,312.41;9,215.00;240;2,62;62,674.00;583,645,995.00
2023-08-22;GRUPOARGOS;9,020.00;9,385.00;9,178.96;9,020.00;-370;-3,94;114,690.00;1,052,735,030.00
2023-08-23;GRUPOARGOS;8,820.00;9,100.00;8,954.14;8,820.00;-200;-2,22;62,099.00;556,042,840.00
2023-08-24;GRUPOARGOS;8,925.00;8,925.00;8,835.29;8,820.00;105;1,19;52,138.00;460,654,225.00
2023-08-25;GRUPOARGOS;9,075.00;9,075.00;8,995.63;8,900.00;150;1,68;75,772.00;681,616,545.00
2023-08-28;GRUPOARGOS;8,720.00;9,000.00;8,861.12;8,720.00;-355;-3,91;280,785.00;2,488,069,590.00
2023-08-29;GRUPOARGOS;8,680.00;8,850.00;8,772.88;8,680.00;-40;-0,46;161,823.00;1,419,653,230.00
2023-08-30;GRUPOARGOS;8,390.00;8,790.00;8,565.14;8,390.00;-290;-3,34;137,333.00;1,176,276,625.00
2023-08-31;GRUPOARGOS;8,060.00;8,450.00;8,074.17;8,060.00;-330;-3,93;4,346,280.00;35,092,612,075.00
2023-09-01;GRUPOARGOS;8,000.00;8,100.00;8,032.54;7,800.00;-60;-0,74;1,265,662.00;10,166,481,935.00
2023-09-04;GRUPOARGOS;7,780.00;8,100.00;7,954.69;7,780.00;-220;-2,75;125,444.00;997,868,185.00
2023-09-05;GRUPOARGOS;7,750.00;7,880.00;7,810.07;7,750.00;-30;-0,39;180,583.00;1,410,366,485.00
2023-09-06;GRUPOARGOS;7,800.00;7,850.00;7,758.64;7,645.00;50;0,65;151,737.00;1,177,273,415.00
2023-09-07;GRUPOARGOS;8,300.00;8,365.00;8,237.49;7,955.00;500;6,41;1,340,490.00;11,042,276,800.00
2023-09-08;GRUPOARGOS;8,400.00;8,500.00;8,409.73;8,320.00;100;1,2;462,335.00;3,888,111,435.00
2023-09-11;GRUPOARGOS;8,300.00;8,450.00;8,357.07;8,300.00;-100;-1,19;202,181.00;1,689,640,175.00
2023-09-12;GRUPOARGOS;8,000.00;8,300.00;8,100.44;8,000.00;-300;-3,61;362,849.00;2,939,234,785.00
2023-09-13;GRUPOARGOS;8,270.00;8,370.00;8,021.67;8,000.00;270;3,38;4,648,023.00;37,284,903,745.00
2023-09-14;GRUPOARGOS;8,290.00;8,335.00;8,286.87;8,015.00;20;0,24;174,587.00;1,446,779,240.00
2023-09-15;GRUPOARGOS;8,290.00;8,290.00;8,286.36;8,165.00;0;0;579,481.00;4,801,786,825.00
2023-09-18;GRUPOARGOS;8,530.00;8,600.00;8,456.62;8,290.00;240;2,9;320,140.00;2,707,303,855.00
2023-09-19;GRUPOARGOS;8,570.00;8,680.00;8,604.70;8,540.00;40;0,47;99,770.00;858,491,235.00
2023-09-20;GRUPOARGOS;8,600.00;8,760.00;8,703.36;8,560.00;30;0,35;342,877.00;2,984,180,980.00
2023-09-21;GRUPOARGOS;8,545.00;8,670.00;8,569.89;8,500.00;-55;-0,64;169,634.00;1,453,744,695.00
2023-09-22;GRUPOARGOS;8,870.00;8,880.00;8,807.33;8,700.00;325;3,8;148,180.00;1,305,070,700.00
2023-09-25;GRUPOARGOS;8,980.00;9,000.00;8,915.28;8,455.00;110;1,24;137,502.00;1,225,869,275.00
2023-09-26;GRUPOARGOS;9,000.00;9,200.00;9,099.97;9,000.00;20;0,22;340,194.00;3,095,753,700.00
2023-09-27;GRUPOARGOS;9,100.00;9,150.00;9,113.27;9,010.00;100;1,11;346,548.00;3,158,187,105.00
2023-09-28;GRUPOARGOS;9,400.00;9,485.00;9,346.69;9,200.00;300;3,3;484,445.00;4,527,959,505.00
2023-09-29;GRUPOARGOS;9,350.00;9,650.00;9,390.53;9,100.00;-50;-0,53;291,574.00;2,738,034,090.00
2023-10-02;GRUPOARGOS;9,270.00;9,350.00;9,234.85;9,170.00;-80;-0,86;121,116.00;1,118,487,530.00
2023-10-03;GRUPOARGOS;9,155.00;9,260.00;9,222.34;9,155.00;-115;-1,24;675,222.00;6,227,126,010.00
2023-10-04;GRUPOARGOS;9,015.00;9,140.00;9,016.92;8,870.00;-140;-1,53;611,517.00;5,514,002,540.00
2023-10-05;GRUPOARGOS;8,955.00;9,020.00;9,005.79;8,820.00;-60;-0,67;100,712.00;906,991,250.00
2023-10-06;GRUPOARGOS;8,910.00;9,015.00;9,001.49;8,910.00;-45;-0,5;104,177.00;937,748,650.00
2023-10-09;GRUPOARGOS;8,970.00;9,000.00;8,966.14;8,945.00;60;0,67;104,811.00;939,749,955.00
2023-10-10;GRUPOARGOS;9,050.00;9,200.00;9,032.50;8,985.00;80;0,89;137,683.00;1,243,621,910.00
2023-10-11;GRUPOARGOS;8,980.00;9,100.00;9,009.76;8,900.00;-70;-0,77;106,710.00;961,431,810.00
2023-10-12;GRUPOARGOS;9,100.00;9,100.00;8,922.58;8,715.00;120;1,34;178,584.00;1,593,430,315.00
2023-10-13;GRUPOARGOS;9,050.00;9,175.00;9,102.94;9,035.00;-50;-0,55;101,247.00;921,645,245.00
2023-10-17;GRUPOARGOS;9,200.00;9,250.00;9,160.88;9,000.00;150;1,66;130,146.00;1,192,251,990.00
2023-10-18;GRUPOARGOS;9,270.00;9,270.00;9,202.41;9,105.00;70;0,76;129,188.00;1,188,840,495.00
2023-10-19;GRUPOARGOS;9,180.00;9,350.00;9,302.23;9,105.00;-90;-0,97;106,976.00;995,115,720.00
2023-10-20;GRUPOARGOS;9,240.00;9,300.00;9,280.28;9,240.00;60;0,65;129,907.00;1,205,572,900.00
2023-10-23;GRUPOARGOS;9,230.00;9,260.00;9,240.40;9,150.00;-10;-0,11;95,001.00;877,846,930.00
2023-10-24;GRUPOARGOS;9,230.00;9,250.00;9,227.09;9,110.00;0;0;101,553.00;937,039,100.00
2023-10-25;GRUPOARGOS;9,045.00;9,195.00;9,106.44;9,045.00;-185;-2;50,174.00;456,906,455.00
2023-10-26;GRUPOARGOS;9,110.00;9,190.00;9,076.25;9,045.00;65;0,72;34,994.00;317,614,220.00
2023-10-27;GRUPOARGOS;9,095.00;9,170.00;9,013.18;9,000.00;-15;-0,16;237,333.00;2,139,124,140.00
2023-10-30;GRUPOARGOS;8,950.00;9,250.00;9,100.76;8,950.00;-145;-1,59;48,415.00;440,613,450.00
2023-10-31;GRUPOARGOS;8,920.00;8,940.00;8,881.94;8,800.00;-30;-0,34;36,265.00;322,103,515.00
2023-11-01;GRUPOARGOS;8,885.00;8,900.00;8,727.05;8,700.00;-35;-0,39;220,288.00;1,922,464,235.00
2023-11-02;GRUPOARGOS;8,860.00;8,920.00;8,870.10;8,860.00;-25;-0,28;12,728.00;112,898,650.00
2023-11-03;GRUPOARGOS;8,800.00;8,900.00;8,826.22;8,800.00;-60;-0,68;23,113.00;204,000,445.00
2023-11-07;GRUPOARGOS;9,100.00;9,100.00;8,878.04;8,510.00;300;3,41;303,495.00;2,694,440,735.00
2023-11-08;GRUPOARGOS;9,190.00;9,250.00;9,114.94;8,970.00;90;0,99;136,305.00;1,242,412,270.00
2023-11-09;GRUPOARGOS;9,280.00;9,300.00;9,207.96;9,170.00;90;0,98;150,948.00;1,389,923,900.00
2023-11-10;GRUPOARGOS;9,200.00;9,370.00;9,330.04;9,200.00;-80;-0,86;633,523.00;5,910,795,970.00
2023-11-14;GRUPOARGOS;9,330.00;9,370.00;9,309.00;9,290.00;130;1,41;440,118.00;4,097,060,320.00
2023-11-15;GRUPOARGOS;9,250.00;9,310.00;9,273.75;9,210.00;-80;-0,86;137,799.00;1,277,913,530.00
2023-11-16;GRUPOARGOS;9,340.00;9,350.00;9,287.28;9,250.00;90;0,97;195,993.00;1,820,241,490.00
2023-11-17;GRUPOARGOS;9,250.00;9,390.00;9,308.77;9,250.00;-90;-0,96;523,099.00;4,869,409,820.00
2023-11-20;GRUPOARGOS;9,360.00;9,380.00;9,359.29;9,300.00;110;1,19;138,008.00;1,291,657,490.00
2023-11-21;GRUPOARGOS;9,420.00;9,490.00;9,408.45;9,310.00;60;0,64;810,349.00;7,624,125,580.00
2023-11-22;GRUPOARGOS;9,260.00;9,560.00;9,469.80;9,260.00;-160;-1,7;483,600.00;4,579,593,870.00
2023-11-23;GRUPOARGOS;9,480.00;9,570.00;9,463.55;9,400.00;220;2,38;224,151.00;2,121,264,950.00
2023-11-24;GRUPOARGOS;9,440.00;9,560.00;9,494.03;9,440.00;-40;-0,42;115,611.00;1,097,614,520.00
2023-11-27;GRUPOARGOS;9,400.00;9,520.00;9,473.70;9,380.00;-40;-0,42;235,356.00;2,229,692,490.00
2023-11-28;GRUPOARGOS;9,410.00;9,480.00;9,446.88;9,400.00;10;0,11;355,343.00;3,356,882,900.00
2023-11-29;GRUPOARGOS;10,280.00;10,680.00;9,711.70;9,480.00;870;9,25;720,024.00;6,992,659,110.00
2023-11-30;GRUPOARGOS;10,400.00;10,580.00;10,311.77;10,000.00;120;1,17;469,186.00;4,838,137,260.00
2023-12-01;GRUPOARGOS;10,380.00;10,400.00;10,291.67;10,200.00;-20;-0,19;109,301.00;1,124,890,200.00
2023-12-04;GRUPOARGOS;10,760.00;10,980.00;10,785.95;10,360.00;380;3,66;413,271.00;4,457,518,700.00
2023-12-05;GRUPOARGOS;10,740.00;10,940.00;10,818.37;10,720.00;-20;-0,19;357,290.00;3,865,294,700.00
2023-12-06;GRUPOARGOS;10,180.00;10,700.00;10,424.58;10,180.00;-560;-5,21;254,813.00;2,656,318,880.00
2023-12-07;GRUPOARGOS;10,400.00;10,400.00;10,340.24;10,220.00;220;2,16;279,409.00;2,889,157,200.00
2023-12-11;GRUPOARGOS;10,720.00;10,720.00;10,582.27;10,400.00;320;3,08;178,374.00;1,887,601,100.00
2023-12-12;GRUPOARGOS;11,380.00;11,460.00;11,218.98;10,720.00;660;6,16;419,964.00;4,711,567,120.00
2023-12-13;GRUPOARGOS;11,860.00;11,900.00;11,644.56;11,400.00;480;4,22;329,773.00;3,840,061,660.00
2023-12-14;GRUPOARGOS;12,000.00;12,360.00;12,058.63;11,660.00;140;1,18;375,718.00;4,530,643,720.00
2023-12-15;GRUPOARGOS;12,200.00;12,300.00;12,074.27;11,880.00;200;1,67;289,535.00;3,495,923,880.00
2023-12-18;GRUPOARGOS;12,320.00;12,400.00;12,282.70;12,100.00;120;0,98;333,420.00;4,095,298,760.00
2023-12-19;GRUPOARGOS;12,360.00;12,680.00;12,418.06;12,300.00;40;0,32;339,800.00;4,219,656,960.00
2023-12-20;GRUPOARGOS;11,820.00;12,480.00;12,250.04;11,820.00;-540;-4,37;326,750.00;4,002,699,640.00
2023-12-21;GRUPOARGOS;11,880.00;12,100.00;11,968.43;11,860.00;60;0,51;254,479.00;3,045,715,200.00
2023-12-22;GRUPOARGOS;12,180.00;12,280.00;12,154.65;11,820.00;300;2,53;227,507.00;2,765,268,340.00
2023-12-26;GRUPOARGOS;12,300.00;12,500.00;12,299.46;12,100.00;120;0,99;118,411.00;1,456,390,900.00
2023-12-27;GRUPOARGOS;12,340.00;12,500.00;12,466.27;12,300.00;40;0,33;112,503.00;1,402,492,400.00
2023-12-28;GRUPOARGOS;12,420.00;12,580.00;12,444.30;12,340.00;80;0,65;257,183.00;3,200,462,180.00
2023-01-02;GRUPOARGOS;9,490.00;;9,472.71;;;;450.00;4,262,720.00
2023-01-03;GRUPOARGOS;9,495.00;9,690.00;9,545.75;9,380.00;5;0,05;90,079.00;859,871,935.00
2023-01-04;GRUPOARGOS;9,330.00;9,650.00;9,441.00;9,005.00;-165;-1,74;91,678.00;865,531,790.00
2023-01-05;GRUPOARGOS;9,970.00;9,970.00;9,738.93;9,595.00;640;6,86;93,975.00;915,215,715.00
2023-01-06;GRUPOARGOS;9,805.00;10,050.00;9,941.98;9,805.00;-165;-1,65;140,382.00;1,395,674,705.00
2023-01-10;GRUPOARGOS;9,730.00;10,000.00;9,883.40;9,730.00;-75;-0,76;117,625.00;1,162,534,340.00
2023-01-11;GRUPOARGOS;9,925.00;9,980.00;9,915.34;9,835.00;195;2;107,987.00;1,070,727,365.00
2023-01-12;GRUPOARGOS;9,925.00;10,000.00;9,934.68;9,860.00;0;0;91,520.00;909,221,470.00
2023-01-13;GRUPOARGOS;9,810.00;9,865.00;9,857.43;9,810.00;-115;-1,16;21,097.00;207,962,140.00
2023-01-16;GRUPOARGOS;9,850.00;9,860.00;9,873.04;9,850.00;40;0,41;14,465.00;142,813,495.00
2023-01-17;GRUPOARGOS;9,800.00;9,975.00;9,828.42;9,705.00;-50;-0,51;49,911.00;490,546,365.00
2023-01-18;GRUPOARGOS;9,950.00;9,950.00;9,838.06;9,590.00;150;1,53;92,081.00;905,898,640.00
2023-01-19;GRUPOARGOS;9,790.00;9,900.00;9,780.78;9,700.00;-160;-1,61;140,897.00;1,378,082,860.00
2023-01-20;GRUPOARGOS;9,870.00;9,870.00;9,822.16;9,800.00;80;0,82;76,078.00;747,250,395.00
2023-01-23;GRUPOARGOS;9,800.00;9,800.00;9,793.31;9,780.00;-70;-0,71;171,668.00;1,681,198,460.00
2023-01-24;GRUPOARGOS;9,640.00;9,800.00;9,717.50;9,550.00;-160;-1,63;60,543.00;588,326,345.00
2023-01-25;GRUPOARGOS;9,315.00;9,500.00;9,403.58;9,315.00;-325;-3,37;45,515.00;428,004,050.00
2023-01-26;GRUPOARGOS;9,310.00;9,500.00;9,402.91;9,300.00;-5;-0,05;104,891.00;986,280,695.00
2023-01-27;GRUPOARGOS;9,440.00;9,485.00;9,451.93;9,400.00;130;1,4;83,205.00;786,448,120.00
2023-01-30;GRUPOARGOS;9,400.00;9,495.00;9,273.95;9,100.00;-40;-0,42;40,851.00;378,850,270.00
2023-01-31;GRUPOARGOS;9,365.00;9,385.00;9,302.20;9,095.00;-35;-0,37;105,269.00;979,233,750.00
2023-02-01;GRUPOARGOS;9,400.00;9,400.00;9,290.05;9,210.00;35;0,37;96,586.00;897,288,700.00
2023-02-02;GRUPOARGOS;9,290.00;9,395.00;9,318.52;9,280.00;-110;-1,17;148,509.00;1,383,883,635.00
2023-02-03;GRUPOARGOS;9,275.00;9,290.00;9,232.53;9,155.00;-15;-0,16;369,087.00;3,407,606,690.00
2023-02-06;GRUPOARGOS;9,275.00;;9,041.64;;;;4,406.00;39,837,475.00
2023-02-07;GRUPOARGOS;8,950.00;9,290.00;9,048.75;8,840.00;-325;-3,5;476,189.00;4,308,913,585.00
2023-02-08;GRUPOARGOS;8,870.00;9,075.00;8,852.56;8,585.00;-80;-0,89;103,921.00;919,967,075.00
2023-02-09;GRUPOARGOS;8,600.00;8,760.00;8,628.08;8,565.00;-270;-3,04;36,077.00;311,275,255.00
2023-02-10;GRUPOARGOS;8,420.00;8,625.00;8,496.20;8,310.00;-180;-2,09;131,378.00;1,116,213,160.00
2023-02-13;GRUPOARGOS;8,190.00;8,420.00;8,163.95;7,925.00;-230;-2,73;110,723.00;903,936,810.00
2023-02-14;GRUPOARGOS;8,000.00;8,150.00;7,886.00;7,590.00;-190;-2,32;293,831.00;2,317,150,050.00
2023-02-15;GRUPOARGOS;8,005.00;8,230.00;7,968.25;7,760.00;5;0,06;217,863.00;1,735,986,100.00
2023-02-16;GRUPOARGOS;8,265.00;8,390.00;8,218.80;8,050.00;260;3,25;129,136.00;1,061,343,000.00
2023-02-17;GRUPOARGOS;8,265.00;8,350.00;8,248.90;8,110.00;0;0;158,974.00;1,311,360,005.00
2023-02-20;GRUPOARGOS;8,265.00;8,265.00;8,177.96;7,900.00;0;0;50,995.00;417,035,140.00
2023-02-21;GRUPOARGOS;8,270.00;8,590.00;8,466.76;8,200.00;5;0,06;159,360.00;1,349,263,005.00
2023-02-22;GRUPOARGOS;8,290.00;8,390.00;8,312.59;8,270.00;20;0,24;62,142.00;516,561,180.00
2023-02-23;GRUPOARGOS;8,890.00;8,890.00;8,645.40;8,470.00;600;7,24;260,102.00;2,248,684,550.00
2023-02-24;GRUPOARGOS;9,460.00;9,460.00;9,035.14;8,650.00;570;6,41;288,968.00;2,610,867,290.00
2023-02-27;GRUPOARGOS;9,650.00;9,980.00;9,794.15;9,500.00;190;2,01;285,919.00;2,800,332,290.00
2023-02-28;GRUPOARGOS;9,700.00;9,870.00;9,683.47;9,510.00;50;0,52;240,897.00;2,332,719,890.00
2023-03-01;GRUPOARGOS;9,700.00;9,700.00;9,678.94;9,650.00;0;0;86,151.00;833,850,145.00
2023-03-02;GRUPOARGOS;9,700.00;9,995.00;9,804.65;9,700.00;0;0;143,205.00;1,404,075,190.00
2023-03-03;GRUPOARGOS;9,700.00;9,770.00;9,706.67;9,625.00;0;0;176,213.00;1,710,441,210.00
2023-03-06;GRUPOARGOS;9,710.00;9,745.00;9,702.33;9,620.00;10;0,1;179,335.00;1,739,967,465.00
2023-03-07;GRUPOARGOS;9,700.00;9,730.00;9,683.58;9,625.00;-10;-0,1;576,893.00;5,586,392,220.00
2023-03-08;GRUPOARGOS;9,700.00;9,790.00;9,734.02;9,610.00;0;0;146,765.00;1,428,613,200.00
2023-03-09;GRUPOARGOS;9,665.00;9,740.00;9,698.22;9,600.00;-35;-0,36;184,923.00;1,793,424,160.00
2023-03-10;GRUPOARGOS;9,550.00;9,700.00;9,650.15;9,550.00;-115;-1,19;157,646.00;1,521,307,620.00
2023-03-13;GRUPOARGOS;9,515.00;9,545.00;9,409.60;9,255.00;-35;-0,37;125,553.00;1,181,403,175.00
2023-03-14;GRUPOARGOS;9,625.00;9,685.00;9,613.87;9,535.00;110;1,16;145,037.00;1,394,366,675.00
2023-03-15;GRUPOARGOS;9,690.00;9,690.00;9,552.23;9,360.00;65;0,68;120,840.00;1,154,291,765.00
2023-03-16;GRUPOARGOS;9,650.00;9,680.00;9,614.19;9,355.00;-40;-0,41;398,198.00;3,828,352,260.00
2023-03-17;GRUPOARGOS;9,630.00;9,690.00;9,619.70;9,505.00;-20;-0,21;402,841.00;3,875,211,185.00
2023-03-21;GRUPOARGOS;9,250.00;9,560.00;9,315.27;9,250.00;-380;-3,95;181,893.00;1,694,381,915.00
2023-03-22;GRUPOARGOS;9,120.00;9,395.00;9,256.08;9,120.00;-130;-1,41;277,631.00;2,569,775,660.00
2023-03-23;GRUPOARGOS;9,165.00;9,205.00;9,107.09;9,000.00;45;0,49;48,792.00;444,353,005.00
2023-03-24;GRUPOARGOS;8,700.00;9,090.00;8,906.64;8,700.00;-465;-5,07;147,367.00;1,312,545,010.00
2023-03-27;GRUPOARGOS;8,580.00;8,900.00;8,596.90;8,500.00;-120;-1,38;125,206.00;1,076,383,510.00
2023-03-28;GRUPOARGOS;8,690.00;8,700.00;8,655.88;8,620.00;110;1,28;15,889.00;137,533,330.00
2023-03-29;GRUPOARGOS;8,400.00;8,700.00;8,571.31;8,400.00;-290;-3,34;81,465.00;698,261,530.00
2023-03-30;GRUPOARGOS;8,900.00;9,200.00;8,782.45;8,400.00;500;5,95;124,012.00;1,089,128,700.00
2023-03-31;GRUPOARGOS;9,090.00;9,190.00;8,998.71;8,900.00;190;2,13;61,758.00;555,742,315.00
2023-04-03;GRUPOARGOS;9,300.00;9,300.00;9,127.57;8,910.00;210;2,31;53,692.00;490,077,290.00
2023-04-04;GRUPOARGOS;9,250.00;9,375.00;9,234.14;9,015.00;-50;-0,54;30,638.00;282,915,725.00
2023-04-05;GRUPOARGOS;9,300.00;9,370.00;9,295.48;9,250.00;50;0,54;119,219.00;1,108,197,740.00
2023-04-10;GRUPOARGOS;9,385.00;9,385.00;9,355.59;9,300.00;85;0,91;45,810.00;428,579,610.00
2023-04-11;GRUPOARGOS;9,540.00;9,540.00;9,374.80;9,300.00;155;1,65;303,459.00;2,844,867,060.00
2023-04-12;GRUPOARGOS;9,840.00;9,895.00;9,731.27;9,630.00;300;3,14;122,893.00;1,195,905,285.00
2023-04-13;GRUPOARGOS;9,750.00;9,830.00;9,784.58;9,700.00;-90;-0,91;139,518.00;1,365,125,135.00
2023-04-14;GRUPOARGOS;9,750.00;9,785.00;9,741.44;9,645.00;0;0;64,212.00;625,517,405.00
2023-04-17;GRUPOARGOS;9,750.00;9,940.00;9,855.96;9,515.00;0;0;98,098.00;966,849,780.00
2023-04-18;GRUPOARGOS;9,560.00;9,800.00;9,718.90;9,560.00;-190;-1,95;43,536.00;423,122,050.00
2023-04-19;GRUPOARGOS;9,400.00;9,500.00;9,485.03;9,400.00;-160;-1,67;23,554.00;223,410,395.00
2023-04-20;GRUPOARGOS;9,300.00;9,500.00;9,356.95;9,300.00;-100;-1,06;16,528.00;154,651,660.00
2023-04-21;GRUPOARGOS;9,125.00;9,165.00;9,131.32;9,125.00;-175;-1,88;58,199.00;531,433,440.00
2023-04-24;GRUPOARGOS;9,150.00;9,200.00;9,136.56;9,125.00;25;0,27;52,769.00;482,127,355.00
2023-04-25;GRUPOARGOS;9,000.00;9,030.00;9,011.64;9,000.00;-150;-1,64;151,956.00;1,369,372,555.00
2023-04-26;GRUPOARGOS;9,000.00;9,000.00;8,985.58;8,890.00;0;0;47,839.00;429,861,380.00
2023-04-27;GRUPOARGOS;8,605.00;8,995.00;8,751.51;8,325.00;-395;-4,39;85,560.00;748,779,370.00
2023-04-28;GRUPOARGOS;8,850.00;8,950.00;8,779.18;8,620.00;245;2,85;67,217.00;590,110,445.00
2023-05-02;GRUPOARGOS;8,430.00;8,835.00;8,608.09;8,430.00;-420;-4,75;153,623.00;1,322,401,060.00
2023-05-03;GRUPOARGOS;8,850.00;8,850.00;8,685.72;8,560.00;420;4,98;117,583.00;1,021,292,905.00
2023-05-04;GRUPOARGOS;8,660.00;8,830.00;8,760.20;8,660.00;-190;-2,15;88,864.00;778,466,375.00
2023-05-05;GRUPOARGOS;8,775.00;8,805.00;8,748.40;8,650.00;115;1,33;34,393.00;300,883,795.00
2023-05-08;GRUPOARGOS;8,600.00;8,700.00;8,632.04;8,600.00;-175;-1,99;14,728.00;127,132,640.00
2023-05-09;GRUPOARGOS;8,700.00;8,740.00;8,705.50;8,690.00;100;1,16;29,533.00;257,099,415.00
2023-05-10;GRUPOARGOS;9,170.00;9,170.00;8,995.41;8,750.00;470;5,4;190,231.00;1,711,206,515.00
2023-05-11;GRUPOARGOS;8,980.00;9,175.00;9,081.58;8,980.00;-190;-2,07;71,672.00;650,894,920.00
2023-05-12;GRUPOARGOS;9,250.00;9,250.00;9,187.85;8,935.00;270;3,01;149,060.00;1,369,540,315.00
2023-05-15;GRUPOARGOS;9,395.00;9,550.00;9,388.89;9,200.00;145;1,57;334,721.00;3,142,657,605.00
2023-05-16;GRUPOARGOS;9,300.00;9,400.00;9,322.75;9,240.00;-95;-1,01;105,915.00;987,418,590.00
2023-05-17;GRUPOARGOS;9,400.00;9,400.00;9,358.83;9,290.00;100;1,08;28,384.00;265,641,120.00
2023-05-18;GRUPOARGOS;9,400.00;9,400.00;9,285.22;9,180.00;0;0;237,065.00;2,201,200,945.00
2023-05-19;GRUPOARGOS;9,300.00;9,380.00;9,305.23;9,300.00;-100;-1,06;22,349.00;207,962,490.00
2023-05-23;GRUPOARGOS;9,470.00;9,470.00;9,352.59;9,230.00;170;1,83;42,799.00;400,281,295.00
2023-05-24;GRUPOARGOS;9,350.00;9,480.00;9,474.40;9,350.00;-120;-1,27;35,509.00;336,426,360.00
2023-05-25;GRUPOARGOS;9,350.00;;;;;;;
2023-05-26;GRUPOARGOS;9,350.00;;;;;;;
2023-05-29;GRUPOARGOS;9,350.00;;;;;;;
2023-05-30;GRUPOARGOS;9,350.00;;;;;;;
2023-05-31;GRUPOARGOS;9,350.00;;;;;;;
2023-06-01;GRUPOARGOS;9,350.00;;;;;;;
2023-06-02;GRUPOARGOS;9,350.00;;;;;;;
2023-06-05;GRUPOARGOS;9,350.00;;;;;;;
2023-06-06;GRUPOARGOS;9,350.00;;;;;;;
2023-06-07;GRUPOARGOS;9,350.00;;;;;;;
2023-06-08;GRUPOARGOS;9,350.00;;;;;;;
2023-06-09;GRUPOARGOS;9,350.00;;;;;;;
2023-06-13;GRUPOARGOS;9,350.00;;;;;;;
2023-06-14;GRUPOARGOS;9,350.00;;;;;;;
2023-06-15;GRUPOARGOS;9,350.00;;;;;;;
2023-06-16;GRUPOARGOS;10,070.00;10,600.00;10,270.88;9,900.00;720;7,7;1,088,877.00;11,183,726,620.00
2023-06-20;GRUPOARGOS;9,555.00;10,000.00;9,685.13;9,415.00;-515;-5,11;614,842.00;5,954,824,715.00
2023-06-21;GRUPOARGOS;9,025.00;9,630.00;9,244.98;9,000.00;-530;-5,55;180,443.00;1,668,191,505.00
2023-06-22;GRUPOARGOS;9,235.00;9,235.00;9,062.36;8,835.00;210;2,33;90,539.00;820,496,845.00
2023-06-23;GRUPOARGOS;9,110.00;9,340.00;9,159.37;9,015.00;-125;-1,35;55,268.00;506,220,120.00
2023-06-26;GRUPOARGOS;9,090.00;9,110.00;8,934.29;8,865.00;-20;-0,22;40,683.00;363,473,780.00
2023-06-27;GRUPOARGOS;9,100.00;9,100.00;8,996.72;8,915.00;10;0,11;53,514.00;481,450,515.00
2023-06-28;GRUPOARGOS;9,190.00;9,295.00;9,126.27;9,005.00;90;0,99;24,831.00;226,614,485.00
2023-06-29;GRUPOARGOS;9,550.00;9,550.00;9,233.73;9,140.00;360;3,92;302,571.00;2,793,860,380.00
2023-06-30;GRUPOARGOS;9,650.00;9,720.00;9,641.51;9,430.00;100;1,05;66,245.00;638,701,800.00
2022-07-01;GRUPOARGOS;15,600.00;15,770.00;15,438.45;15,100.00;540.00;3,59;131,609.00;2,031,839,130.00
2022-07-05;GRUPOARGOS;15,460.00;15,680.00;15,366.30;14,600.00;-140.00;-0,9;79,769.00;1,225,754,190.00
2022-07-06;GRUPOARGOS;14,310.00;15,700.00;14,916.55;14,310.00;-1,150.00;-7,44;97,614.00;1,456,064,100.00
2022-07-07;GRUPOARGOS;13,800.00;13,950.00;13,603.31;13,010.00;-510.00;-3,56;1,245,641.00;16,944,840,940.00
2022-07-08;GRUPOARGOS;13,950.00;14,000.00;13,878.19;13,810.00;150.00;1,09;130,540.00;1,811,658,740.00
2022-07-11;GRUPOARGOS;14,180.00;14,330.00;14,090.15;13,940.00;230.00;1,65;343,053.00;4,833,666,760.00
2022-07-12;GRUPOARGOS;14,000.00;14,250.00;14,081.39;13,850.00;-180.00;-1,27;391,394.00;5,511,371,490.00
2022-07-13;GRUPOARGOS;13,630.00;14,000.00;13,682.47;13,630.00;-370.00;-2,64;51,523.00;704,962,140.00
2022-07-14;GRUPOARGOS;12,700.00;13,260.00;12,891.53;12,620.00;-930.00;-6,82;145,277.00;1,872,842,500.00
2022-07-15;GRUPOARGOS;13,200.00;13,200.00;13,011.02;12,500.00;500.00;3,94;100,097.00;1,302,364,380.00
2022-07-18;GRUPOARGOS;12,980.00;13,440.00;12,854.09;12,760.00;-220.00;-1,67;121,724.00;1,564,650,680.00
2022-07-19;GRUPOARGOS;12,900.00;12,980.00;12,879.80;12,810.00;-80.00;-0,62;26,729.00;344,264,160.00
2022-07-21;GRUPOARGOS;12,380.00;12,860.00;12,723.16;12,380.00;-520.00;-4,03;216,577.00;2,755,544,760.00
2022-07-22;GRUPOARGOS;12,020.00;12,370.00;12,136.42;12,020.00;-360.00;-2,91;49,166.00;596,699,210.00
2022-07-25;GRUPOARGOS;12,200.00;12,690.00;12,173.84;12,060.00;180.00;1,5;73,156.00;890,589,540.00
2022-07-26;GRUPOARGOS;12,630.00;12,630.00;12,243.68;11,550.00;430.00;3,52;144,187.00;1,765,379,890.00
2022-07-27;GRUPOARGOS;12,490.00;12,690.00;12,491.57;12,300.00;-140.00;-1,11;183,300.00;2,289,705,520.00
2022-07-28;GRUPOARGOS;12,460.00;12,580.00;12,446.38;12,340.00;-30.00;-0,24;35,505.00;441,908,880.00
2022-07-29;GRUPOARGOS;12,100.00;12,490.00;12,208.64;12,050.00;-360.00;-2,89;115,346.00;1,408,217,830.00
2022-08-01;GRUPOARGOS;11,790.00;12,160.00;11,912.90;11,790.00;-310.00;-2,56;42,934.00;511,468,360.00
2022-08-02;GRUPOARGOS;11,840.00;12,000.00;11,851.26;11,790.00;50.00;0,42;40,160.00;475,946,410.00
2022-08-03;GRUPOARGOS;11,500.00;12,000.00;11,685.73;11,500.00;-340.00;-2,87;83,567.00;976,541,050.00
2022-08-04;GRUPOARGOS;11,200.00;11,790.00;11,378.81;11,200.00;-300.00;-2,61;51,434.00;585,257,500.00
2022-08-05;GRUPOARGOS;11,330.00;11,500.00;11,316.20;11,210.00;130.00;1,16;45,762.00;517,851,820.00
2022-08-08;GRUPOARGOS;11,750.00;11,900.00;11,614.15;11,340.00;420.00;3,71;209,599.00;2,434,313,520.00
2022-08-09;GRUPOARGOS;11,600.00;11,750.00;11,634.26;11,580.00;-150.00;-1,28;216,999.00;2,524,623,760.00
2022-08-10;GRUPOARGOS;11,480.00;11,840.00;11,597.13;11,350.00;-120.00;-1,03;245,647.00;2,848,799,930.00
2022-08-11;GRUPOARGOS;11,690.00;11,690.00;11,526.28;11,360.00;210.00;1,83;70,215.00;809,317,810.00
2022-08-12;GRUPOARGOS;11,600.00;11,670.00;11,571.36;11,360.00;-90.00;-0,77;81,624.00;944,500,400.00
2022-08-16;GRUPOARGOS;11,210.00;11,790.00;11,532.03;11,210.00;-390.00;-3,36;226,311.00;2,609,824,190.00
2022-08-17;GRUPOARGOS;11,320.00;11,500.00;11,285.71;11,200.00;110.00;0,98;237,171.00;2,676,642,210.00
2022-08-18;GRUPOARGOS;11,300.00;11,580.00;11,303.70;11,200.00;-20.00;-0,18;84,982.00;960,611,050.00
2022-08-19;GRUPOARGOS;11,140.00;11,210.00;11,168.72;11,140.00;-160.00;-1,42;96,289.00;1,075,425,170.00
2022-08-22;GRUPOARGOS;10,900.00;11,290.00;10,972.90;10,900.00;-240.00;-2,15;139,233.00;1,527,789,820.00
2022-08-23;GRUPOARGOS;10,100.00;10,900.00;10,456.57;10,100.00;-800.00;-7,34;517,952.00;5,416,003,220.00
2022-08-24;GRUPOARGOS;10,300.00;10,500.00;10,309.77;10,100.00;200.00;1,98;236,246.00;2,435,641,570.00
2022-08-25;GRUPOARGOS;10,270.00;10,540.00;10,358.93;10,270.00;-30.00;-0,29;136,941.00;1,418,562,580.00
2022-08-26;GRUPOARGOS;10,230.00;10,490.00;10,277.72;10,230.00;-40.00;-0,39;28,237.00;290,211,870.00
2022-08-29;GRUPOARGOS;10,030.00;10,390.00;10,094.81;9,980.00;-200.00;-1,96;80,912.00;816,791,290.00
2022-08-30;GRUPOARGOS;9,815.00;10,100.00;9,860.20;9,505.00;-215.00;-2,14;85,781.00;845,817,765.00
2022-08-31;GRUPOARGOS;9,750.00;10,000.00;9,788.33;9,710.00;-65.00;-0,66;125,579.00;1,229,208,730.00
2022-09-01;GRUPOARGOS;9,790.00;9,890.00;9,756.68;9,700.00;40.00;0,41;83,209.00;811,843,820.00
2022-09-02;GRUPOARGOS;9,910.00;9,950.00;9,874.14;9,780.00;120.00;1,23;45,633.00;450,586,645.00
2022-09-05;GRUPOARGOS;9,850.00;9,950.00;9,872.18;9,800.00;-60.00;-0,61;50,841.00;501,911,710.00
2022-09-06;GRUPOARGOS;9,840.00;9,840.00;9,747.11;9,700.00;-10.00;-0,1;22,934.00;223,540,335.00
2022-09-07;GRUPOARGOS;9,750.00;9,900.00;9,752.15;9,700.00;-90.00;-0,91;31,644.00;308,597,145.00
2022-09-08;GRUPOARGOS;9,750.00;9,750.00;9,459.24;9,300.00;0.00;0;35,844.00;339,056,870.00
2022-09-09;GRUPOARGOS;9,700.00;9,845.00;9,706.47;9,500.00;-50.00;-0,51;66,591.00;646,363,285.00
2022-09-12;GRUPOARGOS;9,800.00;9,850.00;9,790.83;9,750.00;100.00;1,03;48,763.00;477,430,095.00
2022-09-13;GRUPOARGOS;10,000.00;10,000.00;9,932.14;9,725.00;200.00;2,04;118,143.00;1,173,413,205.00
2022-09-14;GRUPOARGOS;9,710.00;10,000.00;9,836.42;9,710.00;-290.00;-2,9;67,990.00;668,778,490.00
2022-09-15;GRUPOARGOS;10,000.00;10,000.00;9,887.29;9,860.00;290.00;2,99;274,816.00;2,717,185,295.00
2022-09-16;GRUPOARGOS;11,000.00;11,000.00;10,582.17;9,605.00;1,000.00;10;1,646,678.00;17,425,422,750.00
2022-09-19;GRUPOARGOS;10,670.00;10,680.00;10,535.70;10,340.00;-330.00;-3;101,813.00;1,072,671,070.00
2022-09-20;GRUPOARGOS;10,220.00;10,500.00;10,255.87;10,170.00;-450.00;-4,22;36,248.00;371,754,690.00
2022-09-21;GRUPOARGOS;10,670.00;11,500.00;11,035.39;10,660.00;450.00;4,4;238,025.00;2,626,698,830.00
2022-09-22;GRUPOARGOS;10,540.00;10,720.00;10,583.46;10,500.00;-130.00;-1,22;96,027.00;1,016,298,300.00
2022-09-23;GRUPOARGOS;10,100.00;10,500.00;10,048.02;9,810.00;-440.00;-4,17;132,156.00;1,327,905,850.00
2022-09-26;GRUPOARGOS;9,620.00;9,800.00;9,657.68;9,620.00;-480.00;-4,75;30,652.00;296,027,085.00
2022-09-27;GRUPOARGOS;9,700.00;10,200.00;9,745.86;9,500.00;80.00;0,83;165,109.00;1,609,129,705.00
2022-09-28;GRUPOARGOS;9,840.00;9,860.00;9,692.95;9,530.00;140.00;1,44;35,757.00;346,590,945.00
2022-09-29;GRUPOARGOS;9,650.00;9,900.00;9,771.72;9,650.00;-190.00;-1,93;19,156.00;187,186,995.00
2022-09-30;GRUPOARGOS;9,810.00;10,400.00;9,842.58;9,700.00;160.00;1,66;84,366.00;830,378,800.00
2022-10-03;GRUPOARGOS;10,200.00;10,200.00;9,970.72;9,605.00;390.00;3,98;49,335.00;491,905,305.00
2022-10-04;GRUPOARGOS;10,520.00;10,670.00;10,442.20;10,210.00;320.00;3,14;97,870.00;1,021,978,570.00
2022-10-05;GRUPOARGOS;10,700.00;10,700.00;10,568.57;10,260.00;180.00;1,71;126,203.00;1,333,784,670.00
2022-10-06;GRUPOARGOS;10,900.00;11,000.00;10,853.92;10,700.00;200.00;1,87;108,281.00;1,175,273,370.00
2022-10-07;GRUPOARGOS;10,820.00;10,850.00;10,832.89;10,800.00;-80.00;-0,73;13,486.00;146,092,340.00
2022-10-10;GRUPOARGOS;10,610.00;10,700.00;10,618.17;10,070.00;-210.00;-1,94;23,474.00;249,250,950.00
2022-10-11;GRUPOARGOS;10,230.00;10,600.00;10,373.12;10,230.00;-380.00;-3,58;43,522.00;451,458,960.00
2022-10-12;GRUPOARGOS;10,340.00;10,460.00;10,271.79;10,230.00;110.00;1,08;34,393.00;353,277,690.00
2022-10-13;GRUPOARGOS;10,410.00;10,410.00;10,447.79;10,410.00;70.00;0,68;8,099.00;84,616,650.00
2022-10-14;GRUPOARGOS;10,010.00;10,080.00;10,044.84;10,000.00;-400.00;-3,84;28,692.00;288,206,500.00
2022-10-18;GRUPOARGOS;10,030.00;10,030.00;9,959.82;9,900.00;20.00;0,2;97,746.00;973,532,445.00
2022-10-19;GRUPOARGOS;10,490.00;10,490.00;10,292.92;10,090.00;460.00;4,59;133,409.00;1,373,167,860.00
2022-10-20;GRUPOARGOS;10,840.00;11,500.00;10,904.26;10,480.00;350.00;3,34;194,532.00;2,121,228,450.00
2022-10-21;GRUPOARGOS;10,770.00;10,850.00;10,750.30;10,600.00;-70.00;-0,65;49,131.00;528,173,150.00
2022-10-24;GRUPOARGOS;10,300.00;10,700.00;10,368.74;10,300.00;-470.00;-4,36;64,943.00;673,377,100.00
2022-10-25;GRUPOARGOS;10,400.00;10,400.00;10,264.17;10,040.00;100.00;0,97;11,386.00;116,867,810.00
2022-10-26;GRUPOARGOS;10,300.00;10,680.00;10,499.51;10,300.00;-100.00;-0,96;165,547.00;1,738,162,200.00
2022-10-27;GRUPOARGOS;10,410.00;10,500.00;10,395.38;10,300.00;110.00;1,07;38,580.00;401,053,880.00
2022-10-28;GRUPOARGOS;10,230.00;10,230.00;10,201.59;10,120.00;-180.00;-1,73;86,536.00;882,805,190.00
2022-10-31;GRUPOARGOS;10,250.00;10,300.00;10,246.21;10,190.00;20.00;0,2;91,124.00;933,675,370.00
2022-11-01;GRUPOARGOS;10,360.00;10,900.00;10,491.96;10,240.00;110.00;1,07;241,648.00;2,535,362,120.00
2022-11-02;GRUPOARGOS;10,300.00;10,620.00;10,433.05;10,300.00;-60.00;-0,58;62,811.00;655,310,120.00
2022-11-03;GRUPOARGOS;10,060.00;10,300.00;10,129.19;9,920.00;-240.00;-2,33;125,642.00;1,272,652,000.00
2022-11-04;GRUPOARGOS;10,000.00;10,280.00;10,091.29;10,000.00;-60.00;-0,6;106,681.00;1,076,548,670.00
2022-11-08;GRUPOARGOS;10,040.00;10,110.00;10,015.92;9,930.00;40.00;0,4;50,183.00;502,629,105.00
2022-11-09;GRUPOARGOS;9,900.00;9,910.00;9,856.22;9,750.00;-140.00;-1,39;66,824.00;658,632,150.00
2022-11-10;GRUPOARGOS;10,170.00;10,280.00;10,049.12;9,900.00;270.00;2,73;177,937.00;1,788,110,460.00
2022-11-11;GRUPOARGOS;10,280.00;10,280.00;10,066.63;9,700.00;110.00;1,08;61,122.00;615,292,715.00
2022-11-15;GRUPOARGOS;10,680.00;10,750.00;10,564.12;10,280.00;400.00;3,89;200,973.00;2,123,103,140.00
2022-11-16;GRUPOARGOS;10,590.00;10,890.00;10,628.44;10,450.00;-90.00;-0,84;278,327.00;2,958,181,030.00
2022-11-17;GRUPOARGOS;10,600.00;10,630.00;10,458.24;10,300.00;10.00;0,09;217,637.00;2,276,100,650.00
2022-11-18;GRUPOARGOS;10,500.00;10,600.00;10,524.66;10,310.00;-100.00;-0,94;42,456.00;446,835,130.00
2022-11-21;GRUPOARGOS;10,300.00;10,300.00;10,170.03;10,010.00;-200.00;-1,9;78,221.00;795,510,055.00
2022-11-22;GRUPOARGOS;10,400.00;10,400.00;10,334.77;10,000.00;100.00;0,97;23,425.00;242,091,900.00
2022-11-23;GRUPOARGOS;10,400.00;10,500.00;10,354.18;10,210.00;0.00;0;77,910.00;806,694,080.00
2022-11-24;GRUPOARGOS;10,300.00;10,400.00;10,297.69;10,190.00;-100.00;-0,96;41,227.00;424,542,900.00
2022-11-25;GRUPOARGOS;10,000.00;10,290.00;10,130.77;10,000.00;-300.00;-2,91;197,581.00;2,001,648,200.00
2022-11-28;GRUPOARGOS;10,010.00;10,190.00;9,969.55;9,720.00;10.00;0,1;80,463.00;802,179,795.00
2022-11-29;GRUPOARGOS;10,000.00;10,180.00;10,024.19;9,750.00;-10.00;-0,1;175,945.00;1,763,706,765.00
2022-11-30;GRUPOARGOS;9,900.00;9,985.00;9,901.08;9,890.00;-100.00;-1;966,790.00;9,572,260,920.00
2022-12-01;GRUPOARGOS;9,970.00;10,000.00;9,950.59;9,800.00;70.00;0,71;47,175.00;469,419,055.00
2022-12-02;GRUPOARGOS;9,970.00;9,990.00;9,928.75;9,800.00;0.00;0;60,026.00;595,982,885.00
2022-12-05;GRUPOARGOS;9,850.00;10,000.00;9,771.23;9,700.00;-120.00;-1,2;45,733.00;446,867,455.00
2022-12-06;GRUPOARGOS;9,860.00;9,900.00;9,880.76;9,850.00;10.00;0,1;83,302.00;823,086,890.00
2022-12-07;GRUPOARGOS;9,750.00;9,900.00;9,806.68;9,700.00;-110.00;-1,12;94,300.00;924,769,930.00
2022-12-09;GRUPOARGOS;9,700.00;9,740.00;9,654.94;9,500.00;-50.00;-0,51;99,971.00;965,213,725.00
2022-12-12;GRUPOARGOS;9,800.00;9,800.00;9,713.10;9,690.00;100.00;1,03;77,992.00;757,543,930.00
2022-12-13;GRUPOARGOS;9,890.00;9,890.00;9,872.53;9,700.00;90.00;0,92;82,275.00;812,262,650.00
2022-12-14;GRUPOARGOS;9,520.00;9,900.00;9,754.31;9,520.00;-370.00;-3,74;53,847.00;525,240,325.00
2022-12-15;GRUPOARGOS;9,260.00;9,500.00;9,321.22;9,260.00;-260.00;-2,73;82,759.00;771,415,230.00
2022-12-16;GRUPOARGOS;8,800.00;9,690.00;8,870.18;8,800.00;-460.00;-4,97;263,801.00;2,339,963,470.00
2022-12-19;GRUPOARGOS;9,130.00;9,300.00;9,168.40;9,000.00;330.00;3,75;105,651.00;968,650,465.00
2022-12-20;GRUPOARGOS;9,000.00;9,270.00;9,078.37;8,910.00;-130.00;-1,42;83,897.00;761,648,400.00
2022-12-21;GRUPOARGOS;8,990.00;9,300.00;9,209.21;8,930.00;-10.00;-0,11;451,520.00;4,158,142,560.00
2022-12-22;GRUPOARGOS;9,010.00;9,165.00;9,021.40;8,920.00;20.00;0,22;56,145.00;506,506,500.00
2022-12-23;GRUPOARGOS;9,070.00;9,100.00;9,058.70;9,050.00;60.00;0,67;94,433.00;855,440,200.00
2022-12-26;GRUPOARGOS;9,100.00;9,140.00;9,125.58;9,100.00;30.00;0,33;14,149.00;129,117,780.00
2022-12-27;GRUPOARGOS;9,000.00;9,250.00;9,134.38;9,000.00;-100.00;-1,1;190,296.00;1,738,235,805.00
2022-12-28;GRUPOARGOS;9,495.00;9,495.00;9,320.84;9,200.00;495.00;5,5;110,682.00;1,031,649,435.00
2022-12-29;GRUPOARGOS;9,490.00;9,500.00;9,480.59;9,400.00;-5.00;-0,05;137,956.00;1,307,904,500.00
2022-01-03;GRUPOARGOS;13,500.00;13,550.00;13,518.66;13,500.00;-50.00;-0,37;18,802.00;254,177,850.00
2022-01-04;GRUPOARGOS;13,500.00;13,500.00;13,444.87;13,350.00;0.00;0;9,777.00;131,450,530.00
2022-01-05;GRUPOARGOS;13,350.00;13,540.00;13,371.09;13,100.00;-150.00;-1,11;55,164.00;737,603,010.00
2022-01-06;GRUPOARGOS;12,880.00;13,160.00;12,700.21;12,350.00;-470.00;-3,52;156,230.00;1,984,153,750.00
2022-01-07;GRUPOARGOS;13,650.00;13,650.00;13,272.33;12,890.00;770.00;5,98;229,003.00;3,039,404,490.00
2022-01-11;GRUPOARGOS;13,850.00;13,900.00;13,735.58;13,230.00;200.00;1,47;109,600.00;1,505,419,050.00
2022-01-12;GRUPOARGOS;14,400.00;14,650.00;14,333.24;13,850.00;550.00;3,97;564,952.00;8,097,594,460.00
2022-01-13;GRUPOARGOS;14,950.00;14,950.00;14,769.75;14,600.00;550.00;3,82;624,917.00;9,229,865,620.00
2022-01-14;GRUPOARGOS;14,220.00;14,980.00;14,561.88;14,220.00;-730.00;-4,88;758,043.00;11,038,533,010.00
2022-01-17;GRUPOARGOS;15,600.00;15,700.00;15,379.28;14,800.00;1,380.00;9,7;1,750,669.00;26,924,031,050.00
2022-01-18;GRUPOARGOS;16,510.00;17,000.00;16,587.56;15,780.00;910.00;5,83;1,572,768.00;26,088,382,340.00
2022-01-19;GRUPOARGOS;16,200.00;16,600.00;16,277.01;15,850.00;-310.00;-1,88;935,169.00;15,221,757,830.00
2022-01-20;GRUPOARGOS;16,350.00;16,480.00;16,335.03;16,000.00;150.00;0,93;614,823.00;10,043,151,130.00
2022-01-21;GRUPOARGOS;15,850.00;16,400.00;16,146.82;15,850.00;-500.00;-3,06;444,021.00;7,169,525,750.00
2022-01-24;GRUPOARGOS;15,790.00;15,980.00;15,562.66;15,340.00;-60.00;-0,38;562,849.00;8,759,429,190.00
2022-01-25;GRUPOARGOS;15,620.00;15,820.00;15,686.28;15,510.00;-170.00;-1,08;346,693.00;5,438,322,340.00
2022-01-26;GRUPOARGOS;15,590.00;15,780.00;15,652.53;15,510.00;-30.00;-0,19;256,079.00;4,008,285,260.00
2022-01-27;GRUPOARGOS;15,640.00;15,830.00;15,594.71;15,410.00;50.00;0,32;176,103.00;2,746,275,160.00
2022-01-28;GRUPOARGOS;15,900.00;16,200.00;15,971.85;15,740.00;260.00;1,66;477,779.00;7,631,014,340.00
2022-01-31;GRUPOARGOS;16,140.00;16,200.00;16,097.76;15,800.00;240.00;1,51;210,528.00;3,389,030,030.00
2022-02-01;GRUPOARGOS;15,510.00;16,450.00;15,749.28;15,320.00;-630.00;-3,9;322,920.00;5,085,758,480.00
2022-02-02;GRUPOARGOS;15,300.00;15,700.00;15,416.07;15,300.00;-210.00;-1,35;882,876.00;13,610,477,250.00
2022-02-03;GRUPOARGOS;14,960.00;15,400.00;15,123.99;14,520.00;-340.00;-2,22;205,365.00;3,105,938,000.00
2022-02-04;GRUPOARGOS;14,430.00;15,000.00;14,329.90;14,230.00;-530.00;-3,54;2,306,146.00;33,046,850,960.00
2022-02-07;GRUPOARGOS;14,230.00;14,760.00;14,414.64;14,230.00;-200.00;-1,39;316,897.00;4,567,957,630.00
2022-02-08;GRUPOARGOS;14,230.00;14,560.00;14,197.76;13,950.00;0.00;0;314,659.00;4,467,454,110.00
2022-02-09;GRUPOARGOS;13,910.00;14,340.00;13,996.43;13,900.00;-320.00;-2,25;189,375.00;2,650,574,220.00
2022-02-10;GRUPOARGOS;13,330.00;13,900.00;13,564.02;13,260.00;-580.00;-4,17;508,061.00;6,891,349,030.00
2022-02-11;GRUPOARGOS;13,690.00;13,700.00;13,411.03;13,330.00;360.00;2,7;3,003,831.00;40,284,471,440.00
2022-02-14;GRUPOARGOS;13,350.00;13,760.00;13,576.40;13,350.00;-340.00;-2,48;244,754.00;3,322,878,800.00
2022-02-15;GRUPOARGOS;13,250.00;13,640.00;13,216.83;13,020.00;-100.00;-0,75;133,408.00;1,763,230,250.00
2022-02-16;GRUPOARGOS;13,220.00;13,570.00;13,318.78;13,190.00;-30.00;-0,23;170,547.00;2,271,477,360.00
2022-02-17;GRUPOARGOS;13,550.00;13,550.00;13,363.79;13,100.00;330.00;2,5;173,154.00;2,313,992,970.00
2022-02-18;GRUPOARGOS;13,480.00;13,800.00;13,578.81;13,360.00;-70.00;-0,52;108,195.00;1,469,159,820.00
2022-02-21;GRUPOARGOS;13,130.00;13,440.00;13,188.89;13,020.00;-350.00;-2,6;211,034.00;2,783,304,990.00
2022-02-22;GRUPOARGOS;13,400.00;13,520.00;13,300.22;13,010.00;270.00;2,06;370,619.00;4,929,313,470.00
2022-02-23;GRUPOARGOS;13,100.00;13,690.00;13,415.01;13,100.00;-300.00;-2,24;292,990.00;3,930,464,410.00
2022-02-24;GRUPOARGOS;13,320.00;13,320.00;13,007.30;12,750.00;220.00;1,68;238,563.00;3,103,061,300.00
2022-02-25;GRUPOARGOS;13,460.00;13,460.00;13,145.07;13,000.00;140.00;1,05;107,157.00;1,408,586,700.00
2022-02-28;GRUPOARGOS;12,900.00;13,500.00;13,068.07;12,900.00;-560.00;-4,16;324,545.00;4,241,175,980.00
2022-03-01;GRUPOARGOS;13,350.00;13,590.00;13,384.77;13,210.00;450.00;3,49;308,722.00;4,132,173,300.00
2022-03-02;GRUPOARGOS;13,300.00;13,600.00;13,385.59;13,300.00;-50.00;-0,37;190,968.00;2,556,218,980.00
2022-03-03;GRUPOARGOS;13,300.00;13,350.00;13,199.33;13,030.00;0.00;0;537,197.00;7,090,643,030.00
2022-03-04;GRUPOARGOS;13,280.00;13,390.00;13,246.89;13,130.00;-20.00;-0,15;64,146.00;849,735,290.00
2022-03-07;GRUPOARGOS;13,300.00;13,400.00;13,297.92;13,100.00;20.00;0,15;129,204.00;1,718,144,120.00
2022-03-08;GRUPOARGOS;13,350.00;13,430.00;13,374.39;13,300.00;50.00;0,38;259,376.00;3,468,996,240.00
2022-03-09;GRUPOARGOS;13,360.00;13,460.00;13,360.35;13,300.00;10.00;0,07;921,915.00;12,317,102,830.00
2022-03-10;GRUPOARGOS;13,340.00;13,400.00;13,317.53;13,300.00;-20.00;-0,15;515,080.00;6,859,593,370.00
2022-03-11;GRUPOARGOS;13,350.00;13,460.00;13,352.88;13,280.00;10.00;0,07;232,475.00;3,104,210,320.00
2022-03-14;GRUPOARGOS;13,180.00;13,350.00;13,248.49;13,180.00;-170.00;-1,27;295,446.00;3,914,213,720.00
2022-03-15;GRUPOARGOS;13,250.00;13,250.00;13,194.56;13,090.00;70.00;0,53;165,142.00;2,178,975,690.00
2022-03-16;GRUPOARGOS;13,350.00;13,350.00;13,302.93;13,150.00;100.00;0,75;503,170.00;6,693,633,530.00
2022-03-17;GRUPOARGOS;13,460.00;13,490.00;13,371.36;13,300.00;110.00;0,82;526,270.00;7,036,946,640.00
2022-03-18;GRUPOARGOS;13,020.00;13,790.00;13,059.40;13,020.00;-440.00;-3,27;8,678,816.00;113,340,133,600.00
2022-03-22;GRUPOARGOS;13,050.00;13,520.00;13,064.30;12,910.00;30.00;0,23;545,707.00;7,129,279,340.00
2022-03-23;GRUPOARGOS;13,110.00;13,290.00;13,151.29;13,060.00;60.00;0,46;283,014.00;3,722,000,230.00
2022-03-24;GRUPOARGOS;13,530.00;13,650.00;13,422.33;13,200.00;420.00;3,2;877,621.00;11,779,722,180.00
2022-03-25;GRUPOARGOS;14,290.00;14,290.00;13,843.57;13,460.00;760.00;5,62;1,188,024.00;16,446,498,690.00
2022-03-28;GRUPOARGOS;14,170.00;14,600.00;14,321.80;14,170.00;-120.00;-0,84;405,465.00;5,806,990,130.00
2022-03-29;GRUPOARGOS;14,320.00;14,470.00;14,341.67;14,100.00;150.00;1,06;804,482.00;11,537,613,970.00
2022-03-30;GRUPOARGOS;13,900.00;14,500.00;14,071.40;13,840.00;-420.00;-2,93;399,406.00;5,620,200,030.00
2022-03-31;GRUPOARGOS;13,880.00;14,050.00;13,878.84;13,820.00;-20.00;-0,14;352,048.00;4,886,018,680.00
2022-04-01;GRUPOARGOS;13,980.00;14,120.00;14,019.72;13,830.00;100.00;0,72;186,484.00;2,614,454,310.00
2022-04-04;GRUPOARGOS;14,320.00;14,340.00;14,291.50;14,010.00;340.00;2,43;144,608.00;2,066,664,910.00
2022-04-05;GRUPOARGOS;14,440.00;14,550.00;14,433.94;14,260.00;120.00;0,84;737,551.00;10,645,769,550.00
2022-04-06;GRUPOARGOS;14,560.00;14,620.00;14,560.27;14,470.00;120.00;0,83;1,005,934.00;14,646,670,510.00
2022-04-07;GRUPOARGOS;14,500.00;14,580.00;14,480.12;14,380.00;-60.00;-0,41;329,946.00;4,777,657,420.00
2022-04-08;GRUPOARGOS;14,700.00;14,700.00;14,654.39;14,520.00;200.00;1,38;1,686,666.00;24,717,056,850.00
2022-04-11;GRUPOARGOS;14,540.00;14,700.00;14,615.42;14,540.00;-160.00;-1,09;140,903.00;2,059,355,940.00
2022-04-12;GRUPOARGOS;14,240.00;14,600.00;14,381.04;14,210.00;-300.00;-2,06;82,141.00;1,181,272,800.00
2022-04-13;GRUPOARGOS;14,500.00;14,500.00;14,449.05;14,360.00;260.00;1,83;27,706.00;400,325,330.00
2022-04-18;GRUPOARGOS;14,380.00;14,600.00;14,445.45;14,360.00;-120.00;-0,83;119,800.00;1,730,565,480.00
2022-04-19;GRUPOARGOS;14,420.00;14,420.00;14,362.52;14,300.00;40.00;0,28;87,898.00;1,262,436,680.00
2022-04-20;GRUPOARGOS;14,450.00;14,500.00;14,434.83;14,400.00;30.00;0,21;130,103.00;1,878,015,180.00
2022-04-21;GRUPOARGOS;14,350.00;14,480.00;14,331.87;14,070.00;-100.00;-0,69;302,900.00;4,341,122,620.00
2022-04-22;GRUPOARGOS;14,350.00;14,350.00;14,280.59;14,170.00;0.00;0;429,853.00;6,138,554,880.00
2022-04-25;GRUPOARGOS;14,350.00;14,400.00;14,273.43;14,010.00;0.00;0;390,957.00;5,580,298,580.00
2022-04-26;GRUPOARGOS;14,300.00;14,600.00;14,346.23;14,270.00;-50.00;-0,35;525,733.00;7,542,286,100.00
2022-04-27;GRUPOARGOS;14,300.00;14,410.00;14,291.66;14,170.00;0.00;0;333,653.00;4,768,456,320.00
2022-04-28;GRUPOARGOS;14,460.00;14,590.00;14,383.71;14,080.00;160.00;1,12;203,373.00;2,925,258,790.00
2022-04-29;GRUPOARGOS;14,400.00;14,700.00;14,607.77;14,400.00;-60.00;-0,41;780,224.00;11,397,334,830.00
2022-05-02;GRUPOARGOS;14,390.00;14,600.00;14,393.03;14,200.00;-10.00;-0,07;113,542.00;1,634,213,070.00
2022-05-03;GRUPOARGOS;14,200.00;14,390.00;14,252.02;14,200.00;-190.00;-1,32;77,759.00;1,108,223,180.00
2022-05-04;GRUPOARGOS;14,100.00;14,380.00;14,145.62;13,910.00;-100.00;-0,7;151,232.00;2,139,270,290.00
2022-05-05;GRUPOARGOS;13,800.00;14,180.00;13,863.24;13,800.00;-300.00;-2,13;130,661.00;1,811,384,640.00
2022-05-06;GRUPOARGOS;13,660.00;13,800.00;13,668.82;13,590.00;-140.00;-1,01;123,515.00;1,688,304,140.00
2022-05-09;GRUPOARGOS;13,120.00;13,660.00;13,418.88;13,120.00;-540.00;-3,95;208,710.00;2,800,653,770.00
2022-05-10;GRUPOARGOS;14,000.00;14,000.00;13,495.39;13,180.00;880.00;6,71;272,485.00;3,677,292,100.00
2022-05-11;GRUPOARGOS;13,800.00;13,950.00;13,831.52;13,800.00;-200.00;-1,43;66,915.00;925,535,970.00
2022-05-12;GRUPOARGOS;14,000.00;14,000.00;13,979.02;13,800.00;200.00;1,45;246,657.00;3,448,021,910.00
2022-05-13;GRUPOARGOS;14,000.00;14,200.00;14,083.16;13,800.00;0.00;0;716,722.00;10,093,710,810.00
2022-05-16;GRUPOARGOS;14,110.00;14,110.00;14,046.12;13,870.00;110.00;0,79;603,272.00;8,473,633,660.00
2022-05-17;GRUPOARGOS;13,950.00;14,000.00;13,947.76;13,810.00;-160.00;-1,13;759,577.00;10,594,394,510.00
2022-05-18;GRUPOARGOS;13,600.00;13,900.00;13,812.54;13,500.00;-350.00;-2,51;785,431.00;10,848,795,520.00
2022-05-19;GRUPOARGOS;13,540.00;13,590.00;13,428.48;13,160.00;-60.00;-0,44;1,068,793.00;14,352,262,070.00
2022-05-20;GRUPOARGOS;13,540.00;;;;;;;
2022-05-23;GRUPOARGOS;13,540.00;;;;;;;
2022-05-24;GRUPOARGOS;13,540.00;;;;;;;
2022-05-25;GRUPOARGOS;13,540.00;;;;;;;
2022-05-26;GRUPOARGOS;13,540.00;;;;;;;
2022-05-27;GRUPOARGOS;13,540.00;;;;;;;
2022-05-31;GRUPOARGOS;13,540.00;;;;;;;
2022-06-01;GRUPOARGOS;13,540.00;;;;;;;
2022-06-02;GRUPOARGOS;13,540.00;;;;;;;
2022-06-03;GRUPOARGOS;13,540.00;;;;;;;
2022-06-06;GRUPOARGOS;13,540.00;;;;;;;
2022-06-07;GRUPOARGOS;13,540.00;;;;;;;
2022-06-08;GRUPOARGOS;13,540.00;;;;;;;
2022-06-09;GRUPOARGOS;13,540.00;;;;;;;
2022-06-10;GRUPOARGOS;13,540.00;;;;;;;
2022-06-13;GRUPOARGOS;16,200.00;16,200.00;16,043.40;15,700.00;2,660.00;19,65;704,986.00;11,310,370,520.00
2022-06-14;GRUPOARGOS;16,410.00;16,410.00;16,157.79;16,050.00;210.00;1,3;390,798.00;6,314,431,320.00
2022-06-15;GRUPOARGOS;16,380.00;16,850.00;16,593.40;16,220.00;-30.00;-0,18;593,134.00;9,842,108,610.00
2022-06-16;GRUPOARGOS;16,440.00;16,650.00;16,549.02;16,370.00;60.00;0,37;257,620.00;4,263,359,510.00
2022-06-17;GRUPOARGOS;16,200.00;16,500.00;16,187.13;15,990.00;-240.00;-1,46;184,384.00;2,984,646,870.00
2022-06-21;GRUPOARGOS;16,200.00;16,600.00;16,272.45;16,010.00;0.00;0;285,478.00;4,645,425,970.00
2022-06-22;GRUPOARGOS;16,250.00;16,400.00;16,316.12;16,200.00;50.00;0,31;148,146.00;2,417,168,370.00
2022-06-23;GRUPOARGOS;16,260.00;16,320.00;16,266.25;16,220.00;10.00;0,06;174,891.00;2,844,820,900.00
2022-06-24;GRUPOARGOS;16,030.00;16,350.00;16,208.18;16,030.00;-230.00;-1,41;381,216.00;6,178,818,300.00
2022-06-28;GRUPOARGOS;15,370.00;15,970.00;15,629.33;15,370.00;-660.00;-4,12;145,468.00;2,273,567,330.00
2022-06-29;GRUPOARGOS;15,400.00;15,900.00;15,511.19;15,400.00;30.00;0,2;234,330.00;3,634,737,510.00
2022-06-30;GRUPOARGOS;15,060.00;16,000.00;15,549.56;15,060.00;-340.00;-2,21;266,451.00;4,143,196,370.00
2021-07-01;GRUPOARGOS;10,100.00;10,330.00;10,142.10;10,070.00;100.00;1;125,659.00;1,274,446,490.00
2021-07-02;GRUPOARGOS;10,500.00;10,500.00;10,275.31;9,890.00;400.00;3,96;175,875.00;1,807,170,795.00
2021-07-06;GRUPOARGOS;10,590.00;10,590.00;10,507.14;10,270.00;90.00;0,86;91,593.00;962,380,260.00
2021-07-07;GRUPOARGOS;10,510.00;10,700.00;10,499.76;10,400.00;-80.00;-0,76;143,464.00;1,506,337,950.00
2021-07-08;GRUPOARGOS;10,500.00;10,600.00;10,504.50;10,480.00;-10.00;-0,1;112,858.00;1,185,516,880.00
2021-07-09;GRUPOARGOS;10,420.00;10,660.00;10,461.80;10,400.00;-80.00;-0,76;196,612.00;2,056,916,370.00
2021-07-12;GRUPOARGOS;10,550.00;10,560.00;10,532.73;10,450.00;130.00;1,25;23,959.00;252,353,670.00
2021-07-13;GRUPOARGOS;10,450.00;10,550.00;10,533.27;10,430.00;-100.00;-0,95;304,399.00;3,206,316,750.00
2021-07-14;GRUPOARGOS;10,520.00;10,590.00;10,459.85;10,350.00;70.00;0,67;168,303.00;1,760,423,820.00
2021-07-15;GRUPOARGOS;10,520.00;10,520.00;10,518.06;10,520.00;0.00;0;44,659.00;469,725,840.00
2021-07-16;GRUPOARGOS;10,500.00;10,580.00;10,516.32;10,430.00;-20.00;-0,19;27,029.00;284,245,610.00
2021-07-19;GRUPOARGOS;10,300.00;10,310.00;10,283.39;10,200.00;-200.00;-1,9;45,345.00;466,300,440.00
2021-07-21;GRUPOARGOS;10,400.00;10,500.00;10,410.40;10,350.00;100.00;0,97;75,333.00;784,246,530.00
2021-07-22;GRUPOARGOS;10,420.00;10,510.00;10,373.70;10,230.00;20.00;0,19;35,546.00;368,743,390.00
2021-07-23;GRUPOARGOS;10,420.00;10,570.00;10,411.52;10,400.00;0.00;0;16,000.00;166,584,290.00
2021-07-26;GRUPOARGOS;10,450.00;10,450.00;10,409.41;10,350.00;30.00;0,29;17,218.00;179,229,280.00
2021-07-27;GRUPOARGOS;10,370.00;10,460.00;10,365.64;10,050.00;-80.00;-0,77;20,791.00;215,512,010.00
2021-07-28;GRUPOARGOS;10,090.00;10,440.00;10,210.39;10,090.00;-280.00;-2,7;71,783.00;732,932,430.00
2021-07-29;GRUPOARGOS;9,980.00;10,210.00;10,060.54;9,965.00;-110.00;-1,09;171,883.00;1,729,235,335.00
2021-07-30;GRUPOARGOS;10,090.00;10,190.00;9,897.67;9,800.00;110.00;1,1;65,998.00;653,226,575.00
2021-08-02;GRUPOARGOS;9,905.00;10,100.00;9,992.98;9,905.00;-185.00;-1,83;83,241.00;831,825,685.00
2021-08-03;GRUPOARGOS;9,905.00;9,905.00;9,855.87;9,800.00;0.00;0;75,538.00;744,492,525.00
2021-08-04;GRUPOARGOS;9,990.00;10,000.00;9,979.51;9,900.00;85.00;0,86;40,627.00;405,437,540.00
2021-08-05;GRUPOARGOS;9,940.00;10,020.00;9,955.30;9,900.00;-50.00;-0,5;30,788.00;306,503,790.00
2021-08-06;GRUPOARGOS;9,890.00;9,890.00;9,770.27;9,710.00;-50.00;-0,5;67,537.00;659,854,985.00
2021-08-09;GRUPOARGOS;9,950.00;9,950.00;9,859.22;9,765.00;60.00;0,61;46,641.00;459,843,665.00
2021-08-10;GRUPOARGOS;10,020.00;10,140.00;10,040.53;9,945.00;70.00;0,7;20,740.00;208,240,645.00
2021-08-11;GRUPOARGOS;10,130.00;10,200.00;10,089.48;9,960.00;110.00;1,1;43,630.00;440,203,950.00
2021-08-12;GRUPOARGOS;10,350.00;10,350.00;10,198.60;10,020.00;220.00;2,17;295,909.00;3,017,858,850.00
2021-08-13;GRUPOARGOS;10,220.00;10,390.00;10,214.29;10,160.00;-130.00;-1,26;97,327.00;994,126,340.00
2021-08-17;GRUPOARGOS;10,650.00;10,650.00;10,443.84;10,170.00;430.00;4,21;172,185.00;1,798,273,390.00
2021-08-18;GRUPOARGOS;11,010.00;11,180.00;10,944.25;10,650.00;360.00;3,38;338,373.00;3,703,239,590.00
2021-08-19;GRUPOARGOS;11,080.00;11,170.00;11,015.25;10,890.00;70.00;0,64;207,747.00;2,288,384,640.00
2021-08-20;GRUPOARGOS;11,100.00;11,340.00;11,164.77;11,040.00;20.00;0,18;219,907.00;2,455,210,710.00
2021-08-23;GRUPOARGOS;11,030.00;11,200.00;11,129.25;11,030.00;-70.00;-0,63;114,491.00;1,274,198,780.00
2021-08-24;GRUPOARGOS;11,000.00;11,120.00;11,044.15;10,930.00;-30.00;-0,27;115,582.00;1,276,504,490.00
2021-08-25;GRUPOARGOS;10,940.00;10,990.00;10,884.97;10,740.00;-60.00;-0,55;188,449.00;2,051,262,370.00
2021-08-26;GRUPOARGOS;10,650.00;10,930.00;10,769.49;10,650.00;-290.00;-2,65;45,620.00;491,304,100.00
2021-08-27;GRUPOARGOS;10,890.00;10,910.00;10,803.47;10,590.00;240.00;2,25;70,595.00;762,670,800.00
2021-08-30;GRUPOARGOS;10,700.00;11,000.00;10,741.99;10,680.00;-190.00;-1,74;229,875.00;2,469,314,030.00
2021-08-31;GRUPOARGOS;10,940.00;10,940.00;10,828.67;10,530.00;240.00;2,24;481,240.00;5,211,188,510.00
2021-09-01;GRUPOARGOS;11,100.00;11,100.00;11,003.82;10,670.00;160.00;1,46;91,813.00;1,010,293,480.00
2021-09-02;GRUPOARGOS;11,300.00;11,360.00;11,215.57;10,960.00;200.00;1,8;350,060.00;3,926,120,750.00
2021-09-03;GRUPOARGOS;11,150.00;11,180.00;11,141.71;11,030.00;-150.00;-1,33;18,840.00;209,909,740.00
2021-09-06;GRUPOARGOS;11,180.00;11,180.00;11,144.02;10,960.00;30.00;0,27;44,804.00;499,296,600.00
2021-09-07;GRUPOARGOS;11,210.00;11,230.00;11,200.80;11,180.00;30.00;0,27;87,387.00;978,804,570.00
2021-09-08;GRUPOARGOS;11,080.00;11,200.00;11,110.74;11,060.00;-130.00;-1,16;48,587.00;539,837,620.00
2021-09-09;GRUPOARGOS;11,100.00;11,150.00;11,090.16;11,030.00;20.00;0,18;88,200.00;978,152,270.00
2021-09-10;GRUPOARGOS;11,100.00;11,190.00;11,065.64;10,910.00;0.00;0;69,267.00;766,483,440.00
2021-09-13;GRUPOARGOS;10,960.00;11,190.00;11,056.53;10,920.00;-140.00;-1,26;169,019.00;1,868,764,190.00
2021-09-14;GRUPOARGOS;10,690.00;10,780.00;10,652.18;10,530.00;-270.00;-2,46;550,241.00;5,861,263,730.00
2021-09-15;GRUPOARGOS;10,700.00;10,790.00;10,681.78;10,660.00;10.00;0,09;754,851.00;8,063,150,320.00
2021-09-16;GRUPOARGOS;10,750.00;10,920.00;10,784.41;10,750.00;50.00;0,47;663,022.00;7,150,302,100.00
2021-09-17;GRUPOARGOS;10,800.00;10,850.00;10,797.41;10,700.00;50.00;0,47;1,102,720.00;11,906,514,810.00
2021-09-20;GRUPOARGOS;10,700.00;10,790.00;10,649.31;10,600.00;-100.00;-0,93;115,998.00;1,235,299,200.00
2021-09-21;GRUPOARGOS;10,690.00;10,720.00;10,682.60;10,620.00;-10.00;-0,09;52,419.00;559,970,970.00
2021-09-22;GRUPOARGOS;10,770.00;10,850.00;10,778.69;10,700.00;80.00;0,75;95,901.00;1,033,686,730.00
2021-09-23;GRUPOARGOS;10,700.00;10,900.00;10,780.62;10,650.00;-70.00;-0,65;134,354.00;1,448,419,690.00
2021-09-24;GRUPOARGOS;10,580.00;10,700.00;10,589.75;10,500.00;-120.00;-1,12;71,824.00;760,598,040.00
2021-09-27;GRUPOARGOS;10,870.00;10,900.00;10,807.03;10,720.00;290.00;2,74;228,578.00;2,470,250,360.00
2021-09-28;GRUPOARGOS;11,100.00;11,100.00;10,938.57;10,680.00;230.00;2,12;382,567.00;4,184,735,890.00
2021-09-29;GRUPOARGOS;11,100.00;11,240.00;11,107.88;11,030.00;0.00;0;265,960.00;2,954,250,600.00
2021-09-30;GRUPOARGOS;11,160.00;11,190.00;11,142.97;11,060.00;60.00;0,54;87,040.00;969,884,120.00
2021-10-01;GRUPOARGOS;11,340.00;11,360.00;11,231.93;11,160.00;180.00;1,61;474,017.00;5,324,124,880.00
2021-10-04;GRUPOARGOS;11,490.00;11,580.00;11,401.20;11,310.00;150.00;1,32;199,704.00;2,276,865,640.00
2021-10-05;GRUPOARGOS;11,400.00;11,700.00;11,576.32;11,400.00;-90.00;-0,78;593,319.00;6,868,451,020.00
2021-10-06;GRUPOARGOS;11,400.00;11,480.00;11,312.17;11,190.00;0.00;0;451,237.00;5,104,471,010.00
2021-10-07;GRUPOARGOS;11,500.00;11,700.00;11,566.33;11,480.00;100.00;0,88;1,042,006.00;12,052,181,940.00
2021-10-08;GRUPOARGOS;11,660.00;11,690.00;11,628.95;11,590.00;160.00;1,39;248,476.00;2,889,515,370.00
2021-10-11;GRUPOARGOS;11,900.00;12,030.00;11,898.65;11,650.00;240.00;2,06;578,252.00;6,880,416,020.00
2021-10-12;GRUPOARGOS;11,750.00;11,840.00;11,791.43;11,750.00;-150.00;-1,26;220,154.00;2,595,930,090.00
2021-10-13;GRUPOARGOS;11,790.00;11,800.00;11,693.63;11,580.00;40.00;0,34;531,269.00;6,212,463,880.00
2021-10-14;GRUPOARGOS;12,070.00;12,070.00;11,953.66;11,900.00;280.00;2,37;1,116,265.00;13,343,452,690.00
2021-10-15;GRUPOARGOS;12,090.00;12,280.00;12,185.94;12,090.00;20.00;0,17;256,510.00;3,125,814,750.00
2021-10-19;GRUPOARGOS;12,070.00;12,090.00;11,954.81;11,890.00;-20.00;-0,17;612,311.00;7,320,059,880.00
2021-10-20;GRUPOARGOS;11,880.00;12,170.00;11,955.32;11,830.00;-190.00;-1,57;209,538.00;2,505,093,260.00
2021-10-21;GRUPOARGOS;11,850.00;11,990.00;11,885.02;11,850.00;-30.00;-0,25;123,492.00;1,467,704,390.00
2021-10-22;GRUPOARGOS;11,800.00;11,920.00;11,823.84;11,750.00;-50.00;-0,42;58,230.00;688,502,480.00
2021-10-25;GRUPOARGOS;11,920.00;11,920.00;11,903.97;11,870.00;120.00;1,02;57,376.00;683,002,260.00
2021-10-26;GRUPOARGOS;12,060.00;12,150.00;12,075.62;11,890.00;140.00;1,17;214,248.00;2,587,178,370.00
2021-10-27;GRUPOARGOS;11,750.00;12,200.00;11,946.49;11,750.00;-310.00;-2,57;248,707.00;2,971,174,750.00
2021-10-28;GRUPOARGOS;11,790.00;11,990.00;11,814.59;11,750.00;40.00;0,34;148,147.00;1,750,295,810.00
2021-10-29;GRUPOARGOS;11,800.00;11,800.00;11,718.95;11,620.00;10.00;0,08;113,668.00;1,332,069,370.00
2021-11-02;GRUPOARGOS;11,570.00;11,890.00;11,698.84;11,530.00;-230.00;-1,95;151,069.00;1,767,331,740.00
2021-11-03;GRUPOARGOS;11,600.00;11,690.00;11,602.81;11,450.00;30.00;0,26;176,979.00;2,053,454,500.00
2021-11-04;GRUPOARGOS;11,770.00;11,840.00;11,783.06;11,720.00;170.00;1,47;156,211.00;1,840,643,400.00
2021-11-05;GRUPOARGOS;11,800.00;11,850.00;11,805.80;11,730.00;30.00;0,25;70,960.00;837,739,520.00
2021-11-08;GRUPOARGOS;11,880.00;11,910.00;11,876.72;11,820.00;80.00;0,68;42,838.00;508,775,020.00
2021-11-09;GRUPOARGOS;11,800.00;11,880.00;11,795.38;11,700.00;-80.00;-0,67;165,265.00;1,949,363,790.00
2021-11-10;GRUPOARGOS;11,580.00;11,700.00;11,578.66;11,450.00;-220.00;-1,86;193,440.00;2,239,776,270.00
2021-11-11;GRUPOARGOS;11,800.00;12,200.00;11,912.85;11,750.00;220.00;1,9;236,978.00;2,823,082,420.00
2021-11-12;GRUPOARGOS;11,600.00;11,950.00;11,694.30;11,570.00;-200.00;-1,69;161,112.00;1,884,091,430.00
2021-11-16;GRUPOARGOS;11,600.00;11,670.00;11,572.05;11,480.00;0.00;0;48,604.00;562,448,080.00
2021-11-17;GRUPOARGOS;11,380.00;11,580.00;11,533.76;11,340.00;-220.00;-1,9;143,428.00;1,654,264,450.00
2021-11-18;GRUPOARGOS;11,500.00;11,500.00;11,396.74;11,250.00;120.00;1,05;122,223.00;1,392,944,350.00
2021-11-19;GRUPOARGOS;11,020.00;11,570.00;11,449.39;11,020.00;-480.00;-4,17;148,534.00;1,700,623,090.00
2021-11-22;GRUPOARGOS;11,190.00;11,580.00;11,323.71;11,100.00;170.00;1,54;253,976.00;2,875,949,860.00
2021-11-23;GRUPOARGOS;11,200.00;11,350.00;11,183.50;11,100.00;10.00;0,09;67,362.00;753,342,690.00
2021-11-24;GRUPOARGOS;11,700.00;11,700.00;11,354.92;11,200.00;500.00;4,46;193,632.00;2,198,676,640.00
2021-11-25;GRUPOARGOS;12,100.00;12,100.00;11,965.39;11,800.00;400.00;3,42;156,721.00;1,875,227,910.00
2021-11-26;GRUPOARGOS;11,900.00;12,180.00;11,970.91;11,500.00;-200.00;-1,65;1,042,099.00;12,474,871,290.00
2021-11-29;GRUPOARGOS;12,400.00;12,450.00;12,218.56;12,000.00;500.00;4,2;676,967.00;8,271,562,830.00
2021-11-30;GRUPOARGOS;12,600.00;12,600.00;12,568.60;12,360.00;200.00;1,61;944,694.00;11,873,485,410.00
2021-12-01;GRUPOARGOS;15,100.00;15,600.00;14,886.66;12,700.00;2,500.00;19,84;2,913,944.00;43,378,886,190.00
2021-12-02;GRUPOARGOS;15,720.00;16,600.00;15,292.84;14,570.00;620.00;4,11;1,638,310.00;25,054,404,950.00
2021-12-03;GRUPOARGOS;15,420.00;15,810.00;15,380.01;15,200.00;-300.00;-1,91;354,874.00;5,457,964,720.00
2021-12-06;GRUPOARGOS;15,200.00;15,780.00;15,239.76;14,730.00;-220.00;-1,43;678,420.00;10,338,956,660.00
2021-12-07;GRUPOARGOS;14,000.00;15,290.00;14,453.12;14,000.00;-1,200.00;-7,89;618,689.00;8,941,984,930.00
2021-12-09;GRUPOARGOS;13,500.00;14,200.00;13,791.37;13,330.00;-500.00;-3,57;377,707.00;5,209,096,940.00
2021-12-10;GRUPOARGOS;13,900.00;13,900.00;13,482.26;13,200.00;400.00;2,96;246,186.00;3,319,142,440.00
2021-12-13;GRUPOARGOS;13,290.00;14,000.00;13,413.36;13,290.00;-610.00;-4,39;108,668.00;1,457,603,380.00
2021-12-14;GRUPOARGOS;13,350.00;13,700.00;13,237.75;12,910.00;60.00;0,45;201,267.00;2,664,323,210.00
2021-12-15;GRUPOARGOS;13,860.00;13,860.00;13,682.52;13,350.00;510.00;3,82;87,468.00;1,196,782,890.00
2021-12-16;GRUPOARGOS;14,270.00;14,290.00;14,160.96;13,900.00;410.00;2,96;247,730.00;3,508,093,730.00
2021-12-17;GRUPOARGOS;13,550.00;14,210.00;13,691.43;13,500.00;-720.00;-5,05;243,379.00;3,332,207,010.00
2021-12-20;GRUPOARGOS;13,370.00;13,520.00;13,150.65;13,000.00;-180.00;-1,33;173,756.00;2,285,005,140.00
2021-12-21;GRUPOARGOS;13,620.00;13,730.00;13,475.24;13,350.00;250.00;1,87;140,148.00;1,888,528,420.00
2021-12-22;GRUPOARGOS;13,530.00;13,600.00;13,497.85;13,300.00;-90.00;-0,66;97,220.00;1,312,260,820.00
2021-12-23;GRUPOARGOS;13,410.00;13,530.00;13,429.78;13,400.00;-120.00;-0,89;36,776.00;493,893,640.00
2021-12-24;GRUPOARGOS;13,640.00;13,740.00;13,567.77;13,410.00;230.00;1,72;10,683.00;144,944,490.00
2021-12-27;GRUPOARGOS;13,600.00;13,620.00;13,498.33;13,410.00;-40.00;-0,29;14,276.00;192,702,100.00
2021-12-28;GRUPOARGOS;13,500.00;13,500.00;13,326.77;13,040.00;-100.00;-0,74;64,032.00;853,339,590.00
2021-12-29;GRUPOARGOS;13,500.00;13,500.00;13,378.02;13,300.00;0.00;0;24,412.00;326,584,120.00
2021-12-30;GRUPOARGOS;13,550.00;13,580.00;13,537.01;13,300.00;50.00;0,37;49,814.00;674,332,470.00
2021-01-04;GRUPOARGOS;13,990.00;13,990.00;13,867.53;13,600.00;90.00;0,65;55,405.00;768,330,520.00
2021-01-05;GRUPOARGOS;13,900.00;13,990.00;13,866.49;13,600.00;-90.00;-0,64;99,423.00;1,378,647,820.00
2021-01-06;GRUPOARGOS;14,110.00;14,220.00;14,118.64;13,900.00;210.00;1,51;124,024.00;1,751,049,820.00
2021-01-07;GRUPOARGOS;13,430.00;14,250.00;13,740.53;13,410.00;-680.00;-4,82;313,103.00;4,302,201,610.00
2021-01-08;GRUPOARGOS;13,800.00;13,800.00;13,630.39;13,430.00;370.00;2,76;115,944.00;1,580,362,350.00
2021-01-12;GRUPOARGOS;13,920.00;13,950.00;13,882.22;13,830.00;120.00;0,87;130,886.00;1,816,988,660.00
2021-01-13;GRUPOARGOS;13,730.00;14,000.00;13,759.82;13,730.00;-190.00;-1,36;187,797.00;2,584,051,980.00
2021-01-14;GRUPOARGOS;14,000.00;14,000.00;13,881.43;13,600.00;270.00;1,97;156,940.00;2,178,552,040.00
2021-01-15;GRUPOARGOS;14,000.00;14,100.00;13,888.00;13,800.00;0.00;0;108,784.00;1,510,792,680.00
2021-01-18;GRUPOARGOS;13,900.00;13,900.00;13,888.43;13,670.00;-100.00;-0,71;117,277.00;1,628,793,500.00
2021-01-19;GRUPOARGOS;13,960.00;14,000.00;13,909.70;13,840.00;60.00;0,43;46,560.00;647,635,460.00
2021-01-20;GRUPOARGOS;13,900.00;13,960.00;13,924.02;13,840.00;-60.00;-0,43;129,726.00;1,806,306,840.00
2021-01-21;GRUPOARGOS;13,830.00;13,980.00;13,891.00;13,700.00;-70.00;-0,5;131,246.00;1,823,138,140.00
2021-01-22;GRUPOARGOS;13,900.00;13,950.00;13,836.39;13,760.00;70.00;0,51;107,748.00;1,490,843,640.00
2021-01-25;GRUPOARGOS;13,750.00;13,900.00;13,785.51;13,530.00;-150.00;-1,08;85,012.00;1,171,933,730.00
2021-01-26;GRUPOARGOS;13,560.00;13,860.00;13,692.63;13,560.00;-190.00;-1,38;70,965.00;971,697,630.00
2021-01-27;GRUPOARGOS;13,570.00;13,780.00;13,514.30;13,360.00;10.00;0,07;202,769.00;2,740,280,190.00
2021-01-28;GRUPOARGOS;13,740.00;13,740.00;13,563.97;13,400.00;170.00;1,25;68,158.00;924,493,270.00
2021-01-29;GRUPOARGOS;13,300.00;13,740.00;13,323.67;13,270.00;-440.00;-3,2;524,037.00;6,982,098,570.00
2021-02-01;GRUPOARGOS;13,010.00;13,660.00;13,088.46;12,510.00;-290.00;-2,18;491,018.00;6,426,667,610.00
2021-02-02;GRUPOARGOS;13,560.00;13,560.00;13,305.96;13,200.00;550.00;4,23;268,053.00;3,566,702,410.00
2021-02-03;GRUPOARGOS;13,420.00;13,670.00;13,460.48;13,380.00;-140.00;-1,03;188,640.00;2,539,184,450.00
2021-02-04;GRUPOARGOS;13,240.00;13,350.00;13,252.77;13,200.00;-180.00;-1,34;118,250.00;1,567,140,630.00
2021-02-05;GRUPOARGOS;13,210.00;13,400.00;13,274.31;13,210.00;-30.00;-0,23;59,425.00;788,825,950.00
2021-02-08;GRUPOARGOS;13,300.00;13,400.00;13,357.58;13,270.00;90.00;0,68;223,113.00;2,980,248,720.00
2021-02-09;GRUPOARGOS;13,280.00;13,610.00;13,368.60;13,270.00;-20.00;-0,15;263,704.00;3,525,352,920.00
2021-02-10;GRUPOARGOS;13,150.00;13,450.00;13,191.82;13,130.00;-130.00;-0,98;146,099.00;1,927,312,400.00
2021-02-11;GRUPOARGOS;13,090.00;13,240.00;13,114.64;13,040.00;-60.00;-0,46;72,718.00;953,670,260.00
2021-02-12;GRUPOARGOS;13,280.00;13,300.00;13,133.12;13,010.00;190.00;1,45;109,654.00;1,440,099,400.00
2021-02-15;GRUPOARGOS;13,150.00;13,350.00;13,237.29;13,150.00;-130.00;-0,98;33,287.00;440,629,510.00
2021-02-16;GRUPOARGOS;13,110.00;13,220.00;13,114.66;13,000.00;-40.00;-0,3;307,803.00;4,036,731,420.00
2021-02-17;GRUPOARGOS;13,030.00;13,200.00;13,059.47;13,000.00;-80.00;-0,61;82,875.00;1,082,303,600.00
2021-02-18;GRUPOARGOS;12,830.00;13,090.00;12,900.66;12,820.00;-200.00;-1,53;104,308.00;1,345,641,720.00
2021-02-19;GRUPOARGOS;12,640.00;13,100.00;12,769.68;12,640.00;-190.00;-1,48;134,770.00;1,720,969,240.00
2021-02-22;GRUPOARGOS;12,840.00;12,840.00;12,585.87;12,500.00;200.00;1,58;161,526.00;2,032,944,830.00
2021-02-23;GRUPOARGOS;12,780.00;12,800.00;12,688.61;12,600.00;-60.00;-0,47;186,537.00;2,366,895,650.00
2021-02-24;GRUPOARGOS;12,880.00;12,990.00;12,857.57;12,740.00;100.00;0,78;257,908.00;3,316,069,760.00
2021-02-25;GRUPOARGOS;12,780.00;12,890.00;12,753.59;12,700.00;-100.00;-0,78;86,482.00;1,102,956,060.00
2021-02-26;GRUPOARGOS;13,300.00;13,300.00;13,115.11;12,500.00;520.00;4,07;128,200.00;1,681,357,530.00
2021-03-01;GRUPOARGOS;13,060.00;13,130.00;13,012.28;12,900.00;-240.00;-1,8;69,353.00;902,440,550.00
2021-03-02;GRUPOARGOS;13,000.00;13,000.00;12,877.73;12,700.00;-60.00;-0,46;93,941.00;1,209,747,260.00
2021-03-03;GRUPOARGOS;12,790.00;12,880.00;12,803.87;12,700.00;-210.00;-1,62;201,529.00;2,580,351,940.00
2021-03-04;GRUPOARGOS;12,500.00;12,790.00;12,579.45;12,450.00;-290.00;-2,27;43,204.00;543,482,440.00
2021-03-05;GRUPOARGOS;12,400.00;12,500.00;12,209.47;12,000.00;-100.00;-0,8;191,754.00;2,341,215,270.00
2021-03-08;GRUPOARGOS;12,430.00;12,450.00;12,310.74;12,200.00;30.00;0,24;56,008.00;689,499,980.00
2021-03-09;GRUPOARGOS;12,580.00;12,580.00;12,442.36;12,310.00;150.00;1,21;273,325.00;3,400,807,270.00
2021-03-10;GRUPOARGOS;12,780.00;12,780.00;12,689.15;12,450.00;200.00;1,59;46,778.00;593,573,250.00
2021-03-11;GRUPOARGOS;12,940.00;12,940.00;12,811.44;12,700.00;160.00;1,25;19,281.00;247,017,340.00
2021-03-12;GRUPOARGOS;12,840.00;12,980.00;12,850.96;12,700.00;-100.00;-0,77;29,351.00;377,188,490.00
2021-03-15;GRUPOARGOS;12,500.00;12,820.00;12,575.55;12,480.00;-340.00;-2,65;50,664.00;637,127,550.00
2021-03-16;GRUPOARGOS;12,400.00;12,760.00;12,465.41;12,250.00;-100.00;-0,8;96,304.00;1,200,468,820.00
2021-03-17;GRUPOARGOS;12,240.00;12,360.00;12,254.56;12,200.00;-160.00;-1,29;61,428.00;752,772,890.00
2021-03-18;GRUPOARGOS;11,900.00;12,600.00;11,994.91;11,900.00;-340.00;-2,78;92,096.00;1,104,683,450.00
2021-03-19;GRUPOARGOS;11,400.00;11,900.00;11,416.92;11,400.00;-500.00;-4,2;1,611,681.00;18,400,426,190.00
2021-03-23;GRUPOARGOS;11,490.00;11,900.00;11,505.82;11,350.00;90.00;0,79;120,925.00;1,391,341,010.00
2021-03-24;GRUPOARGOS;11,650.00;11,650.00;11,579.76;11,470.00;160.00;1,39;520,985.00;6,032,878,860.00
2021-03-25;GRUPOARGOS;11,600.00;11,770.00;11,568.66;11,490.00;-50.00;-0,43;89,372.00;1,033,913,950.00
2021-03-26;GRUPOARGOS;11,570.00;11,790.00;11,557.95;11,310.00;-30.00;-0,26;90,850.00;1,050,039,510.00
2021-03-29;GRUPOARGOS;11,590.00;11,590.00;11,525.17;11,450.00;20.00;0,17;36,023.00;415,171,330.00
2021-03-30;GRUPOARGOS;11,850.00;11,860.00;11,722.23;11,400.00;260.00;2,24;133,534.00;1,565,316,450.00
2021-03-31;GRUPOARGOS;11,780.00;11,980.00;11,779.25;11,610.00;-70.00;-0,59;146,807.00;1,729,276,410.00
2021-04-05;GRUPOARGOS;11,780.00;11,890.00;11,663.45;11,510.00;0.00;0;125,619.00;1,465,151,040.00
2021-04-06;GRUPOARGOS;12,010.00;12,090.00;11,939.11;11,700.00;230.00;1,95;168,309.00;2,009,459,370.00
2021-04-07;GRUPOARGOS;12,000.00;12,190.00;12,058.40;11,940.00;-10.00;-0,08;162,043.00;1,953,978,780.00
2021-04-08;GRUPOARGOS;11,880.00;12,000.00;11,922.38;11,850.00;-120.00;-1;59,533.00;709,774,910.00
2021-04-09;GRUPOARGOS;11,700.00;12,040.00;11,761.59;11,690.00;-180.00;-1,52;52,402.00;616,330,610.00
2021-04-12;GRUPOARGOS;11,570.00;11,700.00;11,565.79;11,520.00;-130.00;-1,11;81,966.00;948,001,240.00
2021-04-13;GRUPOARGOS;11,500.00;11,940.00;11,501.73;11,470.00;-70.00;-0,61;109,131.00;1,255,195,680.00
2021-04-14;GRUPOARGOS;11,500.00;11,640.00;11,475.13;11,400.00;0.00;0;122,359.00;1,404,085,240.00
2021-04-15;GRUPOARGOS;11,400.00;11,500.00;11,469.98;11,400.00;-100.00;-0,87;50,003.00;573,533,200.00
2021-04-16;GRUPOARGOS;11,520.00;11,550.00;11,500.93;11,430.00;120.00;1,05;71,147.00;818,256,690.00
2021-04-19;GRUPOARGOS;11,360.00;11,520.00;11,354.09;11,300.00;-160.00;-1,39;208,507.00;2,367,407,320.00
2021-04-20;GRUPOARGOS;11,430.00;11,500.00;11,363.49;11,300.00;70.00;0,62;558,333.00;6,344,613,460.00
2021-04-21;GRUPOARGOS;11,400.00;11,480.00;11,390.37;11,300.00;-30.00;-0,26;16,361.00;186,357,820.00
2021-04-22;GRUPOARGOS;11,350.00;11,400.00;11,356.62;11,310.00;-50.00;-0,44;175,101.00;1,988,555,620.00
2021-04-23;GRUPOARGOS;11,280.00;11,340.00;11,303.05;11,280.00;-70.00;-0,62;16,294.00;184,171,880.00
2021-04-26;GRUPOARGOS;11,000.00;11,330.00;11,181.44;11,000.00;-280.00;-2,48;223,593.00;2,500,091,330.00
2021-04-27;GRUPOARGOS;10,900.00;11,150.00;11,036.72;10,900.00;-100.00;-0,91;209,018.00;2,306,873,220.00
2021-04-28;GRUPOARGOS;11,040.00;11,090.00;10,836.18;10,750.00;140.00;1,28;483,625.00;5,240,645,760.00
2021-04-29;GRUPOARGOS;10,810.00;11,190.00;10,971.87;10,810.00;-230.00;-2,08;66,394.00;728,466,130.00
2021-04-30;GRUPOARGOS;10,590.00;10,970.00;10,655.52;10,500.00;-220.00;-2,04;190,866.00;2,033,776,560.00
2021-05-03;GRUPOARGOS;9,930.00;10,690.00;10,214.21;9,900.00;-660.00;-6,23;164,951.00;1,684,844,840.00
2021-05-04;GRUPOARGOS;10,020.00;10,200.00;9,954.62;9,700.00;90.00;0,91;199,624.00;1,987,181,625.00
2021-05-05;GRUPOARGOS;10,190.00;10,300.00;10,172.34;10,140.00;170.00;1,7;89,716.00;912,621,770.00
2021-05-06;GRUPOARGOS;10,600.00;10,800.00;10,404.97;10,120.00;410.00;4,02;242,992.00;2,528,325,290.00
2021-05-07;GRUPOARGOS;11,300.00;11,300.00;11,203.40;10,880.00;700.00;6,6;184,624.00;2,068,417,200.00
2021-05-10;GRUPOARGOS;11,800.00;11,800.00;11,594.29;11,380.00;500.00;4,42;304,144.00;3,526,334,620.00
2021-05-11;GRUPOARGOS;11,400.00;11,800.00;11,428.75;11,360.00;-400.00;-3,39;259,445.00;2,965,132,010.00
2021-05-12;GRUPOARGOS;11,160.00;11,330.00;11,152.32;11,050.00;-240.00;-2,11;239,447.00;2,670,389,260.00
2021-05-13;GRUPOARGOS;11,050.00;11,130.00;11,068.48;11,050.00;-110.00;-0,99;56,392.00;624,173,600.00
2021-05-14;GRUPOARGOS;11,280.00;11,360.00;11,260.44;11,200.00;230.00;2,08;89,233.00;1,004,803,250.00
2021-05-18;GRUPOARGOS;11,000.00;11,220.00;11,105.23;11,000.00;-280.00;-2,48;57,018.00;633,198,270.00
2021-05-19;GRUPOARGOS;10,700.00;10,900.00;10,776.78;10,660.00;-300.00;-2,73;52,754.00;568,518,160.00
2021-05-20;GRUPOARGOS;10,980.00;10,980.00;10,603.65;10,000.00;280.00;2,62;452,074.00;4,793,632,710.00
2021-05-21;GRUPOARGOS;10,780.00;11,010.00;10,847.06;10,720.00;-200.00;-1,82;337,560.00;3,661,534,240.00
2021-05-24;GRUPOARGOS;10,380.00;10,500.00;10,411.37;10,380.00;-400.00;-3,71;46,521.00;484,347,440.00
2021-05-25;GRUPOARGOS;9,915.00;10,380.00;10,071.42;9,900.00;-465.00;-4,48;188,749.00;1,900,971,170.00
2021-05-26;GRUPOARGOS;9,910.00;10,000.00;9,916.87;9,795.00;-5.00;-0,05;181,566.00;1,800,565,820.00
2021-05-27;GRUPOARGOS;9,000.00;10,200.00;9,072.01;9,000.00;-910.00;-9,18;1,002,842.00;9,097,793,370.00
2021-05-28;GRUPOARGOS;10,270.00;10,270.00;9,851.12;9,500.00;1,270.00;14,11;534,348.00;5,263,928,495.00
2021-05-31;GRUPOARGOS;10,100.00;10,200.00;10,130.90;10,100.00;-170.00;-1,66;23,152.00;234,550,690.00
2021-06-01;GRUPOARGOS;10,220.00;10,400.00;10,222.82;10,010.00;120.00;1,19;193,309.00;1,976,163,050.00
2021-06-02;GRUPOARGOS;10,250.00;10,570.00;10,286.04;10,110.00;30.00;0,29;270,236.00;2,779,659,390.00
2021-06-03;GRUPOARGOS;10,340.00;10,400.00;10,290.38;10,150.00;90.00;0,88;113,747.00;1,170,499,440.00
2021-06-04;GRUPOARGOS;10,220.00;10,370.00;10,256.65;10,200.00;-120.00;-1,16;115,000.00;1,179,514,320.00
2021-06-08;GRUPOARGOS;10,320.00;10,580.00;10,316.93;10,100.00;100.00;0,98;112,220.00;1,157,765,730.00
2021-06-09;GRUPOARGOS;10,200.00;10,500.00;10,308.64;10,200.00;-120.00;-1,16;46,602.00;480,403,350.00
2021-06-10;GRUPOARGOS;10,380.00;10,410.00;10,368.08;10,340.00;180.00;1,76;30,447.00;315,676,860.00
2021-06-11;GRUPOARGOS;10,290.00;10,350.00;10,289.72;10,250.00;-90.00;-0,87;94,633.00;973,747,300.00
2021-06-15;GRUPOARGOS;10,200.00;10,290.00;10,281.13;10,200.00;-90.00;-0,87;23,421.00;240,794,460.00
2021-06-16;GRUPOARGOS;10,100.00;10,380.00;10,128.86;10,100.00;-100.00;-0,98;116,602.00;1,181,044,940.00
2021-06-17;GRUPOARGOS;10,190.00;10,230.00;10,117.47;10,000.00;90.00;0,89;37,954.00;383,998,440.00
2021-06-18;GRUPOARGOS;10,500.00;10,500.00;10,440.65;10,000.00;310.00;3,04;304,788.00;3,182,183,970.00
2021-06-21;GRUPOARGOS;10,310.00;10,680.00;10,487.09;10,210.00;-190.00;-1,81;111,937.00;1,173,893,600.00
2021-06-22;GRUPOARGOS;10,310.00;10,490.00;10,370.72;10,240.00;0.00;0;43,330.00;449,363,440.00
2021-06-23;GRUPOARGOS;10,200.00;10,400.00;10,293.81;10,200.00;-110.00;-1,07;50,665.00;521,535,710.00
2021-06-24;GRUPOARGOS;10,560.00;10,600.00;10,406.83;10,210.00;360.00;3,53;511,820.00;5,326,421,980.00
2021-06-25;GRUPOARGOS;10,800.00;10,800.00;10,652.21;10,410.00;240.00;2,27;122,368.00;1,303,490,050.00
2021-06-28;GRUPOARGOS;10,770.00;10,830.00;10,679.38;10,550.00;-30.00;-0,28;54,957.00;586,906,920.00
2021-06-29;GRUPOARGOS;10,400.00;10,700.00;10,489.81;10,400.00;-370.00;-3,44;94,444.00;990,699,370.00
2021-06-30;GRUPOARGOS;10,000.00;10,500.00;10,240.59;10,000.00;-400.00;-3,85;203,678.00;2,085,783,850.00
