Fecha;Nemotecnico;Precio cierre;Precio maximo;Precio promedio ponderado;Precio minimo;Variacion absoluta;Variacion porcentual;Cantidad;Volumen
2025-01-02;GRUPOSURA;37,380.00;37,380.00;37,122.40;37,100.00;180.00;0,48;7,834.00;290,816,900.00
2025-01-03;GRUPOSURA;37,100.00;37,300.00;37,158.93;37,000.00;-280.00;-0,75;23,992.00;891,516,940.00
2025-01-07;GRUPOSURA;36,800.00;37,100.00;36,856.94;36,720.00;-300.00;-0,81;16,091.00;593,065,020.00
2025-01-08;GRUPOSURA;36,320.00;36,600.00;36,480.31;36,320.00;-480.00;-1,3;11,542.00;421,055,780.00
2025-01-09;GRUPOSURA;36,180.00;36,280.00;36,239.69;36,180.00;-140.00;-0,39;6,124.00;221,931,860.00
2025-01-10;GRUPOSURA;36,380.00;36,380.00;36,101.60;36,000.00;200.00;0,55;7,984.00;288,235,140.00
2025-01-13;GRUPOSURA;36,400.00;36,400.00;36,377.10;36,200.00;20.00;0,05;8,158.00;296,764,420.00
2025-01-14;GRUPOSURA;36,020.00;36,420.00;36,156.78;36,020.00;-380.00;-1,04;23,857.00;862,592,260.00
2025-01-15;GRUPOSURA;35,820.00;35,980.00;35,776.79;35,820.00;-200.00;-0,56;2,467.00;88,261,340.00
2025-01-16;GRUPOSURA;35,440.00;35,600.00;34,794.90;34,500.00;-380.00;-1,06;70,591.00;2,456,206,820.00
2025-01-17;GRUPOSURA;36,000.00;36,000.00;35,593.12;35,200.00;560.00;1,58;15,268.00;543,435,720.00
2025-01-20;GRUPOSURA;36,000.00;36,000.00;35,879.00;35,600.00;0.00;0;3,591.00;128,841,500.00
2025-01-21;GRUPOSURA;36,000.00;36,100.00;35,911.35;35,800.00;0.00;0;11,433.00;410,574,500.00
2025-01-22;GRUPOSURA;36,000.00;;36,038.94;;;;395.00;14,235,380.00
2025-01-23;GRUPOSURA;35,700.00;36,100.00;35,979.46;35,700.00;-300.00;-0,83;36,802.00;1,324,115,980.00
2025-01-24;GRUPOSURA;36,000.00;36,000.00;35,865.22;35,700.00;300.00;0,84;20,755.00;744,382,540.00
2025-01-27;GRUPOSURA;35,800.00;35,900.00;35,743.66;35,500.00;-200.00;-0,56;6,772.00;242,056,040.00
2025-01-28;GRUPOSURA;36,640.00;37,600.00;37,403.09;35,900.00;840.00;2,35;305,549.00;11,428,476,100.00
2025-01-29;GRUPOSURA;36,940.00;37,800.00;37,009.61;36,600.00;300.00;0,82;30,305.00;1,121,576,220.00
2025-01-30;GRUPOSURA;36,980.00;37,200.00;36,987.62;36,800.00;40.00;0,11;83,357.00;3,083,177,120.00
2025-01-31;GRUPOSURA;36,200.00;36,900.00;36,593.09;36,200.00;-780.00;-2,11;23,761.00;869,488,500.00
2025-02-03;GRUPOSURA;36,080.00;36,500.00;36,348.54;36,080.00;-120.00;-0,33;20,017.00;727,588,780.00
2025-02-04;GRUPOSURA;37,380.00;37,380.00;36,388.93;36,200.00;1,300.00;3,6;14,084.00;512,501,700.00
2025-02-05;GRUPOSURA;36,700.00;37,000.00;36,787.95;36,500.00;-680.00;-1,82;67,786.00;2,493,708,020.00
2025-02-06;GRUPOSURA;36,900.00;36,900.00;36,610.82;36,280.00;200.00;0,54;7,962.00;291,495,340.00
2025-02-07;GRUPOSURA;37,080.00;37,100.00;36,983.90;36,820.00;180.00;0,49;40,607.00;1,501,805,220.00
2025-02-10;GRUPOSURA;36,900.00;37,480.00;37,067.19;36,800.00;-180.00;-0,49;22,181.00;822,187,280.00
2025-02-11;GRUPOSURA;37,660.00;37,700.00;37,404.49;36,900.00;760.00;2,06;55,530.00;2,077,071,600.00
2025-02-12;GRUPOSURA;37,500.00;37,700.00;37,569.08;37,300.00;-160.00;-0,42;84,063.00;3,158,169,380.00
2025-02-13;GRUPOSURA;37,400.00;37,700.00;37,613.26;37,400.00;-100.00;-0,27;88,257.00;3,319,633,360.00
2025-02-14;GRUPOSURA;;37,800.00;37,493.17;37,300.00;100.00;0,27;120,821.00;4,529,962,240.00
2025-02-17;GRUPOSURA;38,500.00;38,980.00;37,604.55;37,400.00;1,060.00;2,83;51,820.00;1,948,667,940.00
2025-02-18;GRUPOSURA;39,780.00;39,780.00;38,657.37;38,160.00;1,280.00;3,32;38,270.00;1,479,417,540.00
2025-02-19;GRUPOSURA;43,640.00;43,640.00;42,517.93;39,940.00;3,860.00;9,7;235,291.00;10,004,086,400.00
2025-02-20;GRUPOSURA;44,100.00;45,500.00;44,340.64;43,640.00;460.00;1,05;102,656.00;4,551,832,540.00
2025-02-21;GRUPOSURA;43,980.00;44,300.00;44,049.71;43,560.00;-120.00;-0,27;139,599.00;6,149,295,300.00
2025-02-24;GRUPOSURA;43,900.00;44,280.00;43,699.29;43,380.00;-80.00;-0,18;101,679.00;4,443,300,560.00
2025-02-25;GRUPOSURA;44,380.00;44,380.00;44,121.72;43,600.00;480.00;1,09;51,072.00;2,253,384,380.00
2025-02-26;GRUPOSURA;44,080.00;44,900.00;44,177.50;44,000.00;-300.00;-0,68;39,838.00;1,759,943,420.00
2025-02-27;GRUPOSURA;44,000.00;44,300.00;44,080.64;43,900.00;-80.00;-0,18;92,838.00;4,092,358,920.00
2025-02-28;GRUPOSURA;42,500.00;44,180.00;42,550.22;42,500.00;-1,500.00;-3,41;1,656,232.00;70,473,030,760.00
2025-03-03;GRUPOSURA;41,400.00;42,500.00;41,604.40;40,000.00;-1,100.00;-2,59;20,993.00;873,401,220.00
2025-03-04;GRUPOSURA;39,460.00;41,100.00;39,453.77;37,280.00;-1,940.00;-4,69;99,421.00;3,922,533,760.00
2025-03-05;GRUPOSURA;40,600.00;40,600.00;39,978.97;39,200.00;1,140.00;2,89;36,228.00;1,448,358,060.00
2025-03-06;GRUPOSURA;42,000.00;42,000.00;41,304.55;40,400.00;1,400.00;3,45;51,842.00;2,141,310,620.00
2025-03-07;GRUPOSURA;41,000.00;42,500.00;41,262.22;41,000.00;-1,000.00;-2,38;273,743.00;11,295,244,300.00
2025-03-10;GRUPOSURA;40,240.00;40,800.00;40,619.69;40,240.00;-760.00;-1,85;42,915.00;1,743,193,900.00
2025-03-11;GRUPOSURA;40,800.00;40,800.00;40,134.11;40,000.00;560.00;1,39;66,481.00;2,668,155,980.00
2025-03-12;GRUPOSURA;40,400.00;41,400.00;40,555.41;40,400.00;-400.00;-0,98;44,205.00;1,792,751,960.00
2025-03-13;GRUPOSURA;39,320.00;40,400.00;39,539.48;39,260.00;-1,080.00;-2,67;159,942.00;6,324,023,180.00
2025-03-14;GRUPOSURA;39,980.00;39,980.00;39,486.96;39,340.00;660.00;1,68;49,649.00;1,960,487,920.00
2025-03-17;GRUPOSURA;40,060.00;40,100.00;39,922.58;39,500.00;80.00;0,2;43,634.00;1,741,981,740.00
2025-03-18;GRUPOSURA;39,220.00;40,000.00;39,029.40;39,000.00;-840.00;-2,1;541,802.00;21,146,205,120.00
2025-03-19;GRUPOSURA;39,540.00;39,600.00;39,311.69;39,000.00;320.00;0,82;33,767.00;1,327,437,980.00
2025-03-20;GRUPOSURA;40,020.00;40,400.00;39,824.78;39,000.00;480.00;1,21;841,418.00;33,509,288,860.00
2025-03-21;GRUPOSURA;39,500.00;40,440.00;39,621.19;39,500.00;-520.00;-1,3;743,600.00;29,462,313,400.00
2025-03-25;GRUPOSURA;41,380.00;41,880.00;40,933.15;39,500.00;1,880.00;4,76;49,359.00;2,020,419,180.00
2025-03-26;GRUPOSURA;41,380.00;41,380.00;40,855.54;40,000.00;0.00;0;19,939.00;814,618,680.00
2025-03-27;GRUPOSURA;41,700.00;41,700.00;41,425.20;41,000.00;320.00;0,77;41,648.00;1,725,276,580.00
2025-03-28;GRUPOSURA;42,400.00;42,700.00;42,262.19;41,740.00;700.00;1,68;50,446.00;2,131,958,560.00
2025-03-31;GRUPOSURA;42,500.00;42,500.00;42,223.95;41,900.00;100.00;0,24;35,167.00;1,484,889,480.00
2025-04-01;GRUPOSURA;42,500.00;43,160.00;41,221.74;41,000.00;0.00;0;356,748.00;14,705,771,600.00
2025-04-02;GRUPOSURA;43,500.00;43,500.00;42,565.20;41,900.00;1,000.00;2,35;37,816.00;1,609,645,700.00
2025-04-03;GRUPOSURA;44,240.00;44,480.00;43,804.69;43,000.00;740.00;1,7;37,381.00;1,637,463,220.00
2025-04-04;GRUPOSURA;42,900.00;44,000.00;42,825.90;42,300.00;-1,340.00;-3,03;98,006.00;4,197,195,060.00
2025-04-07;GRUPOSURA;43,220.00;43,580.00;43,132.90;42,820.00;320.00;0,75;31,369.00;1,353,036,000.00
2025-04-08;GRUPOSURA;42,200.00;42,900.00;42,297.76;42,160.00;-1,020.00;-2,36;22,887.00;968,068,920.00
2025-04-09;GRUPOSURA;43,000.00;43,000.00;42,145.23;42,000.00;800.00;1,9;34,487.00;1,453,462,400.00
2025-04-10;GRUPOSURA;42,120.00;42,620.00;42,355.01;42,120.00;-880.00;-2,05;18,955.00;802,839,180.00
2025-04-11;GRUPOSURA;43,000.00;43,000.00;42,673.57;42,340.00;880.00;2,09;20,038.00;855,092,920.00
2025-04-14;GRUPOSURA;43,000.00;43,100.00;42,871.37;42,700.00;0.00;0;4,524.00;193,950,060.00
2025-04-15;GRUPOSURA;42,800.00;42,960.00;42,480.20;42,000.00;-200.00;-0,47;58,159.00;2,470,606,240.00
2025-04-16;GRUPOSURA;42,800.00;42,800.00;42,741.20;42,700.00;0.00;0;4,192.00;179,171,100.00
2025-04-21;GRUPOSURA;42,300.00;42,700.00;42,494.76;42,300.00;-500.00;-1,17;27,718.00;1,177,869,760.00
2025-04-22;GRUPOSURA;43,100.00;43,160.00;42,851.08;42,460.00;800.00;1,89;20,278.00;868,934,240.00
2025-04-23;GRUPOSURA;42,800.00;43,500.00;42,776.79;41,040.00;-300.00;-0,7;234,840.00;10,045,700,320.00
2025-04-24;GRUPOSURA;42,900.00;43,100.00;42,663.40;42,020.00;100.00;0,23;57,159.00;2,438,597,000.00
2025-04-25;GRUPOSURA;42,500.00;42,920.00;42,853.09;42,500.00;-400.00;-0,93;3,463.00;148,400,240.00
2025-04-28;GRUPOSURA;42,360.00;42,660.00;42,387.14;42,200.00;-140.00;-0,33;24,082.00;1,020,767,040.00
2025-04-29;GRUPOSURA;42,800.00;42,800.00;42,546.80;42,400.00;440.00;1,04;6,600.00;280,808,860.00
2025-04-30;GRUPOSURA;43,000.00;43,000.00;42,741.07;42,400.00;200.00;0,47;36,743.00;1,570,435,160.00
2025-05-02;GRUPOSURA;43,200.00;43,200.00;43,141.25;42,700.00;200.00;0,47;11,957.00;515,839,940.00
2025-05-05;GRUPOSURA;42,900.00;42,940.00;42,961.09;42,900.00;-300.00;-0,69;3,752.00;161,190,000.00
2025-05-06;GRUPOSURA;42,820.00;42,880.00;42,857.43;42,820.00;-80.00;-0,19;3,773.00;161,701,080.00
2025-05-07;GRUPOSURA;44,500.00;44,500.00;44,266.61;42,820.00;1,680.00;3,92;45,912.00;2,032,368,700.00
2025-05-08;GRUPOSURA;44,000.00;44,000.00;43,617.39;42,400.00;-500.00;-1,12;18,195.00;793,618,440.00
2025-05-09;GRUPOSURA;43,900.00;44,000.00;43,924.23;43,900.00;-100.00;-0,23;8,774.00;385,391,200.00
2025-05-12;GRUPOSURA;43,220.00;43,500.00;43,430.44;43,220.00;-680.00;-1,55;7,662.00;332,764,020.00
2025-05-13;GRUPOSURA;44,000.00;44,000.00;43,520.51;42,960.00;780.00;1,8;28,921.00;1,258,656,580.00
2025-05-14;GRUPOSURA;44,940.00;44,940.00;44,357.22;43,600.00;940.00;2,14;36,670.00;1,626,579,220.00
2025-05-15;GRUPOSURA;44,880.00;45,500.00;45,134.46;44,500.00;-60.00;-0,13;41,909.00;1,891,539,900.00
2025-05-16;GRUPOSURA;44,800.00;44,840.00;44,794.84;44,800.00;-80.00;-0,18;13,748.00;615,839,420.00
2025-05-19;GRUPOSURA;45,200.00;45,940.00;45,245.78;44,500.00;400.00;0,89;34,792.00;1,574,191,180.00
2025-05-20;GRUPOSURA;46,000.00;46,200.00;45,550.10;45,260.00;800.00;1,77;158,493.00;7,219,371,240.00
2025-05-21;GRUPOSURA;46,000.00;46,100.00;45,893.36;45,800.00;0.00;0;23,297.00;1,069,177,600.00
2025-05-22;GRUPOSURA;45,680.00;45,980.00;45,650.97;45,520.00;-320.00;-0,7;29,868.00;1,363,503,080.00
2025-05-23;GRUPOSURA;45,820.00;45,980.00;45,822.56;45,540.00;140.00;0,31;31,020.00;1,421,415,760.00
2025-05-26;GRUPOSURA;45,820.00;;45,844.84;;;;190.00;8,710,520.00
2025-05-27;GRUPOSURA;45,700.00;45,700.00;45,699.58;45,700.00;-120.00;-0,26;17,757.00;811,487,500.00
2025-05-28;GRUPOSURA;45,700.00;45,700.00;45,684.55;45,620.00;0.00;0;7,067.00;322,852,720.00
2025-05-29;GRUPOSURA;45,500.00;45,700.00;45,518.09;45,300.00;-200.00;-0,44;51,586.00;2,348,096,120.00
2025-05-30;GRUPOSURA;44,900.00;45,500.00;45,058.10;44,900.00;-600.00;-1,32;18,794.00;846,822,000.00
2025-06-03;GRUPOSURA;45,020.00;45,200.00;45,008.29;44,900.00;120.00;0,27;21,434.00;964,707,760.00
2025-06-04;GRUPOSURA;45,200.00;45,900.00;45,515.97;45,200.00;180.00;0,4;20,098.00;914,779,920.00
2025-06-05;GRUPOSURA;44,900.00;45,200.00;45,073.58;44,900.00;-300.00;-0,66;6,069.00;273,551,580.00
2025-06-06;GRUPOSURA;44,900.00;44,900.00;44,834.61;44,800.00;0.00;0;1,864.00;83,571,720.00
2025-06-09;GRUPOSURA;44,440.00;44,900.00;44,507.83;43,900.00;-460.00;-1,02;14,916.00;663,878,740.00
2025-06-10;GRUPOSURA;45,140.00;45,200.00;44,801.90;44,500.00;700.00;1,58;14,879.00;666,607,480.00
2025-06-11;GRUPOSURA;45,400.00;45,400.00;45,298.48;45,180.00;260.00;0,58;62,649.00;2,837,904,280.00
2025-06-12;GRUPOSURA;45,540.00;45,600.00;45,393.80;45,300.00;140.00;0,31;22,204.00;1,007,923,840.00
2025-06-13;GRUPOSURA;45,700.00;45,700.00;45,586.55;45,540.00;160.00;0,35;35,662.00;1,625,707,420.00
2025-06-16;GRUPOSURA;45,900.00;45,900.00;45,716.79;45,560.00;200.00;0,44;24,532.00;1,121,524,180.00
2025-06-17;GRUPOSURA;46,500.00;46,700.00;46,268.89;45,920.00;600.00;1,31;13,982.00;646,931,560.00
2025-06-18;GRUPOSURA;47,100.00;47,500.00;47,031.58;46,640.00;600.00;1,29;26,799.00;1,260,399,280.00
2025-06-19;GRUPOSURA;47,200.00;47,300.00;47,212.57;47,180.00;100.00;0,21;9,225.00;435,535,960.00
2025-06-20;GRUPOSURA;47,400.00;47,660.00;47,484.44;47,400.00;200.00;0,42;14,452.00;686,245,060.00
2025-06-24;GRUPOSURA;47,600.00;47,600.00;47,139.92;46,920.00;200.00;0,42;80,850.00;3,811,262,480.00
2025-06-25;GRUPOSURA;48,000.00;48,000.00;47,547.81;47,000.00;400.00;0,84;25,275.00;1,201,770,800.00
2025-06-26;GRUPOSURA;48,380.00;48,400.00;48,043.16;47,020.00;380.00;0,79;16,509.00;793,144,540.00
2025-06-27;GRUPOSURA;48,400.00;48,400.00;48,386.57;48,380.00;20.00;0,04;5,301.00;256,497,220.00
2024-07-02;GRUPOSURA;34,400.00;;34,241.19;;;;388.00;13,285,580.00
2024-07-03;GRUPOSURA;33,500.00;33,820.00;33,626.23;33,500.00;-900.00;-2,62;6,600.00;221,933,120.00
2024-07-04;GRUPOSURA;33,200.00;33,600.00;33,410.27;33,200.00;-300.00;-0,9;5,286.00;176,606,680.00
2024-07-05;GRUPOSURA;33,200.00;33,300.00;33,243.09;33,200.00;0.00;0;9,368.00;311,421,280.00
2024-07-08;GRUPOSURA;33,000.00;33,000.00;32,995.05;33,000.00;-200.00;-0,6;12,821.00;423,029,580.00
2024-07-09;GRUPOSURA;33,000.00;33,000.00;32,967.19;33,000.00;0.00;;2,641.00;87,066,360.00
2024-07-10;GRUPOSURA;33,000.00;33,000.00;32,914.40;33,000.00;0.00;;1,481.00;48,746,220.00
2024-07-11;GRUPOSURA;33,800.00;33,800.00;33,081.54;33,000.00;800.00;2,42;9,490.00;313,943,780.00
2024-07-12;GRUPOSURA;33,840.00;33,840.00;33,597.25;32,820.00;40.00;0,12;3,013.00;101,228,500.00
2024-07-15;GRUPOSURA;33,700.00;33,700.00;33,697.23;33,700.00;-140.00;-0,41;3,470.00;116,929,400.00
2024-07-16;GRUPOSURA;33,000.00;33,000.00;33,058.85;32,900.00;-700.00;-2,08;4,416.00;145,987,880.00
2024-07-17;GRUPOSURA;32,260.00;32,320.00;32,307.75;32,200.00;-740.00;-2,24;3,854.00;124,514,060.00
2024-07-18;GRUPOSURA;32,580.00;32,600.00;32,516.51;32,000.00;320.00;0,99;6,935.00;225,501,980.00
2024-07-19;GRUPOSURA;32,580.00;32,700.00;32,600.98;32,580.00;0.00;0;6,074.00;198,018,380.00
2024-07-22;GRUPOSURA;32,700.00;32,700.00;32,652.08;32,700.00;120.00;0,37;1,768.00;57,728,880.00
2024-07-23;GRUPOSURA;32,000.00;32,300.00;32,175.31;32,000.00;-700.00;-2,14;4,051.00;130,342,200.00
2024-07-24;GRUPOSURA;32,360.00;32,360.00;32,341.21;32,320.00;360.00;1,13;1,687.00;54,559,620.00
2024-07-25;GRUPOSURA;32,360.00;;32,698.10;;;;337.00;11,019,260.00
2024-07-26;GRUPOSURA;32,500.00;32,500.00;32,475.33;32,500.00;140.00;0,43;2,430.00;78,915,040.00
2024-07-29;GRUPOSURA;32,000.00;32,100.00;32,014.73;31,980.00;-500.00;-1,54;20,170.00;645,737,160.00
2024-07-30;GRUPOSURA;31,100.00;31,220.00;31,179.69;31,020.00;-900.00;-2,81;8,825.00;275,160,740.00
2024-07-31;GRUPOSURA;32,400.00;32,400.00;31,509.87;31,200.00;1,300.00;4,18;7,894.00;248,738,940.00
2024-08-01;GRUPOSURA;31,600.00;31,600.00;31,638.69;31,600.00;-800.00;-2,47;1,532.00;48,470,480.00
2024-08-02;GRUPOSURA;31,480.00;31,480.00;30,805.68;30,600.00;-120.00;-0,38;17,686.00;544,829,180.00
2024-08-05;GRUPOSURA;30,500.00;30,980.00;29,943.77;29,000.00;-980.00;-3,11;7,577.00;226,883,920.00
2024-08-06;GRUPOSURA;30,600.00;30,620.00;30,659.81;30,600.00;100.00;0,33;1,286.00;39,428,520.00
2024-08-08;GRUPOSURA;30,700.00;31,500.00;30,837.57;30,640.00;100.00;0,33;7,779.00;239,885,440.00
2024-08-09;GRUPOSURA;31,440.00;31,500.00;31,297.73;31,440.00;740.00;2,41;1,444.00;45,193,920.00
2024-08-12;GRUPOSURA;30,600.00;30,600.00;30,745.12;30,600.00;-840.00;-2,67;1,160.00;35,664,340.00
2024-08-13;GRUPOSURA;30,500.00;30,700.00;30,539.13;30,480.00;-100.00;-0,33;25,989.00;793,681,400.00
2024-08-14;GRUPOSURA;30,500.00;31,500.00;30,710.71;30,500.00;0.00;0;18,447.00;566,520,520.00
2024-08-15;GRUPOSURA;30,980.00;30,980.00;31,008.49;30,980.00;480.00;1,57;940.00;29,147,980.00
2024-08-16;GRUPOSURA;31,900.00;31,900.00;31,608.62;31,280.00;920.00;2,97;11,344.00;358,568,140.00
2024-08-20;GRUPOSURA;31,900.00;32,000.00;32,016.77;31,900.00;0.00;0;5,416.00;173,402,820.00
2024-08-21;GRUPOSURA;35,640.00;35,640.00;35,278.94;32,600.00;3,740.00;11,72;86,971.00;3,068,244,600.00
2024-08-22;GRUPOSURA;35,600.00;35,640.00;35,456.86;34,780.00;-40.00;-0,11;40,178.00;1,424,585,660.00
2024-08-23;GRUPOSURA;33,200.00;34,000.00;33,265.16;32,500.00;-2,400.00;-6,74;37,855.00;1,259,252,800.00
2024-08-26;GRUPOSURA;32,320.00;32,620.00;32,470.34;32,320.00;-880.00;-2,65;8,635.00;280,381,400.00
2024-08-27;GRUPOSURA;31,600.00;32,000.00;31,319.19;29,120.00;-720.00;-2,23;16,587.00;519,491,340.00
2024-08-28;GRUPOSURA;32,000.00;32,000.00;31,787.46;31,480.00;400.00;1,27;7,412.00;235,608,640.00
2024-08-29;GRUPOSURA;31,300.00;31,300.00;31,115.96;31,000.00;-700.00;-2,19;10,775.00;335,274,500.00
2024-08-30;GRUPOSURA;32,280.00;32,280.00;32,079.64;30,360.00;980.00;3,13;15,591.00;500,153,600.00
2024-09-02;GRUPOSURA;32,280.00;;32,077.21;;;;458.00;14,691,360.00
2024-09-03;GRUPOSURA;31,200.00;32,000.00;31,250.61;30,620.00;-1,080.00;-3,35;14,065.00;439,539,880.00
2024-09-04;GRUPOSURA;31,000.00;31,240.00;31,191.54;31,000.00;-200.00;-0,64;9,987.00;311,509,880.00
2024-09-05;GRUPOSURA;30,500.00;31,060.00;30,775.27;30,500.00;-500.00;-1,61;12,932.00;397,985,780.00
2024-09-06;GRUPOSURA;30,900.00;30,900.00;30,137.13;30,000.00;400.00;1,31;14,581.00;439,429,520.00
2024-09-09;GRUPOSURA;29,600.00;30,300.00;29,871.06;29,400.00;-1,300.00;-4,21;12,289.00;367,085,440.00
2024-09-10;GRUPOSURA;29,600.00;;29,914.34;;;;1,481.00;44,303,140.00
2024-09-11;GRUPOSURA;30,000.00;30,000.00;30,035.59;30,000.00;400.00;1,35;5,832.00;175,167,540.00
2024-09-12;GRUPOSURA;30,560.00;30,700.00;30,538.25;30,000.00;560.00;1,87;102,134.00;3,118,993,760.00
2024-09-13;GRUPOSURA;30,460.00;30,460.00;30,437.65;30,460.00;-100.00;-0,33;2,758.00;83,947,040.00
2024-09-16;GRUPOSURA;28,300.00;29,920.00;28,429.84;28,100.00;-2,160.00;-7,09;265,834.00;7,557,616,980.00
2024-09-17;GRUPOSURA;27,500.00;28,700.00;27,612.19;27,500.00;-800.00;-2,83;207,525.00;5,730,219,320.00
2024-09-18;GRUPOSURA;27,000.00;27,700.00;27,142.96;27,000.00;-500.00;-1,82;60,622.00;1,645,460,360.00
2024-09-19;GRUPOSURA;25,600.00;27,280.00;25,462.97;25,000.00;-1,400.00;-5,19;488,569.00;12,440,417,360.00
2024-09-20;GRUPOSURA;27,500.00;27,500.00;27,329.19;25,760.00;1,900.00;7,42;289,637.00;7,915,545,220.00
2024-09-23;GRUPOSURA;28,300.00;28,600.00;28,335.35;27,600.00;800.00;2,91;65,460.00;1,854,832,260.00
2024-09-24;GRUPOSURA;28,500.00;28,500.00;28,460.26;28,300.00;200.00;0,71;33,413.00;950,942,560.00
2024-09-25;GRUPOSURA;28,500.00;28,520.00;28,439.22;28,100.00;0.00;0;58,157.00;1,653,939,900.00
2024-09-26;GRUPOSURA;29,000.00;29,000.00;28,813.66;28,100.00;500.00;1,75;2,270.00;65,407,000.00
2024-09-27;GRUPOSURA;28,800.00;29,000.00;28,931.25;28,520.00;-200.00;-0,69;50,074.00;1,448,703,340.00
2024-09-30;GRUPOSURA;29,000.00;29,000.00;28,834.85;28,500.00;200.00;0,69;46,918.00;1,352,873,260.00
2024-10-01;GRUPOSURA;29,000.00;29,500.00;29,047.12;28,600.00;0.00;0;17,035.00;494,817,720.00
2024-10-02;GRUPOSURA;28,500.00;29,200.00;28,529.63;28,280.00;-500.00;-1,72;50,211.00;1,432,501,340.00
2024-10-03;GRUPOSURA;29,020.00;29,100.00;29,064.53;28,900.00;520.00;1,82;76,280.00;2,217,041,980.00
2024-10-04;GRUPOSURA;29,000.00;29,360.00;29,000.06;28,540.00;-20.00;-0,07;37,699.00;1,093,273,440.00
2024-10-07;GRUPOSURA;28,560.00;28,960.00;28,795.96;28,560.00;-440.00;-1,52;3,314.00;95,429,800.00
2024-10-08;GRUPOSURA;28,580.00;28,700.00;28,418.73;28,200.00;20.00;0,07;12,902.00;366,658,480.00
2024-10-09;GRUPOSURA;28,500.00;28,500.00;28,418.68;28,400.00;-80.00;-0,28;2,292.00;65,135,620.00
2024-10-10;GRUPOSURA;28,440.00;28,460.00;28,446.33;28,440.00;-60.00;-0,21;3,430.00;97,570,920.00
2024-10-11;GRUPOSURA;28,860.00;28,860.00;28,690.86;28,500.00;420.00;1,48;46,547.00;1,335,473,300.00
2024-10-15;GRUPOSURA;30,600.00;31,000.00;30,273.90;28,300.00;1,740.00;6,03;189,372.00;5,733,029,100.00
2024-10-16;GRUPOSURA;31,900.00;32,200.00;31,150.96;30,520.00;1,300.00;4,25;104,399.00;3,252,128,840.00
2024-10-17;GRUPOSURA;33,020.00;33,100.00;32,825.34;31,960.00;1,120.00;3,51;125,203.00;4,109,830,600.00
2024-10-18;GRUPOSURA;33,320.00;33,500.00;33,413.09;33,300.00;300.00;0,91;41,462.00;1,385,373,560.00
2024-10-21;GRUPOSURA;32,880.00;33,300.00;32,841.35;32,600.00;-440.00;-1,32;49,618.00;1,629,522,020.00
2024-10-22;GRUPOSURA;33,700.00;33,920.00;33,545.96;32,660.00;820.00;2,49;113,286.00;3,800,287,760.00
2024-10-23;GRUPOSURA;33,480.00;34,000.00;33,630.76;33,200.00;-220.00;-0,65;71,794.00;2,414,486,880.00
2024-10-24;GRUPOSURA;33,220.00;33,300.00;33,152.55;32,900.00;-260.00;-0,78;10,062.00;333,581,000.00
2024-10-25;GRUPOSURA;33,480.00;33,520.00;33,275.27;33,120.00;260.00;0,78;50,272.00;1,672,814,360.00
2024-10-28;GRUPOSURA;34,600.00;35,400.00;34,750.59;33,900.00;1,120.00;3,35;84,581.00;2,939,239,300.00
2024-10-29;GRUPOSURA;33,600.00;34,620.00;33,745.53;33,600.00;-1,000.00;-2,89;67,218.00;2,268,306,960.00
2024-10-30;GRUPOSURA;34,260.00;34,300.00;34,020.18;33,660.00;660.00;1,96;61,869.00;2,104,794,760.00
2024-10-31;GRUPOSURA;35,000.00;35,200.00;34,810.09;34,460.00;740.00;2,16;64,546.00;2,246,852,040.00
2024-11-01;GRUPOSURA;34,800.00;35,040.00;34,916.32;34,700.00;-200.00;-0,57;37,297.00;1,302,274,060.00
2024-11-05;GRUPOSURA;35,000.00;35,320.00;35,053.87;34,980.00;200.00;0,57;29,940.00;1,049,512,940.00
2024-11-06;GRUPOSURA;35,260.00;35,260.00;35,175.91;35,100.00;260.00;0,74;7,585.00;266,809,300.00
2024-11-07;GRUPOSURA;35,300.00;35,500.00;35,413.34;35,300.00;40.00;0,11;24,848.00;879,950,600.00
2024-11-08;GRUPOSURA;36,000.00;36,500.00;35,936.51;35,420.00;700.00;1,98;48,875.00;1,756,396,920.00
2024-11-12;GRUPOSURA;38,220.00;39,000.00;36,774.00;36,100.00;2,220.00;6,17;171,349.00;6,301,188,000.00
2024-11-13;GRUPOSURA;37,840.00;39,100.00;38,180.44;37,400.00;-380.00;-0,99;45,196.00;1,725,603,340.00
2024-11-14;GRUPOSURA;35,520.00;37,500.00;35,728.81;34,440.00;-2,320.00;-6,13;137,700.00;4,919,857,220.00
2024-11-15;GRUPOSURA;34,500.00;35,500.00;34,834.74;34,500.00;-1,020.00;-2,87;68,824.00;2,397,466,340.00
2024-11-18;GRUPOSURA;33,200.00;34,520.00;33,421.96;32,780.00;-1,300.00;-3,77;63,962.00;2,137,735,520.00
2024-11-19;GRUPOSURA;32,980.00;33,800.00;33,203.21;32,980.00;-220.00;-0,66;112,091.00;3,721,781,460.00
2024-11-20;GRUPOSURA;33,980.00;33,980.00;33,572.54;33,000.00;1,000.00;3,03;242,445.00;8,139,494,020.00
2024-11-21;GRUPOSURA;33,800.00;34,600.00;34,057.74;33,680.00;-180.00;-0,53;72,386.00;2,465,303,660.00
2024-11-22;GRUPOSURA;33,680.00;34,000.00;33,809.77;33,680.00;-120.00;-0,36;30,481.00;1,030,555,580.00
2024-11-25;GRUPOSURA;35,360.00;35,360.00;35,066.77;33,900.00;1,680.00;4,99;984,804.00;34,533,899,480.00
2024-11-26;GRUPOSURA;36,480.00;37,160.00;36,446.92;35,360.00;1,120.00;3,17;63,911.00;2,329,358,840.00
2024-11-27;GRUPOSURA;35,720.00;36,400.00;35,960.18;35,720.00;-760.00;-2,08;32,763.00;1,178,163,340.00
2024-11-28;GRUPOSURA;35,780.00;36,000.00;35,844.87;35,720.00;60.00;0,17;15,696.00;562,621,100.00
2024-11-29;GRUPOSURA;36,000.00;36,600.00;35,912.38;35,700.00;220.00;0,61;16,399.00;588,927,060.00
2024-12-02;GRUPOSURA;35,300.00;36,360.00;35,622.89;35,300.00;-700.00;-1,94;26,984.00;961,248,180.00
2024-12-03;GRUPOSURA;34,980.00;35,500.00;35,190.00;34,800.00;-320.00;-0,91;28,971.00;1,019,489,420.00
2024-12-04;GRUPOSURA;34,600.00;34,980.00;34,689.50;34,600.00;-380.00;-1,09;17,545.00;608,627,320.00
2024-12-05;GRUPOSURA;35,320.00;35,320.00;34,916.63;34,600.00;720.00;2,08;81,314.00;2,839,210,840.00
2024-12-06;GRUPOSURA;35,360.00;35,500.00;35,395.06;35,000.00;40.00;0,11;97,193.00;3,440,152,180.00
2024-12-09;GRUPOSURA;35,320.00;35,580.00;35,396.04;35,320.00;-40.00;-0,11;52,219.00;1,848,345,700.00
2024-12-10;GRUPOSURA;35,400.00;35,600.00;35,366.32;35,300.00;80.00;0,23;5,759.00;203,674,620.00
2024-12-11;GRUPOSURA;35,200.00;35,380.00;35,160.34;35,120.00;-200.00;-0,56;9,654.00;339,437,900.00
2024-12-12;GRUPOSURA;35,300.00;35,300.00;35,169.30;35,060.00;100.00;0,28;14,917.00;524,620,480.00
2024-12-13;GRUPOSURA;35,500.00;35,600.00;35,425.45;35,240.00;200.00;0,57;31,755.00;1,124,935,020.00
2024-12-16;GRUPOSURA;35,500.00;;35,351.18;;;;422.00;14,918,200.00
2024-12-17;GRUPOSURA;36,000.00;36,000.00;35,554.08;35,300.00;500.00;1,41;9,855.00;350,385,420.00
2024-12-18;GRUPOSURA;35,500.00;35,900.00;35,668.79;35,480.00;-500.00;-1,39;10,309.00;367,709,560.00
2024-12-19;GRUPOSURA;37,520.00;38,100.00;37,492.73;35,700.00;2,020.00;5,69;250,988.00;9,410,226,500.00
2024-12-20;GRUPOSURA;37,000.00;37,700.00;37,256.98;36,800.00;-520.00;-1,39;28,992.00;1,080,154,320.00
2024-12-23;GRUPOSURA;37,300.00;37,300.00;36,912.22;36,700.00;300.00;0,81;10,829.00;399,722,440.00
2024-12-24;GRUPOSURA;37,100.00;37,500.00;37,197.28;37,100.00;-200.00;-0,54;3,461.00;128,739,800.00
2024-12-26;GRUPOSURA;37,100.00;37,200.00;37,095.32;37,000.00;0.00;0;6,904.00;256,106,120.00
2024-12-27;GRUPOSURA;37,000.00;37,200.00;37,079.11;37,000.00;-100.00;-0,27;4,959.00;183,875,320.00
2024-12-30;GRUPOSURA;37,200.00;37,200.00;37,182.93;37,020.00;200.00;0,54;21,875.00;813,376,600.00
2024-01-02;GRUPOSURA;30,360.00;30,360.00;29,486.91;29,000.00;1,360.00;4,69;5,137.00;151,474,260.00
2024-01-03;GRUPOSURA;30,500.00;30,500.00;30,445.40;30,300.00;140.00;0,46;3,462.00;105,401,980.00
2024-01-04;GRUPOSURA;30,400.00;30,700.00;30,384.39;30,200.00;-100.00;-0,33;9,721.00;295,366,620.00
2024-01-05;GRUPOSURA;31,000.00;31,200.00;30,727.50;30,100.00;600.00;1,97;16,868.00;518,311,520.00
2024-01-09;GRUPOSURA;30,000.00;31,000.00;30,340.19;30,000.00;-1,000.00;-3,23;7,815.00;237,108,600.00
2024-01-10;GRUPOSURA;30,600.00;30,600.00;30,511.92;30,600.00;600.00;2;1,330.00;40,580,860.00
2024-01-11;GRUPOSURA;30,580.00;30,620.00;30,547.38;30,580.00;-20.00;-0,07;2,421.00;73,955,200.00
2024-01-12;GRUPOSURA;30,800.00;30,820.00;30,774.95;30,580.00;220.00;0,72;14,035.00;431,926,480.00
2024-01-15;GRUPOSURA;31,000.00;31,000.00;30,981.07;31,000.00;200.00;0,65;732.00;22,678,140.00
2024-01-16;GRUPOSURA;31,000.00;31,000.00;30,702.31;30,040.00;0.00;0;163,535.00;5,020,902,440.00
2024-01-17;GRUPOSURA;30,540.00;30,800.00;30,705.12;30,520.00;-460.00;-1,48;9,478.00;291,023,080.00
2024-01-18;GRUPOSURA;32,000.00;32,000.00;31,603.03;30,500.00;1,460.00;4,78;137,568.00;4,347,565,660.00
2024-01-19;GRUPOSURA;32,000.00;32,000.00;32,013.96;32,000.00;0.00;;5,803.00;185,777,000.00
2024-01-22;GRUPOSURA;34,500.00;34,500.00;33,261.33;32,400.00;2,500.00;7,81;15,736.00;523,400,280.00
2024-01-23;GRUPOSURA;32,500.00;34,000.00;33,239.42;32,500.00;-2,000.00;-5,8;13,852.00;460,432,380.00
2024-01-24;GRUPOSURA;32,500.00;32,520.00;32,510.20;32,500.00;0.00;0;1,565.00;50,878,460.00
2024-01-25;GRUPOSURA;32,400.00;32,400.00;32,406.85;32,400.00;-100.00;-0,31;639.00;20,707,980.00
2024-01-26;GRUPOSURA;33,300.00;33,300.00;32,482.29;32,320.00;900.00;2,78;1,839.00;59,734,940.00
2024-01-29;GRUPOSURA;32,880.00;33,200.00;32,910.22;31,860.00;-420.00;-1,26;15,268.00;502,473,280.00
2024-01-30;GRUPOSURA;32,740.00;33,000.00;32,742.36;32,500.00;-140.00;-0,43;12,485.00;408,788,340.00
2024-01-31;GRUPOSURA;32,500.00;32,740.00;32,506.30;32,400.00;-240.00;-0,73;7,018.00;228,129,240.00
2024-02-01;GRUPOSURA;32,280.00;33,880.00;32,463.92;32,280.00;-220.00;-0,68;6,622.00;214,976,060.00
2024-02-02;GRUPOSURA;30,800.00;31,860.00;31,020.40;30,800.00;-1,480.00;-4,58;12,081.00;374,757,440.00
2024-02-05;GRUPOSURA;30,800.00;;31,436.03;;;;1,170.00;36,780,160.00
2024-02-06;GRUPOSURA;30,800.00;;31,220.72;;;;469.00;14,642,520.00
2024-02-07;GRUPOSURA;30,700.00;31,020.00;30,925.73;30,700.00;-100.00;-0,32;10,264.00;317,421,700.00
2024-02-08;GRUPOSURA;32,000.00;32,000.00;31,164.93;30,700.00;1,300.00;4,23;22,969.00;715,827,260.00
2024-02-09;GRUPOSURA;32,500.00;32,500.00;32,488.74;32,480.00;500.00;1,56;10,875.00;353,315,080.00
2024-02-12;GRUPOSURA;32,000.00;32,020.00;32,002.16;32,000.00;-500.00;-1,54;12,831.00;410,619,680.00
2024-02-13;GRUPOSURA;31,800.00;32,280.00;32,180.95;31,800.00;-200.00;-0,62;11,920.00;383,596,980.00
2024-02-14;GRUPOSURA;31,700.00;31,700.00;31,698.13;31,700.00;-100.00;-0,31;4,549.00;144,194,800.00
2024-02-15;GRUPOSURA;31,000.00;31,000.00;30,976.99;31,000.00;-700.00;-2,21;949.00;29,397,160.00
2024-02-16;GRUPOSURA;30,740.00;32,200.00;31,795.26;30,700.00;-260.00;-0,84;22,359.00;710,910,160.00
2024-02-19;GRUPOSURA;30,500.00;30,720.00;30,630.32;30,500.00;-240.00;-0,78;6,415.00;196,493,520.00
2024-02-20;GRUPOSURA;31,700.00;31,700.00;31,562.32;31,440.00;1,200.00;3,93;4,872.00;153,771,640.00
2024-02-21;GRUPOSURA;32,100.00;32,400.00;32,239.74;31,980.00;400.00;1,26;4,596.00;148,173,840.00
2024-02-22;GRUPOSURA;32,100.00;;31,632.83;;;;293.00;9,268,420.00
2024-02-23;GRUPOSURA;31,000.00;31,500.00;31,000.69;30,820.00;-1,100.00;-3,43;32,557.00;1,009,289,600.00
2024-02-26;GRUPOSURA;30,400.00;31,000.00;30,681.77;30,400.00;-600.00;-1,94;17,964.00;551,167,380.00
2024-02-27;GRUPOSURA;29,940.00;29,960.00;29,972.11;29,940.00;-460.00;-1,51;2,462.00;73,791,340.00
2024-02-28;GRUPOSURA;29,500.00;29,940.00;29,655.02;29,500.00;-440.00;-1,47;11,130.00;330,060,380.00
2024-02-29;GRUPOSURA;28,960.00;29,600.00;29,329.08;28,960.00;-540.00;-1,83;61,155.00;1,793,619,880.00
2024-03-01;GRUPOSURA;29,200.00;29,500.00;29,141.21;28,960.00;240.00;0,83;24,656.00;718,505,700.00
2024-03-04;GRUPOSURA;29,600.00;30,140.00;29,545.95;29,320.00;400.00;1,37;8,485.00;250,697,380.00
2024-03-05;GRUPOSURA;29,880.00;29,880.00;29,453.21;29,020.00;280.00;0,95;4,171.00;122,849,340.00
2024-03-06;GRUPOSURA;30,000.00;30,000.00;29,950.95;29,880.00;120.00;0,4;4,125.00;123,547,660.00
2024-03-07;GRUPOSURA;30,320.00;31,460.00;30,577.36;30,220.00;320.00;1,07;12,054.00;368,579,520.00
2024-03-08;GRUPOSURA;30,500.00;30,500.00;30,470.57;30,300.00;180.00;0,59;12,474.00;380,089,900.00
2024-03-11;GRUPOSURA;30,400.00;30,500.00;30,441.10;30,400.00;-100.00;-0,33;4,790.00;145,812,860.00
2024-03-12;GRUPOSURA;30,600.00;30,600.00;30,508.78;30,600.00;200.00;0,66;2,813.00;85,821,200.00
2024-03-13;GRUPOSURA;30,000.00;30,600.00;30,000.48;28,540.00;-600.00;-1,96;503,912.00;15,117,601,140.00
2024-03-14;GRUPOSURA;30,000.00;30,540.00;30,177.59;30,000.00;0.00;0;1,103.00;33,285,880.00
2024-03-15;GRUPOSURA;30,000.00;30,680.00;29,999.47;28,620.00;0.00;0;850,895.00;25,526,395,000.00
2024-03-18;GRUPOSURA;30,600.00;30,600.00;30,021.96;30,000.00;600.00;2;180,494.00;5,418,783,280.00
2024-03-19;GRUPOSURA;30,580.00;30,600.00;30,468.93;29,680.00;-20.00;-0,07;4,987.00;151,948,540.00
2024-03-20;GRUPOSURA;30,580.00;;30,335.05;;;;755.00;22,902,960.00
2024-03-21;GRUPOSURA;30,480.00;30,480.00;30,299.93;30,020.00;-100.00;-0,33;4,404.00;133,440,900.00
2024-03-22;GRUPOSURA;29,980.00;30,560.00;30,099.19;29,960.00;-500.00;-1,64;7,222.00;217,376,340.00
2024-03-26;GRUPOSURA;30,480.00;30,480.00;30,158.59;30,480.00;500.00;1,67;2,920.00;88,063,080.00
2024-03-27;GRUPOSURA;30,480.00;;30,004.11;;;;1,173.00;35,194,820.00
2024-04-01;GRUPOSURA;30,000.00;30,500.00;30,220.46;30,000.00;-480.00;-1,57;4,330.00;130,854,600.00
2024-04-02;GRUPOSURA;31,640.00;31,860.00;31,049.90;30,560.00;1,640.00;5,47;58,565.00;1,818,437,420.00
2024-04-03;GRUPOSURA;32,000.00;32,000.00;31,938.06;31,600.00;360.00;1,14;12,932.00;413,022,940.00
2024-04-04;GRUPOSURA;32,940.00;32,940.00;32,551.57;32,100.00;940.00;2,94;8,282.00;269,592,140.00
2024-04-05;GRUPOSURA;32,400.00;32,920.00;31,990.31;30,020.00;-540.00;-1,64;16,293.00;521,218,100.00
2024-04-08;GRUPOSURA;32,500.00;32,500.00;32,005.67;31,800.00;100.00;0,31;7,950.00;254,445,100.00
2024-04-09;GRUPOSURA;35,000.00;35,000.00;34,557.04;33,100.00;2,500.00;7,69;118,645.00;4,100,020,480.00
2024-04-10;GRUPOSURA;35,300.00;35,300.00;35,142.77;34,980.00;300.00;0,86;21,573.00;758,135,000.00
2024-04-11;GRUPOSURA;36,000.00;36,000.00;35,983.35;35,100.00;700.00;1,98;123,848.00;4,456,466,480.00
2024-04-12;GRUPOSURA;36,000.00;36,300.00;35,833.60;35,040.00;0.00;0;17,786.00;637,336,440.00
2024-04-15;GRUPOSURA;35,900.00;35,900.00;35,981.14;35,900.00;-100.00;-0,28;932.00;33,534,420.00
2024-04-16;GRUPOSURA;36,500.00;36,500.00;36,054.32;36,000.00;600.00;1,67;4,059.00;146,344,500.00
2024-04-17;GRUPOSURA;36,000.00;36,500.00;36,491.52;35,480.00;-500.00;-1,37;80,826.00;2,949,463,840.00
2024-04-18;GRUPOSURA;34,300.00;36,040.00;35,011.46;34,300.00;-1,700.00;-4,72;9,315.00;326,131,760.00
2024-04-19;GRUPOSURA;35,900.00;35,920.00;35,827.22;35,900.00;1,600.00;4,66;1,548.00;55,460,540.00
2024-04-22;GRUPOSURA;36,500.00;38,000.00;36,308.09;35,920.00;600.00;1,67;10,916.00;396,339,100.00
2024-04-23;GRUPOSURA;38,000.00;38,000.00;37,929.68;37,980.00;1,500.00;4,11;8,594.00;325,967,700.00
2024-04-24;GRUPOSURA;38,000.00;38,000.00;37,954.14;38,000.00;0.00;;955.00;36,246,200.00
2024-04-25;GRUPOSURA;38,880.00;38,880.00;38,440.50;38,000.00;880.00;2,32;9,463.00;363,762,480.00
2024-04-26;GRUPOSURA;39,020.00;39,980.00;39,349.00;39,000.00;140.00;0,36;6,991.00;275,088,880.00
2024-04-29;GRUPOSURA;40,000.00;40,000.00;39,119.28;38,980.00;980.00;2,51;5,196.00;203,263,760.00
2024-04-30;GRUPOSURA;39,800.00;39,980.00;39,958.40;39,120.00;-200.00;-0,5;30,999.00;1,238,670,480.00
2024-05-02;GRUPOSURA;40,000.00;40,000.00;39,941.84;39,020.00;200.00;0,5;14,849.00;593,096,400.00
2024-05-03;GRUPOSURA;40,000.00;40,000.00;39,942.13;39,980.00;0.00;0;4,443.00;177,462,880.00
2024-05-06;GRUPOSURA;40,000.00;40,000.00;39,987.22;39,020.00;0.00;0;26,230.00;1,048,864,900.00
2024-05-07;GRUPOSURA;40,400.00;41,300.00;40,405.42;40,020.00;400.00;1;4,414.00;178,349,540.00
2024-05-08;GRUPOSURA;40,400.00;41,000.00;40,451.37;40,400.00;0.00;0;3,070.00;124,185,700.00
2024-05-09;GRUPOSURA;40,500.00;40,520.00;40,510.63;40,500.00;100.00;0,25;5,326.00;215,759,600.00
2024-05-10;GRUPOSURA;40,500.00;;41,095.00;;;;28.00;1,150,660.00
2024-05-14;GRUPOSURA;41,800.00;41,800.00;41,632.95;40,980.00;1,300.00;3,21;21,876.00;910,762,480.00
2024-05-15;GRUPOSURA;41,800.00;42,000.00;41,955.93;41,800.00;0.00;0;5,414.00;227,149,420.00
2024-05-16;GRUPOSURA;41,700.00;41,700.00;41,267.51;41,000.00;-100.00;-0,24;4,271.00;176,253,520.00
2024-05-17;GRUPOSURA;40,500.00;40,560.00;40,541.69;40,500.00;-1,200.00;-2,88;5,207.00;211,100,560.00
2024-05-20;GRUPOSURA;40,500.00;40,500.00;40,347.47;40,040.00;0.00;0;66,317.00;2,675,723,340.00
2024-05-21;GRUPOSURA;40,060.00;40,500.00;40,286.07;40,000.00;-440.00;-1,09;35,385.00;1,425,522,700.00
2024-05-22;GRUPOSURA;39,980.00;39,980.00;39,862.64;39,980.00;-80.00;-0,2;560.00;22,323,080.00
2024-05-23;GRUPOSURA;38,000.00;40,000.00;38,631.98;36,700.00;-1,980.00;-4,95;10,678.00;412,512,280.00
2024-05-24;GRUPOSURA;36,500.00;38,000.00;37,357.58;36,500.00;-1,500.00;-3,95;14,305.00;534,400,140.00
2024-05-27;GRUPOSURA;36,000.00;36,100.00;36,010.69;36,000.00;-500.00;-1,37;10,564.00;380,416,940.00
2024-05-28;GRUPOSURA;35,000.00;37,360.00;34,890.36;34,160.00;-1,000.00;-2,78;40,181.00;1,401,929,700.00
2024-05-29;GRUPOSURA;34,100.00;35,000.00;34,248.97;34,000.00;-900.00;-2,57;16,126.00;552,298,820.00
2024-05-30;GRUPOSURA;34,780.00;34,960.00;34,244.32;33,900.00;680.00;1,99;10,721.00;367,133,360.00
2024-05-31;GRUPOSURA;33,000.00;34,900.00;33,040.20;33,000.00;-1,780.00;-5,12;389,520.00;12,869,818,460.00
2024-06-04;GRUPOSURA;34,520.00;34,880.00;34,145.08;34,000.00;1,520.00;4,61;123,302.00;4,210,156,540.00
2024-06-05;GRUPOSURA;35,000.00;35,960.00;35,166.97;34,980.00;480.00;1,39;8,242.00;289,846,180.00
2024-06-06;GRUPOSURA;36,000.00;36,000.00;35,766.06;35,500.00;1,000.00;2,86;12,778.00;457,018,660.00
2024-06-07;GRUPOSURA;35,600.00;36,300.00;35,800.16;35,560.00;-400.00;-1,11;5,003.00;179,108,200.00
2024-06-11;GRUPOSURA;36,020.00;36,280.00;36,161.61;36,000.00;420.00;1,18;27,401.00;990,864,240.00
2024-06-12;GRUPOSURA;36,000.00;36,300.00;36,056.19;36,000.00;-20.00;-0,06;19,852.00;715,787,520.00
2024-06-13;GRUPOSURA;35,900.00;35,900.00;35,568.63;35,100.00;-100.00;-0,28;11,366.00;404,273,060.00
2024-06-14;GRUPOSURA;35,820.00;35,860.00;35,222.66;34,680.00;-80.00;-0,22;6,243.00;219,895,040.00
2024-06-17;GRUPOSURA;35,740.00;35,800.00;35,642.43;34,020.00;-80.00;-0,22;3,763.00;134,122,460.00
2024-06-18;GRUPOSURA;34,800.00;34,800.00;34,780.56;34,200.00;-940.00;-2,63;2,948.00;102,533,100.00
2024-06-19;GRUPOSURA;34,460.00;34,460.00;34,448.42;34,420.00;-340.00;-0,98;5,576.00;192,084,380.00
2024-06-20;GRUPOSURA;34,300.00;34,400.00;34,311.57;34,260.00;-160.00;-0,46;2,548.00;87,425,880.00
2024-06-21;GRUPOSURA;33,600.00;34,100.00;33,896.15;33,600.00;-700.00;-2,04;8,198.00;277,880,620.00
2024-06-24;GRUPOSURA;33,040.00;33,420.00;33,343.91;33,040.00;-560.00;-1,67;4,553.00;151,814,820.00
2024-06-25;GRUPOSURA;34,000.00;34,180.00;33,584.70;33,040.00;960.00;2,91;34,329.00;1,152,929,280.00
2024-06-26;GRUPOSURA;34,000.00;34,000.00;33,745.73;33,080.00;0.00;0;1,525.00;51,462,240.00
2024-06-27;GRUPOSURA;34,400.00;34,400.00;34,386.04;34,400.00;400.00;1,18;3,156.00;108,522,340.00
2024-06-28;GRUPOSURA;34,400.00;34,400.00;34,378.58;34,400.00;0.00;;4,272.00;146,865,280.00
2023-07-04;GRUPOSURA;36,000.00;36,000.00;35,500.00;36,000.00;0.00;;490.00;17,395,000.00
2023-07-05;GRUPOSURA;34,760.00;34,760.00;34,797.87;34,760.00;-1,240.00;-3,44;917.00;31,909,650.00
2023-07-06;GRUPOSURA;35,990.00;35,990.00;35,446.19;35,990.00;1,230.00;3,54;1,464.00;51,893,220.00
2023-07-07;GRUPOSURA;37,010.00;37,010.00;36,064.36;35,940.00;1,020.00;2,83;4,838.00;174,479,350.00
2023-07-10;GRUPOSURA;35,900.00;35,980.00;35,906.67;35,900.00;-1,110.00;-3;12,559.00;450,951,880.00
2023-07-11;GRUPOSURA;36,000.00;36,900.00;35,914.29;35,130.00;100.00;0,28;26,164.00;939,661,570.00
2023-07-12;GRUPOSURA;37,900.00;37,900.00;37,281.33;36,500.00;1,900.00;5,28;5,671.00;211,422,430.00
2023-07-13;GRUPOSURA;38,000.00;38,000.00;37,482.48;37,010.00;100.00;0,26;4,246.00;159,150,630.00
2023-07-14;GRUPOSURA;38,120.00;38,750.00;38,385.47;38,120.00;120.00;0,32;1,115.00;42,799,800.00
2023-07-17;GRUPOSURA;37,400.00;37,500.00;36,830.84;36,800.00;-720.00;-1,89;56,833.00;2,093,207,350.00
2023-07-18;GRUPOSURA;37,400.00;38,580.00;37,587.12;37,400.00;0.00;0;2,624.00;98,628,590.00
2023-07-19;GRUPOSURA;38,800.00;39,000.00;38,413.80;37,540.00;1,400.00;3,74;12,555.00;482,285,260.00
2023-07-21;GRUPOSURA;39,000.00;39,000.00;38,896.28;38,700.00;200.00;0,52;15,369.00;597,796,900.00
2023-07-24;GRUPOSURA;39,000.00;40,000.00;39,194.90;37,670.00;0.00;0;4,869.00;190,839,990.00
2023-07-25;GRUPOSURA;39,000.00;39,000.00;38,867.77;39,000.00;0.00;;1,240.00;48,196,030.00
2023-07-26;GRUPOSURA;38,200.00;38,200.00;38,234.92;38,000.00;-800.00;-2,05;4,005.00;153,130,860.00
2023-07-27;GRUPOSURA;38,900.00;38,980.00;38,564.62;38,900.00;700.00;1,83;2,438.00;94,020,550.00
2023-07-28;GRUPOSURA;36,170.00;37,800.00;36,741.92;35,180.00;-2,730.00;-7,02;17,223.00;632,806,030.00
2023-07-31;GRUPOSURA;;37,200.00;36,805.55;36,400.00;1,030.00;2,85;9,809.00;361,025,660.00
2023-08-01;GRUPOSURA;36,550.00;37,770.00;36,822.90;36,550.00;-450.00;-1,22;10,322.00;380,085,930.00
2023-08-02;GRUPOSURA;36,720.00;36,720.00;36,758.98;36,720.00;170.00;0,47;577.00;21,209,930.00
2023-08-03;GRUPOSURA;36,000.00;36,410.00;36,179.83;36,000.00;-720.00;-1,96;9,189.00;332,456,420.00
2023-08-04;GRUPOSURA;;36,000.00;35,997.80;36,000.00;0.00;;273.00;9,827,400.00
2023-08-08;GRUPOSURA;35,000.00;35,000.00;34,994.03;35,000.00;-1,000.00;-2,78;6,285.00;219,937,500.00
2023-08-09;GRUPOSURA;36,000.00;36,000.00;35,824.34;35,600.00;1,000.00;2,86;3,807.00;136,383,280.00
2023-08-10;GRUPOSURA;36,800.00;36,800.00;36,347.62;34,100.00;800.00;2,22;11,042.00;401,350,430.00
2023-08-11;GRUPOSURA;37,400.00;37,400.00;36,339.53;36,000.00;600.00;1,63;3,435.00;124,826,280.00
2023-08-14;GRUPOSURA;37,390.00;37,390.00;37,332.01;37,390.00;-10.00;-0,03;378.00;14,111,500.00
2023-08-15;GRUPOSURA;36,400.00;37,000.00;36,066.75;34,500.00;-990.00;-2,65;2,129.00;76,786,110.00
2023-08-16;GRUPOSURA;36,450.00;36,450.00;36,415.46;36,390.00;50.00;0,14;9,723.00;354,067,540.00
2023-08-17;GRUPOSURA;35,300.00;36,440.00;35,636.17;35,300.00;-1,150.00;-3,16;4,209.00;149,992,660.00
2023-08-18;GRUPOSURA;34,500.00;36,100.00;35,328.93;34,500.00;-800.00;-2,27;1,919.00;67,796,220.00
2023-08-22;GRUPOSURA;34,000.00;35,000.00;34,409.71;34,000.00;-500.00;-1,45;10,865.00;373,861,480.00
2023-08-23;GRUPOSURA;34,900.00;34,900.00;34,843.15;34,500.00;900.00;2,65;1,473.00;51,323,960.00
2023-08-24;GRUPOSURA;33,860.00;35,000.00;34,350.44;33,860.00;-1,040.00;-2,98;4,997.00;171,649,140.00
2023-08-25;GRUPOSURA;33,500.00;35,000.00;33,850.79;33,500.00;-360.00;-1,06;7,896.00;267,285,800.00
2023-08-28;GRUPOSURA;34,000.00;34,000.00;34,001.12;34,000.00;500.00;1,49;3,432.00;116,691,830.00
2023-08-29;GRUPOSURA;34,000.00;34,000.00;33,935.42;33,960.00;0.00;0;9,244.00;313,699,050.00
2023-08-30;GRUPOSURA;33,000.00;33,500.00;32,994.17;31,500.00;-1,000.00;-2,94;13,421.00;442,814,710.00
2023-08-31;GRUPOSURA;31,000.00;32,980.00;31,659.49;31,000.00;-2,000.00;-6,06;22,335.00;707,114,730.00
2023-09-01;GRUPOSURA;30,380.00;31,000.00;30,397.14;30,380.00;-620.00;-2;36,576.00;1,111,805,730.00
2023-09-04;GRUPOSURA;31,400.00;31,500.00;31,369.88;28,070.00;1,020.00;3,36;34,567.00;1,084,362,710.00
2023-09-05;GRUPOSURA;30,980.00;31,500.00;31,203.67;28,300.00;-420.00;-1,34;21,829.00;681,144,980.00
2023-09-06;GRUPOSURA;31,000.00;31,000.00;30,797.84;29,900.00;20.00;0,06;32,877.00;1,012,540,660.00
2023-09-07;GRUPOSURA;31,000.00;31,200.00;30,023.69;29,000.00;0.00;0;46,254.00;1,388,715,980.00
2023-09-08;GRUPOSURA;31,000.00;31,000.00;30,945.97;30,970.00;0.00;0;7,879.00;243,823,330.00
2023-09-11;GRUPOSURA;31,000.00;31,400.00;30,806.05;30,070.00;0.00;0;6,204.00;191,120,750.00
2023-09-12;GRUPOSURA;30,840.00;32,000.00;30,504.09;29,230.00;-160.00;-0,52;24,140.00;736,368,660.00
2023-09-13;GRUPOSURA;29,900.00;30,000.00;29,859.30;29,500.00;-940.00;-3,05;17,646.00;526,897,180.00
2023-09-14;GRUPOSURA;30,990.00;30,990.00;30,967.61;28,130.00;1,090.00;3,65;306,658.00;9,496,466,830.00
2023-09-15;GRUPOSURA;28,990.00;30,980.00;29,020.18;28,990.00;-2,000.00;-6,45;262,799.00;7,626,475,400.00
2023-09-18;GRUPOSURA;30,000.00;30,000.00;29,081.42;28,500.00;1,010.00;3,48;254,009.00;7,386,942,260.00
2023-09-19;GRUPOSURA;30,300.00;30,300.00;30,201.15;29,210.00;300.00;1;7,765.00;234,511,960.00
2023-09-20;GRUPOSURA;30,000.00;30,000.00;29,915.76;29,500.00;-300.00;-0,99;16,745.00;500,939,390.00
2023-09-21;GRUPOSURA;29,900.00;29,900.00;29,905.56;29,900.00;-100.00;-0,33;5,670.00;169,564,540.00
2023-09-22;GRUPOSURA;30,400.00;30,400.00;30,047.02;28,650.00;500.00;1,67;8,685.00;260,958,360.00
2023-09-25;GRUPOSURA;29,990.00;29,990.00;29,263.66;28,500.00;-410.00;-1,35;30,381.00;889,059,360.00
2023-09-26;GRUPOSURA;29,980.00;29,980.00;29,918.88;29,030.00;-10.00;-0,03;5,436.00;162,639,040.00
2023-09-27;GRUPOSURA;30,970.00;30,970.00;30,668.59;29,800.00;990.00;3,3;5,933.00;181,956,740.00
2023-09-28;GRUPOSURA;30,900.00;30,900.00;30,898.88;30,890.00;-70.00;-0,23;16,484.00;509,337,220.00
2023-09-29;GRUPOSURA;31,990.00;31,990.00;31,164.68;30,010.00;1,090.00;3,53;32,637.00;1,017,121,780.00
2023-10-02;GRUPOSURA;30,140.00;31,260.00;30,160.56;30,020.00;-1,850.00;-5,78;61,930.00;1,867,843,750.00
2023-10-03;GRUPOSURA;30,840.00;30,850.00;30,773.00;30,140.00;700.00;2,32;6,280.00;193,254,450.00
2023-10-04;GRUPOSURA;31,000.00;31,000.00;30,986.41;31,000.00;160.00;0,52;6,381.00;197,724,300.00
2023-10-05;GRUPOSURA;31,600.00;31,600.00;30,796.35;29,440.00;600.00;1,94;30,949.00;953,116,190.00
2023-10-06;GRUPOSURA;33,000.00;33,000.00;32,501.05;31,200.00;1,400.00;4,43;11,079.00;360,079,140.00
2023-10-09;GRUPOSURA;33,000.00;33,000.00;32,980.24;33,000.00;0.00;;3,325.00;109,659,300.00
2023-10-10;GRUPOSURA;33,000.00;33,000.00;33,024.43;33,000.00;0.00;;1,185.00;39,133,950.00
2023-10-11;GRUPOSURA;31,330.00;31,330.00;31,331.73;31,330.00;-1,670.00;-5,06;2,092.00;65,545,970.00
2023-10-12;GRUPOSURA;31,990.00;31,990.00;31,998.95;31,990.00;660.00;2,11;3,234.00;103,484,600.00
2023-10-13;GRUPOSURA;32,000.00;32,000.00;31,791.52;31,110.00;10.00;0,03;4,514.00;143,506,900.00
2023-10-17;GRUPOSURA;33,000.00;33,000.00;31,995.17;30,610.00;1,000.00;3,13;18,616.00;595,622,000.00
2023-10-18;GRUPOSURA;33,000.00;33,000.00;32,799.09;32,000.00;0.00;0;8,652.00;283,777,750.00
2023-10-19;GRUPOSURA;32,890.00;33,000.00;32,834.28;32,370.00;-110.00;-0,33;15,672.00;514,578,820.00
2023-10-20;GRUPOSURA;32,500.00;32,500.00;32,006.81;31,700.00;-390.00;-1,19;16,920.00;541,555,190.00
2023-10-23;GRUPOSURA;31,820.00;31,820.00;31,709.38;31,520.00;-680.00;-2,09;10,879.00;344,966,340.00
2023-10-24;GRUPOSURA;32,470.00;32,470.00;31,575.81;30,710.00;650.00;2,04;11,447.00;361,448,240.00
2023-10-25;GRUPOSURA;33,000.00;33,000.00;32,939.83;33,000.00;530.00;1,63;6,078.00;200,208,280.00
2023-10-26;GRUPOSURA;32,310.00;32,970.00;32,439.88;32,310.00;-690.00;-2,09;4,821.00;156,392,650.00
2023-10-27;GRUPOSURA;33,000.00;33,000.00;32,924.47;32,260.00;690.00;2,14;5,707.00;187,899,970.00
2023-10-30;GRUPOSURA;32,900.00;33,000.00;32,692.74;32,590.00;-100.00;-0,3;15,302.00;500,264,350.00
2023-10-31;GRUPOSURA;32,300.00;32,300.00;32,219.20;32,000.00;-600.00;-1,82;7,775.00;250,504,310.00
2023-11-01;GRUPOSURA;32,870.00;32,870.00;32,702.27;32,300.00;570.00;1,76;12,201.00;399,000,370.00
2023-11-02;GRUPOSURA;32,870.00;32,870.00;32,358.90;32,040.00;0.00;0;7,135.00;230,880,780.00
2023-11-03;GRUPOSURA;32,690.00;32,690.00;32,452.50;32,210.00;-180.00;-0,55;7,516.00;243,912,980.00
2023-11-07;GRUPOSURA;32,900.00;32,980.00;32,735.87;32,690.00;210.00;0,64;3,613.00;118,274,690.00
2023-11-08;GRUPOSURA;32,780.00;32,780.00;32,457.68;32,040.00;-120.00;-0,36;6,147.00;199,517,380.00
2023-11-09;GRUPOSURA;32,200.00;32,200.00;32,158.22;32,100.00;-580.00;-1,77;4,709.00;151,433,060.00
2023-11-10;GRUPOSURA;32,960.00;33,000.00;32,419.64;31,200.00;760.00;2,36;16,852.00;546,335,780.00
2023-11-14;GRUPOSURA;32,760.00;32,760.00;32,616.61;32,360.00;-200.00;-0,61;2,347.00;76,551,180.00
2023-11-15;GRUPOSURA;32,600.00;32,640.00;32,371.79;32,000.00;-160.00;-0,49;4,774.00;154,542,920.00
2023-11-16;GRUPOSURA;32,100.00;32,100.00;32,001.73;31,760.00;-500.00;-1,53;8,407.00;269,038,560.00
2023-11-17;GRUPOSURA;32,500.00;32,500.00;32,426.69;32,080.00;400.00;1,25;7,432.00;240,995,160.00
2023-11-20;GRUPOSURA;30,760.00;32,140.00;31,564.89;30,600.00;-1,740.00;-5,35;13,816.00;436,100,460.00
2023-11-21;GRUPOSURA;30,000.00;31,900.00;30,339.63;30,000.00;-760.00;-2,47;21,466.00;651,270,420.00
2023-11-22;GRUPOSURA;30,500.00;30,500.00;30,168.65;29,700.00;500.00;1,67;27,430.00;827,525,980.00
2023-11-23;GRUPOSURA;31,480.00;31,480.00;31,475.60;31,480.00;980.00;3,21;5,039.00;158,605,540.00
2023-11-24;GRUPOSURA;31,500.00;31,500.00;30,464.61;30,020.00;20.00;0,06;14,022.00;427,174,820.00
2023-11-27;GRUPOSURA;30,960.00;30,960.00;30,742.81;30,540.00;-540.00;-1,71;7,020.00;215,814,500.00
2023-11-28;GRUPOSURA;30,000.00;30,500.00;30,098.21;30,000.00;-960.00;-3,1;8,457.00;254,540,600.00
2023-11-29;GRUPOSURA;30,000.00;31,000.00;29,653.77;27,560.00;0.00;0;33,574.00;995,595,720.00
2023-11-30;GRUPOSURA;30,000.00;30,000.00;29,914.75;29,300.00;0.00;0;8,124.00;243,027,400.00
2023-12-01;GRUPOSURA;30,980.00;30,980.00;30,938.37;30,980.00;980.00;3,27;8,370.00;258,954,180.00
2023-12-04;GRUPOSURA;30,500.00;30,500.00;30,255.40;29,980.00;-480.00;-1,55;10,734.00;324,761,420.00
2023-12-05;GRUPOSURA;30,380.00;30,380.00;30,255.48;30,020.00;-120.00;-0,39;5,503.00;166,495,900.00
2023-12-06;GRUPOSURA;30,000.00;30,000.00;29,831.29;29,380.00;-380.00;-1,25;10,312.00;307,620,280.00
2023-12-07;GRUPOSURA;30,500.00;30,500.00;30,411.70;30,120.00;500.00;1,67;2,297.00;69,855,680.00
2023-12-11;GRUPOSURA;30,500.00;;30,298.94;;;;754.00;22,845,400.00
2023-12-12;GRUPOSURA;30,400.00;30,500.00;30,257.76;29,600.00;-100.00;-0,33;10,626.00;321,519,000.00
2023-12-13;GRUPOSURA;30,400.00;30,400.00;30,351.77;30,360.00;0.00;0;13,948.00;423,346,540.00
2023-12-14;GRUPOSURA;30,500.00;30,500.00;30,461.54;30,500.00;100.00;0,33;6,612.00;201,411,680.00
2023-12-15;GRUPOSURA;29,580.00;30,200.00;29,832.32;29,580.00;-920.00;-3,02;10,682.00;318,668,840.00
2023-12-18;GRUPOSURA;29,220.00;29,220.00;29,311.17;29,220.00;-360.00;-1,22;1,818.00;53,287,700.00
2023-12-19;GRUPOSURA;29,000.00;29,220.00;29,059.57;28,700.00;-220.00;-0,75;28,530.00;829,069,580.00
2023-12-20;GRUPOSURA;29,000.00;29,100.00;28,905.69;27,940.00;0.00;0;44,068.00;1,273,815,920.00
2023-12-21;GRUPOSURA;30,000.00;30,000.00;29,696.96;28,800.00;1,000.00;3,45;13,511.00;401,235,600.00
2023-12-22;GRUPOSURA;29,780.00;29,800.00;29,778.91;29,740.00;-220.00;-0,73;4,826.00;143,713,000.00
2023-12-26;GRUPOSURA;29,700.00;29,780.00;29,727.91;29,700.00;-80.00;-0,27;2,947.00;87,608,160.00
2023-12-27;GRUPOSURA;29,700.00;29,800.00;29,677.49;29,440.00;0.00;0;7,760.00;230,297,300.00
2023-12-28;GRUPOSURA;29,000.00;29,700.00;29,133.49;29,000.00;-700.00;-2,36;7,668.00;223,395,600.00
2023-01-02;GRUPOSURA;42,600.00;42,600.00;42,394.41;42,600.00;600.00;1,43;712.00;30,184,820.00
2023-01-03;GRUPOSURA;42,800.00;42,800.00;40,969.28;40,000.00;200.00;0,47;3,511.00;143,843,130.00
2023-01-04;GRUPOSURA;40,460.00;42,450.00;40,702.23;40,200.00;-2,340.00;-5,47;1,799.00;73,223,310.00
2023-01-05;GRUPOSURA;40,520.00;40,520.00;40,597.54;40,520.00;60.00;0,15;11,404.00;462,974,300.00
2023-01-06;GRUPOSURA;41,800.00;41,800.00;41,297.89;40,200.00;1,280.00;3,16;7,287.00;300,937,690.00
2023-01-10;GRUPOSURA;40,500.00;40,600.00;40,526.16;40,500.00;-1,300.00;-3,11;9,624.00;390,023,800.00
2023-01-11;GRUPOSURA;40,500.00;40,510.00;40,507.39;40,500.00;0.00;0;12,486.00;505,775,210.00
2023-01-12;GRUPOSURA;41,400.00;41,700.00;41,007.21;39,900.00;900.00;2,22;13,534.00;554,991,620.00
2023-01-13;GRUPOSURA;41,680.00;41,680.00;41,656.12;41,680.00;280.00;0,68;3,068.00;127,800,980.00
2023-01-16;GRUPOSURA;41,950.00;41,950.00;41,771.12;41,950.00;270.00;0,65;3,806.00;158,980,870.00
2023-01-17;GRUPOSURA;40,880.00;41,390.00;40,560.14;39,970.00;-1,070.00;-2,55;19,484.00;790,273,740.00
2023-01-18;GRUPOSURA;40,870.00;41,000.00;40,891.86;40,710.00;-10.00;-0,02;6,483.00;265,101,940.00
2023-01-19;GRUPOSURA;40,800.00;40,870.00;40,670.22;40,300.00;-70.00;-0,17;9,599.00;390,393,450.00
2023-01-20;GRUPOSURA;40,280.00;40,500.00;40,406.17;40,220.00;-520.00;-1,27;1,673.00;67,599,530.00
2023-01-23;GRUPOSURA;40,280.00;40,280.00;40,135.46;40,280.00;0.00;;1,216.00;48,804,720.00
2023-01-24;GRUPOSURA;40,000.00;40,000.00;39,780.66;39,500.00;-280.00;-0,7;15,970.00;635,297,130.00
2023-01-25;GRUPOSURA;40,000.00;40,000.00;39,763.56;39,210.00;0.00;0;9,200.00;365,824,750.00
2023-01-26;GRUPOSURA;39,900.00;39,900.00;39,741.39;39,210.00;-100.00;-0,25;13,233.00;525,897,810.00
2023-01-27;GRUPOSURA;39,850.00;39,900.00;39,832.51;39,850.00;-50.00;-0,13;5,940.00;236,605,090.00
2023-01-30;GRUPOSURA;39,020.00;39,300.00;39,241.47;39,020.00;-830.00;-2,08;5,453.00;213,983,740.00
2023-01-31;GRUPOSURA;40,900.00;40,900.00;40,363.19;38,900.00;1,880.00;4,82;51,440.00;2,076,282,530.00
2023-02-01;GRUPOSURA;41,000.00;41,000.00;40,968.67;41,000.00;100.00;0,24;5,637.00;230,940,420.00
2023-02-02;GRUPOSURA;39,900.00;40,000.00;39,888.51;39,900.00;-1,100.00;-2,68;7,462.00;297,648,080.00
2023-02-03;GRUPOSURA;39,000.00;39,200.00;39,132.68;39,000.00;-900.00;-2,26;6,343.00;248,218,590.00
2023-02-06;GRUPOSURA;39,000.00;39,000.00;38,952.59;38,550.00;0.00;0;10,464.00;407,599,890.00
2023-02-07;GRUPOSURA;39,700.00;39,700.00;39,608.78;37,200.00;700.00;1,79;11,198.00;443,539,120.00
2023-02-08;GRUPOSURA;38,500.00;38,990.00;38,621.92;38,500.00;-1,200.00;-3,02;17,561.00;678,239,550.00
2023-02-09;GRUPOSURA;39,560.00;39,560.00;39,460.91;39,000.00;1,060.00;2,75;5,692.00;224,611,490.00
2023-02-10;GRUPOSURA;39,000.00;39,300.00;39,061.56;38,500.00;-560.00;-1,42;6,887.00;269,016,970.00
2023-02-13;GRUPOSURA;38,800.00;38,800.00;38,585.38;38,000.00;-200.00;-0,51;24,478.00;944,493,020.00
2023-02-14;GRUPOSURA;40,970.00;40,970.00;40,244.15;37,700.00;2,170.00;5,59;20,247.00;814,823,340.00
2023-02-15;GRUPOSURA;39,500.00;40,000.00;39,418.40;38,600.00;-1,470.00;-3,59;17,977.00;708,624,610.00
2023-02-16;GRUPOSURA;39,900.00;39,900.00;39,808.62;39,500.00;400.00;1,01;11,573.00;460,705,160.00
2023-02-17;GRUPOSURA;39,800.00;39,890.00;39,788.29;39,500.00;-100.00;-0,25;8,654.00;344,327,860.00
2023-02-20;GRUPOSURA;39,800.00;39,870.00;39,805.59;39,800.00;0.00;0;10,411.00;414,415,950.00
2023-02-21;GRUPOSURA;38,550.00;39,800.00;38,606.29;38,540.00;-1,250.00;-3,14;7,744.00;298,967,140.00
2023-02-22;GRUPOSURA;39,370.00;39,370.00;39,202.30;38,020.00;820.00;2,13;14,321.00;561,416,200.00
2023-02-23;GRUPOSURA;39,360.00;39,360.00;38,969.99;39,360.00;-10.00;-0,03;3,495.00;136,200,100.00
2023-02-24;GRUPOSURA;36,990.00;37,050.00;37,005.50;36,850.00;-2,370.00;-6,02;22,155.00;819,856,930.00
2023-02-27;GRUPOSURA;36,990.00;38,490.00;37,144.64;36,990.00;0.00;0;17,115.00;635,730,430.00
2023-02-28;GRUPOSURA;36,600.00;36,600.00;36,575.84;36,010.00;-390.00;-1,05;30,521.00;1,116,331,190.00
2023-03-01;GRUPOSURA;35,990.00;35,990.00;36,173.52;35,990.00;-610.00;-1,67;7,734.00;279,765,990.00
2023-03-02;GRUPOSURA;34,880.00;36,000.00;34,466.87;33,500.00;-1,110.00;-3,08;72,091.00;2,484,750,940.00
2023-03-03;GRUPOSURA;35,960.00;35,960.00;35,347.98;31,580.00;1,080.00;3,1;25,916.00;916,078,310.00
2023-03-06;GRUPOSURA;35,600.00;36,010.00;35,735.35;35,600.00;-360.00;-1;14,805.00;529,061,820.00
2023-03-07;GRUPOSURA;33,000.00;34,990.00;33,469.35;33,000.00;-2,600.00;-7,3;43,472.00;1,454,979,470.00
2023-03-08;GRUPOSURA;33,990.00;34,400.00;33,868.23;33,670.00;990.00;3;313,406.00;10,614,505,310.00
2023-03-09;GRUPOSURA;33,700.00;34,000.00;33,825.53;33,500.00;-290.00;-0,85;22,375.00;756,846,330.00
2023-03-10;GRUPOSURA;33,500.00;34,000.00;33,580.46;33,500.00;-200.00;-0,59;31,865.00;1,070,041,280.00
2023-03-13;GRUPOSURA;34,000.00;34,000.00;33,849.01;31,850.00;500.00;1,49;121,123.00;4,099,893,910.00
2023-03-14;GRUPOSURA;35,800.00;35,800.00;35,017.37;33,500.00;1,800.00;5,29;26,240.00;918,855,900.00
2023-03-15;GRUPOSURA;36,530.00;37,000.00;35,544.90;35,000.00;730.00;2,04;68,856.00;2,447,479,890.00
2023-03-16;GRUPOSURA;35,000.00;35,000.00;35,003.86;35,000.00;-1,530.00;-4,19;70,231.00;2,458,355,920.00
2023-03-17;GRUPOSURA;32,970.00;34,710.00;32,972.07;32,970.00;-2,030.00;-5,8;859,288.00;28,332,500,990.00
2023-03-21;GRUPOSURA;36,000.00;36,000.00;33,003.69;32,970.00;3,030.00;9,19;3,930,863.00;129,732,981,530.00
2023-03-22;GRUPOSURA;37,490.00;38,760.00;37,855.50;37,000.00;1,490.00;4,14;19,873.00;752,302,430.00
2023-03-23;GRUPOSURA;36,100.00;38,200.00;36,214.69;36,100.00;-1,390.00;-3,71;16,617.00;601,779,570.00
2023-03-24;GRUPOSURA;37,500.00;37,500.00;37,486.83;37,500.00;1,400.00;3,88;20,415.00;765,293,700.00
2023-03-27;GRUPOSURA;40,000.00;40,000.00;39,381.88;37,500.00;2,500.00;6,67;41,190.00;1,622,139,750.00
2023-03-28;GRUPOSURA;39,500.00;41,000.00;39,759.33;39,100.00;-500.00;-1,25;7,009.00;278,673,120.00
2023-03-29;GRUPOSURA;38,790.00;40,400.00;39,656.96;38,780.00;-710.00;-1,8;13,469.00;534,139,600.00
2023-03-30;GRUPOSURA;40,000.00;40,000.00;39,839.99;39,100.00;1,210.00;3,12;26,835.00;1,069,106,020.00
2023-03-31;GRUPOSURA;40,450.00;40,500.00;40,451.24;40,000.00;450.00;1,13;31,423.00;1,271,099,350.00
2023-04-03;GRUPOSURA;40,000.00;40,450.00;40,023.62;40,000.00;-450.00;-1,11;4,843.00;193,834,410.00
2023-04-04;GRUPOSURA;39,960.00;40,890.00;39,464.63;38,330.00;-40.00;-0,1;11,666.00;460,394,400.00
2023-04-05;GRUPOSURA;40,420.00;40,420.00;40,400.06;40,400.00;460.00;1,15;7,452.00;301,061,280.00
2023-04-10;GRUPOSURA;40,000.00;40,000.00;39,576.91;37,810.00;-420.00;-1,04;7,409.00;293,225,320.00
2023-04-11;GRUPOSURA;40,140.00;40,300.00;40,208.54;40,000.00;140.00;0,35;25,510.00;1,025,719,760.00
2023-04-12;GRUPOSURA;40,290.00;40,290.00;39,994.24;39,010.00;150.00;0,37;12,094.00;483,690,380.00
2023-04-13;GRUPOSURA;42,000.00;43,000.00;41,911.54;39,000.00;1,710.00;4,24;5,764,360.00;241,593,218,860.00
2023-04-14;GRUPOSURA;42,980.00;42,990.00;41,831.87;41,360.00;980.00;2,33;770,047.00;32,212,509,060.00
2023-04-17;GRUPOSURA;43,000.00;44,000.00;43,404.64;43,000.00;20.00;0,05;5,730.00;248,708,570.00
2023-04-18;GRUPOSURA;42,870.00;43,000.00;42,549.02;41,920.00;-130.00;-0,3;15,710.00;668,445,100.00
2023-04-19;GRUPOSURA;42,870.00;;41,182.04;;;;401.00;16,514,000.00
2023-04-20;GRUPOSURA;42,000.00;42,000.00;41,509.20;40,760.00;-870.00;-2,03;16,684.00;692,539,510.00
2023-04-21;GRUPOSURA;40,600.00;40,800.00;40,753.40;40,600.00;-1,400.00;-3,33;2,368.00;96,504,050.00
2023-04-24;GRUPOSURA;40,600.00;40,600.00;40,579.17;40,550.00;0.00;0;12,344.00;500,909,250.00
2023-04-25;GRUPOSURA;39,800.00;41,500.00;39,874.65;39,800.00;-800.00;-1,97;5,583.00;222,620,190.00
2023-04-26;GRUPOSURA;39,740.00;40,200.00;39,357.55;38,000.00;-60.00;-0,15;15,562.00;612,482,210.00
2023-04-27;GRUPOSURA;40,900.00;40,900.00;40,532.52;37,310.00;1,160.00;2,92;7,756.00;314,370,190.00
2023-04-28;GRUPOSURA;42,090.00;43,390.00;42,239.84;40,900.00;1,190.00;2,91;28,178.00;1,190,234,280.00
2023-05-02;GRUPOSURA;42,550.00;42,770.00;42,129.64;42,040.00;460.00;1,09;63,190.00;2,662,171,990.00
2023-05-03;GRUPOSURA;43,900.00;43,980.00;43,438.01;42,550.00;1,350.00;3,17;73,066.00;3,173,841,300.00
2023-05-04;GRUPOSURA;44,300.00;44,500.00;44,061.67;43,280.00;400.00;0,91;34,572.00;1,523,299,900.00
2023-05-05;GRUPOSURA;44,300.00;45,500.00;44,593.74;42,350.00;0.00;0;28,124.00;1,254,154,210.00
2023-05-08;GRUPOSURA;44,480.00;45,000.00;44,330.81;44,100.00;180.00;0,41;34,029.00;1,508,533,180.00
2023-05-09;GRUPOSURA;44,600.00;45,900.00;44,793.12;44,600.00;120.00;0,27;7,720.00;345,802,920.00
2023-05-10;GRUPOSURA;45,500.00;45,500.00;45,372.00;45,500.00;900.00;2,02;245.00;11,116,140.00
2023-05-11;GRUPOSURA;44,010.00;45,510.00;44,197.87;44,010.00;-1,490.00;-3,27;2,632.00;116,328,800.00
2023-05-12;GRUPOSURA;43,000.00;43,900.00;43,002.97;42,950.00;-1,010.00;-2,29;96,081.00;4,131,768,360.00
2023-05-15;GRUPOSURA;42,520.00;43,000.00;42,779.59;42,130.00;-480.00;-1,12;20,792.00;889,473,180.00
2023-05-16;GRUPOSURA;42,990.00;42,990.00;42,283.68;41,380.00;470.00;1,11;5,427.00;229,473,530.00
2023-05-17;GRUPOSURA;40,820.00;43,420.00;41,973.48;40,820.00;-2,170.00;-5,05;17,582.00;737,977,640.00
2023-05-18;GRUPOSURA;41,490.00;41,630.00;40,925.13;40,650.00;670.00;1,64;28,761.00;1,177,047,720.00
2023-05-19;GRUPOSURA;41,490.00;;40,783.22;;;;118.00;4,812,420.00
2023-05-23;GRUPOSURA;40,200.00;40,200.00;40,325.93;40,200.00;-1,290.00;-3,11;800.00;32,260,740.00
2023-05-24;GRUPOSURA;40,100.00;41,420.00;40,378.13;40,100.00;-100.00;-0,25;1,003.00;40,499,260.00
2023-05-25;GRUPOSURA;40,100.00;;;;;;;
2023-05-26;GRUPOSURA;40,100.00;;;;;;;
2023-05-29;GRUPOSURA;40,100.00;;;;;;;
2023-05-30;GRUPOSURA;40,100.00;;;;;;;
2023-05-31;GRUPOSURA;40,100.00;;;;;;;
2023-06-01;GRUPOSURA;40,100.00;;;;;;;
2023-06-02;GRUPOSURA;40,100.00;;;;;;;
2023-06-05;GRUPOSURA;40,100.00;;;;;;;
2023-06-06;GRUPOSURA;40,100.00;;;;;;;
2023-06-07;GRUPOSURA;40,100.00;;;;;;;
2023-06-08;GRUPOSURA;40,100.00;;;;;;;
2023-06-09;GRUPOSURA;40,100.00;;;;;;;
2023-06-13;GRUPOSURA;40,100.00;;;;;;;
2023-06-14;GRUPOSURA;40,100.00;;;;;;;
2023-06-15;GRUPOSURA;40,100.00;;;;;;;
2023-06-16;GRUPOSURA;35,780.00;44,110.00;39,001.28;35,780.00;-4,320.00;-10,77;84,643.00;3,301,185,170.00
2023-06-20;GRUPOSURA;35,800.00;36,290.00;35,686.81;34,630.00;20.00;0,06;38,448.00;1,372,086,360.00
2023-06-21;GRUPOSURA;35,800.00;;36,075.87;;;;564.00;20,346,790.00
2023-06-22;GRUPOSURA;37,000.00;37,000.00;36,915.08;37,000.00;1,200.00;3,35;6,177.00;228,024,430.00
2023-06-23;GRUPOSURA;34,600.00;36,990.00;34,720.57;34,600.00;-2,400.00;-6,49;41,766.00;1,450,139,420.00
2023-06-26;GRUPOSURA;35,990.00;36,190.00;35,328.27;34,600.00;1,390.00;4,02;13,677.00;483,184,800.00
2023-06-27;GRUPOSURA;35,880.00;36,000.00;35,909.61;35,880.00;-110.00;-0,31;4,731.00;169,888,350.00
2023-06-28;GRUPOSURA;35,880.00;;35,068.95;;;;493.00;17,288,990.00
2023-06-29;GRUPOSURA;35,880.00;;34,454.82;;;;707.00;24,359,560.00
2023-06-30;GRUPOSURA;36,000.00;36,000.00;35,995.08;36,000.00;120.00;0,33;11,662.00;419,774,620.00
2022-07-01;GRUPOSURA;41,180.00;41,180.00;40,606.69;39,400.00;1,780.00;4,52;7,137.00;289,809,930.00
2022-07-05;GRUPOSURA;40,910.00;41,480.00;40,610.19;39,500.00;-270.00;-0,66;57,316.00;2,327,613,510.00
2022-07-06;GRUPOSURA;42,000.00;42,000.00;41,035.66;39,710.00;1,090.00;2,66;137,167.00;5,628,739,020.00
2022-07-07;GRUPOSURA;41,010.00;41,500.00;41,431.13;40,230.00;-990.00;-2,36;85,898.00;3,558,850,830.00
2022-07-08;GRUPOSURA;40,000.00;41,010.00;40,444.42;39,200.00;-1,010.00;-2,46;6,189.00;250,310,520.00
2022-07-11;GRUPOSURA;41,780.00;41,780.00;40,962.34;40,000.00;1,780.00;4,45;17,604.00;721,101,030.00
2022-07-12;GRUPOSURA;42,380.00;42,500.00;42,053.98;41,680.00;600.00;1,44;11,353.00;477,438,860.00
2022-07-13;GRUPOSURA;40,300.00;41,880.00;40,761.92;40,300.00;-2,080.00;-4,91;12,520.00;510,339,270.00
2022-07-14;GRUPOSURA;41,400.00;41,980.00;40,304.50;39,000.00;1,100.00;2,73;60,394.00;2,434,149,690.00
2022-07-15;GRUPOSURA;41,900.00;41,900.00;41,846.42;41,400.00;500.00;1,21;10,555.00;441,689,000.00
2022-07-18;GRUPOSURA;41,050.00;41,890.00;41,143.81;41,050.00;-850.00;-2,03;3,415.00;140,506,120.00
2022-07-19;GRUPOSURA;40,550.00;41,780.00;41,074.90;40,550.00;-500.00;-1,22;13,753.00;564,903,050.00
2022-07-21;GRUPOSURA;39,160.00;40,540.00;39,918.09;39,160.00;-1,390.00;-3,43;18,928.00;755,569,600.00
2022-07-22;GRUPOSURA;38,600.00;39,990.00;38,713.04;38,500.00;-560.00;-1,43;10,429.00;403,738,320.00
2022-07-25;GRUPOSURA;39,460.00;39,790.00;38,833.28;38,700.00;860.00;2,23;121,196.00;4,706,437,940.00
2022-07-26;GRUPOSURA;39,470.00;39,480.00;39,211.58;38,550.00;10.00;0,03;7,806.00;306,085,610.00
2022-07-27;GRUPOSURA;39,990.00;39,990.00;39,910.59;38,900.00;520.00;1,32;4,791.00;191,211,620.00
2022-07-28;GRUPOSURA;40,700.00;41,000.00;40,391.29;40,000.00;710.00;1,78;17,762.00;717,430,170.00
2022-07-29;GRUPOSURA;40,000.00;40,700.00;40,105.54;40,000.00;-700.00;-1,72;15,939.00;639,242,180.00
2022-08-01;GRUPOSURA;40,000.00;40,000.00;39,896.25;39,010.00;0.00;0;5,298.00;211,370,350.00
2022-08-02;GRUPOSURA;40,000.00;40,760.00;39,697.01;38,520.00;0.00;0;5,396.00;214,205,060.00
2022-08-03;GRUPOSURA;40,000.00;40,540.00;39,991.94;39,990.00;0.00;0;4,892.00;195,640,570.00
2022-08-04;GRUPOSURA;40,000.00;40,000.00;39,993.16;39,990.00;0.00;0;9,002.00;360,018,390.00
2022-08-05;GRUPOSURA;39,760.00;39,760.00;39,415.26;39,000.00;-240.00;-0,6;2,163.00;85,255,200.00
2022-08-08;GRUPOSURA;39,100.00;39,700.00;39,187.84;39,100.00;-660.00;-1,66;11,909.00;466,687,960.00
2022-08-09;GRUPOSURA;39,530.00;39,530.00;38,730.11;38,500.00;430.00;1,1;40,959.00;1,586,346,660.00
2022-08-10;GRUPOSURA;39,400.00;40,350.00;39,362.69;38,530.00;-130.00;-0,33;21,612.00;850,706,480.00
2022-08-11;GRUPOSURA;39,400.00;39,400.00;39,395.35;39,380.00;0.00;0;21,281.00;838,372,500.00
2022-08-12;GRUPOSURA;39,400.00;39,770.00;39,435.60;39,400.00;0.00;0;24,475.00;965,186,260.00
2022-08-16;GRUPOSURA;38,760.00;39,900.00;39,138.14;38,760.00;-640.00;-1,62;52,565.00;2,057,296,410.00
2022-08-17;GRUPOSURA;39,900.00;40,000.00;39,782.70;38,760.00;1,140.00;2,94;18,216.00;724,681,590.00
2022-08-18;GRUPOSURA;39,500.00;39,910.00;39,695.88;39,500.00;-400.00;-1;5,122.00;203,322,290.00
2022-08-19;GRUPOSURA;40,200.00;40,370.00;40,347.61;39,520.00;700.00;1,77;27,572.00;1,112,464,360.00
2022-08-22;GRUPOSURA;41,000.00;41,590.00;41,161.72;39,320.00;800.00;1,99;52,568.00;2,163,789,270.00
2022-08-23;GRUPOSURA;39,090.00;39,910.00;39,327.47;39,090.00;-1,910.00;-4,66;4,573.00;179,844,500.00
2022-08-24;GRUPOSURA;39,990.00;39,990.00;39,397.55;39,120.00;900.00;2,3;2,004.00;78,952,690.00
2022-08-25;GRUPOSURA;40,000.00;40,500.00;39,880.70;39,800.00;10.00;0,03;22,246.00;887,186,060.00
2022-08-26;GRUPOSURA;39,220.00;39,870.00;39,357.86;39,220.00;-780.00;-1,95;2,384.00;93,829,150.00
2022-08-29;GRUPOSURA;39,680.00;39,680.00;39,477.38;39,220.00;460.00;1,17;8,917.00;352,019,760.00
2022-08-30;GRUPOSURA;39,790.00;39,790.00;39,630.83;39,400.00;110.00;0,28;13,116.00;519,797,920.00
2022-08-31;GRUPOSURA;37,000.00;39,000.00;37,205.28;37,000.00;-2,790.00;-7,01;33,332.00;1,240,126,280.00
2022-09-01;GRUPOSURA;37,000.00;38,740.00;37,033.92;37,000.00;0.00;0;11,076.00;410,187,750.00
2022-09-02;GRUPOSURA;36,000.00;38,000.00;36,349.65;34,000.00;-1,000.00;-2,7;29,726.00;1,080,529,830.00
2022-09-05;GRUPOSURA;36,970.00;37,890.00;37,271.76;36,970.00;970.00;2,69;7,624.00;284,159,920.00
2022-09-06;GRUPOSURA;36,860.00;36,970.00;36,346.45;34,530.00;-110.00;-0,3;16,010.00;581,906,710.00
2022-09-07;GRUPOSURA;36,280.00;36,500.00;36,429.41;36,280.00;-580.00;-1,57;34,582.00;1,259,801,750.00
2022-09-08;GRUPOSURA;37,000.00;37,000.00;36,683.15;35,010.00;720.00;1,98;15,134.00;555,162,760.00
2022-09-09;GRUPOSURA;39,000.00;39,000.00;38,155.07;36,540.00;2,000.00;5,41;57,111.00;2,179,073,990.00
2022-09-12;GRUPOSURA;37,800.00;39,000.00;37,864.99;37,780.00;-1,200.00;-3,08;19,455.00;736,663,400.00
2022-09-13;GRUPOSURA;35,900.00;37,100.00;36,058.62;35,500.00;-1,900.00;-5,03;34,900.00;1,258,445,930.00
2022-09-14;GRUPOSURA;35,900.00;35,900.00;35,763.27;32,500.00;0.00;0;227,921.00;8,151,199,320.00
2022-09-15;GRUPOSURA;36,400.00;36,400.00;36,311.16;35,800.00;500.00;1,39;63,336.00;2,299,803,930.00
2022-09-16;GRUPOSURA;36,200.00;36,200.00;36,182.10;34,570.00;-200.00;-0,55;732,572.00;26,505,994,710.00
2022-09-19;GRUPOSURA;36,800.00;37,000.00;36,472.50;35,010.00;600.00;1,66;21,286.00;776,353,730.00
2022-09-20;GRUPOSURA;37,800.00;37,800.00;37,045.26;35,490.00;1,000.00;2,72;41,349.00;1,531,784,380.00
2022-09-21;GRUPOSURA;40,800.00;43,000.00;40,722.34;38,000.00;3,000.00;7,94;54,468.00;2,218,064,480.00
2022-09-22;GRUPOSURA;40,900.00;41,800.00;40,951.69;40,800.00;100.00;0,25;9,279.00;379,990,700.00
2022-09-23;GRUPOSURA;41,000.00;41,000.00;41,006.07;41,000.00;100.00;0,24;1,532.00;62,821,300.00
2022-09-26;GRUPOSURA;41,500.00;41,500.00;41,184.62;39,800.00;500.00;1,22;23,808.00;980,523,480.00
2022-09-27;GRUPOSURA;40,060.00;40,600.00;40,012.50;39,510.00;-1,440.00;-3,47;34,053.00;1,362,545,630.00
2022-09-28;GRUPOSURA;40,870.00;40,870.00;40,326.91;39,800.00;810.00;2,02;11,232.00;452,951,810.00
2022-09-29;GRUPOSURA;39,510.00;40,100.00;39,671.59;39,510.00;-1,360.00;-3,33;10,459.00;414,925,200.00
2022-09-30;GRUPOSURA;37,500.00;39,100.00;38,105.92;36,700.00;-2,010.00;-5,09;46,512.00;1,772,382,760.00
2022-10-03;GRUPOSURA;37,600.00;38,000.00;37,670.47;37,600.00;100.00;0,27;3,096.00;116,627,770.00
2022-10-04;GRUPOSURA;37,330.00;38,480.00;36,855.00;36,000.00;-270.00;-0,72;13,017.00;479,741,510.00
2022-10-05;GRUPOSURA;37,000.00;37,580.00;36,991.32;36,650.00;-330.00;-0,88;37,288.00;1,379,332,280.00
2022-10-06;GRUPOSURA;36,830.00;37,000.00;36,828.13;36,600.00;-170.00;-0,46;10,572.00;389,347,010.00
2022-10-07;GRUPOSURA;36,700.00;37,000.00;36,736.67;36,700.00;-130.00;-0,35;1,791.00;65,795,370.00
2022-10-10;GRUPOSURA;36,700.00;;36,170.00;;;;87.00;3,146,790.00
2022-10-11;GRUPOSURA;37,800.00;38,780.00;38,241.76;37,800.00;1,100.00;3;2,430.00;92,927,470.00
2022-10-12;GRUPOSURA;37,000.00;37,000.00;36,993.73;36,700.00;-800.00;-2,12;6,813.00;252,038,250.00
2022-10-13;GRUPOSURA;37,000.00;37,000.00;36,945.46;36,990.00;0.00;0;7,990.00;295,194,260.00
2022-10-14;GRUPOSURA;37,580.00;37,580.00;37,077.82;34,000.00;580.00;1,57;67,088.00;2,487,476,810.00
2022-10-18;GRUPOSURA;37,980.00;37,980.00;37,507.67;36,970.00;400.00;1,06;24,947.00;935,703,740.00
2022-10-19;GRUPOSURA;40,310.00;40,310.00;39,134.48;35,010.00;2,330.00;6,13;25,500.00;997,929,190.00
2022-10-20;GRUPOSURA;39,500.00;41,000.00;39,961.01;39,500.00;-810.00;-2,01;21,784.00;870,510,640.00
2022-10-21;GRUPOSURA;41,000.00;41,280.00;40,546.68;39,170.00;1,500.00;3,8;27,293.00;1,106,640,600.00
2022-10-24;GRUPOSURA;41,480.00;41,490.00;41,067.64;39,200.00;480.00;1,17;53,817.00;2,210,137,340.00
2022-10-25;GRUPOSURA;41,430.00;41,430.00;41,128.75;40,010.00;-50.00;-0,12;18,149.00;746,445,750.00
2022-10-26;GRUPOSURA;41,400.00;42,000.00;41,416.31;40,300.00;-30.00;-0,07;28,892.00;1,196,600,160.00
2022-10-27;GRUPOSURA;40,520.00;41,000.00;40,599.65;40,010.00;-880.00;-2,13;20,735.00;841,833,780.00
2022-10-28;GRUPOSURA;39,900.00;40,500.00;40,044.75;39,900.00;-620.00;-1,53;16,108.00;645,040,800.00
2022-10-31;GRUPOSURA;39,810.00;39,810.00;39,714.24;39,810.00;-90.00;-0,23;2,739.00;108,777,310.00
2022-11-01;GRUPOSURA;40,000.00;40,500.00;39,877.54;39,200.00;190.00;0,48;4,088.00;163,019,400.00
2022-11-02;GRUPOSURA;39,990.00;40,000.00;39,632.41;38,610.00;-10.00;-0,02;43,529.00;1,725,159,390.00
2022-11-03;GRUPOSURA;41,980.00;41,980.00;41,492.46;39,700.00;1,990.00;4,98;27,846.00;1,155,399,010.00
2022-11-04;GRUPOSURA;42,000.00;42,000.00;41,530.51;40,010.00;20.00;0,05;29,673.00;1,232,334,720.00
2022-11-08;GRUPOSURA;41,700.00;42,000.00;41,504.56;41,480.00;-300.00;-0,71;22,283.00;924,846,080.00
2022-11-09;GRUPOSURA;41,680.00;41,700.00;41,235.85;40,500.00;-20.00;-0,05;11,797.00;486,459,310.00
2022-11-10;GRUPOSURA;41,340.00;42,000.00;41,538.26;41,340.00;-340.00;-0,82;3,094.00;128,519,370.00
2022-11-11;GRUPOSURA;41,250.00;42,460.00;42,052.91;41,250.00;-90.00;-0,22;18,404.00;773,941,820.00
2022-11-15;GRUPOSURA;41,100.00;42,460.00;41,560.42;41,100.00;-150.00;-0,36;11,536.00;479,441,040.00
2022-11-16;GRUPOSURA;41,290.00;41,990.00;40,878.50;40,530.00;190.00;0,46;3,285.00;134,285,870.00
2022-11-17;GRUPOSURA;41,900.00;41,900.00;41,725.85;40,700.00;610.00;1,48;10,048.00;419,261,300.00
2022-11-18;GRUPOSURA;41,000.00;41,800.00;41,186.57;41,000.00;-900.00;-2,15;4,063.00;167,341,020.00
2022-11-21;GRUPOSURA;39,000.00;40,510.00;39,645.77;39,000.00;-2,000.00;-4,88;9,247.00;366,604,480.00
2022-11-22;GRUPOSURA;39,000.00;39,000.00;38,096.03;35,240.00;0.00;0;8,149.00;310,444,520.00
2022-11-23;GRUPOSURA;39,750.00;39,770.00;39,629.53;37,330.00;750.00;1,92;10,927.00;433,031,850.00
2022-11-24;GRUPOSURA;40,490.00;40,490.00;40,168.14;39,740.00;740.00;1,86;8,391.00;337,050,880.00
2022-11-25;GRUPOSURA;39,500.00;40,000.00;39,587.25;39,000.00;-990.00;-2,45;1,187.00;46,990,060.00
2022-11-28;GRUPOSURA;39,280.00;39,280.00;39,246.56;39,280.00;-220.00;-0,56;1,260.00;49,450,670.00
2022-11-29;GRUPOSURA;37,530.00;37,530.00;37,529.98;37,530.00;-1,750.00;-4,46;3,456.00;129,703,610.00
2022-11-30;GRUPOSURA;38,050.00;38,050.00;38,049.08;37,530.00;520.00;1,39;3,164,142.00;120,392,687,090.00
2022-12-01;GRUPOSURA;37,500.00;40,400.00;38,050.43;36,010.00;-550.00;-1,45;1,388.00;52,813,990.00
2022-12-02;GRUPOSURA;37,800.00;38,000.00;37,880.11;37,500.00;300.00;0,8;10,405.00;394,142,560.00
2022-12-05;GRUPOSURA;40,990.00;41,000.00;40,031.53;37,790.00;3,190.00;8,44;38,139.00;1,526,762,630.00
2022-12-06;GRUPOSURA;40,780.00;40,780.00;39,492.77;39,010.00;-210.00;-0,51;6,913.00;273,013,550.00
2022-12-07;GRUPOSURA;40,780.00;40,780.00;40,613.19;40,000.00;0.00;0;7,180.00;291,602,710.00
2022-12-09;GRUPOSURA;41,000.00;41,000.00;40,908.09;40,200.00;220.00;0,54;7,693.00;314,705,940.00
2022-12-12;GRUPOSURA;40,990.00;41,000.00;40,991.63;40,980.00;-10.00;-0,02;15,635.00;640,904,060.00
2022-12-13;GRUPOSURA;40,800.00;40,800.00;40,793.33;40,800.00;-190.00;-0,46;412.00;16,806,850.00
2022-12-14;GRUPOSURA;39,480.00;40,700.00;40,505.95;39,480.00;-1,320.00;-3,24;49,732.00;2,014,441,830.00
2022-12-15;GRUPOSURA;39,000.00;40,000.00;39,712.14;39,000.00;-480.00;-1,22;11,630.00;461,852,200.00
2022-12-16;GRUPOSURA;37,500.00;38,500.00;37,545.12;37,500.00;-1,500.00;-3,85;277,163.00;10,406,117,300.00
2022-12-19;GRUPOSURA;39,000.00;39,000.00;38,504.89;37,500.00;1,500.00;4;11,483.00;442,151,660.00
2022-12-20;GRUPOSURA;38,990.00;38,990.00;38,613.75;38,600.00;-10.00;-0,03;104,277.00;4,026,526,310.00
2022-12-21;GRUPOSURA;39,440.00;39,440.00;39,428.99;37,750.00;450.00;1,15;37,353.00;1,472,791,240.00
2022-12-22;GRUPOSURA;40,190.00;40,190.00;39,062.53;38,500.00;750.00;1,9;9,583.00;374,336,210.00
2022-12-23;GRUPOSURA;40,200.00;40,200.00;40,158.16;40,190.00;10.00;0,02;2,739.00;109,993,200.00
2022-12-26;GRUPOSURA;40,000.00;40,000.00;39,780.10;39,020.00;-200.00;-0,5;4,461.00;177,459,020.00
2022-12-27;GRUPOSURA;40,200.00;40,200.00;40,122.16;40,000.00;200.00;0,5;4,249.00;170,479,060.00
2022-12-28;GRUPOSURA;42,800.00;42,800.00;42,133.39;39,500.00;2,600.00;6,47;13,043.00;549,545,760.00
2022-12-29;GRUPOSURA;42,000.00;42,700.00;41,973.22;41,120.00;-800.00;-1,87;34,322.00;1,440,604,750.00
2022-01-03;GRUPOSURA;29,900.00;30,000.00;29,870.32;29,600.00;-100.00;-0,33;154,716.00;4,621,415,720.00
2022-01-04;GRUPOSURA;30,200.00;30,300.00;30,131.68;29,900.00;300.00;1;299,898.00;9,036,430,760.00
2022-01-05;GRUPOSURA;28,940.00;30,080.00;29,693.12;28,940.00;-1,260.00;-4,17;599,012.00;17,786,537,570.00
2022-01-06;GRUPOSURA;28,690.00;29,290.00;28,066.62;27,500.00;-250.00;-0,86;785,568.00;22,048,238,260.00
2022-01-07;GRUPOSURA;29,120.00;29,120.00;28,469.35;27,030.00;430.00;1,5;212,202.00;6,041,253,910.00
2022-01-11;GRUPOSURA;30,420.00;30,420.00;30,005.84;28,500.00;1,300.00;4,46;214,427.00;6,434,062,320.00
2022-01-12;GRUPOSURA;31,000.00;31,000.00;30,580.83;29,000.00;580.00;1,91;90,637.00;2,771,755,080.00
2022-01-13;GRUPOSURA;30,220.00;31,000.00;30,250.23;29,920.00;-780.00;-2,52;161,476.00;4,884,686,690.00
2022-01-14;GRUPOSURA;27,250.00;30,110.00;27,348.40;27,250.00;-2,970.00;-9,83;4,951,673.00;135,420,319,880.00
2022-01-17;GRUPOSURA;27,250.00;0.00;0.00;0.00;0.00;0;0.00;0.00
2022-01-18;GRUPOSURA;27,250.00;0.00;0.00;0.00;0.00;0;0.00;0.00
2022-01-19;GRUPOSURA;27,250.00;0.00;0.00;0.00;0.00;0;0.00;0.00
2022-01-20;GRUPOSURA;27,250.00;0.00;0.00;0.00;0.00;0;0.00;0.00
2022-01-21;GRUPOSURA;27,250.00;0.00;0.00;0.00;0.00;0;0.00;0.00
2022-01-24;GRUPOSURA;27,250.00;0.00;0.00;0.00;0.00;0;0.00;0.00
2022-01-25;GRUPOSURA;27,250.00;0.00;0.00;0.00;0.00;0;0.00;0.00
2022-01-26;GRUPOSURA;27,250.00;0.00;0.00;0.00;0.00;0;0.00;0.00
2022-01-27;GRUPOSURA;27,250.00;0.00;0.00;0.00;0.00;0;0.00;0.00
2022-01-28;GRUPOSURA;27,250.00;0.00;0.00;0.00;0.00;0;0.00;0.00
2022-01-31;GRUPOSURA;27,250.00;0.00;0.00;0.00;0.00;0;0.00;0.00
2022-02-01;GRUPOSURA;36,420.00;36,800.00;36,277.56;32,350.00;9,170.00;33,65;2,864,357.00;103,911,890,760.00
2022-02-02;GRUPOSURA;36,390.00;36,790.00;36,406.44;36,310.00;-30.00;-0,08;593,815.00;21,618,691,770.00
2022-02-03;GRUPOSURA;35,360.00;36,460.00;35,739.50;35,360.00;-1,030.00;-2,83;646,338.00;23,099,800,160.00
2022-02-04;GRUPOSURA;36,770.00;36,770.00;36,444.25;35,490.00;1,410.00;3,99;1,741,271.00;63,459,321,790.00
2022-02-07;GRUPOSURA;37,200.00;37,390.00;37,193.85;36,800.00;430.00;1,17;203,219.00;7,558,496,760.00
2022-02-08;GRUPOSURA;37,180.00;37,590.00;37,246.95;37,110.00;-20.00;-0,05;291,721.00;10,865,718,700.00
2022-02-09;GRUPOSURA;36,800.00;37,180.00;37,066.71;36,800.00;-380.00;-1,02;592,357.00;21,956,727,490.00
2022-02-10;GRUPOSURA;36,690.00;36,800.00;36,506.20;36,320.00;-110.00;-0,3;233,258.00;8,515,362,990.00
2022-02-11;GRUPOSURA;36,620.00;36,990.00;36,579.98;36,050.00;-70.00;-0,19;336,761.00;12,318,710,490.00
2022-02-14;GRUPOSURA;35,900.00;36,400.00;36,098.74;35,900.00;-720.00;-1,97;285,402.00;10,302,653,590.00
2022-02-15;GRUPOSURA;36,180.00;36,200.00;35,758.12;35,500.00;280.00;0,78;230,296.00;8,234,950,940.00
2022-02-16;GRUPOSURA;36,500.00;36,500.00;36,316.77;36,000.00;320.00;0,88;125,456.00;4,556,156,970.00
2022-02-17;GRUPOSURA;36,470.00;36,470.00;36,354.94;36,010.00;-30.00;-0,08;161,195.00;5,860,234,030.00
2022-02-18;GRUPOSURA;35,800.00;36,470.00;35,794.59;35,360.00;-670.00;-1,84;170,017.00;6,085,688,520.00
2022-02-21;GRUPOSURA;35,800.00;35,910.00;35,811.71;35,700.00;0.00;0;34,466.00;1,234,286,450.00
2022-02-22;GRUPOSURA;35,800.00;36,000.00;35,815.68;35,800.00;0.00;0;267,240.00;9,571,383,630.00
2022-02-23;GRUPOSURA;36,000.00;36,160.00;35,920.08;35,700.00;200.00;0,56;316,184.00;11,357,353,230.00
2022-02-24;GRUPOSURA;36,280.00;36,400.00;36,004.09;35,800.00;280.00;0,78;76,297.00;2,747,004,410.00
2022-02-25;GRUPOSURA;35,500.00;36,270.00;35,774.98;35,390.00;-780.00;-2,15;718,347.00;25,698,848,050.00
2022-02-28;GRUPOSURA;31,950.00;35,900.00;32,213.20;31,950.00;-3,550.00;-10;765,059.00;24,644,996,780.00
2022-03-01;GRUPOSURA;31,950.00;0.00;0.00;0.00;0.00;0;0.00;0.00
2022-03-02;GRUPOSURA;31,950.00;0.00;0.00;0.00;0.00;0;0.00;0.00
2022-03-03;GRUPOSURA;31,950.00;0.00;0.00;0.00;0.00;0;0.00;0.00
2022-03-04;GRUPOSURA;31,950.00;0.00;0.00;0.00;0.00;0;0.00;0.00
2022-03-07;GRUPOSURA;31,950.00;0.00;0.00;0.00;0.00;0;0.00;0.00
2022-03-08;GRUPOSURA;31,950.00;0.00;0.00;0.00;0.00;0;0.00;0.00
2022-03-09;GRUPOSURA;31,950.00;0.00;0.00;0.00;0.00;0;0.00;0.00
2022-03-10;GRUPOSURA;31,950.00;0.00;0.00;0.00;0.00;0;0.00;0.00
2022-03-11;GRUPOSURA;31,950.00;0.00;0.00;0.00;0.00;0;0.00;0.00
2022-03-14;GRUPOSURA;31,950.00;;;;;;;
2022-03-15;GRUPOSURA;31,950.00;;;;0.00;0;;
2022-03-16;GRUPOSURA;31,950.00;;;;;;;
2022-03-17;GRUPOSURA;31,950.00;;;;;;;
2022-03-18;GRUPOSURA;31,950.00;;;;;;;
2022-03-22;GRUPOSURA;31,950.00;;;;;;;
2022-03-23;GRUPOSURA;31,950.00;;;;;;;
2022-03-24;GRUPOSURA;31,950.00;;;;;;;
2022-03-25;GRUPOSURA;31,950.00;;;;;;;
2022-03-28;GRUPOSURA;31,950.00;;;;;;;
2022-03-29;GRUPOSURA;31,950.00;;;;;;;
2022-03-30;GRUPOSURA;35,500.00;36,000.00;35,471.48;35,230.00;3,550.00;11,11;938,358.00;33,284,950,470.00
2022-03-31;GRUPOSURA;35,620.00;35,680.00;35,501.16;35,280.00;120.00;0,34;166,459.00;5,909,487,880.00
2022-04-01;GRUPOSURA;36,300.00;36,300.00;36,192.28;35,350.00;680.00;1,91;543,882.00;19,684,327,330.00
2022-04-04;GRUPOSURA;35,880.00;36,340.00;36,036.22;35,800.00;-420.00;-1,16;618,841.00;22,300,690,590.00
2022-04-05;GRUPOSURA;35,990.00;36,160.00;35,785.00;35,600.00;110.00;0,31;163,275.00;5,842,796,220.00
2022-04-06;GRUPOSURA;36,060.00;36,100.00;36,034.32;35,780.00;70.00;0,19;457,120.00;16,472,009,340.00
2022-04-07;GRUPOSURA;36,020.00;36,420.00;36,261.96;35,660.00;-40.00;-0,11;683,766.00;24,794,697,680.00
2022-04-08;GRUPOSURA;35,800.00;36,500.00;36,090.10;35,800.00;-220.00;-0,61;1,742,067.00;62,871,366,210.00
2022-04-11;GRUPOSURA;36,100.00;36,330.00;36,040.26;35,820.00;300.00;0,84;60,584.00;2,183,463,120.00
2022-04-12;GRUPOSURA;36,000.00;36,190.00;36,069.39;35,860.00;-100.00;-0,28;50,642.00;1,826,626,130.00
2022-04-13;GRUPOSURA;35,830.00;36,180.00;35,880.35;35,830.00;-170.00;-0,47;143,011.00;5,131,284,280.00
2022-04-18;GRUPOSURA;36,390.00;36,430.00;36,041.41;35,800.00;560.00;1,56;274,684.00;9,899,999,120.00
2022-04-19;GRUPOSURA;36,400.00;36,400.00;36,276.40;36,180.00;10.00;0,03;98,952.00;3,589,622,240.00
2022-04-20;GRUPOSURA;36,680.00;36,700.00;36,626.25;36,100.00;280.00;0,77;105,177.00;3,852,238,650.00
2022-04-21;GRUPOSURA;36,800.00;36,800.00;36,652.90;36,370.00;120.00;0,33;254,263.00;9,319,476,890.00
2022-04-22;GRUPOSURA;36,810.00;36,810.00;36,587.65;36,130.00;10.00;0,03;142,667.00;5,219,850,330.00
2022-04-25;GRUPOSURA;35,500.00;38,000.00;36,808.21;35,500.00;-1,310.00;-3,56;138,191.00;5,086,563,790.00
2022-04-26;GRUPOSURA;37,500.00;37,500.00;36,524.18;35,400.00;2,000.00;5,63;96,446.00;3,522,611,340.00
2022-04-27;GRUPOSURA;38,700.00;39,490.00;38,535.80;36,110.00;1,200.00;3,2;91,075.00;3,509,647,680.00
2022-04-28;GRUPOSURA;41,000.00;41,000.00;39,992.75;38,700.00;2,300.00;5,94;107,630.00;4,304,420,210.00
2022-04-29;GRUPOSURA;40,100.00;41,000.00;40,156.27;40,000.00;-900.00;-2,2;64,994.00;2,609,916,920.00
2022-05-02;GRUPOSURA;41,000.00;41,000.00;40,312.56;39,700.00;900.00;2,24;72,914.00;2,939,349,880.00
2022-05-03;GRUPOSURA;41,950.00;42,180.00;41,487.70;40,980.00;950.00;2,32;61,198.00;2,538,964,170.00
2022-05-04;GRUPOSURA;46,140.00;46,140.00;43,025.90;42,000.00;4,190.00;9,99;58,474.00;2,515,896,710.00
2022-05-05;GRUPOSURA;46,120.00;46,140.00;46,067.80;43,430.00;-20.00;-0,04;145,325.00;6,694,803,260.00
2022-05-06;GRUPOSURA;43,550.00;48,000.00;45,300.00;43,550.00;-2,570.00;-5,57;126,314.00;5,722,023,870.00
2022-05-09;GRUPOSURA;41,200.00;42,770.00;41,862.10;41,020.00;-2,350.00;-5,4;105,617.00;4,421,349,190.00
2022-05-10;GRUPOSURA;40,500.00;40,500.00;40,348.80;40,000.00;-700.00;-1,7;62,822.00;2,534,792,210.00
2022-05-11;GRUPOSURA;41,500.00;41,500.00;40,993.71;40,500.00;1,000.00;2,47;197,961.00;8,115,154,930.00
2022-05-12;GRUPOSURA;40,500.00;40,500.00;40,500.14;40,500.00;-1,000.00;-2,41;34,927.00;1,414,548,550.00
2022-05-13;GRUPOSURA;40,000.00;40,500.00;40,106.31;39,070.00;-500.00;-1,23;121,444.00;4,870,670,190.00
2022-05-16;GRUPOSURA;39,000.00;43,800.00;39,234.91;36,420.00;-1,000.00;-2,5;45,037.00;1,767,022,730.00
2022-05-17;GRUPOSURA;40,700.00;42,000.00;39,667.81;38,610.00;1,700.00;4,36;184,622.00;7,323,549,940.00
2022-05-18;GRUPOSURA;42,000.00;42,700.00;41,949.85;40,700.00;1,300.00;3,19;47,060.00;1,974,160,030.00
2022-05-19;GRUPOSURA;46,200.00;46,200.00;45,248.79;41,000.00;4,200.00;10;163,582.00;7,401,887,120.00
2022-05-20;GRUPOSURA;46,200.00;46,200.00;45,985.96;45,000.00;0.00;0;20,474.00;941,516,470.00
2022-05-23;GRUPOSURA;46,000.00;46,200.00;46,012.62;46,000.00;-200.00;-0,43;250,394.00;11,521,285,200.00
2022-05-24;GRUPOSURA;42,060.00;46,000.00;42,136.15;41,550.00;-3,940.00;-8,57;61,508.00;2,591,710,470.00
2022-05-25;GRUPOSURA;42,060.00;43,730.00;42,046.68;37,910.00;0.00;0;479,567.00;20,164,202,070.00
2022-05-26;GRUPOSURA;42,000.00;42,060.00;41,990.31;41,990.00;-60.00;-0,14;73,178.00;3,072,766,720.00
2022-05-27;GRUPOSURA;40,500.00;41,000.00;39,890.23;39,050.00;-1,500.00;-3,57;262,369.00;10,465,958,850.00
2022-05-31;GRUPOSURA;44,550.00;44,550.00;44,429.32;40,590.00;4,050.00;10;14,258,374.00;633,489,918,640.00
2022-06-01;GRUPOSURA;41,100.00;44,550.00;42,704.74;40,700.00;-3,450.00;-7,74;30,841.00;1,317,056,970.00
2022-06-02;GRUPOSURA;45,600.00;47,500.00;45,725.51;43,800.00;4,500.00;10,95;196,598.00;8,989,543,810.00
2022-06-03;GRUPOSURA;51,000.00;51,990.00;50,252.14;46,430.00;5,400.00;11,84;292,292.00;14,688,298,620.00
2022-06-06;GRUPOSURA;57,780.00;58,300.00;54,197.34;51,500.00;6,780.00;13,29;262,868.00;14,246,747,350.00
2022-06-07;GRUPOSURA;45,630.00;58,000.00;47,700.95;45,630.00;-12,150.00;-21,03;64,320.00;3,068,124,880.00
2022-06-08;GRUPOSURA;38,500.00;46,000.00;40,144.24;38,500.00;-7,130.00;-15,63;83,957.00;3,370,390,370.00
2022-06-09;GRUPOSURA;36,000.00;38,000.00;35,957.66;34,300.00;-2,500.00;-6,49;61,349.00;2,205,966,740.00
2022-06-10;GRUPOSURA;37,300.00;39,500.00;35,354.91;34,910.00;1,300.00;3,61;332,478.00;11,754,729,380.00
2022-06-13;GRUPOSURA;38,300.00;38,700.00;37,839.33;36,030.00;1,000.00;2,68;20,061.00;759,094,860.00
2022-06-14;GRUPOSURA;39,600.00;39,600.00;38,637.22;36,430.00;1,300.00;3,39;25,254.00;975,744,470.00
2022-06-15;GRUPOSURA;38,000.00;41,000.00;38,436.51;36,500.00;-1,600.00;-4,04;24,580.00;944,769,470.00
2022-06-16;GRUPOSURA;39,800.00;40,500.00;39,821.23;38,000.00;1,800.00;4,74;161,190.00;6,418,783,530.00
2022-06-17;GRUPOSURA;36,950.00;39,500.00;36,971.36;36,950.00;-2,850.00;-7,16;1,685,675.00;62,321,698,130.00
2022-06-21;GRUPOSURA;38,400.00;38,480.00;37,279.31;33,400.00;1,450.00;3,92;110,019.00;4,101,432,750.00
2022-06-22;GRUPOSURA;36,000.00;38,100.00;36,240.52;36,000.00;-2,400.00;-6,25;23,890.00;865,785,950.00
2022-06-23;GRUPOSURA;37,990.00;37,990.00;36,518.47;35,600.00;1,990.00;5,53;30,649.00;1,119,254,520.00
2022-06-24;GRUPOSURA;41,780.00;41,780.00;40,959.48;36,100.00;3,790.00;9,98;44,774.00;1,833,919,610.00
2022-06-28;GRUPOSURA;39,920.00;40,000.00;39,486.13;38,650.00;-1,860.00;-4,45;15,607.00;616,260,050.00
2022-06-29;GRUPOSURA;39,500.00;41,490.00;40,060.01;37,250.00;-420.00;-1,05;37,732.00;1,511,544,440.00
2022-06-30;GRUPOSURA;39,400.00;40,000.00;39,421.93;39,400.00;-100.00;-0,25;37,333.00;1,471,738,740.00
2021-07-01;GRUPOSURA;18,300.00;19,000.00;18,520.84;18,150.00;-200.00;-1,08;231,878.00;4,294,574,180.00
2021-07-02;GRUPOSURA;18,890.00;18,890.00;18,500.88;18,100.00;590.00;3,22;399,346.00;7,388,252,460.00
2021-07-06;GRUPOSURA;18,710.00;19,340.00;18,917.55;18,710.00;-180.00;-0,95;279,344.00;5,284,504,040.00
2021-07-07;GRUPOSURA;19,300.00;19,340.00;18,874.92;18,370.00;590.00;3,15;159,949.00;3,019,025,100.00
2021-07-08;GRUPOSURA;19,180.00;19,270.00;19,143.57;18,940.00;-120.00;-0,62;214,439.00;4,105,127,120.00
2021-07-09;GRUPOSURA;19,510.00;19,660.00;19,546.40;19,180.00;330.00;1,72;207,120.00;4,048,449,960.00
2021-07-12;GRUPOSURA;19,770.00;19,770.00;19,673.95;19,510.00;260.00;1,33;115,134.00;2,265,140,080.00
2021-07-13;GRUPOSURA;19,640.00;19,930.00;19,697.98;19,360.00;-130.00;-0,66;188,204.00;3,707,238,240.00
2021-07-14;GRUPOSURA;19,640.00;19,800.00;19,526.28;19,350.00;0.00;0;149,905.00;2,927,086,690.00
2021-07-15;GRUPOSURA;19,440.00;19,500.00;19,368.07;19,200.00;-200.00;-1,02;118,973.00;2,304,276,870.00
2021-07-16;GRUPOSURA;19,200.00;19,530.00;19,354.66;19,200.00;-240.00;-1,23;94,666.00;1,832,227,890.00
2021-07-19;GRUPOSURA;18,560.00;19,220.00;18,785.68;18,520.00;-640.00;-3,33;140,383.00;2,637,190,140.00
2021-07-21;GRUPOSURA;18,510.00;18,980.00;18,716.97;18,510.00;-50.00;-0,27;237,867.00;4,452,150,300.00
2021-07-22;GRUPOSURA;18,400.00;18,700.00;18,280.61;18,110.00;-110.00;-0,59;226,172.00;4,134,562,160.00
2021-07-23;GRUPOSURA;18,480.00;18,510.00;18,460.95;18,400.00;80.00;0,43;60,833.00;1,123,035,250.00
2021-07-26;GRUPOSURA;18,380.00;18,510.00;18,457.92;18,380.00;-100.00;-0,54;94,186.00;1,738,477,230.00
2021-07-27;GRUPOSURA;18,000.00;18,500.00;18,153.70;18,000.00;-380.00;-2,07;418,939.00;7,605,291,760.00
2021-07-28;GRUPOSURA;17,920.00;18,290.00;17,985.23;17,800.00;-80.00;-0,44;174,109.00;3,131,391,200.00
2021-07-29;GRUPOSURA;17,840.00;18,200.00;17,926.58;17,840.00;-80.00;-0,45;370,972.00;6,650,259,570.00
2021-07-30;GRUPOSURA;17,300.00;17,880.00;17,436.66;17,300.00;-540.00;-3,03;144,004.00;2,510,949,050.00
2021-08-02;GRUPOSURA;17,770.00;17,770.00;17,479.35;16,900.00;470.00;2,72;158,551.00;2,771,368,480.00
2021-08-03;GRUPOSURA;18,000.00;18,000.00;17,812.94;17,410.00;230.00;1,29;75,984.00;1,353,498,560.00
2021-08-04;GRUPOSURA;17,960.00;18,270.00;18,066.71;17,750.00;-40.00;-0,22;114,409.00;2,066,994,410.00
2021-08-05;GRUPOSURA;17,700.00;18,260.00;17,894.34;17,630.00;-260.00;-1,45;168,020.00;3,006,607,480.00
2021-08-06;GRUPOSURA;17,700.00;17,970.00;17,714.32;17,560.00;0.00;0;153,366.00;2,716,774,190.00
2021-08-09;GRUPOSURA;17,500.00;18,140.00;17,658.68;17,500.00;-200.00;-1,13;47,935.00;846,468,600.00
2021-08-10;GRUPOSURA;17,530.00;17,700.00;17,607.69;17,530.00;30.00;0,17;100,581.00;1,770,999,350.00
2021-08-11;GRUPOSURA;17,340.00;17,700.00;17,367.70;17,160.00;-190.00;-1,08;283,280.00;4,919,922,560.00
2021-08-12;GRUPOSURA;17,700.00;18,000.00;17,795.08;17,460.00;360.00;2,08;408,553.00;7,270,234,610.00
2021-08-13;GRUPOSURA;18,000.00;18,050.00;17,893.94;17,700.00;300.00;1,69;268,551.00;4,805,434,880.00
2021-08-17;GRUPOSURA;18,800.00;18,800.00;18,541.21;18,090.00;800.00;4,44;208,168.00;3,859,686,120.00
2021-08-18;GRUPOSURA;19,580.00;19,800.00;19,487.72;18,750.00;780.00;4,15;494,008.00;9,627,087,820.00
2021-08-19;GRUPOSURA;19,660.00;19,690.00;19,415.22;19,150.00;80.00;0,41;272,017.00;5,281,269,020.00
2021-08-20;GRUPOSURA;19,500.00;19,760.00;19,627.36;19,500.00;-160.00;-0,81;279,491.00;5,485,670,980.00
2021-08-23;GRUPOSURA;19,590.00;19,780.00;19,624.39;19,500.00;90.00;0,46;241,336.00;4,736,070,910.00
2021-08-24;GRUPOSURA;19,450.00;19,680.00;19,474.53;19,330.00;-140.00;-0,71;385,900.00;7,515,219,990.00
2021-08-25;GRUPOSURA;19,390.00;19,540.00;19,458.85;19,260.00;-60.00;-0,31;214,660.00;4,177,037,010.00
2021-08-26;GRUPOSURA;19,380.00;19,520.00;19,423.22;19,250.00;-10.00;-0,05;143,880.00;2,794,613,270.00
2021-08-27;GRUPOSURA;19,390.00;19,400.00;19,292.05;19,170.00;10.00;0,05;228,848.00;4,414,946,440.00
2021-08-30;GRUPOSURA;19,330.00;19,560.00;19,387.39;19,270.00;-60.00;-0,31;256,638.00;4,975,540,230.00
2021-08-31;GRUPOSURA;19,200.00;19,470.00;19,216.96;19,150.00;-130.00;-0,67;536,191.00;10,303,962,760.00
2021-09-01;GRUPOSURA;19,780.00;19,780.00;19,526.81;19,290.00;580.00;3,02;328,029.00;6,405,361,510.00
2021-09-02;GRUPOSURA;20,240.00;20,300.00;19,984.93;19,560.00;460.00;2,33;206,396.00;4,124,808,950.00
2021-09-03;GRUPOSURA;20,260.00;20,260.00;20,105.76;19,940.00;20.00;0,1;121,289.00;2,438,606,950.00
2021-09-06;GRUPOSURA;20,190.00;20,230.00;20,154.37;20,090.00;-70.00;-0,35;26,609.00;536,287,500.00
2021-09-07;GRUPOSURA;20,160.00;20,300.00;20,183.14;20,110.00;-30.00;-0,15;97,141.00;1,960,610,270.00
2021-09-08;GRUPOSURA;20,000.00;20,240.00;19,999.28;19,800.00;-160.00;-0,79;204,681.00;4,093,472,520.00
2021-09-09;GRUPOSURA;20,000.00;20,000.00;19,828.74;19,730.00;0.00;0;294,720.00;5,843,925,930.00
2021-09-10;GRUPOSURA;20,300.00;20,300.00;20,223.02;19,930.00;300.00;1,5;148,000.00;2,993,006,460.00
2021-09-13;GRUPOSURA;19,780.00;20,300.00;19,961.34;19,780.00;-520.00;-2,56;259,612.00;5,182,203,060.00
2021-09-14;GRUPOSURA;19,920.00;20,090.00;19,883.22;19,720.00;140.00;0,71;72,264.00;1,436,840,810.00
2021-09-15;GRUPOSURA;20,270.00;20,300.00;20,201.87;19,900.00;350.00;1,76;185,556.00;3,748,577,870.00
2021-09-16;GRUPOSURA;20,390.00;20,390.00;20,275.56;20,060.00;120.00;0,59;259,726.00;5,266,089,710.00
2021-09-17;GRUPOSURA;20,440.00;20,740.00;20,460.26;20,370.00;50.00;0,25;1,518,537.00;31,069,660,590.00
2021-09-20;GRUPOSURA;20,040.00;20,300.00;20,104.92;19,970.00;-400.00;-1,96;51,385.00;1,033,091,150.00
2021-09-21;GRUPOSURA;20,290.00;20,340.00;20,230.64;20,000.00;250.00;1,25;88,552.00;1,791,464,060.00
2021-09-22;GRUPOSURA;20,540.00;20,720.00;20,538.51;20,310.00;250.00;1,23;246,532.00;5,063,399,580.00
2021-09-23;GRUPOSURA;20,120.00;20,510.00;20,225.64;20,110.00;-420.00;-2,04;263,135.00;5,322,072,560.00
2021-09-24;GRUPOSURA;20,100.00;20,120.00;19,988.02;19,900.00;-20.00;-0,1;94,686.00;1,892,585,640.00
2021-09-27;GRUPOSURA;20,550.00;20,800.00;20,492.34;20,100.00;450.00;2,24;267,672.00;5,485,224,390.00
2021-09-28;GRUPOSURA;20,950.00;21,090.00;20,749.35;20,290.00;400.00;1,95;398,341.00;8,265,316,020.00
2021-09-29;GRUPOSURA;21,480.00;21,500.00;21,198.93;20,680.00;530.00;2,53;290,731.00;6,163,186,950.00
2021-09-30;GRUPOSURA;21,400.00;21,630.00;21,483.67;21,390.00;-80.00;-0,37;280,466.00;6,025,437,840.00
2021-10-01;GRUPOSURA;21,700.00;21,750.00;21,605.66;21,460.00;300.00;1,4;280,083.00;6,051,379,260.00
2021-10-04;GRUPOSURA;21,800.00;21,800.00;21,748.10;21,600.00;100.00;0,46;201,854.00;4,389,940,230.00
2021-10-05;GRUPOSURA;22,320.00;22,420.00;22,144.13;21,860.00;520.00;2,39;328,510.00;7,274,568,140.00
2021-10-06;GRUPOSURA;22,180.00;22,260.00;22,129.74;21,940.00;-140.00;-0,63;152,219.00;3,368,567,060.00
2021-10-07;GRUPOSURA;22,070.00;22,420.00;22,236.10;22,070.00;-110.00;-0,5;154,254.00;3,430,007,810.00
2021-10-08;GRUPOSURA;22,020.00;22,200.00;22,119.63;22,020.00;-50.00;-0,23;137,633.00;3,044,390,780.00
2021-10-11;GRUPOSURA;21,970.00;22,360.00;22,187.17;21,970.00;-50.00;-0,23;213,664.00;4,740,599,060.00
2021-10-12;GRUPOSURA;21,500.00;21,970.00;21,652.75;21,500.00;-470.00;-2,14;173,375.00;3,754,044,900.00
2021-10-13;GRUPOSURA;21,580.00;21,750.00;21,513.21;21,250.00;80.00;0,37;147,218.00;3,167,132,280.00
2021-10-14;GRUPOSURA;22,120.00;22,270.00;22,090.78;21,750.00;540.00;2,5;135,281.00;2,988,462,970.00
2021-10-15;GRUPOSURA;22,650.00;22,700.00;22,557.11;22,280.00;530.00;2,4;255,327.00;5,759,438,320.00
2021-10-19;GRUPOSURA;22,250.00;22,540.00;22,307.73;22,250.00;-400.00;-1,77;369,167.00;8,235,278,210.00
2021-10-20;GRUPOSURA;22,500.00;22,520.00;22,411.23;22,300.00;250.00;1,12;161,885.00;3,628,042,000.00
2021-10-21;GRUPOSURA;22,470.00;22,620.00;22,531.58;22,330.00;-30.00;-0,13;107,853.00;2,430,098,920.00
2021-10-22;GRUPOSURA;22,280.00;22,500.00;22,365.68;22,280.00;-190.00;-0,85;85,306.00;1,907,926,690.00
2021-10-25;GRUPOSURA;22,400.00;22,450.00;22,305.99;22,210.00;120.00;0,54;64,726.00;1,443,777,360.00
2021-10-26;GRUPOSURA;22,250.00;22,530.00;22,379.15;22,250.00;-150.00;-0,67;244,116.00;5,463,107,720.00
2021-10-27;GRUPOSURA;22,370.00;22,470.00;22,366.84;22,250.00;120.00;0,54;171,116.00;3,827,324,170.00
2021-10-28;GRUPOSURA;22,150.00;22,330.00;22,241.06;22,100.00;-220.00;-0,98;417,942.00;9,295,472,270.00
2021-10-29;GRUPOSURA;21,950.00;22,190.00;21,945.20;21,870.00;-200.00;-0,9;322,145.00;7,069,536,940.00
2021-11-02;GRUPOSURA;21,790.00;22,240.00;21,944.09;21,730.00;-160.00;-0,73;188,223.00;4,130,381,810.00
2021-11-03;GRUPOSURA;22,550.00;22,550.00;22,138.81;21,760.00;760.00;3,49;313,145.00;6,932,657,060.00
2021-11-04;GRUPOSURA;22,210.00;22,620.00;22,471.06;22,210.00;-340.00;-1,51;281,722.00;6,330,591,040.00
2021-11-05;GRUPOSURA;22,300.00;22,380.00;22,303.24;22,250.00;90.00;0,41;41,468.00;924,870,640.00
2021-11-08;GRUPOSURA;21,870.00;22,390.00;21,935.75;21,800.00;-430.00;-1,93;204,426.00;4,484,237,960.00
2021-11-09;GRUPOSURA;21,400.00;22,120.00;21,544.79;21,380.00;-470.00;-2,15;376,270.00;8,106,657,500.00
2021-11-10;GRUPOSURA;21,200.00;21,790.00;21,203.95;21,050.00;-200.00;-0,93;362,053.00;7,676,953,140.00
2021-11-11;GRUPOSURA;21,600.00;22,280.00;21,733.87;21,500.00;400.00;1,89;1,364,105.00;29,647,284,850.00
2021-11-12;GRUPOSURA;21,550.00;22,300.00;21,505.00;21,360.00;-50.00;-0,23;1,058,969.00;22,773,128,000.00
2021-11-16;GRUPOSURA;21,550.00;21,900.00;21,533.65;21,370.00;0.00;0;159,288.00;3,430,051,690.00
2021-11-17;GRUPOSURA;20,950.00;21,660.00;21,308.59;20,900.00;-600.00;-2,78;373,617.00;7,961,252,670.00
2021-11-18;GRUPOSURA;21,360.00;21,360.00;21,234.31;21,010.00;410.00;1,96;125,406.00;2,662,909,380.00
2021-11-19;GRUPOSURA;21,440.00;21,500.00;21,411.12;21,100.00;80.00;0,37;236,359.00;5,060,712,000.00
2021-11-22;GRUPOSURA;21,560.00;21,900.00;21,728.69;21,560.00;120.00;0,56;220,127.00;4,783,071,310.00
2021-11-23;GRUPOSURA;21,600.00;21,800.00;21,587.98;21,480.00;40.00;0,19;124,476.00;2,687,185,710.00
2021-11-24;GRUPOSURA;22,100.00;22,100.00;21,740.17;21,400.00;500.00;2,31;357,410.00;7,770,152,950.00
2021-11-25;GRUPOSURA;22,600.00;22,620.00;22,353.21;22,300.00;500.00;2,26;767,094.00;17,147,017,000.00
2021-11-26;GRUPOSURA;23,700.00;23,800.00;22,937.95;22,000.00;1,100.00;4,87;525,583.00;12,055,794,420.00
2021-11-29;GRUPOSURA;24,400.00;24,400.00;24,167.78;23,800.00;700.00;2,95;1,672,680.00;40,424,969,880.00
2021-11-30;GRUPOSURA;25,150.00;25,190.00;24,938.18;24,300.00;750.00;3,07;3,047,007.00;75,986,809,820.00
2021-12-01;GRUPOSURA;25,150.00;0.00;0.00;0.00;0.00;0;0.00;0.00
2021-12-02;GRUPOSURA;25,150.00;0.00;0.00;0.00;0.00;0;0.00;0.00
2021-12-03;GRUPOSURA;25,150.00;0.00;0.00;0.00;0.00;0;0.00;0.00
2021-12-06;GRUPOSURA;25,150.00;0.00;0.00;0.00;0.00;0;0.00;0.00
2021-12-07;GRUPOSURA;25,150.00;0.00;0.00;0.00;0.00;0;0.00;0.00
2021-12-09;GRUPOSURA;25,150.00;0.00;0.00;0.00;0.00;0;0.00;0.00
2021-12-10;GRUPOSURA;25,150.00;0.00;0.00;0.00;0.00;0;0.00;0.00
2021-12-13;GRUPOSURA;25,150.00;0.00;0.00;0.00;0.00;0;0.00;0.00
2021-12-14;GRUPOSURA;25,150.00;0.00;0.00;0.00;0.00;0;0.00;0.00
2021-12-15;GRUPOSURA;25,150.00;0.00;0.00;0.00;0.00;0;0.00;0.00
2021-12-16;GRUPOSURA;25,150.00;0.00;0.00;0.00;0.00;0;0.00;0.00
2021-12-17;GRUPOSURA;28,890.00;29,490.00;28,929.20;28,610.00;3,740.00;14,87;1,634,687.00;47,290,188,610.00
2021-12-20;GRUPOSURA;28,620.00;28,900.00;28,534.67;27,830.00;-270.00;-0,93;666,138.00;19,008,031,110.00
2021-12-21;GRUPOSURA;28,720.00;28,930.00;28,749.58;28,550.00;100.00;0,35;484,279.00;13,922,818,870.00
2021-12-22;GRUPOSURA;28,950.00;28,950.00;28,843.92;28,700.00;230.00;0,8;247,096.00;7,127,216,290.00
2021-12-23;GRUPOSURA;29,150.00;29,150.00;28,976.85;28,800.00;200.00;0,69;322,149.00;9,334,864,180.00
2021-12-24;GRUPOSURA;29,410.00;29,410.00;29,263.18;28,850.00;260.00;0,89;84,665.00;2,477,567,450.00
2021-12-27;GRUPOSURA;29,540.00;29,580.00;29,412.07;29,100.00;130.00;0,44;175,852.00;5,172,171,310.00
2021-12-28;GRUPOSURA;29,920.00;29,950.00;29,833.20;29,500.00;380.00;1,29;475,841.00;14,195,861,690.00
2021-12-29;GRUPOSURA;29,920.00;29,920.00;29,903.91;29,830.00;0.00;0;168,334.00;5,033,844,190.00
2021-12-30;GRUPOSURA;30,000.00;30,000.00;29,951.65;29,850.00;80.00;0,27;335,547.00;10,050,187,910.00
2021-01-04;GRUPOSURA;24,300.00;25,350.00;24,593.89;24,300.00;-980.00;-3,88;165,196.00;4,062,812,850.00
2021-01-05;GRUPOSURA;24,200.00;24,380.00;24,055.56;23,600.00;-100.00;-0,41;320,050.00;7,698,982,830.00
2021-01-06;GRUPOSURA;24,350.00;24,880.00;24,424.28;24,200.00;150.00;0,62;543,055.00;13,263,724,950.00
2021-01-07;GRUPOSURA;24,100.00;24,710.00;24,262.42;24,000.00;-250.00;-1,03;519,069.00;12,593,869,030.00
2021-01-08;GRUPOSURA;24,140.00;24,330.00;24,101.65;23,970.00;40.00;0,17;281,418.00;6,782,638,220.00
2021-01-12;GRUPOSURA;24,590.00;24,640.00;24,313.30;24,040.00;450.00;1,86;649,206.00;15,784,338,300.00
2021-01-13;GRUPOSURA;24,800.00;24,900.00;24,774.79;24,530.00;210.00;0,85;201,950.00;5,003,268,360.00
2021-01-14;GRUPOSURA;24,810.00;25,180.00;24,890.32;24,800.00;10.00;0,04;238,780.00;5,943,310,230.00
2021-01-15;GRUPOSURA;24,750.00;24,810.00;24,657.81;24,500.00;-60.00;-0,24;135,546.00;3,342,267,640.00
2021-01-18;GRUPOSURA;24,700.00;24,870.00;24,698.21;24,500.00;-50.00;-0,2;69,858.00;1,725,367,510.00
2021-01-19;GRUPOSURA;24,930.00;25,040.00;24,914.40;24,620.00;230.00;0,93;159,593.00;3,976,164,630.00
2021-01-20;GRUPOSURA;24,650.00;25,100.00;24,881.01;24,650.00;-280.00;-1,12;174,941.00;4,352,708,440.00
2021-01-21;GRUPOSURA;24,900.00;24,990.00;24,879.32;24,740.00;250.00;1,01;376,951.00;9,378,282,750.00
2021-01-22;GRUPOSURA;24,360.00;24,760.00;24,473.70;24,360.00;-540.00;-2,17;199,026.00;4,870,902,770.00
2021-01-25;GRUPOSURA;24,160.00;24,370.00;24,190.27;24,020.00;-200.00;-0,82;192,123.00;4,647,506,970.00
2021-01-26;GRUPOSURA;24,100.00;24,450.00;24,216.34;24,030.00;-60.00;-0,25;151,964.00;3,680,011,740.00
2021-01-27;GRUPOSURA;23,800.00;24,100.00;23,875.43;23,650.00;-300.00;-1,24;298,248.00;7,120,798,290.00
2021-01-28;GRUPOSURA;23,220.00;24,000.00;23,576.14;23,220.00;-580.00;-2,44;252,129.00;5,944,228,220.00
2021-01-29;GRUPOSURA;22,700.00;23,480.00;22,774.02;22,700.00;-520.00;-2,24;825,351.00;18,796,560,870.00
2021-02-01;GRUPOSURA;22,360.00;23,480.00;22,582.88;22,210.00;-340.00;-1,5;451,714.00;10,201,003,280.00
2021-02-02;GRUPOSURA;23,040.00;23,380.00;22,928.21;22,710.00;680.00;3,04;510,542.00;11,705,813,110.00
2021-02-03;GRUPOSURA;23,000.00;23,390.00;23,113.20;23,000.00;-40.00;-0,17;556,331.00;12,858,587,880.00
2021-02-04;GRUPOSURA;23,150.00;23,150.00;22,883.02;22,700.00;150.00;0,65;420,445.00;9,621,052,090.00
2021-02-05;GRUPOSURA;23,470.00;23,470.00;23,241.52;23,170.00;320.00;1,38;192,237.00;4,467,879,510.00
2021-02-08;GRUPOSURA;23,490.00;23,800.00;23,589.70;23,390.00;20.00;0,09;181,655.00;4,285,186,280.00
2021-02-09;GRUPOSURA;23,780.00;23,780.00;23,541.85;23,310.00;290.00;1,23;255,618.00;6,017,719,440.00
2021-02-10;GRUPOSURA;23,560.00;23,660.00;23,536.94;23,410.00;-220.00;-0,93;166,201.00;3,911,863,770.00
2021-02-11;GRUPOSURA;23,300.00;23,540.00;23,303.54;23,170.00;-260.00;-1,1;112,981.00;2,632,857,550.00
2021-02-12;GRUPOSURA;23,300.00;23,300.00;23,238.54;23,050.00;0.00;0;113,264.00;2,632,090,490.00
2021-02-15;GRUPOSURA;23,310.00;23,460.00;23,325.88;23,160.00;10.00;0,04;69,758.00;1,627,166,760.00
2021-02-16;GRUPOSURA;23,180.00;23,600.00;23,400.92;23,180.00;-130.00;-0,56;143,356.00;3,354,661,810.00
2021-02-17;GRUPOSURA;23,150.00;23,290.00;23,050.34;22,810.00;-30.00;-0,13;177,040.00;4,080,831,390.00
2021-02-18;GRUPOSURA;23,150.00;23,430.00;23,198.74;23,110.00;0.00;0;404,559.00;9,385,260,210.00
2021-02-19;GRUPOSURA;22,860.00;23,200.00;22,992.37;22,860.00;-290.00;-1,25;132,854.00;3,054,628,910.00
2021-02-22;GRUPOSURA;22,800.00;23,100.00;22,921.92;22,800.00;-60.00;-0,26;129,571.00;2,970,016,230.00
2021-02-23;GRUPOSURA;22,780.00;23,000.00;22,713.78;22,550.00;-20.00;-0,09;380,866.00;8,650,905,350.00
2021-02-24;GRUPOSURA;23,290.00;23,290.00;22,967.78;22,610.00;510.00;2,24;391,853.00;8,999,993,730.00
2021-02-25;GRUPOSURA;22,020.00;23,350.00;22,588.76;22,020.00;-1,270.00;-5,45;195,933.00;4,425,884,490.00
2021-02-26;GRUPOSURA;23,670.00;23,670.00;23,468.33;21,800.00;1,650.00;7,49;458,737.00;10,765,790,930.00
2021-03-01;GRUPOSURA;23,060.00;23,660.00;23,167.16;23,000.00;-610.00;-2,58;344,752.00;7,986,925,240.00
2021-03-02;GRUPOSURA;23,000.00;23,060.00;22,947.59;22,800.00;-60.00;-0,26;101,144.00;2,321,010,630.00
2021-03-03;GRUPOSURA;22,850.00;23,220.00;22,909.65;22,850.00;-150.00;-0,65;196,769.00;4,507,908,720.00
2021-03-04;GRUPOSURA;22,700.00;23,270.00;22,909.16;22,700.00;-150.00;-0,66;319,361.00;7,316,292,260.00
2021-03-05;GRUPOSURA;22,400.00;22,780.00;22,475.29;22,330.00;-300.00;-1,32;349,146.00;7,847,158,030.00
2021-03-08;GRUPOSURA;22,280.00;22,740.00;22,366.71;22,190.00;-120.00;-0,54;76,675.00;1,714,967,400.00
2021-03-09;GRUPOSURA;22,390.00;23,260.00;22,365.93;22,100.00;110.00;0,49;126,468.00;2,828,573,970.00
2021-03-10;GRUPOSURA;22,500.00;22,780.00;22,487.08;22,400.00;110.00;0,49;116,339.00;2,616,124,880.00
2021-03-11;GRUPOSURA;22,440.00;22,900.00;22,656.68;22,440.00;-60.00;-0,27;289,765.00;6,565,111,470.00
2021-03-12;GRUPOSURA;22,600.00;22,760.00;22,568.98;22,490.00;160.00;0,71;55,372.00;1,249,689,650.00
2021-03-15;GRUPOSURA;22,790.00;22,920.00;22,740.36;22,600.00;190.00;0,84;243,033.00;5,526,656,710.00
2021-03-16;GRUPOSURA;22,810.00;22,940.00;22,850.95;22,790.00;20.00;0,09;65,587.00;1,498,725,550.00
2021-03-17;GRUPOSURA;22,600.00;22,940.00;22,671.41;22,580.00;-210.00;-0,92;160,843.00;3,646,536,800.00
2021-03-18;GRUPOSURA;22,300.00;22,570.00;22,441.96;22,070.00;-300.00;-1,33;531,957.00;11,938,156,430.00
2021-03-19;GRUPOSURA;21,820.00;22,400.00;21,858.18;21,820.00;-480.00;-2,15;1,234,108.00;26,975,350,750.00
2021-03-23;GRUPOSURA;22,000.00;22,480.00;22,187.23;21,830.00;180.00;0,82;209,096.00;4,639,261,340.00
2021-03-24;GRUPOSURA;21,900.00;22,140.00;21,937.36;21,530.00;-100.00;-0,45;254,158.00;5,575,555,870.00
2021-03-25;GRUPOSURA;21,310.00;21,900.00;21,584.78;21,310.00;-590.00;-2,69;445,114.00;9,607,688,280.00
2021-03-26;GRUPOSURA;21,750.00;21,900.00;21,620.92;21,390.00;440.00;2,06;204,555.00;4,422,667,600.00
2021-03-29;GRUPOSURA;21,990.00;21,990.00;21,730.35;21,360.00;240.00;1,1;87,676.00;1,905,229,860.00
2021-03-30;GRUPOSURA;21,830.00;21,990.00;21,669.07;21,540.00;-160.00;-0,73;215,650.00;4,672,935,510.00
2021-03-31;GRUPOSURA;21,700.00;21,900.00;21,697.40;21,610.00;-130.00;-0,6;162,671.00;3,529,537,170.00
2021-04-05;GRUPOSURA;21,790.00;21,880.00;21,780.48;21,670.00;90.00;0,41;34,174.00;744,326,000.00
2021-04-06;GRUPOSURA;21,600.00;21,980.00;21,755.44;21,600.00;-190.00;-0,87;65,462.00;1,424,154,840.00
2021-04-07;GRUPOSURA;21,960.00;21,960.00;21,870.75;21,500.00;360.00;1,67;235,975.00;5,160,949,620.00
2021-04-08;GRUPOSURA;21,600.00;21,910.00;21,627.30;21,600.00;-360.00;-1,64;213,080.00;4,608,344,980.00
2021-04-09;GRUPOSURA;21,260.00;21,600.00;21,067.21;20,980.00;-340.00;-1,57;664,121.00;13,991,179,480.00
2021-04-12;GRUPOSURA;21,200.00;21,400.00;21,282.69;21,200.00;-60.00;-0,28;90,354.00;1,922,975,980.00
2021-04-13;GRUPOSURA;21,000.00;21,390.00;21,136.34;21,000.00;-200.00;-0,94;79,043.00;1,670,679,360.00
2021-04-14;GRUPOSURA;20,900.00;21,190.00;20,946.33;20,800.00;-100.00;-0,48;86,949.00;1,821,262,260.00
2021-04-15;GRUPOSURA;20,720.00;20,900.00;20,745.75;20,530.00;-180.00;-0,86;152,742.00;3,168,747,290.00
2021-04-16;GRUPOSURA;20,500.00;21,100.00;20,699.77;20,500.00;-220.00;-1,06;450,473.00;9,324,689,630.00
2021-04-19;GRUPOSURA;20,400.00;20,840.00;20,493.01;20,400.00;-100.00;-0,49;271,744.00;5,568,853,080.00
2021-04-20;GRUPOSURA;20,600.00;20,780.00;20,548.39;20,390.00;200.00;0,98;304,189.00;6,250,593,020.00
2021-04-21;GRUPOSURA;20,950.00;20,960.00;20,774.47;20,680.00;350.00;1,7;381,164.00;7,918,479,650.00
2021-04-22;GRUPOSURA;20,860.00;20,980.00;20,866.87;20,750.00;-90.00;-0,43;92,327.00;1,926,575,100.00
2021-04-23;GRUPOSURA;20,620.00;21,080.00;20,843.81;20,620.00;-240.00;-1,15;99,221.00;2,068,143,270.00
2021-04-26;GRUPOSURA;20,400.00;20,710.00;20,571.75;20,400.00;-220.00;-1,07;217,382.00;4,471,927,730.00
2021-04-27;GRUPOSURA;20,600.00;20,800.00;20,616.22;20,400.00;200.00;0,98;365,190.00;7,528,837,830.00
2021-04-28;GRUPOSURA;20,160.00;20,630.00;20,366.29;20,160.00;-440.00;-2,14;239,872.00;4,885,303,600.00
2021-04-29;GRUPOSURA;19,600.00;20,360.00;19,684.43;19,480.00;-560.00;-2,78;366,032.00;7,205,133,090.00
2021-04-30;GRUPOSURA;19,160.00;19,700.00;19,383.95;19,160.00;-440.00;-2,24;153,082.00;2,967,333,130.00
2021-05-03;GRUPOSURA;18,040.00;19,400.00;18,541.33;17,990.00;-1,120.00;-5,85;158,686.00;2,942,249,490.00
2021-05-04;GRUPOSURA;18,220.00;18,340.00;18,076.10;17,610.00;180.00;1;154,383.00;2,790,642,070.00
2021-05-05;GRUPOSURA;19,100.00;19,100.00;18,730.63;18,290.00;880.00;4,83;300,592.00;5,630,278,860.00
2021-05-06;GRUPOSURA;19,900.00;19,900.00;19,511.66;18,820.00;800.00;4,19;226,349.00;4,416,445,860.00
2021-05-07;GRUPOSURA;20,700.00;20,700.00;20,370.67;20,000.00;800.00;4,02;191,745.00;3,905,974,970.00
2021-05-10;GRUPOSURA;21,000.00;21,280.00;21,020.66;20,700.00;300.00;1,45;198,772.00;4,178,318,270.00
2021-05-11;GRUPOSURA;21,100.00;21,100.00;20,747.34;20,490.00;100.00;0,48;195,052.00;4,046,809,690.00
2021-05-12;GRUPOSURA;20,410.00;20,670.00;20,581.94;20,410.00;-690.00;-3,27;168,478.00;3,467,604,440.00
2021-05-13;GRUPOSURA;19,600.00;20,410.00;19,763.07;19,600.00;-810.00;-3,97;114,848.00;2,269,748,870.00
2021-05-14;GRUPOSURA;19,780.00;20,000.00;19,859.35;19,750.00;180.00;0,92;180,392.00;3,582,468,140.00
2021-05-18;GRUPOSURA;19,610.00;19,840.00;19,740.91;19,610.00;-170.00;-0,86;207,551.00;4,097,244,930.00
2021-05-19;GRUPOSURA;19,500.00;19,730.00;19,533.37;19,360.00;-110.00;-0,56;132,975.00;2,597,450,250.00
2021-05-20;GRUPOSURA;19,980.00;19,980.00;19,644.13;18,910.00;480.00;2,46;245,582.00;4,824,245,720.00
2021-05-21;GRUPOSURA;19,830.00;20,240.00;19,863.07;19,780.00;-150.00;-0,75;372,425.00;7,397,503,950.00
2021-05-24;GRUPOSURA;19,100.00;20,000.00;19,328.38;19,100.00;-730.00;-3,68;89,565.00;1,731,146,660.00
2021-05-25;GRUPOSURA;19,010.00;19,320.00;19,102.56;18,850.00;-90.00;-0,47;160,936.00;3,074,288,920.00
2021-05-26;GRUPOSURA;18,700.00;19,260.00;18,918.18;18,700.00;-310.00;-1,63;140,786.00;2,663,415,290.00
2021-05-27;GRUPOSURA;19,150.00;19,340.00;19,136.16;18,700.00;450.00;2,41;805,608.00;15,416,244,800.00
2021-05-28;GRUPOSURA;20,350.00;20,350.00;19,999.75;19,060.00;1,200.00;6,27;305,367.00;6,107,265,010.00
2021-05-31;GRUPOSURA;20,020.00;20,800.00;20,450.41;20,020.00;-330.00;-1,62;103,061.00;2,107,639,380.00
2021-06-01;GRUPOSURA;20,300.00;20,730.00;20,274.11;20,160.00;280.00;1,4;257,583.00;5,222,266,800.00
2021-06-02;GRUPOSURA;20,300.00;20,700.00;20,368.38;19,580.00;0.00;0;341,352.00;6,952,788,080.00
2021-06-03;GRUPOSURA;20,180.00;20,250.00;20,202.08;19,780.00;-120.00;-0,59;165,831.00;3,350,131,780.00
2021-06-04;GRUPOSURA;20,050.00;20,190.00;20,064.69;20,000.00;-130.00;-0,64;212,957.00;4,272,915,410.00
2021-06-08;GRUPOSURA;20,180.00;20,400.00;20,059.63;19,920.00;130.00;0,65;188,972.00;3,790,708,350.00
2021-06-09;GRUPOSURA;19,880.00;20,300.00;20,036.41;19,880.00;-300.00;-1,49;145,657.00;2,918,442,810.00
2021-06-10;GRUPOSURA;19,740.00;19,970.00;19,771.87;19,690.00;-140.00;-0,7;82,750.00;1,636,122,300.00
2021-06-11;GRUPOSURA;19,740.00;20,000.00;19,802.10;19,640.00;0.00;0;199,638.00;3,953,251,440.00
2021-06-15;GRUPOSURA;19,300.00;19,800.00;19,534.32;19,300.00;-440.00;-2,23;108,879.00;2,126,877,180.00
2021-06-16;GRUPOSURA;19,730.00;19,800.00;19,637.11;19,230.00;430.00;2,23;331,783.00;6,515,258,520.00
2021-06-17;GRUPOSURA;19,790.00;19,990.00;19,790.40;19,000.00;60.00;0,3;172,421.00;3,412,280,370.00
2021-06-18;GRUPOSURA;20,540.00;20,540.00;20,381.71;19,840.00;750.00;3,79;667,591.00;13,606,649,300.00
2021-06-21;GRUPOSURA;20,000.00;20,670.00;20,122.17;20,000.00;-540.00;-2,63;142,648.00;2,870,386,850.00
2021-06-22;GRUPOSURA;19,770.00;20,250.00;20,108.04;19,770.00;-230.00;-1,15;491,957.00;9,892,291,930.00
2021-06-23;GRUPOSURA;19,230.00;20,220.00;19,534.59;19,230.00;-540.00;-2,73;111,477.00;2,177,657,640.00
2021-06-24;GRUPOSURA;19,760.00;20,000.00;19,847.20;19,400.00;530.00;2,76;286,131.00;5,678,899,990.00
2021-06-25;GRUPOSURA;19,800.00;19,990.00;19,743.56;19,550.00;40.00;0,2;122,920.00;2,426,878,840.00
2021-06-28;GRUPOSURA;19,640.00;19,940.00;19,568.61;19,370.00;-160.00;-0,81;107,964.00;2,112,705,120.00
2021-06-29;GRUPOSURA;19,000.00;19,750.00;19,294.42;19,000.00;-640.00;-3,26;291,719.00;5,628,549,960.00
2021-06-30;GRUPOSURA;18,500.00;19,240.00;18,807.42;18,500.00;-500.00;-2,63;337,967.00;6,356,288,610.00
