Fecha;Nemotecnico;Precio cierre;Precio maximo;Precio promedio ponderado;Precio minimo;Variacion absoluta;Variacion porcentual;Cantidad;Volumen
2025-01-02;ISA;16,900.00;16,900.00;16,816.72;16,640.00;200.00;1,2;41,940.00;705,293,160.00
2025-01-03;ISA;16,740.00;16,840.00;16,727.66;16,620.00;-160.00;-0,95;79,565.00;1,330,936,340.00
2025-01-07;ISA;17,300.00;17,300.00;16,928.40;16,740.00;560.00;3,35;788,482.00;13,347,738,240.00
2025-01-08;ISA;17,040.00;17,400.00;17,286.00;17,040.00;-260.00;-1,5;685,558.00;11,850,557,680.00
2025-01-09;ISA;17,040.00;17,140.00;17,086.44;17,040.00;0.00;0;142,370.00;2,432,596,060.00
2025-01-10;ISA;17,080.00;17,240.00;17,112.35;17,060.00;40.00;0,23;128,111.00;2,192,280,640.00
2025-01-13;ISA;17,040.00;17,100.00;17,046.68;17,000.00;-40.00;-0,23;158,572.00;2,703,125,920.00
2025-01-14;ISA;16,940.00;17,060.00;16,949.22;16,900.00;-100.00;-0,59;293,171.00;4,969,018,660.00
2025-01-15;ISA;17,000.00;17,000.00;16,968.24;16,900.00;60.00;0,35;187,763.00;3,186,006,980.00
2025-01-16;ISA;17,080.00;17,180.00;17,064.56;16,940.00;80.00;0,47;238,639.00;4,072,269,700.00
2025-01-17;ISA;17,100.00;17,180.00;17,106.14;16,960.00;20.00;0,12;541,860.00;9,269,133,340.00
2025-01-20;ISA;16,920.00;17,200.00;17,002.77;16,860.00;-180.00;-1,05;63,601.00;1,081,393,320.00
2025-01-21;ISA;17,040.00;17,080.00;17,033.31;16,880.00;120.00;0,71;162,450.00;2,767,060,420.00
2025-01-22;ISA;16,660.00;17,120.00;16,789.03;16,660.00;-380.00;-2,23;198,427.00;3,331,397,440.00
2025-01-23;ISA;16,740.00;16,900.00;16,750.68;16,700.00;80.00;0,48;232,562.00;3,895,571,780.00
2025-01-24;ISA;16,820.00;16,820.00;16,787.41;16,700.00;80.00;0,48;166,652.00;2,797,655,440.00
2025-01-27;ISA;16,900.00;16,940.00;16,881.44;16,800.00;80.00;0,48;185,763.00;3,135,947,080.00
2025-01-28;ISA;17,040.00;17,080.00;16,979.25;16,860.00;140.00;0,83;308,416.00;5,236,673,160.00
2025-01-29;ISA;17,980.00;17,980.00;17,475.14;17,040.00;940.00;5,52;1,001,901.00;17,508,356,420.00
2025-01-30;ISA;18,540.00;18,780.00;18,470.13;17,980.00;560.00;3,11;926,220.00;17,107,400,700.00
2025-01-31;ISA;18,480.00;18,900.00;18,610.19;18,200.00;-60.00;-0,32;705,982.00;13,138,458,420.00
2025-02-03;ISA;17,940.00;18,300.00;17,958.34;17,820.00;-540.00;-2,92;186,139.00;3,342,746,720.00
2025-02-04;ISA;18,400.00;18,400.00;18,091.34;17,860.00;460.00;2,56;284,210.00;5,141,739,540.00
2025-02-05;ISA;18,000.00;18,040.00;17,964.78;17,840.00;-400.00;-2,17;343,844.00;6,177,080,840.00
2025-02-06;ISA;18,180.00;18,260.00;18,047.48;17,860.00;180.00;1;219,050.00;3,953,300,000.00
2025-02-07;ISA;18,000.00;18,380.00;18,045.30;18,000.00;-180.00;-0,99;242,879.00;4,382,823,280.00
2025-02-10;ISA;18,360.00;18,360.00;18,180.81;18,000.00;360.00;2;200,394.00;3,643,326,080.00
2025-02-11;ISA;18,100.00;18,340.00;18,143.86;18,040.00;-260.00;-1,42;157,727.00;2,861,776,500.00
2025-02-12;ISA;18,060.00;18,160.00;18,090.29;18,000.00;-40.00;-0,22;331,169.00;5,990,942,500.00
2025-02-13;ISA;17,720.00;18,020.00;17,814.69;17,600.00;-340.00;-1,88;408,589.00;7,278,885,800.00
2025-02-14;ISA;;17,940.00;17,808.72;17,680.00;220.00;1,24;18,858.00;335,836,840.00
2025-02-17;ISA;18,180.00;18,300.00;18,043.40;17,720.00;320.00;1,79;421,008.00;7,596,415,000.00
2025-02-18;ISA;18,780.00;18,780.00;18,495.45;18,060.00;600.00;3,3;508,583.00;9,406,469,860.00
2025-02-19;ISA;19,400.00;19,400.00;19,016.16;18,520.00;620.00;3,3;506,279.00;9,627,480,800.00
2025-02-20;ISA;19,800.00;19,800.00;19,623.37;18,880.00;400.00;2,06;612,659.00;12,022,432,560.00
2025-02-21;ISA;20,300.00;20,360.00;19,979.48;19,260.00;500.00;2,53;482,119.00;9,632,486,800.00
2025-02-24;ISA;20,500.00;20,500.00;20,318.87;20,020.00;200.00;0,99;292,884.00;5,951,071,360.00
2025-02-25;ISA;20,480.00;20,820.00;20,511.26;20,320.00;-20.00;-0,1;240,978.00;4,942,763,460.00
2025-02-26;ISA;20,080.00;20,100.00;20,036.83;19,520.00;-400.00;-1,95;209,664.00;4,201,001,200.00
2025-02-27;ISA;20,700.00;20,700.00;20,284.03;20,000.00;620.00;3,09;429,560.00;8,713,209,260.00
2025-02-28;ISA;20,720.00;20,760.00;20,642.31;20,080.00;20.00;0,1;1,524,817.00;31,475,749,580.00
2025-03-03;ISA;20,000.00;20,800.00;20,426.94;20,000.00;-720.00;-3,47;338,519.00;6,914,906,100.00
2025-03-04;ISA;20,160.00;20,160.00;19,855.69;19,400.00;160.00;0,8;260,197.00;5,166,391,980.00
2025-03-05;ISA;19,760.00;20,440.00;19,898.45;19,680.00;-400.00;-1,98;240,896.00;4,793,456,000.00
2025-03-06;ISA;19,400.00;19,880.00;19,408.18;19,300.00;-360.00;-1,82;232,952.00;4,521,173,520.00
2025-03-07;ISA;19,000.00;19,460.00;19,073.14;19,000.00;-400.00;-2,06;400,880.00;7,646,040,400.00
2025-03-10;ISA;18,800.00;19,000.00;18,814.45;18,600.00;-200.00;-1,05;255,480.00;4,806,716,880.00
2025-03-11;ISA;18,740.00;19,000.00;18,778.99;18,600.00;-60.00;-0,32;342,193.00;6,426,040,140.00
2025-03-12;ISA;19,220.00;19,460.00;19,033.03;18,600.00;480.00;2,56;123,771.00;2,355,737,160.00
2025-03-13;ISA;18,900.00;19,500.00;19,237.32;18,900.00;-320.00;-1,66;62,557.00;1,203,429,160.00
2025-03-14;ISA;19,420.00;19,420.00;19,184.06;19,000.00;520.00;2,75;116,145.00;2,228,132,180.00
2025-03-17;ISA;19,500.00;19,600.00;19,490.17;19,440.00;80.00;0,41;270,684.00;5,275,677,320.00
2025-03-18;ISA;19,380.00;19,500.00;19,377.93;19,260.00;-120.00;-0,62;93,547.00;1,812,747,680.00
2025-03-19;ISA;18,900.00;19,380.00;19,092.34;18,900.00;-480.00;-2,48;115,536.00;2,205,852,180.00
2025-03-20;ISA;18,900.00;19,140.00;18,952.70;18,720.00;0.00;0;77,653.00;1,471,733,900.00
2025-03-21;ISA;18,400.00;18,960.00;18,498.83;18,400.00;-500.00;-2,65;1,776,318.00;32,859,801,960.00
2025-03-25;ISA;19,280.00;19,280.00;19,018.72;18,520.00;880.00;4,78;636,502.00;12,105,451,480.00
2025-03-26;ISA;19,000.00;19,340.00;19,124.38;19,000.00;-280.00;-1,45;175,828.00;3,362,601,160.00
2025-03-27;ISA;19,140.00;19,200.00;19,120.44;19,000.00;140.00;0,74;123,723.00;2,365,638,620.00
2025-03-28;ISA;19,380.00;19,380.00;19,279.93;18,920.00;240.00;1,25;909,629.00;17,537,581,480.00
2025-03-31;ISA;19,100.00;19,200.00;19,100.20;19,020.00;-280.00;-1,44;535,216.00;10,222,730,980.00
2025-04-01;ISA;20,000.00;20,000.00;19,793.57;19,200.00;900.00;4,71;383,177.00;7,584,441,960.00
2025-04-02;ISA;20,220.00;20,220.00;20,018.56;19,860.00;220.00;1,1;984,771.00;19,713,699,160.00
2025-04-03;ISA;20,500.00;20,500.00;20,252.77;20,000.00;280.00;1,38;263,654.00;5,339,724,540.00
2025-04-04;ISA;19,900.00;19,960.00;19,763.72;19,580.00;-600.00;-2,93;365,574.00;7,225,100,540.00
2025-04-07;ISA;19,900.00;20,200.00;19,838.82;19,500.00;0.00;0;358,509.00;7,112,395,980.00
2025-04-08;ISA;18,900.00;20,280.00;19,706.31;18,900.00;-1,000.00;-5,03;514,458.00;10,138,070,220.00
2025-04-09;ISA;19,380.00;19,560.00;19,142.19;18,820.00;480.00;2,54;180,966.00;3,464,086,380.00
2025-04-10;ISA;19,620.00;19,780.00;19,381.02;18,600.00;240.00;1,24;731,796.00;14,182,955,280.00
2025-04-11;ISA;19,200.00;19,620.00;19,275.59;19,200.00;-420.00;-2,14;119,267.00;2,298,941,400.00
2025-04-14;ISA;19,200.00;19,460.00;19,213.80;19,000.00;0.00;0;75,871.00;1,457,770,540.00
2025-04-15;ISA;19,000.00;19,400.00;19,142.57;19,000.00;-200.00;-1,04;98,430.00;1,884,202,780.00
2025-04-16;ISA;19,780.00;19,780.00;19,380.68;19,000.00;780.00;4,11;196,789.00;3,813,903,760.00
2025-04-21;ISA;19,780.00;19,780.00;19,520.70;19,420.00;0.00;0;79,507.00;1,552,032,660.00
2025-04-22;ISA;19,640.00;19,800.00;19,682.56;19,440.00;-140.00;-0,71;171,799.00;3,381,443,620.00
2025-04-23;ISA;20,060.00;20,200.00;19,968.07;19,700.00;420.00;2,14;218,263.00;4,358,290,840.00
2025-04-24;ISA;20,120.00;20,300.00;19,937.71;19,440.00;60.00;0,3;181,234.00;3,613,391,360.00
2025-04-25;ISA;20,260.00;20,280.00;20,189.69;20,020.00;140.00;0,7;108,662.00;2,193,851,940.00
2025-04-28;ISA;20,300.00;20,300.00;20,142.50;19,680.00;40.00;0,2;141,204.00;2,844,201,860.00
2025-04-29;ISA;20,500.00;20,500.00;20,357.06;20,120.00;200.00;0,99;210,006.00;4,275,105,700.00
2025-04-30;ISA;21,800.00;21,800.00;21,019.95;20,300.00;1,300.00;6,34;547,937.00;11,517,610,820.00
2025-05-02;ISA;21,660.00;21,800.00;21,646.16;21,200.00;-140.00;-0,64;84,490.00;1,828,883,660.00
2025-05-05;ISA;21,880.00;21,900.00;21,839.09;21,700.00;220.00;1,02;118,130.00;2,579,851,680.00
2025-05-06;ISA;22,000.00;22,000.00;21,812.67;20,560.00;120.00;0,55;121,943.00;2,659,902,620.00
2025-05-07;ISA;22,300.00;22,300.00;22,129.00;21,900.00;300.00;1,36;243,588.00;5,390,358,840.00
2025-05-08;ISA;22,000.00;22,320.00;22,096.92;21,760.00;-300.00;-1,35;334,640.00;7,394,514,660.00
2025-05-09;ISA;21,800.00;22,160.00;21,836.03;21,660.00;-200.00;-0,91;187,236.00;4,088,490,720.00
2025-05-12;ISA;22,400.00;22,400.00;22,207.33;21,600.00;600.00;2,75;130,958.00;2,908,228,060.00
2025-05-13;ISA;22,780.00;22,800.00;22,644.93;21,820.00;380.00;1,7;222,284.00;5,033,605,960.00
2025-05-14;ISA;22,320.00;22,740.00;22,377.14;22,280.00;-460.00;-2,02;248,733.00;5,565,932,500.00
2025-05-15;ISA;21,200.00;22,260.00;21,426.06;21,200.00;-1,120.00;-5,02;264,342.00;5,663,806,820.00
2025-05-16;ISA;21,000.00;21,260.00;21,095.29;20,900.00;-200.00;-0,94;478,460.00;10,093,250,260.00
2025-05-19;ISA;20,900.00;21,300.00;20,903.14;20,760.00;-100.00;-0,48;310,040.00;6,480,809,360.00
2025-05-20;ISA;21,200.00;21,400.00;21,155.00;20,920.00;300.00;1,44;155,834.00;3,296,668,820.00
2025-05-21;ISA;20,500.00;21,000.00;20,687.39;20,320.00;-700.00;-3,3;355,298.00;7,350,186,560.00
2025-05-22;ISA;20,400.00;20,500.00;20,244.76;19,960.00;-100.00;-0,49;291,057.00;5,892,377,660.00
2025-05-23;ISA;20,200.00;20,580.00;20,245.75;20,100.00;-200.00;-0,98;552,802.00;11,191,888,380.00
2025-05-26;ISA;20,200.00;20,200.00;20,168.72;19,920.00;0.00;0;24,457.00;493,266,340.00
2025-05-27;ISA;19,500.00;20,180.00;19,720.52;19,500.00;-700.00;-3,47;574,926.00;11,337,839,740.00
2025-05-28;ISA;20,100.00;20,100.00;19,975.71;19,580.00;600.00;3,08;271,693.00;5,427,261,600.00
2025-05-29;ISA;19,500.00;20,220.00;19,821.60;19,500.00;-600.00;-2,99;417,436.00;8,274,249,680.00
2025-05-30;ISA;19,320.00;19,640.00;19,328.96;19,200.00;-180.00;-0,92;3,197,978.00;61,813,573,440.00
2025-06-03;ISA;19,600.00;19,600.00;19,480.04;19,400.00;280.00;1,45;297,000.00;5,785,570,780.00
2025-06-04;ISA;20,120.00;20,120.00;19,881.49;19,580.00;520.00;2,65;433,556.00;8,619,738,560.00
2025-06-05;ISA;20,000.00;20,000.00;19,945.94;19,780.00;-120.00;-0,6;342,880.00;6,839,063,740.00
2025-06-06;ISA;19,800.00;20,000.00;19,813.93;19,700.00;-200.00;-1;158,716.00;3,144,787,740.00
2025-06-09;ISA;19,500.00;19,800.00;19,582.17;19,440.00;-300.00;-1,52;126,851.00;2,484,018,420.00
2025-06-10;ISA;19,380.00;19,820.00;19,502.58;19,380.00;-120.00;-0,62;194,298.00;3,789,311,360.00
2025-06-11;ISA;19,500.00;19,680.00;19,504.18;19,380.00;120.00;0,62;165,325.00;3,224,528,460.00
2025-06-12;ISA;19,000.00;19,600.00;19,204.29;19,000.00;-500.00;-2,56;169,455.00;3,254,263,000.00
2025-06-13;ISA;19,200.00;19,300.00;19,160.10;19,060.00;200.00;1,05;298,451.00;5,718,349,740.00
2025-06-16;ISA;19,080.00;19,320.00;19,107.41;19,020.00;-120.00;-0,62;313,847.00;5,996,802,320.00
2025-06-17;ISA;19,200.00;19,500.00;19,238.41;19,000.00;120.00;0,63;437,726.00;8,421,152,180.00
2025-06-18;ISA;19,220.00;19,440.00;19,194.05;19,100.00;20.00;0,1;334,237.00;6,415,361,880.00
2025-06-19;ISA;19,220.00;19,440.00;19,290.91;19,220.00;0.00;0;65,049.00;1,254,854,300.00
2025-06-20;ISA;19,400.00;19,480.00;19,394.92;19,240.00;180.00;0,94;2,445,852.00;47,437,114,760.00
2025-06-24;ISA;19,540.00;19,620.00;19,547.58;19,500.00;140.00;0,72;451,655.00;8,828,762,460.00
2025-06-25;ISA;19,540.00;19,740.00;19,628.47;19,500.00;0.00;0;251,408.00;4,934,753,300.00
2025-06-26;ISA;19,860.00;19,860.00;19,708.40;19,580.00;320.00;1,64;357,442.00;7,044,608,780.00
2025-06-27;ISA;19,780.00;19,840.00;19,777.56;19,600.00;-80.00;-0,4;233,496.00;4,617,981,980.00
2024-07-02;ISA;18,200.00;18,400.00;18,225.14;18,200.00;0;0;369,708.00;6,737,981,360.00
2024-07-03;ISA;18,300.00;18,480.00;18,354.20;18,260.00;100;0,55;140,773.00;2,583,775,320.00
2024-07-04;ISA;18,380.00;18,480.00;18,369.41;18,300.00;80;0,44;75,726.00;1,391,041,900.00
2024-07-05;ISA;18,320.00;18,360.00;18,318.19;18,240.00;-60;-0,33;278,229.00;5,096,651,600.00
2024-07-08;ISA;18,400.00;18,400.00;18,382.39;18,300.00;80;0,44;199,408.00;3,665,595,100.00
2024-07-09;ISA;18,280.00;18,340.00;18,283.52;18,200.00;-120;-0,65;133,964.00;2,449,333,520.00
2024-07-10;ISA;18,100.00;18,380.00;18,185.78;18,100.00;-180;-0,98;201,467.00;3,663,834,320.00
2024-07-11;ISA;18,140.00;18,280.00;18,194.70;18,120.00;40;0,22;136,472.00;2,483,067,360.00
2024-07-12;ISA;18,260.00;18,300.00;18,244.92;18,120.00;120;0,66;180,494.00;3,293,099,320.00
2024-07-15;ISA;18,380.00;18,380.00;18,257.85;18,140.00;120;0,66;131,728.00;2,405,070,420.00
2024-07-16;ISA;18,460.00;18,460.00;18,402.17;18,360.00;80;0,44;147,937.00;2,722,361,200.00
2024-07-17;ISA;18,400.00;18,460.00;18,386.49;18,300.00;-60;-0,33;142,496.00;2,620,000,680.00
2024-07-18;ISA;18,200.00;18,200.00;18,124.52;18,000.00;-200;-1,09;120,388.00;2,181,974,760.00
2024-07-19;ISA;18,300.00;18,300.00;18,210.61;18,080.00;100;0,55;209,263.00;3,810,807,300.00
2024-07-22;ISA;18,300.00;18,360.00;18,228.66;18,120.00;0;0;232,307.00;4,234,644,880.00
2024-07-23;ISA;18,300.00;18,340.00;18,281.63;18,180.00;0;0;139,601.00;2,552,134,260.00
2024-07-24;ISA;18,380.00;18,380.00;18,323.51;18,180.00;80;0,44;148,480.00;2,720,674,820.00
2024-07-25;ISA;18,260.00;18,260.00;18,188.33;18,140.00;-120;-0,65;47,784.00;869,110,980.00
2024-07-26;ISA;17,880.00;18,260.00;17,949.50;17,820.00;-380;-2,08;129,374.00;2,322,198,200.00
2024-07-29;ISA;18,000.00;18,020.00;17,878.94;17,620.00;120;0,67;133,598.00;2,388,590,380.00
2024-07-30;ISA;17,640.00;17,880.00;17,720.98;17,640.00;-360;-2;99,162.00;1,757,248,040.00
2024-07-31;ISA;17,500.00;17,760.00;17,564.18;17,500.00;-140;-0,79;281,830.00;4,950,113,100.00
2024-08-01;ISA;17,600.00;17,660.00;17,615.34;17,600.00;100;0,57;93,585.00;1,648,531,900.00
2024-08-02;ISA;17,100.00;17,640.00;17,266.33;17,060.00;-500;-2,84;225,178.00;3,887,998,560.00
2024-08-05;ISA;16,400.00;17,020.00;16,503.85;16,300.00;-700;-4,09;302,902.00;4,999,049,660.00
2024-08-06;ISA;16,740.00;16,960.00;16,691.75;16,580.00;340;2,07;538,418.00;8,987,137,960.00
2024-08-08;ISA;16,600.00;17,000.00;16,798.65;16,600.00;-140;-0,84;222,609.00;3,739,530,420.00
2024-08-09;ISA;16,440.00;16,900.00;16,559.03;16,440.00;-160;-0,96;270,548.00;4,480,012,920.00
2024-08-12;ISA;16,860.00;16,960.00;16,763.75;16,420.00;420;2,55;275,699.00;4,621,747,780.00
2024-08-13;ISA;17,460.00;17,480.00;17,325.52;16,980.00;600;3,56;322,768.00;5,592,122,340.00
2024-08-14;ISA;18,380.00;18,380.00;18,160.47;17,500.00;920;5,27;472,118.00;8,573,883,640.00
2024-08-15;ISA;18,260.00;18,300.00;18,100.16;17,700.00;-120;-0,65;382,236.00;6,918,533,380.00
2024-08-16;ISA;18,200.00;18,200.00;18,110.06;17,920.00;-60;-0,33;265,174.00;4,802,316,820.00
2024-08-20;ISA;18,120.00;18,120.00;17,983.63;17,840.00;-80;-0,44;220,234.00;3,960,606,980.00
2024-08-21;ISA;17,940.00;18,040.00;17,946.69;17,840.00;-180;-0,99;90,182.00;1,618,468,180.00
2024-08-22;ISA;17,680.00;17,800.00;17,681.20;17,280.00;-260;-1,45;342,861.00;6,062,194,840.00
2024-08-23;ISA;17,260.00;17,620.00;17,347.77;17,260.00;-420;-2,38;222,757.00;3,864,336,280.00
2024-08-26;ISA;17,200.00;17,240.00;17,136.57;17,020.00;-60;-0,35;152,954.00;2,621,107,020.00
2024-08-27;ISA;17,340.00;17,420.00;17,308.41;17,200.00;140;0,81;211,506.00;3,660,831,660.00
2024-08-28;ISA;17,440.00;17,440.00;17,373.54;17,240.00;100;0,58;217,317.00;3,775,566,600.00
2024-08-29;ISA;17,420.00;17,420.00;17,310.69;17,160.00;-20;-0,11;168,608.00;2,918,720,480.00
2024-08-30;ISA;18,160.00;18,160.00;18,098.76;17,260.00;740;4,25;1,439,352.00;26,050,484,840.00
2024-09-02;ISA;17,940.00;18,060.00;17,979.48;17,520.00;-220;-1,21;224,386.00;4,034,344,680.00
2024-09-03;ISA;18,000.00;18,000.00;17,933.03;17,840.00;60;0,33;178,043.00;3,192,851,040.00
2024-09-04;ISA;17,420.00;17,860.00;17,637.07;17,420.00;-580;-3,22;111,500.00;1,966,533,400.00
2024-09-05;ISA;17,380.00;17,520.00;17,454.84;17,380.00;-40;-0,23;270,427.00;4,720,259,760.00
2024-09-06;ISA;17,320.00;17,560.00;17,443.60;17,320.00;-60;-0,35;183,277.00;3,197,011,480.00
2024-09-09;ISA;17,480.00;17,540.00;17,421.28;17,180.00;160;0,92;125,849.00;2,192,450,240.00
2024-09-10;ISA;17,160.00;17,500.00;17,241.68;17,160.00;-320;-1,83;84,146.00;1,450,818,500.00
2024-09-11;ISA;16,840.00;17,460.00;17,122.15;16,840.00;-320;-1,86;204,849.00;3,507,455,420.00
2024-09-12;ISA;17,020.00;17,140.00;16,989.39;16,900.00;180;1,07;108,359.00;1,840,953,700.00
2024-09-13;ISA;16,960.00;17,180.00;17,005.18;16,960.00;-60;-0,35;94,773.00;1,611,632,060.00
2024-09-16;ISA;16,800.00;16,980.00;16,850.34;16,800.00;-160;-0,94;86,611.00;1,459,424,700.00
2024-09-17;ISA;16,780.00;16,940.00;16,784.05;16,620.00;-20;-0,12;68,038.00;1,141,953,180.00
2024-09-18;ISA;16,780.00;16,900.00;16,783.59;16,680.00;0;0;71,678.00;1,203,014,340.00
2024-09-19;ISA;17,300.00;17,300.00;17,148.35;16,780.00;520;3,1;108,540.00;1,861,281,760.00
2024-09-20;ISA;17,480.00;17,480.00;17,304.78;17,040.00;180;1,04;1,058,189.00;18,311,729,880.00
2024-09-23;ISA;17,340.00;17,480.00;17,422.68;17,100.00;-140;-0,8;521,134.00;9,079,550,520.00
2024-09-24;ISA;17,560.00;17,640.00;17,578.24;17,480.00;220;1,27;258,481.00;4,543,641,240.00
2024-09-25;ISA;17,240.00;17,500.00;17,307.70;17,160.00;-320;-1,82;274,753.00;4,755,343,180.00
2024-09-26;ISA;17,700.00;17,700.00;17,542.87;17,260.00;460;2,67;123,316.00;2,163,316,780.00
2024-09-27;ISA;17,280.00;17,580.00;17,347.14;17,160.00;-420;-2,37;228,914.00;3,971,002,320.00
2024-09-30;ISA;17,080.00;17,500.00;17,120.34;17,000.00;-200;-1,16;200,389.00;3,430,728,000.00
2024-10-01;ISA;16,720.00;17,080.00;16,873.99;16,720.00;-360;-2,11;149,678.00;2,525,664,940.00
2024-10-02;ISA;17,080.00;17,080.00;16,944.25;16,720.00;360;2,15;209,262.00;3,545,786,820.00
2024-10-03;ISA;17,080.00;17,140.00;17,043.48;16,860.00;0;0;251,611.00;4,288,326,480.00
2024-10-04;ISA;17,460.00;17,500.00;17,412.68;17,140.00;380;2,22;700,999.00;12,206,273,580.00
2024-10-07;ISA;17,700.00;17,700.00;17,553.77;17,380.00;240;1,37;202,116.00;3,547,898,780.00
2024-10-08;ISA;17,200.00;17,700.00;17,441.29;17,180.00;-500;-2,82;443,634.00;7,737,548,340.00
2024-10-09;ISA;17,040.00;17,360.00;17,143.41;17,020.00;-160;-0,93;137,874.00;2,363,631,000.00
2024-10-10;ISA;17,020.00;17,140.00;17,029.54;16,960.00;-20;-0,12;365,912.00;6,231,314,140.00
2024-10-11;ISA;17,500.00;17,500.00;17,122.01;16,960.00;480;2,82;264,507.00;4,528,890,180.00
2024-10-15;ISA;17,520.00;17,580.00;17,442.00;17,120.00;20;0,11;299,367.00;5,221,558,260.00
2024-10-16;ISA;17,600.00;17,600.00;17,567.95;17,200.00;80;0,46;99,540.00;1,748,713,640.00
2024-10-17;ISA;18,000.00;18,000.00;17,730.28;17,260.00;400;2,27;146,261.00;2,593,248,200.00
2024-10-18;ISA;18,020.00;18,100.00;17,973.97;17,720.00;20;0,11;277,165.00;4,981,754,960.00
2024-10-21;ISA;18,420.00;18,420.00;18,223.94;17,820.00;400;2,22;143,277.00;2,611,071,460.00
2024-10-22;ISA;18,100.00;18,280.00;18,088.49;18,000.00;-320;-1,74;157,400.00;2,847,128,240.00
2024-10-23;ISA;17,740.00;18,000.00;17,774.79;17,600.00;-360;-1,99;177,590.00;3,156,624,180.00
2024-10-24;ISA;18,180.00;18,180.00;18,084.87;17,780.00;440;2,48;42,417.00;767,105,800.00
2024-10-25;ISA;17,900.00;18,200.00;17,997.37;17,860.00;-280;-1,54;151,356.00;2,724,010,200.00
2024-10-28;ISA;18,000.00;18,000.00;17,957.76;17,800.00;100;0,56;161,154.00;2,893,964,340.00
2024-10-29;ISA;18,000.00;18,000.00;17,882.82;17,700.00;0;0;105,196.00;1,881,201,420.00
2024-10-30;ISA;17,920.00;18,000.00;17,904.69;17,760.00;-80;-0,44;439,985.00;7,877,795,680.00
2024-10-31;ISA;17,580.00;17,840.00;17,658.31;17,580.00;-340;-1,9;241,433.00;4,263,297,680.00
2024-11-01;ISA;17,440.00;17,860.00;17,644.75;17,440.00;-140;-0,8;180,410.00;3,183,289,340.00
2024-11-05;ISA;17,280.00;17,700.00;17,412.65;17,200.00;-160;-0,92;266,648.00;4,643,048,820.00
2024-11-06;ISA;17,980.00;17,980.00;17,681.58;17,320.00;700;4,05;543,311.00;9,606,597,340.00
2024-11-07;ISA;17,700.00;17,980.00;17,776.20;17,680.00;-280;-1,56;155,378.00;2,762,031,080.00
2024-11-08;ISA;17,400.00;17,580.00;17,443.60;17,400.00;-300;-1,69;99,744.00;1,739,894,920.00
2024-11-12;ISA;17,340.00;17,340.00;17,280.96;17,080.00;-60;-0,34;251,857.00;4,352,331,580.00
2024-11-13;ISA;17,000.00;17,340.00;17,081.38;17,000.00;-340;-1,96;179,642.00;3,068,532,780.00
2024-11-14;ISA;17,040.00;17,260.00;17,090.82;17,040.00;40;0,24;226,548.00;3,871,891,340.00
2024-11-15;ISA;16,980.00;17,100.00;16,987.65;16,920.00;-60;-0,35;355,957.00;6,046,874,560.00
2024-11-18;ISA;17,000.00;17,060.00;16,959.17;16,820.00;20;0,12;222,505.00;3,773,499,760.00
2024-11-19;ISA;16,920.00;17,180.00;17,032.26;16,920.00;-80;-0,47;246,799.00;4,203,544,860.00
2024-11-20;ISA;17,300.00;17,680.00;17,451.38;17,000.00;380;2,25;461,120.00;8,047,179,720.00
2024-11-21;ISA;17,240.00;17,660.00;17,366.86;17,240.00;-60;-0,35;345,992.00;6,008,794,940.00
2024-11-22;ISA;17,240.00;17,340.00;17,180.78;17,080.00;0;0;253,322.00;4,352,269,780.00
2024-11-25;ISA;16,700.00;17,240.00;16,747.05;16,700.00;-540;-3,13;3,275,998.00;54,863,311,940.00
2024-11-26;ISA;16,980.00;17,160.00;17,024.67;16,940.00;280;1,68;143,427.00;2,441,797,840.00
2024-11-27;ISA;17,300.00;17,300.00;17,161.44;16,920.00;320;1,88;229,225.00;3,933,829,940.00
2024-11-28;ISA;16,980.00;17,280.00;17,050.73;16,980.00;-320;-1,85;98,810.00;1,684,782,940.00
2024-11-29;ISA;16,800.00;17,040.00;16,834.01;16,780.00;-180;-1,06;348,018.00;5,858,537,200.00
2024-12-02;ISA;17,220.00;17,220.00;17,108.81;16,920.00;420;2,5;163,460.00;2,796,606,740.00
2024-12-03;ISA;16,960.00;17,420.00;17,018.85;16,900.00;-260;-1,51;460,885.00;7,843,734,540.00
2024-12-04;ISA;16,800.00;17,220.00;16,922.31;16,800.00;-160;-0,94;238,521.00;4,036,326,120.00
2024-12-05;ISA;17,160.00;17,160.00;17,012.52;16,920.00;360;2,14;305,117.00;5,190,808,460.00
2024-12-06;ISA;16,880.00;17,200.00;17,008.29;16,880.00;-280;-1,63;104,920.00;1,784,509,920.00
2024-12-09;ISA;16,820.00;17,080.00;16,851.71;16,760.00;-60;-0,36;271,768.00;4,579,755,320.00
2024-12-10;ISA;16,760.00;17,060.00;16,881.94;16,760.00;-60;-0,36;221,554.00;3,740,261,420.00
2024-12-11;ISA;16,920.00;17,060.00;16,979.93;16,700.00;160;0,95;341,130.00;5,792,363,340.00
2024-12-12;ISA;16,800.00;16,880.00;16,783.35;16,620.00;-120;-0,71;115,655.00;1,941,078,900.00
2024-12-13;ISA;16,800.00;16,900.00;16,793.43;16,700.00;0;0;188,860.00;3,171,607,160.00
2024-12-16;ISA;16,780.00;16,880.00;16,781.11;16,720.00;-20;-0,12;175,549.00;2,945,907,260.00
2024-12-17;ISA;16,500.00;16,780.00;16,578.94;16,500.00;-280;-1,67;100,813.00;1,671,373,140.00
2024-12-18;ISA;16,300.00;16,580.00;16,479.51;16,300.00;-200;-1,21;659,890.00;10,874,664,680.00
2024-12-19;ISA;16,240.00;16,560.00;16,296.31;16,100.00;-60;-0,37;736,196.00;11,997,281,480.00
2024-12-20;ISA;16,200.00;16,500.00;16,214.47;16,200.00;-40;-0,25;824,849.00;13,374,489,540.00
2024-12-23;ISA;16,500.00;16,500.00;16,284.25;16,000.00;300;1,85;217,773.00;3,546,269,160.00
2024-12-24;ISA;16,500.00;16,500.00;16,499.04;16,500.00;0;;6,736.00;111,137,500.00
2024-12-26;ISA;16,700.00;16,700.00;16,525.55;16,320.00;200;1,21;29,359.00;485,173,560.00
2024-12-27;ISA;16,500.00;16,880.00;16,657.69;16,500.00;-200;-1,2;69,021.00;1,149,730,740.00
2024-12-30;ISA;16,700.00;16,800.00;16,681.87;16,500.00;200;1,21;157,139.00;2,621,371,760.00
2024-01-02;ISA;16,320.00;16,340.00;15,916.38;15,420.00;840;5,43;333,946.00;5,315,213,000.00
2024-01-03;ISA;16,160.00;16,380.00;16,253.86;16,060.00;-160;-0,98;349,464.00;5,680,138,780.00
2024-01-04;ISA;16,600.00;16,780.00;16,573.94;16,320.00;440;2,72;590,039.00;9,779,268,940.00
2024-01-05;ISA;17,000.00;17,120.00;16,986.86;16,620.00;400;2,41;414,704.00;7,044,517,780.00
2024-01-09;ISA;17,660.00;17,740.00;17,469.97;16,880.00;660;3,88;247,113.00;4,317,057,340.00
2024-01-10;ISA;17,400.00;17,940.00;17,667.54;17,320.00;-260;-1,47;209,076.00;3,693,858,840.00
2024-01-11;ISA;17,400.00;17,580.00;17,403.54;17,340.00;0;0;312,386.00;5,436,623,340.00
2024-01-12;ISA;17,700.00;17,700.00;17,585.46;17,400.00;300;1,72;305,426.00;5,371,057,500.00
2024-01-15;ISA;17,480.00;17,660.00;17,524.97;17,400.00;-220;-1,24;117,841.00;2,065,159,760.00
2024-01-16;ISA;18,040.00;18,060.00;17,890.80;17,540.00;560;3,2;415,951.00;7,441,697,000.00
2024-01-17;ISA;17,400.00;18,140.00;17,714.53;17,400.00;-640;-3,55;554,381.00;9,820,599,780.00
2024-01-18;ISA;17,020.00;17,640.00;17,400.71;17,020.00;-380;-2,18;807,275.00;14,047,158,960.00
2024-01-19;ISA;17,220.00;17,220.00;16,936.38;16,700.00;200;1,18;325,771.00;5,517,381,220.00
2024-01-22;ISA;17,000.00;17,220.00;17,040.90;16,800.00;-220;-1,28;266,958.00;4,549,204,480.00
2024-01-23;ISA;16,880.00;17,360.00;17,132.11;16,880.00;-120;-0,71;328,638.00;5,630,263,720.00
2024-01-24;ISA;16,740.00;16,960.00;16,793.34;16,720.00;-140;-0,83;198,773.00;3,338,063,100.00
2024-01-25;ISA;16,900.00;16,980.00;16,742.81;16,540.00;160;0,96;301,519.00;5,048,275,580.00
2024-01-26;ISA;17,100.00;17,280.00;17,125.41;16,860.00;200;1,18;329,697.00;5,646,196,400.00
2024-01-29;ISA;17,100.00;17,220.00;17,103.13;17,020.00;0;0;263,521.00;4,507,034,080.00
2024-01-30;ISA;16,800.00;17,160.00;16,859.06;16,800.00;-300;-1,75;510,066.00;8,599,231,520.00
2024-01-31;ISA;16,860.00;17,160.00;17,004.71;16,800.00;60;0,36;315,020.00;5,356,824,220.00
2024-02-01;ISA;16,960.00;17,000.00;16,950.86;16,880.00;100;0,59;241,892.00;4,100,277,500.00
2024-02-02;ISA;16,960.00;16,960.00;16,924.49;16,760.00;0;0;86,731.00;1,467,877,960.00
2024-02-05;ISA;16,880.00;16,940.00;16,881.35;16,860.00;-80;-0,47;120,010.00;2,025,930,500.00
2024-02-06;ISA;16,820.00;16,820.00;16,785.86;16,700.00;-60;-0,36;133,552.00;2,241,785,660.00
2024-02-07;ISA;16,760.00;16,860.00;16,801.38;16,740.00;-60;-0,36;228,412.00;3,837,637,940.00
2024-02-08;ISA;16,300.00;16,760.00;16,604.43;16,300.00;-460;-2,74;269,162.00;4,469,280,400.00
2024-02-09;ISA;16,140.00;16,520.00;16,302.71;16,140.00;-160;-0,98;235,899.00;3,845,792,780.00
2024-02-12;ISA;16,220.00;16,440.00;16,312.08;16,220.00;80;0,5;70,394.00;1,148,272,480.00
2024-02-13;ISA;16,000.00;16,220.00;16,029.38;16,000.00;-220;-1,36;312,107.00;5,002,880,740.00
2024-02-14;ISA;16,600.00;16,620.00;16,353.63;16,120.00;600;3,75;301,394.00;4,928,884,580.00
2024-02-15;ISA;16,600.00;16,820.00;16,674.02;16,560.00;0;0;77,007.00;1,284,016,060.00
2024-02-16;ISA;16,800.00;16,800.00;16,765.56;16,640.00;200;1,2;115,617.00;1,938,383,180.00
2024-02-19;ISA;16,600.00;16,600.00;16,294.30;16,000.00;-200;-1,19;228,343.00;3,720,690,400.00
2024-02-20;ISA;16,800.00;16,800.00;16,560.89;16,320.00;200;1,2;177,819.00;2,944,840,940.00
2024-02-21;ISA;17,140.00;17,180.00;16,791.43;16,640.00;340;2,02;797,793.00;13,396,082,060.00
2024-02-22;ISA;17,100.00;17,320.00;17,166.23;17,100.00;-40;-0,23;282,119.00;4,842,920,860.00
2024-02-23;ISA;17,100.00;17,140.00;17,115.34;17,060.00;0;0;499,888.00;8,555,752,240.00
2024-02-26;ISA;17,200.00;17,400.00;17,191.91;16,960.00;100;0,58;185,033.00;3,181,070,660.00
2024-02-27;ISA;17,340.00;17,400.00;17,291.64;17,180.00;140;0,81;134,540.00;2,326,417,700.00
2024-02-28;ISA;17,160.00;17,440.00;17,367.18;17,160.00;-180;-1,04;192,055.00;3,335,453,960.00
2024-02-29;ISA;16,720.00;17,180.00;16,744.09;16,680.00;-440;-2,56;1,369,569.00;22,932,182,000.00
2024-03-01;ISA;16,860.00;17,140.00;16,988.91;16,720.00;140;0,84;210,754.00;3,580,481,320.00
2024-03-04;ISA;16,900.00;16,980.00;16,875.74;16,600.00;40;0,24;153,555.00;2,591,354,000.00
2024-03-05;ISA;17,200.00;17,200.00;17,151.81;16,900.00;300;1,78;266,136.00;4,564,713,360.00
2024-03-06;ISA;17,740.00;17,980.00;17,744.39;17,280.00;540;3,14;612,659.00;10,871,260,740.00
2024-03-07;ISA;17,980.00;18,100.00;17,973.42;17,380.00;240;1,35;461,027.00;8,286,230,660.00
2024-03-08;ISA;18,200.00;18,480.00;18,247.53;18,000.00;220;1,22;840,251.00;15,332,505,100.00
2024-03-11;ISA;18,400.00;18,400.00;18,247.19;17,980.00;200;1,1;293,109.00;5,348,414,260.00
2024-03-12;ISA;17,640.00;18,240.00;17,739.99;17,080.00;-760;-4,13;1,339,219.00;23,757,733,960.00
2024-03-13;ISA;18,500.00;18,500.00;18,313.98;17,500.00;860;4,88;388,119.00;7,108,003,660.00
2024-03-14;ISA;19,200.00;19,200.00;18,633.32;18,280.00;700;3,78;641,999.00;11,962,574,860.00
2024-03-15;ISA;19,960.00;19,960.00;19,726.51;18,680.00;760;3,96;2,310,908.00;45,586,158,440.00
2024-03-18;ISA;19,700.00;20,340.00;19,816.54;19,000.00;-260;-1,3;510,175.00;10,109,904,420.00
2024-03-19;ISA;19,300.00;19,660.00;19,546.86;19,300.00;-400;-2,03;120,885.00;2,362,922,140.00
2024-03-20;ISA;19,100.00;19,460.00;19,134.98;18,980.00;-200;-1,04;230,860.00;4,417,501,860.00
2024-03-21;ISA;19,340.00;19,340.00;19,150.51;18,940.00;240;1,26;511,136.00;9,788,514,760.00
2024-03-22;ISA;19,420.00;19,420.00;19,384.04;19,240.00;80;0,41;157,004.00;3,043,371,700.00
2024-03-26;ISA;19,400.00;19,500.00;19,433.42;19,300.00;-20;-0,1;162,065.00;3,149,476,880.00
2024-03-27;ISA;19,780.00;19,780.00;19,586.94;19,260.00;380;1,96;120,625.00;2,362,674,980.00
2024-04-01;ISA;19,600.00;19,720.00;19,610.38;19,440.00;-180;-0,91;219,905.00;4,312,421,300.00
2024-04-02;ISA;19,860.00;19,980.00;19,713.66;19,560.00;260;1,33;438,854.00;8,651,419,700.00
2024-04-03;ISA;19,600.00;19,860.00;19,724.08;19,600.00;-260;-1,31;160,918.00;3,173,958,780.00
2024-04-04;ISA;19,640.00;19,800.00;19,698.31;19,640.00;40;0,2;483,991.00;9,533,805,600.00
2024-04-05;ISA;19,200.00;19,720.00;19,589.78;19,200.00;-440;-2,24;363,594.00;7,122,725,400.00
2024-04-08;ISA;19,200.00;19,580.00;19,264.18;19,100.00;0;0;566,399.00;10,911,210,260.00
2024-04-09;ISA;19,680.00;19,980.00;19,726.69;19,300.00;480;2,5;802,037.00;15,821,531,700.00
2024-04-10;ISA;19,800.00;20,140.00;19,863.63;19,740.00;120;0,61;1,261,186.00;25,051,726,800.00
2024-04-11;ISA;19,700.00;20,000.00;19,721.50;19,700.00;-100;-0,51;1,671,828.00;32,970,955,500.00
2024-04-12;ISA;19,000.00;19,800.00;19,206.35;19,000.00;-700;-3,55;242,744.00;4,662,227,220.00
2024-04-15;ISA;18,600.00;19,100.00;18,818.05;18,600.00;-400;-2,11;460,631.00;8,668,178,680.00
2024-04-16;ISA;18,500.00;19,020.00;18,615.88;18,500.00;-100;-0,54;397,824.00;7,405,842,360.00
2024-04-17;ISA;18,400.00;18,800.00;18,508.99;18,340.00;-100;-0,54;562,475.00;10,410,841,360.00
2024-04-18;ISA;17,980.00;18,400.00;18,085.69;17,860.00;-420;-2,28;402,311.00;7,276,074,000.00
2024-04-19;ISA;18,000.00;18,280.00;18,047.92;17,920.00;20;0,11;548,947.00;9,907,353,500.00
2024-04-22;ISA;18,100.00;18,560.00;18,264.40;18,080.00;100;0,56;345,702.00;6,314,038,180.00
2024-04-23;ISA;17,900.00;18,240.00;17,980.79;17,840.00;-200;-1,1;269,107.00;4,838,756,720.00
2024-04-24;ISA;18,200.00;18,300.00;18,040.64;17,700.00;300;1,68;1,238,924.00;22,350,978,420.00
2024-04-25;ISA;17,900.00;18,280.00;17,985.51;17,900.00;-300;-1,65;401,738.00;7,225,464,500.00
2024-04-26;ISA;18,060.00;18,180.00;18,048.49;17,940.00;160;0,89;474,192.00;8,558,451,880.00
2024-04-29;ISA;18,780.00;18,780.00;18,618.51;18,160.00;720;3,99;443,960.00;8,265,874,060.00
2024-04-30;ISA;18,100.00;18,880.00;18,505.20;18,100.00;-680;-3,62;615,670.00;11,393,096,380.00
2024-05-02;ISA;18,800.00;18,800.00;18,450.59;18,100.00;700;3,87;757,800.00;13,981,859,040.00
2024-05-03;ISA;19,100.00;19,100.00;18,833.61;18,600.00;300;1,6;537,898.00;10,130,563,100.00
2024-05-06;ISA;19,000.00;19,120.00;18,987.88;18,880.00;-100;-0,52;244,289.00;4,638,529,620.00
2024-05-07;ISA;18,760.00;19,180.00;18,951.31;18,760.00;-240;-1,26;473,189.00;8,967,549,320.00
2024-05-08;ISA;18,760.00;18,900.00;18,748.72;18,580.00;0;0;641,427.00;12,025,937,500.00
2024-05-09;ISA;18,740.00;19,000.00;18,810.57;18,720.00;-20;-0,11;456,948.00;8,595,452,480.00
2024-05-10;ISA;18,680.00;18,880.00;18,792.66;18,680.00;-60;-0,32;389,945.00;7,328,102,660.00
2024-05-14;ISA;18,800.00;18,860.00;18,786.03;18,720.00;120;0,64;453,803.00;8,525,158,280.00
2024-05-15;ISA;18,760.00;18,900.00;18,789.83;18,740.00;-40;-0,21;265,723.00;4,992,888,880.00
2024-05-16;ISA;18,760.00;18,900.00;18,791.98;18,720.00;0;0;418,874.00;7,871,470,960.00
2024-05-17;ISA;18,760.00;18,920.00;18,753.48;18,500.00;0;0;729,299.00;13,676,892,480.00
2024-05-20;ISA;18,760.00;18,960.00;18,863.11;18,760.00;0;0;891,597.00;16,818,295,860.00
2024-05-21;ISA;18,600.00;18,960.00;18,766.93;18,600.00;-160;-0,85;260,985.00;4,897,887,580.00
2024-05-22;ISA;18,440.00;18,700.00;18,594.86;18,440.00;-160;-0,86;300,968.00;5,596,456,360.00
2024-05-23;ISA;18,260.00;18,440.00;18,328.43;18,100.00;-180;-0,98;191,303.00;3,506,283,540.00
2024-05-24;ISA;18,580.00;18,580.00;18,432.23;18,200.00;320;1,75;194,875.00;3,591,980,660.00
2024-05-27;ISA;19,080.00;19,080.00;18,916.63;18,380.00;500;2,69;211,783.00;4,006,220,060.00
2024-05-28;ISA;18,320.00;18,860.00;18,435.00;18,320.00;-760;-3,98;414,909.00;7,648,848,960.00
2024-05-29;ISA;18,220.00;18,480.00;18,293.70;18,220.00;-100;-0,55;181,123.00;3,313,410,060.00
2024-05-30;ISA;18,840.00;18,840.00;18,606.69;18,300.00;620;3,4;411,322.00;7,653,342,400.00
2024-05-31;ISA;19,140.00;19,140.00;19,098.00;18,500.00;300;1,59;3,329,019.00;63,577,595,420.00
2024-06-04;ISA;19,000.00;19,180.00;19,008.62;18,740.00;-140;-0,73;276,882.00;5,263,144,340.00
2024-06-05;ISA;19,200.00;19,320.00;19,161.07;18,940.00;200;1,05;420,313.00;8,053,647,040.00
2024-06-06;ISA;19,060.00;19,100.00;19,061.86;19,000.00;-140;-0,73;192,304.00;3,665,672,140.00
2024-06-07;ISA;18,680.00;19,120.00;18,787.12;18,680.00;-380;-1,99;169,161.00;3,178,047,820.00
2024-06-11;ISA;18,200.00;18,800.00;18,455.34;18,200.00;-480;-2,57;630,125.00;11,629,168,540.00
2024-06-12;ISA;18,000.00;18,440.00;18,098.97;17,880.00;-200;-1,1;265,793.00;4,810,579,820.00
2024-06-13;ISA;17,700.00;18,140.00;17,884.06;17,700.00;-300;-1,67;248,231.00;4,439,377,240.00
2024-06-14;ISA;17,520.00;17,720.00;17,592.41;17,520.00;-180;-1,02;191,171.00;3,363,158,540.00
2024-06-17;ISA;17,600.00;17,860.00;17,606.01;17,500.00;80;0,46;382,291.00;6,730,618,840.00
2024-06-18;ISA;18,280.00;18,280.00;18,069.81;17,880.00;680;3,86;167,500.00;3,026,693,920.00
2024-06-19;ISA;17,720.00;18,340.00;18,000.84;17,720.00;-560;-3,06;185,060.00;3,331,236,080.00
2024-06-20;ISA;17,840.00;18,140.00;17,906.90;17,720.00;120;0,68;364,679.00;6,530,269,320.00
2024-06-21;ISA;17,740.00;18,060.00;17,768.84;17,740.00;-100;-0,56;414,186.00;7,359,606,180.00
2024-06-24;ISA;18,000.00;18,000.00;17,924.86;17,820.00;260;1,47;311,647.00;5,586,230,240.00
2024-06-25;ISA;17,740.00;17,880.00;17,772.02;17,740.00;-260;-1,44;185,931.00;3,304,368,660.00
2024-06-26;ISA;17,880.00;18,180.00;17,926.43;17,840.00;140;0,79;408,176.00;7,317,139,140.00
2024-06-27;ISA;18,020.00;18,100.00;18,009.20;17,940.00;140;0,78;135,684.00;2,443,560,920.00
2024-06-28;ISA;18,200.00;18,480.00;18,261.30;17,960.00;180;1;355,884.00;6,498,903,220.00
2023-07-04;ISA;16,790.00;17,030.00;16,877.90;16,750.00;-100.00;-0,59;53,473.00;902,511,810.00
2023-07-05;ISA;16,370.00;17,100.00;16,648.65;16,370.00;-420.00;-2,5;834,694.00;13,896,529,020.00
2023-07-06;ISA;16,420.00;16,490.00;16,393.65;16,240.00;50.00;0,31;379,541.00;6,222,060,910.00
2023-07-07;ISA;16,980.00;16,980.00;16,713.99;16,330.00;560.00;3,41;279,703.00;4,674,952,700.00
2023-07-10;ISA;16,750.00;16,970.00;16,755.99;16,620.00;-230.00;-1,35;129,993.00;2,178,161,180.00
2023-07-11;ISA;16,800.00;16,980.00;16,796.63;16,730.00;50.00;0,3;211,684.00;3,555,578,740.00
2023-07-12;ISA;16,970.00;16,980.00;16,892.40;16,750.00;170.00;1,01;470,887.00;7,954,409,880.00
2023-07-13;ISA;17,100.00;17,190.00;17,086.21;16,770.00;130.00;0,77;296,298.00;5,062,611,000.00
2023-07-14;ISA;17,100.00;17,200.00;17,084.00;16,950.00;0.00;0;512,540.00;8,756,233,860.00
2023-07-17;ISA;17,060.00;17,180.00;17,099.52;16,920.00;-40.00;-0,23;115,754.00;1,979,337,870.00
2023-07-18;ISA;17,270.00;17,400.00;17,241.82;16,990.00;210.00;1,23;82,071.00;1,415,053,320.00
2023-07-19;ISA;17,300.00;17,460.00;17,334.50;17,260.00;30.00;0,17;247,152.00;4,284,256,300.00
2023-07-21;ISA;17,310.00;17,510.00;17,278.55;17,200.00;10.00;0,06;192,379.00;3,324,029,320.00
2023-07-24;ISA;17,200.00;17,480.00;17,221.46;17,080.00;-110.00;-0,64;79,294.00;1,365,558,430.00
2023-07-25;ISA;17,250.00;17,250.00;17,191.00;17,060.00;50.00;0,29;111,484.00;1,916,521,880.00
2023-07-26;ISA;16,990.00;17,290.00;17,172.79;16,990.00;-260.00;-1,51;228,514.00;3,924,223,040.00
2023-07-27;ISA;17,230.00;17,230.00;17,124.78;16,870.00;240.00;1,41;199,869.00;3,422,711,960.00
2023-07-28;ISA;17,070.00;17,260.00;17,102.74;17,020.00;-160.00;-0,93;29,441.00;503,521,860.00
2023-07-31;ISA;;17,290.00;17,173.60;17,060.00;120.00;0,7;157,460.00;2,704,154,470.00
2023-08-01;ISA;17,140.00;17,290.00;17,159.49;17,100.00;-30.00;-0,17;104,246.00;1,788,808,360.00
2023-08-02;ISA;16,610.00;17,270.00;16,916.82;16,610.00;-530.00;-3,09;196,205.00;3,319,165,200.00
2023-08-03;ISA;16,830.00;17,290.00;16,887.47;16,680.00;220.00;1,32;64,767.00;1,093,750,910.00
2023-08-04;ISA;;17,140.00;16,798.36;16,700.00;-130.00;-0,77;7,013.00;117,806,910.00
2023-08-08;ISA;17,000.00;17,000.00;16,974.27;16,810.00;0.00;0;161,024.00;2,733,264,340.00
2023-08-09;ISA;17,000.00;17,000.00;16,973.30;16,850.00;0.00;0;372,041.00;6,314,764,150.00
2023-08-10;ISA;17,000.00;17,000.00;16,968.21;16,890.00;0.00;0;118,139.00;2,004,607,670.00
2023-08-11;ISA;16,820.00;17,000.00;16,886.41;16,820.00;-180.00;-1,06;104,315.00;1,761,505,930.00
2023-08-14;ISA;16,900.00;16,900.00;16,841.84;16,630.00;80.00;0,48;88,118.00;1,484,069,230.00
2023-08-15;ISA;16,900.00;16,990.00;16,770.67;16,690.00;0.00;0;54,953.00;921,598,660.00
2023-08-16;ISA;16,890.00;16,960.00;16,829.07;16,600.00;-10.00;-0,06;233,167.00;3,923,984,330.00
2023-08-17;ISA;16,500.00;17,000.00;16,695.18;16,460.00;-390.00;-2,31;673,660.00;11,246,877,080.00
2023-08-18;ISA;16,330.00;16,680.00;16,379.32;16,300.00;-170.00;-1,03;147,170.00;2,410,543,950.00
2023-08-22;ISA;15,640.00;16,580.00;15,882.35;15,640.00;-690.00;-4,23;296,569.00;4,710,213,340.00
2023-08-23;ISA;15,060.00;15,760.00;15,345.78;15,040.00;-580.00;-3,71;266,518.00;4,089,925,320.00
2023-08-24;ISA;15,300.00;15,600.00;15,299.79;15,170.00;240.00;1,59;142,391.00;2,178,552,110.00
2023-08-25;ISA;15,520.00;15,640.00;15,416.56;15,200.00;220.00;1,44;110,793.00;1,708,047,310.00
2023-08-28;ISA;15,970.00;15,970.00;15,800.88;15,700.00;450.00;2,9;76,990.00;1,216,510,110.00
2023-08-29;ISA;16,280.00;16,280.00;16,077.53;15,830.00;310.00;1,94;283,968.00;4,565,503,140.00
2023-08-30;ISA;16,640.00;16,640.00;16,458.03;16,290.00;360.00;2,21;88,387.00;1,454,676,290.00
2023-08-31;ISA;14,980.00;16,500.00;15,080.03;14,980.00;-1,660.00;-9,98;899,504.00;13,564,550,650.00
2023-09-01;ISA;15,550.00;15,690.00;15,325.76;15,270.00;570.00;3,81;660,817.00;10,127,520,890.00
2023-09-04;ISA;15,400.00;15,700.00;15,425.20;15,300.00;-150.00;-0,96;32,857.00;506,825,660.00
2023-09-05;ISA;14,010.00;15,390.00;14,696.77;14,010.00;-1,390.00;-9,03;409,157.00;6,013,286,920.00
2023-09-06;ISA;13,800.00;14,490.00;13,989.23;13,800.00;-210.00;-1,5;195,294.00;2,732,012,940.00
2023-09-07;ISA;14,400.00;14,640.00;14,227.43;13,800.00;600.00;4,35;179,901.00;2,559,529,240.00
2023-09-08;ISA;14,300.00;14,440.00;14,348.08;14,200.00;-100.00;-0,69;118,123.00;1,694,837,670.00
2023-09-11;ISA;14,300.00;14,500.00;14,307.49;14,120.00;0.00;0;677,189.00;9,688,875,220.00
2023-09-12;ISA;14,700.00;14,700.00;14,485.64;14,250.00;400.00;2,8;1,128,022.00;16,340,115,700.00
2023-09-13;ISA;14,710.00;14,750.00;14,703.26;14,650.00;10.00;0,07;636,761.00;9,362,464,670.00
2023-09-14;ISA;14,710.00;15,000.00;14,842.92;14,650.00;0.00;0;62,299.00;924,699,350.00
2023-09-15;ISA;15,300.00;15,300.00;15,253.35;14,850.00;590.00;4,01;2,319,191.00;35,375,433,490.00
2023-09-18;ISA;15,120.00;15,250.00;15,118.76;15,000.00;-180.00;-1,18;59,854.00;904,918,020.00
2023-09-19;ISA;15,200.00;15,400.00;15,205.30;14,900.00;80.00;0,53;391,767.00;5,956,934,080.00
2023-09-20;ISA;15,230.00;15,300.00;15,171.53;15,000.00;30.00;0,2;148,699.00;2,255,990,960.00
2023-09-21;ISA;15,220.00;15,280.00;15,120.12;14,710.00;-10.00;-0,07;301,972.00;4,565,852,270.00
2023-09-22;ISA;15,200.00;15,290.00;15,219.67;15,200.00;-20.00;-0,13;125,067.00;1,903,478,160.00
2023-09-25;ISA;14,840.00;15,260.00;15,059.51;14,840.00;-360.00;-2,37;516,277.00;7,774,876,530.00
2023-09-26;ISA;14,500.00;14,960.00;14,502.99;14,150.00;-340.00;-2,29;303,486.00;4,401,453,460.00
2023-09-27;ISA;15,300.00;15,300.00;14,691.15;14,300.00;800.00;5,52;557,509.00;8,190,448,780.00
2023-09-28;ISA;15,000.00;15,130.00;14,986.10;14,860.00;-300.00;-1,96;146,385.00;2,193,740,820.00
2023-09-29;ISA;14,920.00;14,990.00;14,906.78;14,810.00;-80.00;-0,53;178,828.00;2,665,750,140.00
2023-10-02;ISA;14,600.00;14,950.00;14,639.04;14,570.00;-320.00;-2,14;304,565.00;4,458,537,900.00
2023-10-03;ISA;14,150.00;14,600.00;14,368.88;14,150.00;-450.00;-3,08;275,865.00;3,963,869,940.00
2023-10-04;ISA;14,200.00;14,560.00;14,294.62;14,150.00;50.00;0,35;75,374.00;1,077,442,860.00
2023-10-05;ISA;14,010.00;14,540.00;14,092.05;13,910.00;-190.00;-1,34;181,297.00;2,554,846,840.00
2023-10-06;ISA;14,100.00;14,160.00;14,067.08;13,920.00;90.00;0,64;70,602.00;993,164,130.00
2023-10-09;ISA;14,100.00;14,320.00;14,130.81;14,100.00;0.00;0;48,391.00;683,803,970.00
2023-10-10;ISA;13,820.00;14,120.00;13,928.48;13,820.00;-280.00;-1,99;167,572.00;2,334,022,610.00
2023-10-11;ISA;14,390.00;14,390.00;14,141.80;13,890.00;570.00;4,12;336,706.00;4,761,628,210.00
2023-10-12;ISA;14,020.00;14,290.00;14,116.06;14,020.00;-370.00;-2,57;113,166.00;1,597,458,500.00
2023-10-13;ISA;14,260.00;14,330.00;14,268.26;14,200.00;240.00;1,71;118,157.00;1,685,895,020.00
2023-10-17;ISA;14,500.00;14,540.00;14,439.46;14,260.00;240.00;1,68;109,030.00;1,574,333,790.00
2023-10-18;ISA;14,600.00;14,800.00;14,763.32;14,500.00;100.00;0,69;200,362.00;2,958,008,440.00
2023-10-19;ISA;14,520.00;14,900.00;14,651.81;14,520.00;-80.00;-0,55;150,404.00;2,203,690,320.00
2023-10-20;ISA;15,000.00;15,000.00;14,957.98;14,700.00;480.00;3,31;267,701.00;4,004,265,220.00
2023-10-23;ISA;14,700.00;14,990.00;14,731.47;14,700.00;-300.00;-2;75,084.00;1,106,097,620.00
2023-10-24;ISA;14,700.00;14,850.00;14,718.79;14,660.00;0.00;0;45,517.00;669,955,240.00
2023-10-25;ISA;14,780.00;14,920.00;14,836.14;14,730.00;80.00;0,54;81,564.00;1,210,094,620.00
2023-10-26;ISA;13,820.00;14,800.00;14,172.51;13,820.00;-960.00;-6,5;280,505.00;3,975,460,400.00
2023-10-27;ISA;14,400.00;14,790.00;14,391.91;14,200.00;580.00;4,2;325,817.00;4,689,130,340.00
2023-10-30;ISA;14,410.00;14,990.00;14,482.63;14,400.00;10.00;0,07;114,894.00;1,663,966,970.00
2023-10-31;ISA;14,500.00;14,750.00;14,514.02;14,470.00;90.00;0,62;147,541.00;2,141,412,500.00
2023-11-01;ISA;14,400.00;14,800.00;14,486.59;14,400.00;-100.00;-0,69;130,996.00;1,897,685,110.00
2023-11-02;ISA;14,650.00;14,650.00;14,486.76;14,400.00;250.00;1,74;54,147.00;784,414,360.00
2023-11-03;ISA;14,650.00;14,740.00;14,681.52;14,510.00;0.00;0;185,328.00;2,720,896,570.00
2023-11-07;ISA;15,000.00;15,000.00;14,917.93;14,650.00;350.00;2,39;187,673.00;2,799,692,500.00
2023-11-08;ISA;15,100.00;15,100.00;15,032.39;14,900.00;100.00;0,67;65,701.00;987,643,340.00
2023-11-09;ISA;15,380.00;15,380.00;15,250.36;15,040.00;280.00;1,85;124,274.00;1,895,223,380.00
2023-11-10;ISA;14,940.00;15,400.00;15,064.59;14,940.00;-440.00;-2,86;197,106.00;2,969,320,680.00
2023-11-14;ISA;15,240.00;15,240.00;15,065.59;15,000.00;300.00;2,01;191,875.00;2,890,710,960.00
2023-11-15;ISA;15,100.00;15,380.00;15,186.51;15,100.00;-140.00;-0,92;410,070.00;6,227,530,580.00
2023-11-16;ISA;15,160.00;15,260.00;15,173.15;15,100.00;60.00;0,4;309,314.00;4,693,267,600.00
2023-11-17;ISA;15,860.00;15,900.00;15,668.87;15,300.00;700.00;4,62;229,176.00;3,590,929,440.00
2023-11-20;ISA;15,860.00;15,940.00;15,883.77;15,760.00;0.00;0;213,241.00;3,387,071,620.00
2023-11-21;ISA;15,600.00;15,800.00;15,617.01;15,460.00;-260.00;-1,64;117,724.00;1,838,496,500.00
2023-11-22;ISA;15,500.00;15,640.00;15,489.05;15,300.00;-100.00;-0,64;244,624.00;3,788,994,560.00
2023-11-23;ISA;15,240.00;15,480.00;15,203.72;15,100.00;-260.00;-1,68;252,668.00;3,841,494,380.00
2023-11-24;ISA;15,240.00;15,320.00;15,142.48;15,100.00;0.00;0;333,701.00;5,053,062,020.00
2023-11-27;ISA;15,120.00;15,240.00;15,115.84;15,100.00;-120.00;-0,79;342,329.00;5,174,590,760.00
2023-11-28;ISA;15,200.00;15,340.00;15,220.90;15,140.00;80.00;0,53;171,786.00;2,614,737,940.00
2023-11-29;ISA;15,160.00;15,260.00;15,112.45;15,040.00;-40.00;-0,26;568,118.00;8,585,656,980.00
2023-11-30;ISA;15,160.00;15,600.00;15,224.15;15,160.00;0.00;0;2,180,442.00;33,195,383,660.00
2023-12-01;ISA;15,220.00;15,400.00;15,226.79;15,160.00;60.00;0,4;236,859.00;3,606,601,620.00
2023-12-04;ISA;15,200.00;15,300.00;15,238.15;15,200.00;-20.00;-0,13;326,892.00;4,981,228,940.00
2023-12-05;ISA;15,300.00;15,480.00;15,244.83;15,180.00;100.00;0,66;315,082.00;4,803,371,300.00
2023-12-06;ISA;15,300.00;15,380.00;15,316.15;15,280.00;0.00;0;145,288.00;2,225,252,700.00
2023-12-07;ISA;15,800.00;15,800.00;15,483.56;15,200.00;500.00;3,27;279,730.00;4,331,216,200.00
2023-12-11;ISA;15,500.00;15,660.00;15,522.38;15,420.00;-300.00;-1,9;184,309.00;2,860,915,000.00
2023-12-12;ISA;15,500.00;15,520.00;15,459.49;15,320.00;0.00;0;152,471.00;2,357,123,560.00
2023-12-13;ISA;15,600.00;15,600.00;15,559.02;15,440.00;100.00;0,65;424,543.00;6,605,473,360.00
2023-12-14;ISA;15,060.00;15,440.00;15,206.76;15,000.00;-540.00;-3,46;581,016.00;8,835,370,360.00
2023-12-15;ISA;15,160.00;15,300.00;15,150.80;14,980.00;100.00;0,66;1,411,651.00;21,387,648,420.00
2023-12-18;ISA;15,160.00;15,300.00;15,125.76;15,000.00;0.00;0;126,705.00;1,916,509,620.00
2023-12-19;ISA;15,160.00;15,200.00;15,127.22;15,000.00;0.00;0;247,873.00;3,749,628,700.00
2023-12-20;ISA;14,840.00;15,260.00;14,986.33;14,840.00;-320.00;-2,11;310,935.00;4,659,773,360.00
2023-12-21;ISA;14,880.00;15,160.00;14,900.23;14,860.00;40.00;0,27;343,860.00;5,123,592,320.00
2023-12-22;ISA;15,040.00;15,280.00;15,132.17;15,040.00;160.00;1,08;144,570.00;2,187,657,480.00
2023-12-26;ISA;15,240.00;15,460.00;15,311.10;15,200.00;200.00;1,33;45,431.00;695,598,400.00
2023-12-27;ISA;15,520.00;15,600.00;15,481.48;15,160.00;280.00;1,84;462,650.00;7,162,505,240.00
2023-12-28;ISA;15,480.00;15,720.00;15,552.04;15,320.00;-40.00;-0,26;330,634.00;5,142,031,600.00
2023-01-02;ISA;20,410.00;20,720.00;20,584.46;20,410.00;-590.00;-2,81;11,412.00;234,909,890.00
2023-01-03;ISA;20,300.00;20,520.00;20,410.11;20,300.00;-110.00;-0,54;152,085.00;3,104,070,980.00
2023-01-04;ISA;21,320.00;21,320.00;21,064.85;20,460.00;1,020.00;5,02;112,159.00;2,362,612,650.00
2023-01-05;ISA;23,000.00;23,000.00;22,130.04;20,800.00;1,680.00;7,88;244,408.00;5,408,759,060.00
2023-01-06;ISA;22,000.00;22,700.00;22,036.98;22,000.00;-1,000.00;-4,35;50,274.00;1,107,886,930.00
2023-01-10;ISA;22,000.00;22,890.00;22,413.89;22,000.00;0.00;0;490,146.00;10,986,080,330.00
2023-01-11;ISA;22,000.00;22,300.00;21,953.26;21,750.00;0.00;0;205,603.00;4,513,656,800.00
2023-01-12;ISA;21,740.00;22,340.00;21,835.61;21,600.00;-260.00;-1,18;165,204.00;3,607,330,340.00
2023-01-13;ISA;21,460.00;21,820.00;21,480.57;21,170.00;-280.00;-1,29;269,341.00;5,785,598,720.00
2023-01-16;ISA;21,680.00;21,680.00;21,585.96;21,000.00;220.00;1,03;78,823.00;1,701,469,910.00
2023-01-17;ISA;21,680.00;21,700.00;21,389.36;21,020.00;0.00;0;473,694.00;10,132,013,030.00
2023-01-18;ISA;21,670.00;21,670.00;21,545.53;21,230.00;-10.00;-0,05;217,793.00;4,692,466,680.00
2023-01-19;ISA;21,790.00;21,790.00;21,567.18;21,400.00;120.00;0,55;255,714.00;5,515,030,660.00
2023-01-20;ISA;21,600.00;21,750.00;21,614.55;21,340.00;-190.00;-0,87;130,762.00;2,826,361,250.00
2023-01-23;ISA;21,500.00;21,600.00;21,499.57;21,210.00;-100.00;-0,46;162,553.00;3,494,819,390.00
2023-01-24;ISA;20,910.00;21,380.00;21,148.19;20,840.00;-590.00;-2,74;134,169.00;2,837,431,830.00
2023-01-25;ISA;20,980.00;20,980.00;20,857.87;20,710.00;70.00;0,33;239,530.00;4,996,086,110.00
2023-01-26;ISA;20,630.00;20,980.00;20,691.76;20,600.00;-350.00;-1,67;251,110.00;5,195,909,080.00
2023-01-27;ISA;19,560.00;20,490.00;19,625.84;18,580.00;-1,070.00;-5,19;593,402.00;11,646,014,820.00
2023-01-30;ISA;19,900.00;19,900.00;19,673.01;19,290.00;340.00;1,74;516,668.00;10,164,416,320.00
2023-01-31;ISA;19,040.00;19,610.00;19,109.48;18,620.00;-860.00;-4,32;692,967.00;13,242,239,670.00
2023-02-01;ISA;18,900.00;19,190.00;18,747.53;18,390.00;-140.00;-0,74;487,316.00;9,135,972,190.00
2023-02-02;ISA;19,000.00;19,330.00;19,037.49;18,630.00;100.00;0,53;311,543.00;5,930,998,030.00
2023-02-03;ISA;19,000.00;19,190.00;18,999.87;18,620.00;0.00;0;512,250.00;9,732,685,090.00
2023-02-06;ISA;19,000.00;19,040.00;18,964.25;18,800.00;0.00;0;84,198.00;1,596,751,830.00
2023-02-07;ISA;19,000.00;19,050.00;18,975.14;18,800.00;0.00;0;97,442.00;1,848,975,330.00
2023-02-08;ISA;19,000.00;19,250.00;18,909.93;18,630.00;0.00;0;208,517.00;3,943,042,210.00
2023-02-09;ISA;18,970.00;19,000.00;18,930.01;18,770.00;-30.00;-0,16;131,657.00;2,492,267,690.00
2023-02-10;ISA;18,700.00;18,900.00;18,809.40;18,700.00;-270.00;-1,42;292,967.00;5,510,534,950.00
2023-02-13;ISA;18,400.00;18,680.00;18,445.70;17,650.00;-300.00;-1,6;255,706.00;4,716,676,950.00
2023-02-14;ISA;18,100.00;18,170.00;18,074.23;17,940.00;-300.00;-1,63;279,726.00;5,055,832,730.00
2023-02-15;ISA;19,190.00;19,190.00;18,618.03;17,710.00;1,090.00;6,02;276,083.00;5,140,120,950.00
2023-02-16;ISA;18,800.00;19,080.00;18,816.17;18,500.00;-390.00;-2,03;502,016.00;9,446,017,930.00
2023-02-17;ISA;17,980.00;18,700.00;18,122.00;17,980.00;-820.00;-4,36;88,061.00;1,595,841,360.00
2023-02-20;ISA;18,010.00;18,200.00;18,050.45;17,930.00;30.00;0,17;40,325.00;727,884,510.00
2023-02-21;ISA;17,910.00;18,200.00;17,934.19;17,550.00;-100.00;-0,56;205,592.00;3,687,125,110.00
2023-02-22;ISA;17,890.00;18,300.00;18,040.08;17,780.00;-20.00;-0,11;95,431.00;1,721,582,580.00
2023-02-23;ISA;17,890.00;18,400.00;18,089.59;17,890.00;0.00;0;341,672.00;6,180,706,530.00
2023-02-24;ISA;18,170.00;18,170.00;17,999.33;17,780.00;280.00;1,57;186,004.00;3,347,946,970.00
2023-02-27;ISA;18,170.00;18,300.00;18,188.72;18,140.00;0.00;0;49,264.00;896,049,140.00
2023-02-28;ISA;17,210.00;17,950.00;17,395.55;17,210.00;-960.00;-5,28;834,359.00;14,514,133,540.00
2023-03-01;ISA;17,430.00;17,630.00;17,407.62;17,070.00;220.00;1,28;90,755.00;1,579,828,490.00
2023-03-02;ISA;16,810.00;17,400.00;16,941.11;16,810.00;-620.00;-3,56;63,989.00;1,084,044,730.00
2023-03-03;ISA;17,600.00;17,710.00;17,479.60;17,000.00;790.00;4,7;115,632.00;2,021,201,490.00
2023-03-06;ISA;18,250.00;18,250.00;18,059.01;17,600.00;650.00;3,69;106,521.00;1,923,663,440.00
2023-03-07;ISA;18,280.00;18,900.00;18,612.85;18,280.00;30.00;0,16;244,753.00;4,555,550,380.00
2023-03-08;ISA;18,400.00;18,760.00;18,430.64;18,010.00;120.00;0,66;132,869.00;2,448,860,470.00
2023-03-09;ISA;17,530.00;18,100.00;17,773.54;17,530.00;-870.00;-4,73;51,498.00;915,302,010.00
2023-03-10;ISA;17,500.00;17,690.00;17,462.38;17,350.00;-30.00;-0,17;234,544.00;4,095,696,700.00
2023-03-13;ISA;17,500.00;17,880.00;17,535.09;17,150.00;0.00;0;221,711.00;3,887,723,400.00
2023-03-14;ISA;17,490.00;17,590.00;17,465.25;17,200.00;-10.00;-0,06;115,324.00;2,014,162,600.00
2023-03-15;ISA;15,900.00;17,690.00;16,308.53;15,900.00;-1,590.00;-9,09;332,036.00;5,415,020,670.00
2023-03-16;ISA;15,820.00;16,300.00;15,949.81;15,580.00;-80.00;-0,5;573,747.00;9,151,153,660.00
2023-03-17;ISA;15,070.00;15,840.00;15,074.82;14,380.00;-750.00;-4,74;2,176,660.00;32,812,751,330.00
2023-03-21;ISA;15,590.00;15,830.00;15,636.47;15,500.00;520.00;3,45;39,248.00;613,700,370.00
2023-03-22;ISA;15,270.00;15,780.00;15,318.43;15,000.00;-320.00;-2,05;364,963.00;5,590,660,600.00
2023-03-23;ISA;14,770.00;15,430.00;14,944.20;14,700.00;-500.00;-3,27;79,612.00;1,189,737,960.00
2023-03-24;ISA;15,400.00;15,400.00;14,805.61;14,310.00;630.00;4,27;749,724.00;11,100,120,640.00
2023-03-27;ISA;15,330.00;15,800.00;15,510.56;15,330.00;-70.00;-0,45;176,114.00;2,731,627,590.00
2023-03-28;ISA;14,700.00;15,490.00;14,954.14;14,700.00;-630.00;-4,11;335,922.00;5,023,424,030.00
2023-03-29;ISA;14,800.00;15,170.00;14,722.36;14,380.00;100.00;0,68;279,957.00;4,121,628,970.00
2023-03-30;ISA;15,500.00;15,500.00;15,214.32;14,990.00;700.00;4,73;257,571.00;3,918,767,930.00
2023-03-31;ISA;15,150.00;15,780.00;15,362.13;15,150.00;-350.00;-2,26;184,777.00;2,838,568,200.00
2023-04-03;ISA;15,580.00;15,580.00;15,463.95;15,100.00;430.00;2,84;101,356.00;1,567,364,300.00
2023-04-04;ISA;15,690.00;15,840.00;15,719.89;15,550.00;110.00;0,71;182,872.00;2,874,727,970.00
2023-04-05;ISA;16,270.00;16,270.00;15,971.33;15,660.00;580.00;3,7;203,978.00;3,257,800,720.00
2023-04-10;ISA;16,310.00;16,490.00;16,314.28;16,000.00;40.00;0,25;168,040.00;2,741,452,310.00
2023-04-11;ISA;16,700.00;16,750.00;16,539.22;16,390.00;390.00;2,39;476,769.00;7,885,387,850.00
2023-04-12;ISA;16,840.00;16,940.00;16,839.79;16,630.00;140.00;0,84;443,275.00;7,464,659,450.00
2023-04-13;ISA;16,840.00;16,980.00;16,906.47;16,840.00;0.00;0;212,905.00;3,599,472,150.00
2023-04-14;ISA;16,820.00;16,920.00;16,819.35;16,790.00;-20.00;-0,12;388,666.00;6,537,110,160.00
2023-04-17;ISA;17,400.00;17,400.00;17,232.87;16,920.00;580.00;3,45;168,628.00;2,905,944,540.00
2023-04-18;ISA;16,850.00;17,470.00;17,078.84;16,800.00;-550.00;-3,16;101,103.00;1,726,721,670.00
2023-04-19;ISA;16,950.00;16,950.00;16,794.47;16,510.00;100.00;0,59;177,613.00;2,982,917,060.00
2023-04-20;ISA;17,480.00;17,480.00;17,296.54;16,970.00;530.00;3,13;50,687.00;876,709,560.00
2023-04-21;ISA;17,340.00;17,400.00;17,341.49;17,010.00;-140.00;-0,8;132,272.00;2,293,793,250.00
2023-04-24;ISA;17,960.00;17,960.00;17,771.50;17,200.00;620.00;3,58;154,885.00;2,752,538,790.00
2023-04-25;ISA;17,700.00;17,810.00;17,642.36;17,580.00;-260.00;-1,45;158,950.00;2,804,253,240.00
2023-04-26;ISA;17,730.00;17,990.00;17,764.28;17,670.00;30.00;0,17;305,162.00;5,420,983,290.00
2023-04-27;ISA;17,580.00;17,730.00;17,538.98;17,400.00;-150.00;-0,85;279,775.00;4,906,969,070.00
2023-04-28;ISA;18,200.00;18,200.00;18,042.91;17,810.00;620.00;3,53;240,075.00;4,331,652,740.00
2023-05-02;ISA;18,100.00;18,340.00;18,118.03;18,010.00;-100.00;-0,55;323,981.00;5,869,898,320.00
2023-05-03;ISA;17,880.00;18,300.00;17,958.11;17,710.00;-220.00;-1,22;256,830.00;4,612,182,600.00
2023-05-04;ISA;18,200.00;18,200.00;18,099.60;17,880.00;320.00;1,79;215,288.00;3,896,627,100.00
2023-05-05;ISA;17,900.00;18,200.00;17,922.00;17,780.00;-300.00;-1,65;186,284.00;3,338,582,300.00
2023-05-08;ISA;17,520.00;18,000.00;17,829.31;17,520.00;-380.00;-2,12;603,058.00;10,752,107,380.00
2023-05-09;ISA;17,800.00;17,860.00;17,709.87;17,560.00;280.00;1,6;171,632.00;3,039,580,380.00
2023-05-10;ISA;17,600.00;17,800.00;17,620.87;17,500.00;-200.00;-1,12;201,962.00;3,558,746,500.00
2023-05-11;ISA;17,300.00;17,990.00;17,633.07;17,300.00;-300.00;-1,7;220,495.00;3,888,004,530.00
2023-05-12;ISA;18,270.00;18,270.00;18,035.44;16,030.00;970.00;5,61;178,021.00;3,210,686,730.00
2023-05-15;ISA;17,530.00;18,390.00;17,879.79;17,530.00;-740.00;-4,05;288,445.00;5,157,335,060.00
2023-05-16;ISA;17,420.00;17,790.00;17,540.02;17,420.00;-110.00;-0,63;100,330.00;1,759,790,600.00
2023-05-17;ISA;17,680.00;17,900.00;17,739.04;17,420.00;260.00;1,49;129,600.00;2,298,979,120.00
2023-05-18;ISA;17,220.00;17,220.00;17,067.12;16,780.00;-460.00;-2,6;204,110.00;3,483,570,870.00
2023-05-19;ISA;16,460.00;16,980.00;16,636.73;16,460.00;-760.00;-4,41;45,149.00;751,131,810.00
2023-05-23;ISA;16,140.00;16,610.00;16,309.51;16,140.00;-320.00;-1,94;227,737.00;3,714,278,650.00
2023-05-24;ISA;16,000.00;16,300.00;16,091.26;16,000.00;-140.00;-0,87;56,687.00;912,165,510.00
2023-05-25;ISA;15,700.00;16,100.00;15,774.54;15,600.00;-300.00;-1,87;181,248.00;2,859,104,680.00
2023-05-26;ISA;16,200.00;16,470.00;16,178.94;15,730.00;500.00;3,18;120,791.00;1,954,270,230.00
2023-05-29;ISA;16,670.00;17,100.00;16,589.16;16,150.00;470.00;2,9;69,246.00;1,148,732,980.00
2023-05-30;ISA;17,000.00;17,000.00;16,697.81;16,160.00;330.00;1,98;208,541.00;3,482,177,440.00
2023-05-31;ISA;17,600.00;17,600.00;17,519.93;16,620.00;600.00;3,53;2,527,866.00;44,288,032,270.00
2023-06-01;ISA;17,600.00;17,790.00;17,594.56;17,160.00;0.00;0;136,384.00;2,399,616,440.00
2023-06-02;ISA;18,000.00;18,000.00;17,814.89;17,590.00;400.00;2,27;241,778.00;4,307,248,500.00
2023-06-05;ISA;17,780.00;17,980.00;17,786.63;17,600.00;-220.00;-1,22;38,513.00;685,016,410.00
2023-06-06;ISA;18,700.00;18,700.00;18,336.35;17,670.00;920.00;5,17;270,244.00;4,955,287,990.00
2023-06-07;ISA;18,000.00;18,690.00;18,148.33;18,000.00;-700.00;-3,74;131,662.00;2,389,444,870.00
2023-06-08;ISA;17,600.00;17,830.00;17,631.23;17,550.00;-400.00;-2,22;73,353.00;1,293,303,810.00
2023-06-09;ISA;17,200.00;17,710.00;17,388.84;17,060.00;-400.00;-2,27;192,014.00;3,338,900,100.00
2023-06-13;ISA;18,400.00;18,400.00;18,083.20;17,450.00;1,200.00;6,98;146,051.00;2,641,068,910.00
2023-06-14;ISA;17,970.00;18,180.00;18,005.13;17,700.00;-430.00;-2,34;472,820.00;8,513,185,780.00
2023-06-15;ISA;17,990.00;18,260.00;18,002.05;17,760.00;20.00;0,11;459,949.00;8,280,023,290.00
2023-06-16;ISA;17,750.00;18,000.00;17,740.97;17,580.00;-240.00;-1,33;1,071,480.00;19,009,093,490.00
2023-06-20;ISA;17,900.00;17,900.00;17,737.13;17,320.00;150.00;0,85;407,777.00;7,232,792,630.00
2023-06-21;ISA;17,550.00;17,900.00;17,731.29;17,550.00;-350.00;-1,96;201,950.00;3,580,833,520.00
2023-06-22;ISA;17,150.00;17,600.00;17,253.93;17,100.00;-400.00;-2,28;100,339.00;1,731,242,290.00
2023-06-23;ISA;16,980.00;17,150.00;16,993.00;16,800.00;-170.00;-0,99;173,066.00;2,940,910,740.00
2023-06-26;ISA;16,890.00;17,010.00;16,920.25;16,890.00;-90.00;-0,53;146,187.00;2,473,520,920.00
2023-06-27;ISA;16,850.00;16,890.00;16,780.99;16,570.00;-40.00;-0,24;220,394.00;3,698,428,700.00
2023-06-28;ISA;16,550.00;17,000.00;16,674.19;16,550.00;-300.00;-1,78;89,459.00;1,491,656,300.00
2023-06-29;ISA;16,850.00;16,970.00;16,832.21;16,550.00;300.00;1,81;113,308.00;1,907,223,660.00
2023-06-30;ISA;16,890.00;16,990.00;16,893.02;16,760.00;40.00;0,24;122,418.00;2,068,009,980.00
2022-07-01;ISA;20,770.00;21,000.00;20,528.96;20,100.00;270.00;1,32;273,642.00;5,617,585,440.00
2022-07-05;ISA;21,000.00;21,000.00;20,672.28;20,060.00;230.00;1,11;109,135.00;2,256,069,550.00
2022-07-06;ISA;22,000.00;22,000.00;21,542.53;20,040.00;1,000.00;4,76;205,252.00;4,421,648,220.00
2022-07-07;ISA;21,800.00;22,260.00;21,805.92;21,360.00;-200.00;-0,91;562,773.00;12,271,784,050.00
2022-07-08;ISA;22,180.00;22,180.00;21,695.19;20,900.00;380.00;1,74;156,579.00;3,397,011,760.00
2022-07-11;ISA;21,300.00;21,620.00;21,492.06;21,300.00;-880.00;-3,97;401,916.00;8,638,003,030.00
2022-07-12;ISA;21,500.00;21,600.00;21,415.87;21,260.00;200.00;0,94;131,431.00;2,814,708,900.00
2022-07-13;ISA;21,500.00;21,600.00;21,496.00;21,200.00;0.00;0;134,883.00;2,899,445,270.00
2022-07-14;ISA;21,200.00;21,500.00;21,418.55;21,000.00;-300.00;-1,4;526,640.00;11,279,865,310.00
2022-07-15;ISA;21,490.00;21,490.00;21,169.32;19,600.00;290.00;1,37;119,403.00;2,527,679,900.00
2022-07-18;ISA;21,490.00;21,490.00;21,195.34;20,600.00;0.00;0;62,233.00;1,319,049,750.00
2022-07-19;ISA;22,190.00;22,190.00;21,995.62;21,050.00;700.00;3,26;142,217.00;3,128,150,930.00
2022-07-21;ISA;21,310.00;22,100.00;21,517.51;21,260.00;-880.00;-3,97;188,088.00;4,047,185,700.00
2022-07-22;ISA;20,000.00;21,260.00;20,361.52;20,000.00;-1,310.00;-6,15;220,889.00;4,497,634,750.00
2022-07-25;ISA;20,500.00;20,800.00;20,214.50;19,600.00;500.00;2,5;146,341.00;2,958,210,700.00
2022-07-26;ISA;20,480.00;20,600.00;20,451.02;20,270.00;-20.00;-0,1;27,566.00;563,752,950.00
2022-07-27;ISA;20,480.00;20,790.00;20,506.01;20,090.00;0.00;0;121,242.00;2,486,189,280.00
2022-07-28;ISA;20,510.00;20,890.00;20,510.17;20,300.00;30.00;0,15;150,919.00;3,095,374,000.00
2022-07-29;ISA;20,600.00;20,690.00;20,570.04;20,210.00;90.00;0,44;214,123.00;4,404,519,260.00
2022-08-01;ISA;20,500.00;20,500.00;20,493.44;20,130.00;-100.00;-0,49;283,533.00;5,810,566,840.00
2022-08-02;ISA;20,700.00;20,700.00;20,635.73;20,380.00;200.00;0,98;160,971.00;3,321,754,410.00
2022-08-03;ISA;20,900.00;21,000.00;20,855.45;20,700.00;200.00;0,97;374,833.00;7,817,309,440.00
2022-08-04;ISA;20,900.00;20,950.00;20,889.32;20,360.00;0.00;0;140,389.00;2,932,631,170.00
2022-08-05;ISA;20,900.00;20,900.00;20,777.78;20,390.00;0.00;0;84,091.00;1,747,224,210.00
2022-08-08;ISA;21,200.00;21,430.00;21,034.13;20,900.00;300.00;1,44;230,695.00;4,852,469,280.00
2022-08-09;ISA;21,360.00;21,360.00;21,227.59;20,820.00;160.00;0,75;135,111.00;2,868,081,080.00
2022-08-10;ISA;20,400.00;21,360.00;20,604.59;20,400.00;-960.00;-4,49;95,256.00;1,962,710,510.00
2022-08-11;ISA;21,100.00;21,100.00;20,987.26;20,550.00;700.00;3,43;82,101.00;1,723,075,190.00
2022-08-12;ISA;21,100.00;21,380.00;21,086.98;20,670.00;0.00;0;178,059.00;3,754,727,130.00
2022-08-16;ISA;21,000.00;21,200.00;20,997.39;20,830.00;-100.00;-0,47;514,058.00;10,793,877,370.00
2022-08-17;ISA;21,350.00;21,350.00;21,084.52;20,830.00;350.00;1,67;295,634.00;6,233,301,300.00
2022-08-18;ISA;21,040.00;21,350.00;21,109.74;20,900.00;-310.00;-1,45;217,418.00;4,589,637,580.00
2022-08-19;ISA;20,650.00;21,000.00;20,606.95;20,500.00;-390.00;-1,85;59,697.00;1,230,173,270.00
2022-08-22;ISA;19,960.00;20,450.00;20,141.14;19,940.00;-690.00;-3,34;348,085.00;7,010,827,100.00
2022-08-23;ISA;20,600.00;20,600.00;20,354.65;19,500.00;640.00;3,21;189,271.00;3,852,544,910.00
2022-08-24;ISA;19,700.00;20,290.00;19,909.60;19,700.00;-900.00;-4,37;135,331.00;2,694,385,860.00
2022-08-25;ISA;20,090.00;20,160.00;19,939.90;19,800.00;390.00;1,98;490,515.00;9,780,819,570.00
2022-08-26;ISA;20,020.00;20,320.00;20,079.00;20,020.00;-70.00;-0,35;91,642.00;1,840,080,090.00
2022-08-29;ISA;20,000.00;20,280.00;19,906.74;19,700.00;-20.00;-0,1;160,333.00;3,191,707,020.00
2022-08-30;ISA;19,780.00;19,990.00;19,721.60;19,560.00;-220.00;-1,1;65,913.00;1,299,909,580.00
2022-08-31;ISA;19,170.00;19,890.00;19,240.08;19,170.00;-610.00;-3,08;1,814,950.00;34,919,784,680.00
2022-09-01;ISA;18,540.00;19,960.00;18,717.65;18,480.00;-630.00;-3,29;334,129.00;6,254,111,170.00
2022-09-02;ISA;18,490.00;19,000.00;18,675.42;18,490.00;-50.00;-0,27;220,738.00;4,122,374,550.00
2022-09-05;ISA;18,170.00;18,950.00;18,258.01;18,010.00;-320.00;-1,73;29,256.00;534,156,210.00
2022-09-06;ISA;17,900.00;18,540.00;17,952.09;17,700.00;-270.00;-1,49;90,927.00;1,632,329,530.00
2022-09-07;ISA;17,600.00;18,000.00;17,750.06;17,600.00;-300.00;-1,68;77,042.00;1,367,500,160.00
2022-09-08;ISA;16,830.00;17,600.00;17,001.89;16,520.00;-770.00;-4,37;162,935.00;2,770,203,060.00
2022-09-09;ISA;16,900.00;17,380.00;16,997.76;16,900.00;70.00;0,42;82,465.00;1,401,720,340.00
2022-09-12;ISA;17,590.00;17,590.00;17,410.28;16,950.00;690.00;4,08;120,408.00;2,096,336,470.00
2022-09-13;ISA;17,870.00;18,000.00;17,762.41;17,390.00;280.00;1,59;100,315.00;1,781,836,110.00
2022-09-14;ISA;17,980.00;18,200.00;17,976.74;17,260.00;110.00;0,62;221,713.00;3,985,677,150.00
2022-09-15;ISA;18,040.00;18,100.00;17,994.46;17,910.00;60.00;0,33;119,871.00;2,157,014,090.00
2022-09-16;ISA;17,590.00;17,920.00;17,611.36;17,500.00;-450.00;-2,49;959,070.00;16,890,526,310.00
2022-09-19;ISA;17,740.00;17,820.00;17,665.62;17,150.00;150.00;0,85;108,210.00;1,911,596,640.00
2022-09-20;ISA;17,000.00;18,200.00;17,416.40;17,000.00;-740.00;-4,17;176,422.00;3,072,636,440.00
2022-09-21;ISA;16,480.00;17,000.00;16,552.36;16,300.00;-520.00;-3,06;192,576.00;3,187,586,640.00
2022-09-22;ISA;16,310.00;17,000.00;16,587.14;16,230.00;-170.00;-1,03;368,748.00;6,116,475,360.00
2022-09-23;ISA;15,510.00;16,100.00;15,714.80;15,510.00;-800.00;-4,9;83,414.00;1,310,834,680.00
2022-09-26;ISA;14,800.00;16,000.00;15,046.67;14,800.00;-710.00;-4,58;182,495.00;2,745,941,640.00
2022-09-27;ISA;15,490.00;15,780.00;15,369.55;13,560.00;690.00;4,66;210,232.00;3,231,170,200.00
2022-09-28;ISA;15,790.00;16,000.00;15,786.01;15,360.00;300.00;1,94;208,563.00;3,292,377,430.00
2022-09-29;ISA;16,400.00;16,400.00;16,153.99;15,770.00;610.00;3,86;746,930.00;12,065,896,250.00
2022-09-30;ISA;16,500.00;17,850.00;16,789.81;16,400.00;100.00;0,61;247,624.00;4,157,560,610.00
2022-10-03;ISA;16,190.00;17,130.00;16,183.46;15,900.00;-310.00;-1,88;93,529.00;1,513,623,260.00
2022-10-04;ISA;16,740.00;16,800.00;16,631.60;16,470.00;550.00;3,4;144,636.00;2,405,528,070.00
2022-10-05;ISA;17,700.00;17,700.00;17,262.12;16,230.00;960.00;5,73;110,724.00;1,911,331,180.00
2022-10-06;ISA;17,490.00;18,200.00;17,633.76;17,420.00;-210.00;-1,19;123,775.00;2,182,619,240.00
2022-10-07;ISA;17,660.00;17,660.00;17,499.92;17,100.00;170.00;0,97;124,015.00;2,170,252,560.00
2022-10-10;ISA;19,000.00;19,000.00;18,302.62;17,400.00;1,340.00;7,59;76,659.00;1,403,060,270.00
2022-10-11;ISA;18,590.00;19,000.00;18,649.54;18,040.00;-410.00;-2,16;354,837.00;6,617,546,770.00
2022-10-12;ISA;18,170.00;18,370.00;18,170.05;18,100.00;-420.00;-2,26;156,216.00;2,838,452,520.00
2022-10-13;ISA;18,500.00;18,500.00;18,380.70;17,730.00;330.00;1,82;278,741.00;5,123,454,630.00
2022-10-14;ISA;18,590.00;18,750.00;18,529.15;18,310.00;90.00;0,49;171,864.00;3,184,494,290.00
2022-10-18;ISA;19,000.00;19,000.00;18,830.27;18,220.00;410.00;2,21;313,803.00;5,908,995,600.00
2022-10-19;ISA;19,100.00;19,550.00;19,023.29;18,510.00;100.00;0,53;204,710.00;3,894,256,710.00
2022-10-20;ISA;18,600.00;18,750.00;18,585.75;18,440.00;-500.00;-2,62;224,896.00;4,179,861,330.00
2022-10-21;ISA;18,890.00;18,890.00;18,693.33;18,550.00;290.00;1,56;369,219.00;6,901,931,520.00
2022-10-24;ISA;18,080.00;19,000.00;18,489.58;18,080.00;-810.00;-4,29;190,516.00;3,522,560,420.00
2022-10-25;ISA;18,500.00;18,500.00;18,188.53;17,410.00;420.00;2,32;295,832.00;5,380,747,860.00
2022-10-26;ISA;18,700.00;18,700.00;18,479.34;18,010.00;200.00;1,08;324,061.00;5,988,434,870.00
2022-10-27;ISA;19,500.00;19,500.00;19,095.59;18,290.00;800.00;4,28;214,156.00;4,089,434,990.00
2022-10-28;ISA;19,200.00;19,500.00;19,183.16;18,620.00;-300.00;-1,54;241,497.00;4,632,676,480.00
2022-10-31;ISA;19,270.00;19,270.00;19,226.86;18,800.00;70.00;0,36;199,430.00;3,834,412,970.00
2022-11-01;ISA;18,990.00;19,270.00;19,038.88;18,980.00;-280.00;-1,45;215,326.00;4,099,565,720.00
2022-11-02;ISA;17,900.00;19,290.00;18,523.06;17,600.00;-1,090.00;-5,74;329,445.00;6,102,330,460.00
2022-11-03;ISA;16,560.00;17,800.00;17,043.67;16,560.00;-1,340.00;-7,49;241,972.00;4,124,091,940.00
2022-11-04;ISA;17,500.00;17,500.00;17,374.77;16,900.00;940.00;5,68;190,469.00;3,309,354,230.00
2022-11-08;ISA;17,700.00;18,290.00;17,725.14;17,500.00;200.00;1,14;231,971.00;4,111,718,900.00
2022-11-09;ISA;18,780.00;18,780.00;18,498.60;17,700.00;1,080.00;6,1;325,139.00;6,014,615,560.00
2022-11-10;ISA;18,590.00;18,650.00;18,459.50;17,100.00;-190.00;-1,01;303,031.00;5,593,802,210.00
2022-11-11;ISA;18,500.00;18,540.00;18,399.28;18,000.00;-90.00;-0,48;129,953.00;2,391,041,110.00
2022-11-15;ISA;18,750.00;18,750.00;18,533.96;18,200.00;250.00;1,35;275,510.00;5,106,292,570.00
2022-11-16;ISA;19,260.00;19,260.00;18,916.26;18,500.00;510.00;2,72;172,241.00;3,258,156,140.00
2022-11-17;ISA;19,270.00;19,270.00;19,104.45;18,760.00;10.00;0,05;95,583.00;1,826,060,380.00
2022-11-18;ISA;18,670.00;18,810.00;18,670.73;18,510.00;-600.00;-3,11;196,407.00;3,667,062,960.00
2022-11-21;ISA;17,520.00;18,600.00;17,948.46;17,520.00;-1,150.00;-6,16;221,928.00;3,983,265,340.00
2022-11-22;ISA;18,020.00;18,080.00;17,982.14;17,670.00;500.00;2,85;146,713.00;2,638,214,060.00
2022-11-23;ISA;18,550.00;18,550.00;18,391.76;18,070.00;530.00;2,94;217,107.00;3,992,980,710.00
2022-11-24;ISA;18,520.00;18,550.00;18,509.14;18,100.00;-30.00;-0,16;56,637.00;1,048,302,120.00
2022-11-25;ISA;18,450.00;18,470.00;18,227.39;17,940.00;-70.00;-0,38;169,128.00;3,082,761,840.00
2022-11-28;ISA;18,500.00;18,500.00;18,440.96;18,000.00;50.00;0,27;856,324.00;15,791,439,680.00
2022-11-29;ISA;19,080.00;19,190.00;19,037.16;18,550.00;580.00;3,14;318,059.00;6,054,940,700.00
2022-11-30;ISA;19,500.00;19,500.00;19,418.37;18,490.00;420.00;2,2;2,368,992.00;46,001,954,200.00
2022-12-01;ISA;19,000.00;19,450.00;19,250.84;19,000.00;-500.00;-2,56;675,463.00;13,003,231,970.00
2022-12-02;ISA;18,800.00;19,370.00;18,968.41;18,800.00;-200.00;-1,05;197,321.00;3,742,866,350.00
2022-12-05;ISA;17,780.00;18,880.00;18,238.18;17,780.00;-1,020.00;-5,43;98,390.00;1,794,454,150.00
2022-12-06;ISA;18,600.00;19,000.00;18,614.27;17,930.00;820.00;4,61;86,406.00;1,608,384,600.00
2022-12-07;ISA;19,200.00;19,200.00;19,057.78;18,900.00;600.00;3,23;294,381.00;5,610,246,870.00
2022-12-09;ISA;18,900.00;19,200.00;18,938.15;18,540.00;-300.00;-1,56;346,559.00;6,563,186,100.00
2022-12-12;ISA;18,590.00;18,900.00;18,677.02;18,560.00;-310.00;-1,64;130,061.00;2,429,151,410.00
2022-12-13;ISA;17,920.00;18,620.00;18,139.07;17,900.00;-670.00;-3,6;259,620.00;4,709,265,070.00
2022-12-14;ISA;19,590.00;19,590.00;18,677.28;17,850.00;1,670.00;9,32;289,377.00;5,404,774,250.00
2022-12-15;ISA;18,710.00;19,100.00;18,927.49;18,710.00;-880.00;-4,49;207,215.00;3,922,059,130.00
2022-12-16;ISA;19,200.00;19,200.00;19,126.27;18,320.00;490.00;2,62;2,256,781.00;43,163,806,080.00
2022-12-19;ISA;18,270.00;19,400.00;19,254.45;18,270.00;-930.00;-4,84;870,128.00;16,753,837,890.00
2022-12-20;ISA;20,090.00;20,090.00;19,502.31;18,530.00;1,820.00;9,96;228,311.00;4,452,592,210.00
2022-12-21;ISA;20,990.00;20,990.00;20,487.95;19,270.00;900.00;4,48;271,776.00;5,568,134,360.00
2022-12-22;ISA;20,000.00;21,000.00;20,653.78;19,620.00;-990.00;-4,72;1,043,856.00;21,559,572,620.00
2022-12-23;ISA;20,990.00;20,990.00;20,489.84;19,680.00;990.00;4,95;53,925.00;1,104,914,630.00
2022-12-26;ISA;20,400.00;20,960.00;20,897.00;20,100.00;-590.00;-2,81;251,422.00;5,253,964,450.00
2022-12-27;ISA;20,900.00;20,900.00;20,571.67;20,140.00;500.00;2,45;63,442.00;1,305,107,970.00
2022-12-28;ISA;20,600.00;20,990.00;20,512.17;20,400.00;-300.00;-1,44;120,598.00;2,473,726,280.00
2022-12-29;ISA;21,000.00;21,000.00;20,973.14;20,600.00;400.00;1,94;227,197.00;4,765,035,290.00
2022-01-03;ISA;22,490.00;22,510.00;22,480.79;22,340.00;90.00;0,4;35,991.00;809,106,060.00
2022-01-04;ISA;22,600.00;22,600.00;22,557.27;22,460.00;110.00;0,49;47,146.00;1,063,484,820.00
2022-01-05;ISA;22,750.00;22,750.00;22,523.90;22,400.00;150.00;0,66;291,116.00;6,557,069,060.00
2022-01-06;ISA;22,620.00;22,750.00;22,564.43;21,800.00;-130.00;-0,57;195,018.00;4,400,470,510.00
2022-01-07;ISA;21,700.00;22,640.00;22,153.32;21,700.00;-920.00;-4,07;137,339.00;3,042,514,500.00
2022-01-11;ISA;22,400.00;22,400.00;22,311.25;22,020.00;700.00;3,23;252,133.00;5,625,403,560.00
2022-01-12;ISA;22,800.00;22,850.00;22,724.97;22,490.00;400.00;1,79;238,890.00;5,428,768,110.00
2022-01-13;ISA;23,100.00;23,250.00;22,964.13;22,610.00;300.00;1,32;644,200.00;14,793,494,270.00
2022-01-14;ISA;22,860.00;23,800.00;23,157.81;22,860.00;-240.00;-1,04;866,718.00;20,071,294,790.00
2022-01-17;ISA;23,950.00;24,140.00;23,832.18;23,410.00;1,090.00;4,77;713,104.00;16,994,823,870.00
2022-01-18;ISA;24,990.00;25,000.00;24,904.37;23,990.00;1,040.00;4,34;1,616,851.00;40,266,660,020.00
2022-01-19;ISA;25,100.00;25,700.00;25,147.70;24,850.00;110.00;0,44;990,693.00;24,913,650,160.00
2022-01-20;ISA;24,900.00;25,000.00;24,883.31;24,600.00;-200.00;-0,8;145,424.00;3,618,630,620.00
2022-01-21;ISA;24,160.00;24,780.00;24,398.09;24,110.00;-740.00;-2,97;255,820.00;6,241,518,620.00
2022-01-24;ISA;24,200.00;24,450.00;24,168.24;24,020.00;40.00;0,17;116,636.00;2,818,886,890.00
2022-01-25;ISA;23,800.00;24,380.00;23,892.68;23,670.00;-400.00;-1,65;385,021.00;9,199,183,030.00
2022-01-26;ISA;23,810.00;24,270.00;23,903.95;23,680.00;10.00;0,04;308,665.00;7,378,312,320.00
2022-01-27;ISA;23,640.00;23,980.00;23,722.31;23,640.00;-170.00;-0,71;75,783.00;1,797,748,110.00
2022-01-28;ISA;23,600.00;23,800.00;23,686.88;23,600.00;-40.00;-0,17;174,568.00;4,134,970,720.00
2022-01-31;ISA;23,600.00;24,000.00;23,630.33;23,450.00;0.00;0;152,745.00;3,609,414,270.00
2022-02-01;ISA;22,920.00;23,730.00;23,294.84;22,920.00;-680.00;-2,88;161,727.00;3,767,404,640.00
2022-02-02;ISA;22,410.00;22,930.00;22,590.26;22,410.00;-510.00;-2,23;178,719.00;4,037,308,380.00
2022-02-03;ISA;22,070.00;22,670.00;22,174.93;22,040.00;-340.00;-1,52;180,701.00;4,007,032,840.00
2022-02-04;ISA;22,550.00;22,680.00;22,120.83;21,900.00;480.00;2,17;345,748.00;7,648,233,360.00
2022-02-07;ISA;22,750.00;22,890.00;22,686.65;22,210.00;200.00;0,89;148,097.00;3,359,825,510.00
2022-02-08;ISA;22,660.00;22,850.00;22,637.95;22,390.00;-90.00;-0,4;267,419.00;6,053,817,320.00
2022-02-09;ISA;22,150.00;22,670.00;22,457.00;22,080.00;-510.00;-2,25;818,838.00;18,388,648,880.00
2022-02-10;ISA;21,400.00;22,570.00;21,755.04;21,400.00;-750.00;-3,39;415,325.00;9,035,411,390.00
2022-02-11;ISA;22,700.00;22,700.00;21,826.47;21,500.00;1,300.00;6,07;512,196.00;11,179,432,550.00
2022-02-14;ISA;22,100.00;22,560.00;22,312.61;22,000.00;-600.00;-2,64;511,606.00;11,415,264,210.00
2022-02-15;ISA;22,800.00;22,800.00;22,466.62;21,900.00;700.00;3,17;189,553.00;4,258,614,590.00
2022-02-16;ISA;23,040.00;23,050.00;22,950.85;22,600.00;240.00;1,05;187,602.00;4,305,625,010.00
2022-02-17;ISA;23,280.00;23,290.00;23,199.05;22,600.00;240.00;1,04;423,048.00;9,814,313,180.00
2022-02-18;ISA;23,200.00;23,280.00;23,179.47;22,960.00;-80.00;-0,34;663,417.00;15,377,653,480.00
2022-02-21;ISA;23,450.00;23,490.00;23,319.13;22,920.00;250.00;1,08;229,398.00;5,349,362,170.00
2022-02-22;ISA;23,330.00;23,550.00;23,365.60;22,740.00;-120.00;-0,51;326,466.00;7,628,075,380.00
2022-02-23;ISA;23,600.00;23,600.00;23,463.54;23,110.00;270.00;1,16;622,595.00;14,608,283,240.00
2022-02-24;ISA;24,000.00;24,000.00;23,710.87;22,800.00;400.00;1,69;580,290.00;13,759,180,360.00
2022-02-25;ISA;24,400.00;24,400.00;24,095.75;23,710.00;400.00;1,67;542,094.00;13,062,161,520.00
2022-02-28;ISA;24,300.00;24,400.00;24,294.62;24,000.00;-100.00;-0,41;4,051,613.00;98,432,398,270.00
2022-03-01;ISA;23,980.00;24,070.00;23,962.28;23,800.00;-320.00;-1,32;74,999.00;1,797,147,380.00
2022-03-02;ISA;23,800.00;23,810.00;23,650.80;23,020.00;-180.00;-0,75;248,388.00;5,874,573,710.00
2022-03-03;ISA;23,770.00;23,980.00;23,785.18;23,370.00;-30.00;-0,13;320,309.00;7,618,608,290.00
2022-03-04;ISA;23,270.00;23,600.00;23,311.58;23,170.00;-500.00;-2,1;92,011.00;2,144,921,390.00
2022-03-07;ISA;23,100.00;23,300.00;23,110.84;23,020.00;-170.00;-0,73;337,686.00;7,804,205,560.00
2022-03-08;ISA;23,110.00;23,500.00;23,160.85;23,100.00;10.00;0,04;232,244.00;5,378,969,540.00
2022-03-09;ISA;23,970.00;23,970.00;23,754.90;23,200.00;860.00;3,72;326,349.00;7,752,387,050.00
2022-03-10;ISA;23,350.00;23,850.00;23,529.33;23,350.00;-620.00;-2,59;147,894.00;3,479,846,670.00
2022-03-11;ISA;23,450.00;23,450.00;23,196.87;22,760.00;100.00;0,43;174,222.00;4,041,404,790.00
2022-03-14;ISA;23,000.00;23,690.00;23,107.61;23,000.00;-450.00;-1,92;161,586.00;3,733,866,570.00
2022-03-15;ISA;23,300.00;23,300.00;23,264.19;23,050.00;300.00;1,3;157,520.00;3,664,574,910.00
2022-03-16;ISA;23,480.00;23,690.00;23,458.95;23,380.00;180.00;0,77;236,080.00;5,538,188,290.00
2022-03-17;ISA;23,600.00;23,600.00;23,487.52;23,150.00;120.00;0,51;179,090.00;4,206,379,510.00
2022-03-18;ISA;23,650.00;23,750.00;23,650.48;23,500.00;50.00;0,21;1,726,233.00;40,826,235,710.00
2022-03-22;ISA;24,000.00;24,000.00;23,860.80;23,160.00;350.00;1,48;209,615.00;5,001,582,070.00
2022-03-23;ISA;23,900.00;24,220.00;23,981.75;23,720.00;-100.00;-0,42;289,210.00;6,935,761,370.00
2022-03-24;ISA;23,900.00;24,150.00;23,924.14;23,590.00;0.00;0;427,957.00;10,238,503,180.00
2022-03-25;ISA;24,500.00;24,500.00;24,114.01;23,600.00;600.00;2,51;392,069.00;9,454,357,310.00
2022-03-28;ISA;24,340.00;24,360.00;24,145.23;24,000.00;-160.00;-0,65;223,204.00;5,389,312,510.00
2022-03-29;ISA;24,640.00;24,640.00;24,492.23;24,190.00;300.00;1,23;215,707.00;5,283,146,080.00
2022-03-30;ISA;24,160.00;24,600.00;24,280.74;24,140.00;-480.00;-1,95;314,629.00;7,639,423,860.00
2022-03-31;ISA;24,300.00;24,300.00;24,201.84;23,910.00;140.00;0,58;220,034.00;5,325,227,000.00
2022-04-01;ISA;24,900.00;24,900.00;24,597.95;24,180.00;600.00;2,47;356,055.00;8,758,223,610.00
2022-04-04;ISA;24,680.00;24,880.00;24,665.51;24,390.00;-220.00;-0,88;173,262.00;4,273,596,440.00
2022-04-05;ISA;24,680.00;24,730.00;24,666.54;24,420.00;0.00;0;250,702.00;6,183,951,940.00
2022-04-06;ISA;24,600.00;24,700.00;24,631.06;24,400.00;-80.00;-0,32;345,556.00;8,511,410,840.00
2022-04-07;ISA;24,000.00;24,500.00;24,103.80;23,620.00;-600.00;-2,44;342,220.00;8,248,801,010.00
2022-04-08;ISA;24,290.00;24,440.00;24,277.86;23,840.00;290.00;1,21;1,139,135.00;27,655,763,620.00
2022-04-11;ISA;24,900.00;24,900.00;24,676.30;23,810.00;610.00;2,51;97,603.00;2,408,481,120.00
2022-04-12;ISA;24,900.00;24,900.00;24,720.27;24,390.00;0.00;0;132,879.00;3,284,804,200.00
2022-04-13;ISA;24,900.00;24,900.00;24,804.30;24,370.00;0.00;0;72,886.00;1,807,886,040.00
2022-04-18;ISA;24,400.00;25,000.00;24,746.99;24,400.00;-500.00;-2,01;452,721.00;11,203,482,450.00
2022-04-19;ISA;24,650.00;24,800.00;24,506.09;24,120.00;250.00;1,02;391,611.00;9,596,855,030.00
2022-04-20;ISA;24,750.00;24,750.00;24,637.33;24,360.00;100.00;0,41;295,783.00;7,287,303,150.00
2022-04-21;ISA;24,490.00;24,560.00;24,482.86;24,320.00;-260.00;-1,05;262,444.00;6,425,380,730.00
2022-04-22;ISA;23,870.00;24,490.00;24,413.61;23,870.00;-620.00;-2,53;656,563.00;16,029,075,090.00
2022-04-25;ISA;22,320.00;23,870.00;22,674.99;22,320.00;-1,550.00;-6,49;350,000.00;7,936,245,220.00
2022-04-26;ISA;22,450.00;23,010.00;22,652.88;22,450.00;130.00;0,58;481,338.00;10,903,691,960.00
2022-04-27;ISA;22,450.00;22,870.00;22,574.29;22,410.00;0.00;0;152,884.00;3,451,248,430.00
2022-04-28;ISA;22,000.00;22,500.00;22,139.45;22,000.00;-450.00;-2;200,942.00;4,448,746,160.00
2022-04-29;ISA;21,760.00;22,170.00;21,831.82;21,720.00;-240.00;-1,09;204,041.00;4,454,586,770.00
2022-05-02;ISA;22,400.00;22,400.00;22,033.75;21,530.00;640.00;2,94;89,157.00;1,964,463,340.00
2022-05-03;ISA;22,140.00;22,560.00;22,129.51;21,940.00;-260.00;-1,16;182,436.00;4,037,219,360.00
2022-05-04;ISA;22,990.00;22,990.00;22,460.30;22,010.00;850.00;3,84;244,484.00;5,491,184,070.00
2022-05-05;ISA;22,130.00;22,880.00;22,385.92;22,130.00;-860.00;-3,74;134,162.00;3,003,339,190.00
2022-05-06;ISA;22,100.00;22,230.00;22,043.02;21,550.00;-30.00;-0,14;345,940.00;7,625,563,640.00
2022-05-09;ISA;21,000.00;22,000.00;21,311.72;21,000.00;-1,100.00;-4,98;211,001.00;4,496,793,980.00
2022-05-10;ISA;21,050.00;21,300.00;21,110.13;21,000.00;50.00;0,24;301,522.00;6,365,168,180.00
2022-05-11;ISA;20,560.00;21,120.00;20,864.37;20,560.00;-490.00;-2,33;201,739.00;4,209,156,880.00
2022-05-12;ISA;20,700.00;21,460.00;21,011.42;20,560.00;140.00;0,68;176,808.00;3,714,986,320.00
2022-05-13;ISA;20,120.00;21,290.00;20,993.93;20,120.00;-580.00;-2,8;586,037.00;12,303,221,970.00
2022-05-16;ISA;20,120.00;20,700.00;20,459.46;20,120.00;0.00;0;402,874.00;8,242,585,890.00
2022-05-17;ISA;20,140.00;20,400.00;20,211.05;19,900.00;20.00;0,1;440,881.00;8,910,667,200.00
2022-05-18;ISA;19,530.00;20,150.00;19,838.74;19,530.00;-610.00;-3,03;193,081.00;3,830,483,230.00
2022-05-19;ISA;18,270.00;19,800.00;18,919.50;18,270.00;-1,260.00;-6,45;271,776.00;5,141,865,920.00
2022-05-20;ISA;19,450.00;19,450.00;19,222.26;18,410.00;1,180.00;6,46;564,225.00;10,845,681,340.00
2022-05-23;ISA;20,700.00;20,700.00;20,564.65;19,580.00;1,250.00;6,43;869,442.00;17,879,774,270.00
2022-05-24;ISA;21,300.00;21,300.00;20,908.82;20,700.00;600.00;2,9;825,554.00;17,261,363,130.00
2022-05-25;ISA;21,700.00;21,880.00;21,688.03;21,380.00;400.00;1,88;804,690.00;17,452,139,290.00
2022-05-26;ISA;22,880.00;22,880.00;22,350.56;21,510.00;1,180.00;5,44;266,769.00;5,962,435,400.00
2022-05-27;ISA;23,000.00;23,770.00;23,047.06;22,520.00;120.00;0,52;583,072.00;13,438,096,070.00
2022-05-31;ISA;23,780.00;23,950.00;23,760.07;23,000.00;780.00;3,39;3,435,387.00;81,625,021,080.00
2022-06-01;ISA;23,800.00;23,950.00;23,757.71;23,360.00;20.00;0,08;382,202.00;9,080,242,810.00
2022-06-02;ISA;23,200.00;23,790.00;23,382.77;23,180.00;-600.00;-2,52;189,360.00;4,427,760,480.00
2022-06-03;ISA;22,600.00;23,200.00;22,711.03;22,540.00;-600.00;-2,59;92,563.00;2,102,201,290.00
2022-06-06;ISA;21,750.00;22,330.00;21,966.15;21,750.00;-850.00;-3,76;112,136.00;2,463,196,340.00
2022-06-07;ISA;22,430.00;22,430.00;22,093.52;21,400.00;680.00;3,13;346,648.00;7,658,673,100.00
2022-06-08;ISA;22,990.00;22,990.00;22,786.31;22,180.00;560.00;2,5;253,497.00;5,776,261,960.00
2022-06-09;ISA;21,620.00;22,480.00;21,833.20;21,620.00;-1,370.00;-5,96;206,522.00;4,509,036,980.00
2022-06-10;ISA;22,190.00;22,240.00;22,110.29;21,600.00;570.00;2,64;454,897.00;10,057,904,090.00
2022-06-13;ISA;21,500.00;21,700.00;21,532.45;21,230.00;-690.00;-3,11;513,002.00;11,046,191,550.00
2022-06-14;ISA;22,690.00;22,690.00;21,841.47;21,280.00;1,190.00;5,53;307,387.00;6,713,784,710.00
2022-06-15;ISA;21,570.00;22,400.00;21,653.94;21,540.00;-1,120.00;-4,94;295,701.00;6,403,092,990.00
2022-06-16;ISA;22,600.00;22,600.00;21,514.66;21,200.00;1,030.00;4,78;455,020.00;9,789,599,840.00
2022-06-17;ISA;21,710.00;22,580.00;21,803.27;21,480.00;-890.00;-3,94;2,013,926.00;43,910,170,330.00
2022-06-21;ISA;21,200.00;21,200.00;20,502.55;19,770.00;-510.00;-2,35;339,408.00;6,958,730,020.00
2022-06-22;ISA;20,900.00;21,200.00;21,062.30;20,860.00;-300.00;-1,42;429,162.00;9,039,139,350.00
2022-06-23;ISA;20,300.00;20,900.00;20,252.28;19,820.00;-600.00;-2,87;536,878.00;10,873,005,270.00
2022-06-24;ISA;20,420.00;21,000.00;20,481.52;20,400.00;120.00;0,59;140,284.00;2,873,229,250.00
2022-06-28;ISA;22,000.00;22,000.00;21,621.12;20,500.00;1,580.00;7,74;230,878.00;4,991,841,400.00
2022-06-29;ISA;21,200.00;21,760.00;21,289.19;21,000.00;-800.00;-3,64;281,533.00;5,993,610,010.00
2022-06-30;ISA;20,500.00;21,090.00;20,775.65;20,500.00;-700.00;-3,3;573,428.00;11,913,341,040.00
2021-07-01;ISA;22,620.00;22,900.00;22,407.72;21,870.00;470.00;2,12;307,738.00;6,895,707,570.00
2021-07-02;ISA;23,500.00;23,500.00;23,165.91;22,500.00;880.00;3,89;167,423.00;3,878,506,460.00
2021-07-06;ISA;23,000.00;23,500.00;23,101.89;22,750.00;-500.00;-2,13;58,077.00;1,341,688,690.00
2021-07-07;ISA;23,200.00;23,270.00;22,973.08;22,700.00;200.00;0,87;144,290.00;3,314,785,970.00
2021-07-08;ISA;23,370.00;23,450.00;23,335.40;23,030.00;170.00;0,73;559,851.00;13,064,349,080.00
2021-07-09;ISA;23,350.00;23,590.00;23,480.64;23,350.00;-20.00;-0,09;467,343.00;10,973,512,030.00
2021-07-12;ISA;23,810.00;23,870.00;23,700.29;23,360.00;460.00;1,97;48,831.00;1,157,308,960.00
2021-07-13;ISA;23,800.00;24,100.00;23,876.26;23,750.00;-10.00;-0,04;157,188.00;3,753,060,910.00
2021-07-14;ISA;23,530.00;23,960.00;23,527.56;23,400.00;-270.00;-1,13;265,324.00;6,242,427,450.00
2021-07-15;ISA;23,000.00;23,300.00;23,088.51;22,880.00;-530.00;-2,25;93,000.00;2,147,231,630.00
2021-07-16;ISA;23,190.00;23,260.00;23,174.95;22,990.00;190.00;0,83;45,744.00;1,060,114,900.00
2021-07-19;ISA;22,300.00;22,980.00;22,235.69;22,200.00;-890.00;-3,84;652,815.00;14,515,788,970.00
2021-07-21;ISA;22,350.00;22,940.00;22,360.88;22,300.00;50.00;0,22;383,085.00;8,566,116,780.00
2021-07-22;ISA;22,780.00;22,780.00;22,596.23;22,290.00;430.00;1,92;44,763.00;1,011,474,990.00
2021-07-23;ISA;22,600.00;22,750.00;22,597.67;22,310.00;-180.00;-0,79;25,998.00;587,494,240.00
2021-07-26;ISA;22,400.00;22,770.00;22,435.85;22,320.00;-200.00;-0,88;89,539.00;2,008,883,560.00
2021-07-27;ISA;22,010.00;22,600.00;22,219.69;22,010.00;-390.00;-1,74;130,541.00;2,900,580,480.00
2021-07-28;ISA;22,130.00;22,130.00;21,847.26;21,520.00;120.00;0,55;124,631.00;2,722,846,140.00
2021-07-29;ISA;22,300.00;22,300.00;22,186.45;21,900.00;170.00;0,77;90,672.00;2,011,689,840.00
2021-07-30;ISA;21,820.00;22,140.00;21,873.91;21,820.00;-480.00;-2,15;125,682.00;2,749,156,570.00
2021-08-02;ISA;21,980.00;22,480.00;22,012.94;21,840.00;160.00;0,73;144,689.00;3,185,030,730.00
2021-08-03;ISA;21,900.00;22,000.00;21,855.52;21,500.00;-80.00;-0,36;126,336.00;2,761,139,220.00
2021-08-04;ISA;22,000.00;22,000.00;21,893.59;21,710.00;100.00;0,46;166,105.00;3,636,635,000.00
2021-08-05;ISA;22,000.00;22,290.00;21,951.06;21,510.00;0.00;0;82,880.00;1,819,304,260.00
2021-08-06;ISA;21,600.00;22,200.00;21,681.56;21,600.00;-400.00;-1,82;87,637.00;1,900,106,600.00
2021-08-09;ISA;21,300.00;21,890.00;21,499.96;21,200.00;-300.00;-1,39;100,548.00;2,161,777,610.00
2021-08-10;ISA;21,330.00;21,760.00;21,423.72;21,260.00;30.00;0,14;167,375.00;3,585,794,430.00
2021-08-11;ISA;21,500.00;21,690.00;21,477.13;21,370.00;170.00;0,8;225,470.00;4,842,448,770.00
2021-08-12;ISA;21,800.00;22,950.00;22,235.70;21,800.00;300.00;1,4;466,199.00;10,366,258,940.00
2021-08-13;ISA;21,900.00;22,240.00;21,947.95;21,820.00;100.00;0,46;297,490.00;6,529,295,610.00
2021-08-17;ISA;23,040.00;23,040.00;22,637.35;22,030.00;1,140.00;5,21;379,341.00;8,587,274,790.00
2021-08-18;ISA;23,270.00;23,740.00;23,407.31;22,710.00;230.00;1;793,451.00;18,572,555,620.00
2021-08-19;ISA;23,650.00;23,650.00;23,417.90;23,040.00;380.00;1,63;809,559.00;18,958,169,290.00
2021-08-20;ISA;23,450.00;23,650.00;23,575.02;23,450.00;-200.00;-0,85;438,647.00;10,341,111,080.00
2021-08-23;ISA;23,090.00;23,660.00;23,483.96;23,010.00;-360.00;-1,54;481,402.00;11,305,225,810.00
2021-08-24;ISA;22,590.00;23,400.00;22,809.67;22,480.00;-500.00;-2,17;238,522.00;5,440,608,370.00
2021-08-25;ISA;22,990.00;22,990.00;22,722.69;22,500.00;400.00;1,77;318,502.00;7,237,222,530.00
2021-08-26;ISA;22,900.00;23,000.00;22,872.54;22,700.00;-90.00;-0,39;142,717.00;3,264,300,640.00
2021-08-27;ISA;22,800.00;22,800.00;22,766.99;22,640.00;-100.00;-0,44;217,752.00;4,957,558,000.00
2021-08-30;ISA;22,700.00;22,750.00;22,702.15;22,620.00;-100.00;-0,44;68,761.00;1,561,022,200.00
2021-08-31;ISA;22,700.00;22,920.00;22,717.11;22,700.00;0.00;0;949,567.00;21,571,415,810.00
2021-09-01;ISA;22,530.00;22,900.00;22,683.93;22,530.00;-170.00;-0,75;163,736.00;3,714,176,640.00
2021-09-02;ISA;22,800.00;22,800.00;22,698.82;22,500.00;270.00;1,2;102,603.00;2,328,967,220.00
2021-09-03;ISA;22,600.00;22,730.00;22,600.01;22,520.00;-200.00;-0,88;2,065,435.00;46,678,848,790.00
2021-09-06;ISA;22,710.00;22,740.00;22,638.42;22,410.00;110.00;0,49;100,266.00;2,269,864,140.00
2021-09-07;ISA;22,660.00;22,790.00;22,666.58;22,470.00;-50.00;-0,22;210,589.00;4,773,332,420.00
2021-09-08;ISA;22,800.00;22,800.00;22,696.96;22,570.00;140.00;0,62;217,141.00;4,928,439,620.00
2021-09-09;ISA;22,850.00;22,920.00;22,822.62;22,610.00;50.00;0,22;146,595.00;3,345,682,380.00
2021-09-10;ISA;22,660.00;22,850.00;22,709.64;22,620.00;-190.00;-0,83;143,841.00;3,266,576,770.00
2021-09-13;ISA;22,500.00;22,560.00;22,503.63;22,400.00;-160.00;-0,71;112,516.00;2,532,018,450.00
2021-09-14;ISA;22,330.00;22,420.00;22,361.05;22,040.00;-170.00;-0,76;439,951.00;9,837,766,300.00
2021-09-15;ISA;22,710.00;22,710.00;22,593.78;22,360.00;380.00;1,7;231,826.00;5,237,825,520.00
2021-09-16;ISA;22,700.00;22,800.00;22,666.09;22,640.00;-10.00;-0,04;475,065.00;10,767,865,840.00
2021-09-17;ISA;22,990.00;22,990.00;22,971.06;22,580.00;290.00;1,28;3,267,956.00;75,068,412,250.00
2021-09-20;ISA;22,650.00;22,840.00;22,608.58;22,480.00;-340.00;-1,48;59,495.00;1,345,097,710.00
2021-09-21;ISA;22,400.00;22,940.00;22,528.17;22,400.00;-250.00;-1,1;157,642.00;3,551,385,820.00
2021-09-22;ISA;22,380.00;22,740.00;22,486.85;22,380.00;-20.00;-0,09;83,330.00;1,873,829,540.00
2021-09-23;ISA;22,200.00;22,640.00;22,226.11;22,150.00;-180.00;-0,8;87,345.00;1,941,339,430.00
2021-09-24;ISA;22,220.00;22,220.00;22,147.59;22,000.00;20.00;0,09;134,024.00;2,968,308,180.00
2021-09-27;ISA;22,600.00;22,620.00;22,475.99;22,210.00;380.00;1,71;113,732.00;2,556,239,420.00
2021-09-28;ISA;22,800.00;22,980.00;22,636.10;22,440.00;200.00;0,88;418,362.00;9,470,083,150.00
2021-09-29;ISA;22,990.00;22,990.00;22,873.91;22,540.00;190.00;0,83;100,235.00;2,292,765,910.00
2021-09-30;ISA;22,700.00;22,990.00;22,696.77;22,500.00;-290.00;-1,26;253,269.00;5,748,389,280.00
2021-10-01;ISA;22,790.00;22,790.00;22,707.55;22,560.00;90.00;0,4;209,845.00;4,765,065,390.00
2021-10-04;ISA;23,000.00;23,090.00;22,852.59;22,580.00;210.00;0,92;473,160.00;10,812,931,760.00
2021-10-05;ISA;22,710.00;23,230.00;23,005.60;22,710.00;-290.00;-1,26;350,210.00;8,056,789,810.00
2021-10-06;ISA;22,870.00;22,950.00;22,671.83;22,460.00;160.00;0,7;221,367.00;5,018,794,160.00
2021-10-07;ISA;22,620.00;23,000.00;22,850.06;22,600.00;-250.00;-1,09;439,569.00;10,044,175,980.00
2021-10-08;ISA;22,650.00;22,970.00;22,721.91;22,630.00;30.00;0,13;181,562.00;4,125,435,870.00
2021-10-11;ISA;22,820.00;23,000.00;22,848.98;22,660.00;170.00;0,75;183,170.00;4,185,247,770.00
2021-10-12;ISA;22,500.00;22,890.00;22,564.04;22,500.00;-320.00;-1,4;93,242.00;2,103,915,800.00
2021-10-13;ISA;22,430.00;22,600.00;22,461.13;22,300.00;-70.00;-0,31;168,842.00;3,792,381,580.00
2021-10-14;ISA;22,790.00;22,790.00;22,759.35;22,570.00;360.00;1,6;133,058.00;3,028,313,690.00
2021-10-15;ISA;22,750.00;22,790.00;22,754.96;22,590.00;-40.00;-0,18;215,473.00;4,903,079,540.00
2021-10-19;ISA;22,500.00;22,600.00;22,428.33;22,310.00;-250.00;-1,1;223,637.00;5,015,804,990.00
2021-10-20;ISA;22,690.00;22,880.00;22,643.40;22,420.00;190.00;0,84;337,893.00;7,651,047,360.00
2021-10-21;ISA;22,520.00;22,750.00;22,575.21;22,330.00;-170.00;-0,75;81,915.00;1,849,248,720.00
2021-10-22;ISA;22,500.00;22,660.00;22,563.74;22,490.00;-20.00;-0,09;151,320.00;3,414,345,710.00
2021-10-25;ISA;22,700.00;22,840.00;22,705.97;22,500.00;200.00;0,89;880,418.00;19,990,740,350.00
2021-10-26;ISA;22,800.00;22,880.00;22,812.26;22,680.00;100.00;0,44;386,388.00;8,814,384,630.00
2021-10-27;ISA;22,750.00;22,800.00;22,737.87;22,560.00;-50.00;-0,22;336,583.00;7,653,181,650.00
2021-10-28;ISA;22,730.00;22,820.00;22,778.01;22,520.00;-20.00;-0,09;274,989.00;6,263,701,310.00
2021-10-29;ISA;22,610.00;22,720.00;22,642.99;22,600.00;-120.00;-0,53;227,863.00;5,159,498,590.00
2021-11-02;ISA;22,730.00;22,730.00;22,648.36;22,600.00;120.00;0,53;552,155.00;12,505,404,470.00
2021-11-03;ISA;22,830.00;22,850.00;22,807.64;22,690.00;100.00;0,44;603,171.00;13,756,904,740.00
2021-11-04;ISA;22,800.00;22,900.00;22,783.54;22,710.00;-30.00;-0,13;195,110.00;4,445,295,850.00
2021-11-05;ISA;22,730.00;22,960.00;22,732.06;22,660.00;-70.00;-0,31;153,697.00;3,493,849,360.00
2021-11-08;ISA;22,600.00;22,780.00;22,681.06;22,510.00;-130.00;-0,57;107,391.00;2,435,741,800.00
2021-11-09;ISA;22,600.00;22,630.00;22,489.57;22,000.00;0.00;0;289,517.00;6,511,113,520.00
2021-11-10;ISA;22,480.00;22,600.00;22,448.05;22,390.00;-120.00;-0,53;253,991.00;5,701,602,840.00
2021-11-11;ISA;22,550.00;22,600.00;22,480.38;22,340.00;70.00;0,31;130,713.00;2,938,477,840.00
2021-11-12;ISA;22,210.00;22,360.00;22,292.80;22,210.00;-340.00;-1,51;392,139.00;8,741,877,570.00
2021-11-16;ISA;22,050.00;22,390.00;22,158.74;22,050.00;-160.00;-0,72;237,602.00;5,264,960,150.00
2021-11-17;ISA;22,500.00;22,500.00;22,347.64;21,900.00;450.00;2,04;206,300.00;4,610,317,780.00
2021-11-18;ISA;22,500.00;22,580.00;22,414.31;21,900.00;0.00;0;436,986.00;9,794,741,040.00
2021-11-19;ISA;21,900.00;22,520.00;21,913.93;21,800.00;-600.00;-2,67;242,065.00;5,304,594,270.00
2021-11-22;ISA;21,540.00;22,400.00;21,720.65;21,540.00;-360.00;-1,64;95,406.00;2,072,280,600.00
2021-11-23;ISA;21,500.00;21,700.00;21,516.52;21,440.00;-40.00;-0,19;360,548.00;7,757,738,060.00
2021-11-24;ISA;21,300.00;21,760.00;21,450.19;21,300.00;-200.00;-0,93;266,428.00;5,714,931,400.00
2021-11-25;ISA;21,300.00;21,510.00;21,326.27;21,220.00;0.00;0;141,165.00;3,010,522,230.00
2021-11-26;ISA;20,100.00;21,010.00;20,617.11;20,100.00;-1,200.00;-5,63;292,657.00;6,033,741,580.00
2021-11-29;ISA;21,000.00;21,120.00;20,804.79;20,420.00;900.00;4,48;484,279.00;10,075,322,050.00
2021-11-30;ISA;22,300.00;22,300.00;22,055.60;20,580.00;1,300.00;6,19;2,925,365.00;64,520,675,990.00
2021-12-01;ISA;22,180.00;22,800.00;22,234.09;21,870.00;-120.00;-0,54;690,382.00;15,350,012,690.00
2021-12-02;ISA;22,150.00;22,240.00;22,130.22;21,900.00;-30.00;-0,14;460,966.00;10,201,279,560.00
2021-12-03;ISA;22,000.00;22,350.00;22,154.52;22,000.00;-150.00;-0,68;261,620.00;5,796,065,370.00
2021-12-06;ISA;22,300.00;22,450.00;22,317.36;22,000.00;300.00;1,36;185,726.00;4,144,914,240.00
2021-12-07;ISA;22,140.00;22,300.00;22,174.27;22,020.00;-160.00;-0,72;240,218.00;5,326,657,660.00
2021-12-09;ISA;21,820.00;22,160.00;21,853.97;21,230.00;-320.00;-1,45;226,161.00;4,942,515,710.00
2021-12-10;ISA;21,620.00;21,900.00;21,620.49;21,510.00;-200.00;-0,92;208,350.00;4,504,628,180.00
2021-12-13;ISA;20,500.00;21,780.00;20,743.32;20,470.00;-1,120.00;-5,18;409,135.00;8,486,819,920.00
2021-12-14;ISA;20,610.00;20,810.00;20,626.55;20,560.00;110.00;0,54;121,018.00;2,496,183,570.00
2021-12-15;ISA;21,260.00;21,350.00;21,099.44;20,710.00;650.00;3,15;208,443.00;4,398,029,780.00
2021-12-16;ISA;21,750.00;21,840.00;21,550.01;21,060.00;490.00;2,3;148,660.00;3,203,625,100.00
2021-12-17;ISA;21,700.00;21,700.00;21,616.14;21,280.00;-50.00;-0,23;1,306,795.00;28,247,861,320.00
2021-12-20;ISA;21,200.00;21,400.00;21,196.88;20,900.00;-500.00;-2,3;159,494.00;3,380,775,530.00
2021-12-21;ISA;21,520.00;21,550.00;21,438.74;21,140.00;320.00;1,51;64,529.00;1,383,420,300.00
2021-12-22;ISA;22,000.00;22,040.00;21,831.40;21,520.00;480.00;2,23;87,514.00;1,910,552,840.00
2021-12-23;ISA;22,100.00;22,100.00;21,864.29;21,530.00;100.00;0,45;672,849.00;14,711,364,370.00
2021-12-24;ISA;22,190.00;22,200.00;22,105.08;22,000.00;90.00;0,41;25,557.00;564,939,540.00
2021-12-27;ISA;22,310.00;22,310.00;22,186.71;22,000.00;120.00;0,54;240,750.00;5,341,451,340.00
2021-12-28;ISA;22,400.00;22,490.00;22,374.90;22,180.00;90.00;0,4;76,426.00;1,710,024,480.00
2021-12-29;ISA;22,500.00;22,500.00;22,370.05;22,060.00;100.00;0,45;60,299.00;1,348,891,820.00
2021-12-30;ISA;22,400.00;22,500.00;22,389.05;22,100.00;-100.00;-0,44;59,060.00;1,322,297,040.00
2021-01-04;ISA;25,300.00;25,950.00;25,366.10;25,000.00;-400.00;-1,56;93,883.00;2,381,445,210.00
2021-01-05;ISA;26,000.00;26,000.00;25,598.16;24,750.00;700.00;2,77;246,130.00;6,300,474,570.00
2021-01-06;ISA;26,550.00;26,930.00;26,601.70;25,800.00;550.00;2,12;421,848.00;11,221,875,220.00
2021-01-07;ISA;28,000.00;28,000.00;27,299.69;26,010.00;1,450.00;5,46;207,833.00;5,673,776,380.00
2021-01-08;ISA;29,000.00;29,000.00;28,765.57;27,510.00;1,000.00;3,57;426,641.00;12,272,571,500.00
2021-01-12;ISA;29,250.00;29,250.00;29,091.81;28,500.00;250.00;0,86;397,261.00;11,557,040,750.00
2021-01-13;ISA;29,000.00;29,250.00;29,047.75;28,800.00;-250.00;-0,85;548,941.00;15,945,499,550.00
2021-01-14;ISA;29,000.00;29,000.00;28,841.75;28,450.00;0.00;0;266,684.00;7,691,633,250.00
2021-01-15;ISA;28,980.00;29,190.00;28,786.98;28,500.00;-20.00;-0,07;126,587.00;3,644,057,000.00
2021-01-18;ISA;28,700.00;28,800.00;28,681.94;28,270.00;-280.00;-0,97;99,998.00;2,868,136,860.00
2021-01-19;ISA;29,200.00;29,200.00;28,862.24;28,600.00;500.00;1,74;280,182.00;8,086,681,330.00
2021-01-20;ISA;29,100.00;29,100.00;28,902.42;28,730.00;-100.00;-0,34;368,220.00;10,642,449,270.00
2021-01-21;ISA;28,280.00;29,100.00;28,649.32;28,280.00;-820.00;-2,82;264,834.00;7,587,315,000.00
2021-01-22;ISA;26,000.00;28,500.00;26,970.67;26,000.00;-2,280.00;-8,06;515,927.00;13,914,898,770.00
2021-01-25;ISA;24,700.00;25,700.00;24,844.58;24,500.00;-1,300.00;-5;677,083.00;16,821,846,130.00
2021-01-26;ISA;25,000.00;25,000.00;24,837.29;24,170.00;300.00;1,21;344,252.00;8,550,288,410.00
2021-01-27;ISA;24,000.00;25,100.00;24,049.53;23,610.00;-1,000.00;-4;1,016,207.00;24,439,303,930.00
2021-01-28;ISA;23,990.00;24,370.00;23,723.70;23,020.00;-10.00;-0,04;385,381.00;9,142,662,550.00
2021-01-29;ISA;23,060.00;24,000.00;23,156.48;23,060.00;-930.00;-3,88;1,681,291.00;38,932,783,460.00
2021-02-01;ISA;23,440.00;23,690.00;23,307.52;23,080.00;380.00;1,65;327,105.00;7,624,005,320.00
2021-02-02;ISA;23,490.00;24,460.00;23,662.18;23,450.00;50.00;0,21;504,283.00;11,932,436,940.00
2021-02-03;ISA;23,130.00;23,930.00;23,358.00;23,130.00;-360.00;-1,53;597,929.00;13,966,426,830.00
2021-02-04;ISA;23,440.00;23,480.00;23,111.08;22,810.00;310.00;1,34;262,343.00;6,063,030,570.00
2021-02-05;ISA;23,640.00;23,950.00;23,696.22;23,580.00;200.00;0,85;233,871.00;5,541,857,700.00
2021-02-08;ISA;23,590.00;23,960.00;23,661.27;23,460.00;-50.00;-0,21;330,889.00;7,829,252,620.00
2021-02-09;ISA;23,710.00;23,810.00;23,705.57;23,620.00;120.00;0,51;304,792.00;7,225,266,590.00
2021-02-10;ISA;23,400.00;23,780.00;23,413.64;23,300.00;-310.00;-1,31;269,536.00;6,310,819,330.00
2021-02-11;ISA;23,400.00;23,540.00;23,349.27;23,280.00;0.00;0;142,970.00;3,338,244,500.00
2021-02-12;ISA;23,680.00;23,680.00;23,473.68;23,350.00;280.00;1,2;133,434.00;3,132,186,820.00
2021-02-15;ISA;23,500.00;23,770.00;23,490.76;23,470.00;-180.00;-0,76;25,575.00;600,776,290.00
2021-02-16;ISA;23,200.00;23,680.00;23,383.39;23,200.00;-300.00;-1,28;200,077.00;4,678,477,940.00
2021-02-17;ISA;23,200.00;23,230.00;23,120.25;23,000.00;0.00;0;221,126.00;5,112,489,210.00
2021-02-18;ISA;23,100.00;23,450.00;23,178.25;22,940.00;-100.00;-0,43;217,583.00;5,043,192,280.00
2021-02-19;ISA;23,000.00;23,330.00;22,885.92;22,820.00;-100.00;-0,43;782,101.00;17,899,100,000.00
2021-02-22;ISA;22,970.00;23,000.00;22,820.43;22,700.00;-30.00;-0,13;200,795.00;4,582,229,020.00
2021-02-23;ISA;22,620.00;22,970.00;22,666.39;22,610.00;-350.00;-1,52;342,851.00;7,771,193,650.00
2021-02-24;ISA;23,600.00;23,600.00;23,321.34;22,600.00;980.00;4,33;519,651.00;12,118,956,430.00
2021-02-25;ISA;22,820.00;23,490.00;23,168.82;22,820.00;-780.00;-3,31;284,581.00;6,593,404,870.00
2021-02-26;ISA;23,800.00;23,800.00;23,556.92;22,600.00;980.00;4,29;499,688.00;11,771,110,540.00
2021-03-01;ISA;23,630.00;23,740.00;23,599.89;22,690.00;-170.00;-0,71;152,239.00;3,592,823,930.00
2021-03-02;ISA;23,680.00;23,680.00;23,446.48;23,300.00;50.00;0,21;661,546.00;15,510,923,310.00
2021-03-03;ISA;23,600.00;23,780.00;23,632.54;23,450.00;-80.00;-0,34;364,625.00;8,617,013,360.00
2021-03-04;ISA;23,110.00;24,220.00;23,627.49;23,110.00;-490.00;-2,08;461,648.00;10,907,584,210.00
2021-03-05;ISA;23,600.00;23,800.00;23,454.59;23,070.00;490.00;2,12;260,141.00;6,101,501,350.00
2021-03-08;ISA;23,520.00;23,800.00;23,523.11;23,290.00;-80.00;-0,34;129,893.00;3,055,487,010.00
2021-03-09;ISA;23,700.00;23,780.00;23,695.65;23,600.00;180.00;0,77;157,218.00;3,725,383,340.00
2021-03-10;ISA;23,800.00;23,980.00;23,805.41;23,640.00;100.00;0,42;300,883.00;7,162,643,720.00
2021-03-11;ISA;23,600.00;23,880.00;23,657.22;23,600.00;-200.00;-0,84;228,683.00;5,410,004,140.00
2021-03-12;ISA;23,780.00;23,850.00;23,766.10;23,500.00;180.00;0,76;161,950.00;3,848,919,860.00
2021-03-15;ISA;23,510.00;23,790.00;23,587.55;23,360.00;-270.00;-1,14;145,374.00;3,429,016,930.00
2021-03-16;ISA;23,360.00;23,980.00;23,374.95;23,000.00;-150.00;-0,64;150,717.00;3,523,001,630.00
2021-03-17;ISA;23,380.00;23,600.00;23,398.34;23,210.00;20.00;0,09;257,813.00;6,032,395,100.00
2021-03-18;ISA;23,680.00;23,680.00;23,330.34;22,820.00;300.00;1,28;719,106.00;16,776,988,820.00
2021-03-19;ISA;23,600.00;23,600.00;23,592.04;23,000.00;-80.00;-0,34;2,016,069.00;47,563,187,480.00
2021-03-23;ISA;23,100.00;23,380.00;23,182.62;23,100.00;-500.00;-2,12;171,595.00;3,978,022,180.00
2021-03-24;ISA;23,100.00;23,260.00;23,103.81;23,020.00;0.00;0;90,836.00;2,098,657,410.00
2021-03-25;ISA;22,630.00;23,100.00;22,758.43;22,630.00;-470.00;-2,03;334,956.00;7,623,074,020.00
2021-03-26;ISA;22,300.00;23,090.00;22,505.72;22,060.00;-330.00;-1,46;165,463.00;3,723,863,550.00
2021-03-29;ISA;22,200.00;22,300.00;22,113.63;21,850.00;-100.00;-0,45;222,466.00;4,919,531,690.00
2021-03-30;ISA;22,960.00;22,960.00;22,060.24;21,680.00;760.00;3,42;344,978.00;7,610,298,910.00
2021-03-31;ISA;22,500.00;23,430.00;22,609.04;22,500.00;-460.00;-2;199,414.00;4,508,558,800.00
2021-04-05;ISA;22,950.00;23,200.00;22,977.59;22,700.00;450.00;2;38,026.00;873,745,770.00
2021-04-06;ISA;23,200.00;23,340.00;23,154.73;22,850.00;250.00;1,09;49,989.00;1,157,481,690.00
2021-04-07;ISA;23,200.00;23,280.00;23,172.70;22,900.00;0.00;0;111,943.00;2,594,021,420.00
2021-04-08;ISA;23,190.00;23,310.00;23,189.56;23,000.00;-10.00;-0,04;458,303.00;10,627,846,320.00
2021-04-09;ISA;22,570.00;23,180.00;22,673.21;22,570.00;-620.00;-2,67;58,024.00;1,315,590,620.00
2021-04-12;ISA;22,700.00;23,060.00;22,678.11;22,540.00;130.00;0,58;153,140.00;3,472,925,150.00
2021-04-13;ISA;22,890.00;22,930.00;22,578.84;22,500.00;190.00;0,84;314,514.00;7,101,360,630.00
2021-04-14;ISA;22,650.00;22,800.00;22,581.36;22,410.00;-240.00;-1,05;433,163.00;9,781,411,450.00
2021-04-15;ISA;23,000.00;23,000.00;22,752.80;22,600.00;350.00;1,55;182,029.00;4,141,668,640.00
2021-04-16;ISA;22,640.00;23,050.00;22,741.32;22,630.00;-360.00;-1,57;150,257.00;3,417,043,160.00
2021-04-19;ISA;22,620.00;22,700.00;22,551.26;22,500.00;-20.00;-0,09;108,860.00;2,454,930,110.00
2021-04-20;ISA;22,740.00;22,740.00;22,598.80;22,400.00;120.00;0,53;249,407.00;5,636,299,760.00
2021-04-21;ISA;22,590.00;23,150.00;22,868.17;22,590.00;-150.00;-0,66;145,833.00;3,334,934,500.00
2021-04-22;ISA;22,500.00;23,000.00;22,518.73;22,500.00;-90.00;-0,4;166,230.00;3,743,288,590.00
2021-04-23;ISA;22,300.00;22,600.00;22,411.65;22,300.00;-200.00;-0,89;166,247.00;3,725,870,350.00
2021-04-26;ISA;22,050.00;22,470.00;22,210.08;22,000.00;-250.00;-1,12;267,840.00;5,948,748,140.00
2021-04-27;ISA;21,660.00;22,390.00;22,052.74;21,600.00;-390.00;-1,77;832,123.00;18,350,589,110.00
2021-04-28;ISA;21,340.00;21,600.00;21,392.80;21,260.00;-320.00;-1,48;989,507.00;21,168,329,530.00
2021-04-29;ISA;21,400.00;22,150.00;21,346.13;21,260.00;60.00;0,28;1,129,954.00;24,120,150,490.00
2021-04-30;ISA;21,380.00;21,620.00;21,340.64;21,060.00;-20.00;-0,09;377,990.00;8,066,548,190.00
2021-05-03;ISA;20,500.00;21,380.00;20,667.80;20,470.00;-880.00;-4,12;171,475.00;3,544,011,840.00
2021-05-04;ISA;20,400.00;20,800.00;20,603.34;20,020.00;-100.00;-0,49;434,518.00;8,952,523,610.00
2021-05-05;ISA;20,900.00;20,900.00;20,538.82;20,160.00;500.00;2,45;353,327.00;7,256,919,310.00
2021-05-06;ISA;21,160.00;21,300.00;21,051.90;20,640.00;260.00;1,24;561,720.00;11,825,272,560.00
2021-05-07;ISA;21,240.00;21,680.00;21,366.72;21,200.00;80.00;0,38;464,213.00;9,918,709,830.00
2021-05-10;ISA;22,340.00;22,340.00;21,906.24;21,250.00;1,100.00;5,18;185,075.00;4,054,297,020.00
2021-05-11;ISA;22,000.00;22,130.00;21,902.31;21,700.00;-340.00;-1,52;387,993.00;8,497,944,840.00
2021-05-12;ISA;21,710.00;22,080.00;21,857.83;21,700.00;-290.00;-1,32;577,427.00;12,621,299,260.00
2021-05-13;ISA;20,630.00;21,990.00;21,509.20;20,630.00;-1,080.00;-4,97;278,662.00;5,993,796,790.00
2021-05-14;ISA;21,500.00;21,710.00;21,260.95;20,640.00;870.00;4,22;279,972.00;5,952,469,820.00
2021-05-18;ISA;20,820.00;21,600.00;21,016.49;20,740.00;-680.00;-3,16;167,465.00;3,519,526,120.00
2021-05-19;ISA;21,100.00;21,430.00;21,088.12;20,790.00;280.00;1,34;224,941.00;4,743,582,870.00
2021-05-20;ISA;21,000.00;21,000.00;20,858.30;20,450.00;-100.00;-0,47;456,504.00;9,521,896,620.00
2021-05-21;ISA;20,990.00;21,600.00;21,186.93;20,450.00;-10.00;-0,05;871,591.00;18,466,335,340.00
2021-05-24;ISA;20,660.00;21,230.00;20,744.49;20,530.00;-330.00;-1,57;205,854.00;4,270,337,040.00
2021-05-25;ISA;20,200.00;20,840.00;20,448.81;20,200.00;-460.00;-2,23;356,539.00;7,290,797,280.00
2021-05-26;ISA;19,600.00;20,360.00;19,684.80;19,500.00;-600.00;-2,97;209,731.00;4,128,511,750.00
2021-05-27;ISA;20,500.00;20,600.00;20,479.44;19,850.00;900.00;4,59;4,155,246.00;85,097,114,980.00
2021-05-28;ISA;20,650.00;21,330.00;20,649.96;20,500.00;150.00;0,73;479,263.00;9,896,762,650.00
2021-05-31;ISA;20,020.00;20,680.00;20,306.25;20,020.00;-630.00;-3,05;205,833.00;4,179,695,570.00
2021-06-01;ISA;20,510.00;20,600.00;20,340.19;19,910.00;490.00;2,45;260,083.00;5,290,136,980.00
2021-06-02;ISA;22,670.00;22,670.00;21,649.54;20,800.00;2,160.00;10,53;460,446.00;9,968,443,550.00
2021-06-03;ISA;22,700.00;22,850.00;22,648.73;22,090.00;30.00;0,13;958,371.00;21,705,888,440.00
2021-06-04;ISA;22,700.00;22,970.00;22,623.37;22,300.00;0.00;0;178,422.00;4,036,506,490.00
2021-06-08;ISA;23,290.00;23,300.00;23,039.47;22,500.00;590.00;2,6;196,427.00;4,525,574,010.00
2021-06-09;ISA;23,360.00;23,500.00;23,373.58;23,120.00;70.00;0,3;229,599.00;5,366,551,360.00
2021-06-10;ISA;23,560.00;23,700.00;23,508.05;23,320.00;200.00;0,86;364,586.00;8,570,705,330.00
2021-06-11;ISA;23,300.00;23,650.00;23,357.08;23,100.00;-260.00;-1,1;180,876.00;4,224,734,440.00
2021-06-15;ISA;22,960.00;23,360.00;23,255.72;22,620.00;-340.00;-1,46;276,919.00;6,439,951,560.00
2021-06-16;ISA;22,610.00;23,190.00;23,084.58;22,610.00;-350.00;-1,52;145,876.00;3,367,486,420.00
2021-06-17;ISA;23,000.00;23,460.00;23,045.92;22,600.00;390.00;1,72;171,056.00;3,942,142,550.00
2021-06-18;ISA;23,020.00;23,020.00;23,006.53;22,680.00;20.00;0,09;710,180.00;16,338,779,630.00
2021-06-21;ISA;22,400.00;22,810.00;22,454.24;22,230.00;-620.00;-2,69;310,903.00;6,981,089,600.00
2021-06-22;ISA;22,460.00;22,740.00;22,496.27;22,430.00;60.00;0,27;319,491.00;7,187,355,370.00
2021-06-23;ISA;22,200.00;22,610.00;22,209.25;22,100.00;-260.00;-1,16;259,177.00;5,756,126,000.00
2021-06-24;ISA;22,540.00;22,700.00;22,484.44;22,320.00;340.00;1,53;511,182.00;11,493,638,980.00
2021-06-25;ISA;22,460.00;22,600.00;22,403.85;22,180.00;-80.00;-0,35;122,558.00;2,745,770,870.00
2021-06-28;ISA;22,300.00;22,650.00;22,302.69;22,060.00;-160.00;-0,71;86,384.00;1,926,595,150.00
2021-06-29;ISA;22,200.00;22,530.00;22,102.96;21,730.00;-100.00;-0,45;186,281.00;4,117,360,640.00
2021-06-30;ISA;22,150.00;22,300.00;22,140.05;21,850.00;-50.00;-0,23;330,166.00;7,309,892,780.00
